{"SpawnDistance":1650.0000000000002,"Points":{"AY8-845":{"pid":"AY8-S","orb":909.05,"per":15.15,"t":"GASPLANET","sp":"GASPLANET-31","s":48.15,"m":1085.41,"gd":80.25,"wic":{},"woc":{},"wgc":{},"emm":[{"Type":"24","MainRange":506,"MainValue":1.5,"FarRange":563},{"Type":"17","MainRange":659,"MainValue":1.16,"FarRange":1026},{"Type":"27","MainRange":633,"MainValue":1.43,"FarRange":1224}],"sig":[{"t":"0-3","s":"","d":{"X":0.65,"Y":-0.7}},{"t":"1-3","s":"","d":{"X":-0.2,"Y":-0.63}},{"t":"3-1","s":"","d":{"X":0.2,"Y":0.2}},{"t":"6-3","s":"","d":{"X":0.06,"Y":0.54}},{"t":"7-2","s":"","d":{"X":0.61,"Y":-0.25}},{"t":"7-3","s":"","d":{"X":0.22,"Y":-0.6}},{"t":"8-1","s":"","d":{"X":0.81,"Y":-0.57}},{"t":"11-1","s":"","d":{"X":0.48,"Y":-0.05}},{"t":"X24","s":"","d":{"X":-0.765,"Y":0.292}},{"t":"X17","s":"","d":{"X":0.327,"Y":0.785}},{"t":"X27","s":"","d":{"X":0.689,"Y":0.376}}],"clr":{"R":177,"G":237,"B":227,"A":255}},"AY8-845-0":{"pid":"AY8-845","orb":199.3,"per":3.32,"ang":268.12,"t":"ASTEROID","sp":"ASTEROID-3","s":10.47,"m":15.96,"gd":17.45,"wic":{},"woc":{},"wgc":{},"emm":[{"Type":"1","MainRange":29,"MainValue":0.01,"FarRange":135}],"sig":[{"t":"9-1","s":"","d":{"X":0.93,"Y":-0.07}},{"t":"X1","s":"","d":{"X":-0.882,"Y":0.28}}],"clr":{"R":254,"G":249,"B":246,"A":255}},"AY8-845-1":{"pid":"AY8-845","orb":162.04,"per":2.7,"ang":50.2,"t":"ASTEROID","sp":"ASTEROID-4","s":17.04,"m":68.81,"gd":28.41,"wic":{},"woc":{},"wgc":{},"emm":[{"Type":"1","MainRange":50,"MainValue":0.22,"FarRange":191}],"sig":[{"t":"9-1","s":"","d":{"X":-0.47,"Y":-0.61}},{"t":"X1","s":"","d":{"X":0.014,"Y":0.857}}],"clr":{"R":251,"G":244,"B":242,"A":255}},"AY8-845-10":{"pid":"AY8-845","orb":162.35,"per":2.7,"ang":21.61,"t":"ASTEROID","sp":"ASTEROID-4","s":12.43,"m":26.73,"gd":20.73,"wic":{},"woc":{},"wgc":{},"emm":[{"Type":"1","MainRange":42,"MainValue":0.23,"FarRange":128}],"sig":[{"t":"9-1","s":"","d":{"X":-0.47,"Y":-0.28}},{"t":"X1","s":"","d":{"X":-0.841,"Y":-0.025}}],"clr":{"R":254,"G":217,"B":249,"A":255}},"AY8-845-11":{"pid":"AY8-845","orb":191.17,"per":3.18,"ang":252.56,"t":"ASTEROID","sp":"ASTEROID-1","s":16.06,"m":57.58,"gd":26.77,"wic":{},"woc":{},"wgc":{},"emm":[{"Type":"1","MainRange":6,"MainValue":0.16,"FarRange":92},{"Type":"2","MainRange":29,"MainValue":0.2,"FarRange":268},{"Type":"6","MainRange":58,"MainValue":0.24,"FarRange":169},{"Type":"25","MainRange":37,"MainValue":0.23,"FarRange":188}],"sig":[{"t":"9-1","s":"","d":{"X":-0.19}},{"t":"X1","s":"","d":{"X":-0.889,"Y":0.107}},{"t":"X2","s":"","d":{"X":-0.116,"Y":-0.622}},{"t":"X6","s":"","d":{"X":0.05,"Y":0.597}},{"t":"X25","s":"","d":{"X":-0.116,"Y":0.202}}],"clr":{"R":247,"G":209,"B":189,"A":255}},"AY8-845-12":{"pid":"AY8-845","orb":181.99,"per":3.03,"ang":126.08,"t":"ASTEROID","sp":"ASTEROID-5","s":26.13,"m":247.9,"gd":43.55,"wic":{},"woc":{},"wgc":{},"emm":[{"Type":"1","MainRange":57,"MainValue":0.2,"FarRange":211},{"Type":"15","MainRange":50,"MainValue":0.12,"FarRange":104},{"Type":"19","MainRange":29,"MainValue":0.27,"FarRange":133}],"sig":[{"t":"9-1","s":"","d":{"X":-0.4,"Y":0.51}},{"t":"X1","s":"","d":{"X":0.382,"Y":-0.921}},{"t":"X15","s":"","d":{"X":-0.199,"Y":-0.94}},{"t":"X19","s":"","d":{"X":-0.702,"Y":-0.259}}],"clr":{"R":180,"G":213,"B":250,"A":255}},"AY8-845-13":{"pid":"AY8-845","orb":200.56,"per":3.34,"ang":109.01,"t":"ASTEROID","sp":"ASTEROID-1","s":22.46,"m":157.51,"gd":37.44,"wic":{},"woc":{},"wgc":{},"emm":[{"Type":"1","MainRange":64,"MainValue":0.16,"FarRange":178}],"sig":[{"t":"9-1","s":"","d":{"X":0.3,"Y":0.92}},{"t":"X1","s":"","d":{"X":-0.17,"Y":-0.08}}],"clr":{"R":241,"G":194,"B":254,"A":255}},"AY8-845-14":{"pid":"AY8-845","orb":176.13,"per":2.93,"ang":140.91,"t":"ASTEROID","sp":"ASTEROID-2","s":15.42,"m":50.94,"gd":25.7,"wic":{},"woc":{},"wgc":{},"emm":[{"Type":"1","MainRange":41,"MainValue":0.25,"FarRange":130}],"sig":[{"t":"9-1","s":"","d":{"X":0.78}},{"t":"X1","s":"","d":{"X":0.631,"Y":-0.02}}],"clr":{"R":207,"G":240,"B":231,"A":255}},"AY8-845-15":{"pid":"AY8-845","orb":195.96,"per":3.26,"ang":353.25,"t":"ASTEROID","sp":"ASTEROID-2","s":16.07,"m":57.65,"gd":26.78,"wic":{},"woc":{},"wgc":{},"emm":[{"Type":"1","MainRange":45,"MainValue":0.22,"FarRange":172}],"sig":[{"t":"9-1","s":"","d":{"X":0.31,"Y":-0.76}},{"t":"X1","s":"","d":{"X":0.177,"Y":-0.293}}],"clr":{"R":238,"G":179,"B":238,"A":255}},"AY8-845-16":{"pid":"AY8-845","orb":190.75,"per":3.17,"ang":146.83,"t":"ASTEROID","sp":"ASTEROID-4","s":23.42,"m":178.57,"gd":39.04,"wic":{},"woc":{},"wgc":{},"emm":[{"Type":"1","MainRange":47,"MainValue":0.1,"FarRange":159},{"Type":"10","MainRange":36,"MainValue":0.28,"FarRange":175},{"Type":"6","MainRange":39,"MainValue":0.3,"FarRange":74}],"sig":[{"t":"9-1","s":"","d":{"X":0.33,"Y":-0.07}},{"t":"X1","s":"","d":{"X":0.18,"Y":0.53}},{"t":"X10","s":"","d":{"X":-0.492,"Y":0.223}},{"t":"X6","s":"","d":{"X":-0.116,"Y":0.312}}],"clr":{"R":254,"G":227,"B":243,"A":255}},"AY8-845-17":{"pid":"AY8-845","orb":185.94,"per":3.09,"ang":216.8,"t":"ASTEROID","sp":"ASTEROID-2","s":31.35,"m":428.22,"gd":52.26,"wic":{},"woc":{},"wgc":{},"emm":[{"Type":"1","MainRange":51,"MainValue":0.21,"FarRange":265},{"Type":"26","MainRange":20,"MainValue":0.24,"FarRange":74},{"Type":"14","MainRange":56,"MainValue":0.2,"FarRange":95}],"sig":[{"t":"9-1","s":"","d":{"X":0.61,"Y":-0.36}},{"t":"X1","s":"","d":{"X":-0.555,"Y":-0.763}},{"t":"X26","s":"","d":{"X":0.416,"Y":0.023}},{"t":"X14","s":"","d":{"X":0.276,"Y":0.833}}],"clr":{"R":254,"G":252,"B":252,"A":255}},"AY8-845-18":{"pid":"AY8-845","orb":160.08,"per":2.66,"ang":341.75,"t":"ASTEROID","sp":"ASTEROID-1","s":14.76,"m":44.68,"gd":24.6,"wic":{},"woc":{},"wgc":{},"emm":[{"Type":"1","MainRange":48,"MainValue":0.18,"FarRange":194}],"sig":[{"t":"9-1","s":"","d":{"X":-0.79,"Y":0.35}},{"t":"X1","s":"","d":{"X":-0.366,"Y":-0.841}}],"clr":{"R":230,"G":249,"B":239,"A":255}},"AY8-845-19":{"pid":"AY8-845","orb":212.97,"per":3.54,"ang":213.08,"t":"ASTEROID","sp":"ASTEROID-3","s":13.45,"m":33.83,"gd":22.42,"wic":{},"woc":{},"wgc":{},"emm":[{"Type":"1","MainRange":46,"MainValue":0.16,"FarRange":105}],"sig":[{"t":"9-1","s":"","d":{"X":0.18,"Y":0.27}},{"t":"X1","s":"","d":{"X":-0.859,"Y":0.051}}],"clr":{"R":253,"G":249,"B":244,"A":255}},"AY8-845-2":{"pid":"AY8-845","orb":215.57,"per":3.59,"ang":247.64,"t":"ASTEROID","sp":"ASTEROID-4","s":16.33,"m":60.49,"gd":27.21,"wic":{},"woc":{},"wgc":{},"emm":[{"Type":"1","MainRange":46,"MainValue":0.19,"FarRange":170}],"sig":[{"t":"9-1","s":"","d":{"X":0.08,"Y":-0.09}},{"t":"X1","s":"","d":{"X":0.518,"Y":0.37}}],"clr":{"R":253,"G":208,"B":208,"A":255}},"AY8-845-20":{"pid":"AY8-845","orb":176.17,"per":2.93,"ang":63.25,"t":"ASTEROID","sp":"ASTEROID-2","s":9.89,"m":13.44,"gd":16.48,"wic":{},"woc":{},"wgc":{},"emm":[{"Type":"1","MainRange":70,"MainValue":0.13,"FarRange":120}],"sig":[{"t":"9-1","s":"","d":{"X":-0.23,"Y":0.28}},{"t":"X1","s":"","d":{"X":0.87,"Y":-0.311}}],"clr":{"R":225,"G":247,"B":225,"A":255}},"AY8-845-21":{"pid":"AY8-845","orb":202.86,"per":3.38,"ang":118.75,"t":"ASTEROID","sp":"ASTEROID-1","s":19.75,"m":107.04,"gd":32.92,"wic":{},"woc":{},"wgc":{},"emm":[{"Type":"1","MainRange":56,"MainValue":0.3,"FarRange":176}],"sig":[{"t":"9-1","s":"","d":{"X":0.62,"Y":-0.57}},{"t":"X1","s":"","d":{"X":-0.499,"Y":-0.702}}],"clr":{"R":242,"G":252,"B":243,"A":255}},"AY8-845-22":{"pid":"AY8-845","orb":204.49,"per":3.4,"ang":2.29,"t":"ASTEROID","sp":"ASTEROID-5","s":27.53,"m":289.95,"gd":45.89,"wic":{},"woc":{},"wgc":{},"emm":[{"Type":"1","MainRange":54,"MainValue":0.23,"FarRange":164}],"sig":[{"t":"9-1","s":"","d":{"X":0.72,"Y":0.12}},{"t":"X1","s":"","d":{"X":0.537,"Y":-0.086}}],"clr":{"R":252,"G":254,"B":251,"A":255}},"AY8-845-23":{"pid":"AY8-845","orb":208.36,"per":3.47,"ang":283.75,"t":"ASTEROID","sp":"ASTEROID-3","s":17.67,"m":76.71,"gd":29.46,"wic":{},"woc":{},"wgc":{},"emm":[{"Type":"1","MainRange":77,"MainValue":0.14,"FarRange":114}],"sig":[{"t":"9-1","s":"","d":{"X":-0.87,"Y":-0.2}},{"t":"X1","s":"","d":{"X":-0.608,"Y":0.335}}],"clr":{"R":169,"G":239,"B":174,"A":255}},"AY8-845-24":{"pid":"AY8-845","orb":200.19,"per":3.33,"ang":36.54,"t":"ASTEROID","sp":"ASTEROID-1","s":14.75,"m":44.57,"gd":24.58,"wic":{},"woc":{},"wgc":{},"emm":[{"Type":"1","MainRange":41,"MainValue":0.24,"FarRange":66}],"sig":[{"t":"9-1","s":"","d":{"X":-0.08,"Y":0.02}},{"t":"X1","s":"","d":{"X":-0.771,"Y":0.617}}],"clr":{"R":240,"G":215,"B":210,"A":255}},"AY8-845-25":{"pid":"AY8-845","orb":188.72,"per":3.14,"ang":98.13,"t":"ASTEROID","sp":"ASTEROID-3","s":20.67,"m":122.81,"gd":34.46,"wic":{},"woc":{},"wgc":{},"emm":[{"Type":"1","MainRange":34,"MainValue":0.25,"FarRange":171},{"Type":"3","MainRange":49,"MainValue":0.12,"FarRange":241}],"sig":[{"t":"9-1","s":"","d":{"X":-0.39,"Y":0.06}},{"t":"X1","s":"","d":{"X":0.289,"Y":0.1}},{"t":"X3","s":"","d":{"X":-0.793,"Y":0.243}}],"clr":{"R":246,"G":251,"B":194,"A":255}},"AY8-845-26":{"pid":"AY8-845","orb":174.32,"per":2.9,"ang":192.04,"t":"ASTEROID","sp":"ASTEROID-5","s":13.42,"m":33.63,"gd":22.38,"wic":{},"woc":{},"wgc":{},"emm":[{"Type":"1","MainRange":24,"MainValue":0.12,"FarRange":230}],"sig":[{"t":"9-1","s":"","d":{"X":0.92,"Y":0.06}},{"t":"X1","s":"","d":{"X":0.385,"Y":0.156}}],"clr":{"R":250,"G":226,"B":219,"A":255}},"AY8-845-27":{"pid":"AY8-845","orb":191.9,"per":3.19,"ang":78.73,"t":"ASTEROID","sp":"ASTEROID-1","s":21.39,"m":135.96,"gd":35.65,"wic":{},"woc":{},"wgc":{},"emm":[{"Type":"1","MainRange":76,"MainValue":0.15,"FarRange":196}],"sig":[{"t":"9-1","s":"","d":{"X":0.88,"Y":-0.15}},{"t":"X1","s":"","d":{"X":-0.347,"Y":0.275}}],"clr":{"R":250,"G":254,"B":251,"A":255}},"AY8-845-28":{"pid":"AY8-845","orb":190.85,"per":3.18,"ang":337.38,"t":"ASTEROID","sp":"ASTEROID-1","s":22.09,"m":149.77,"gd":36.82,"wic":{},"woc":{},"wgc":{},"emm":[{"Type":"1","MainRange":27,"MainValue":0.23,"FarRange":189}],"sig":[{"t":"9-1","s":"","d":{"X":0.52,"Y":-0.06}},{"t":"X1","s":"","d":{"X":-0.118,"Y":-0.03}}],"clr":{"R":235,"G":230,"B":253,"A":255}},"AY8-845-29":{"pid":"AY8-845","orb":187.79,"per":3.12,"ang":323.39,"t":"ASTEROID","sp":"ASTEROID-5","s":14.2,"m":39.79,"gd":23.67,"wic":{},"woc":{},"wgc":{},"emm":[{"Type":"1","MainRange":48,"MainValue":0.21,"FarRange":74}],"sig":[{"t":"9-1","s":"","d":{"X":-0.51,"Y":-0.61}},{"t":"X1","s":"","d":{"X":0.333,"Y":0.029}}],"clr":{"R":244,"G":248,"B":254,"A":255}},"AY8-845-3":{"pid":"AY8-845","orb":172.46,"per":2.87,"ang":8.46,"t":"ASTEROID","sp":"ASTEROID-3","s":12.94,"m":30.11,"gd":21.57,"wic":{},"woc":{},"wgc":{},"emm":[{"Type":"1","MainRange":35,"MainValue":0.19,"FarRange":153}],"sig":[{"t":"9-1","s":"","d":{"X":0.95,"Y":-0.29}},{"t":"X1","s":"","d":{"X":-0.207,"Y":-0.603}}],"clr":{"R":234,"G":193,"B":201,"A":255}},"AY8-845-30":{"pid":"AY8-845","orb":141.59,"per":2.35,"ang":333.73,"t":"ASTEROID","sp":"ASTEROID-2","s":26.8,"m":267.56,"gd":44.67,"wic":{},"woc":{},"wgc":{},"emm":[{"Type":"1","MainRange":39,"MainValue":0.2,"FarRange":172}],"sig":[{"t":"9-1","s":"","d":{"X":0.49,"Y":-0.66}},{"t":"X1","s":"","d":{"X":-0.111,"Y":0.076}}],"clr":{"R":216,"G":248,"B":223,"A":255}},"AY8-845-31":{"pid":"AY8-845","orb":193.37,"per":3.22,"ang":99.61,"t":"ASTEROID","sp":"ASTEROID-1","s":14.73,"m":44.41,"gd":24.55,"wic":{},"woc":{},"wgc":{},"emm":[{"Type":"1","MainRange":52,"MainValue":0.11,"FarRange":182}],"sig":[{"t":"9-1","s":"","d":{"X":-0.05,"Y":0.1}},{"t":"X1","s":"","d":{"X":-0.113,"Y":-0.828}}],"clr":{"R":249,"G":254,"B":247,"A":255}},"AY8-845-32":{"pid":"AY8-845","orb":199.72,"per":3.32,"ang":154.93,"t":"ASTEROID","sp":"ASTEROID-3","s":31.9,"m":451.18,"gd":53.17,"wic":{},"woc":{},"wgc":{},"emm":[{"Type":"1","MainRange":77,"MainValue":0.15,"FarRange":183}],"sig":[{"t":"9-1","s":"","d":{"X":-0.39,"Y":0.27}},{"t":"X1","s":"","d":{"X":0.121,"Y":-0.507}}],"clr":{"R":254,"G":253,"B":253,"A":255}},"AY8-845-33":{"pid":"AY8-845","orb":187.68,"per":3.12,"ang":275.16,"t":"ASTEROID","sp":"ASTEROID-3","s":22.22,"m":152.49,"gd":37.04,"wic":{},"woc":{},"wgc":{},"emm":[{"Type":"1","MainRange":34,"MainValue":0.19,"FarRange":142}],"sig":[{"t":"9-1","s":"","d":{"X":-0.46,"Y":-0.61}},{"t":"X1","s":"","d":{"X":0.413,"Y":0.359}}],"clr":{"R":199,"G":243,"B":237,"A":255}},"AY8-845-34":{"pid":"AY8-845","orb":190.18,"per":3.16,"ang":133.95,"t":"ASTEROID","sp":"ASTEROID-1","s":13.8,"m":36.51,"gd":23,"wic":{},"woc":{},"wgc":{},"emm":[{"Type":"1","MainRange":48,"MainValue":0.07,"FarRange":180}],"sig":[{"t":"9-1","s":"","d":{"X":0.89,"Y":-0.31}},{"t":"X1","s":"","d":{"X":0.433,"Y":-0.753}}],"clr":{"R":180,"G":244,"B":234,"A":255}},"AY8-845-35":{"pid":"AY8-845","orb":206.82,"per":3.44,"ang":305.48,"t":"ASTEROID","sp":"ASTEROID-1","s":18.79,"m":92.21,"gd":31.32,"wic":{},"woc":{},"wgc":{},"emm":[{"Type":"1","MainRange":21,"MainValue":0.25,"FarRange":108}],"sig":[{"t":"9-1","s":"","d":{"X":0.31,"Y":-0.74}},{"t":"X1","s":"","d":{"X":-0.381,"Y":-0.266}}],"clr":{"R":249,"G":243,"B":228,"A":255}},"AY8-845-36":{"pid":"AY8-845","orb":196.87,"per":3.28,"ang":155.16,"t":"ASTEROID","sp":"ASTEROID-4","s":12.6,"m":27.78,"gd":21,"wic":{},"woc":{},"wgc":{},"emm":[{"Type":"1","MainRange":35,"MainValue":0.16,"FarRange":207}],"sig":[{"t":"9-1","s":"","d":{"X":-0.65,"Y":-0.05}},{"t":"X1","s":"","d":{"Y":0.719}}],"clr":{"R":250,"G":253,"B":253,"A":255}},"AY8-845-37":{"pid":"AY8-845","orb":189.03,"per":3.15,"ang":343.33,"t":"ASTEROID","sp":"ASTEROID-5","s":9.7,"m":12.71,"gd":16.18,"wic":{},"woc":{},"wgc":{},"emm":[{"Type":"1","MainRange":45,"MainValue":0.25,"FarRange":125}],"sig":[{"t":"9-1","s":"","d":{"X":0.28,"Y":-0.82}},{"t":"X1","s":"","d":{"X":0.155,"Y":0.377}}],"clr":{"R":210,"G":247,"B":235,"A":255}},"AY8-845-38":{"pid":"AY8-845","orb":185.06,"per":3.08,"ang":314.71,"t":"ASTEROID","sp":"ASTEROID-5","s":14.23,"m":40.02,"gd":23.71,"wic":{},"woc":{},"wgc":{},"emm":[{"Type":"1","MainRange":64,"MainValue":0.19,"FarRange":155}],"sig":[{"t":"9-1","s":"","d":{"X":-0.11,"Y":0.88}},{"t":"X1","s":"","d":{"X":0.561,"Y":0.58}}],"clr":{"R":247,"G":219,"B":245,"A":255}},"AY8-845-39":{"pid":"AY8-845","orb":184.36,"per":3.07,"ang":85.68,"t":"ASTEROID","sp":"ASTEROID-3","s":24.73,"m":210.27,"gd":41.23,"wic":{},"woc":{},"wgc":{},"emm":[{"Type":"1","MainRange":67,"MainValue":0.33,"FarRange":146}],"sig":[{"t":"9-1","s":"","d":{"X":-0.12,"Y":-0.4}},{"t":"X1","s":"","d":{"X":0.787,"Y":0.271}}],"clr":{"R":253,"G":247,"B":244,"A":255}},"AY8-845-4":{"pid":"AY8-845","orb":189.01,"per":3.15,"ang":68.48,"t":"ASTEROID","sp":"ASTEROID-1","s":22.09,"m":149.72,"gd":36.81,"wic":{},"woc":{},"wgc":{},"emm":[{"Type":"1","MainRange":70,"MainValue":0.23,"FarRange":159}],"sig":[{"t":"9-1","s":"","d":{"X":0.89,"Y":-0.3}},{"t":"X1","s":"","d":{"X":0.439,"Y":-0.356}}],"clr":{"R":202,"G":242,"B":230,"A":255}},"AY8-845-40":{"pid":"AY8-845","orb":185.59,"per":3.09,"ang":15.69,"t":"ASTEROID","sp":"ASTEROID-4","s":22.19,"m":151.81,"gd":36.98,"wic":{},"woc":{},"wgc":{},"emm":[{"Type":"1","MainRange":50,"MainValue":0.24,"FarRange":202}],"sig":[{"t":"9-1","s":"","d":{"X":-0.17,"Y":0.26}},{"t":"X1","s":"","d":{"X":-0.004,"Y":-0.101}}],"clr":{"R":222,"G":241,"B":252,"A":255}},"AY8-845-41":{"pid":"AY8-845","orb":194.85,"per":3.24,"ang":238.05,"t":"ASTEROID","sp":"ASTEROID-5","s":23.02,"m":169.61,"gd":38.38,"wic":{},"woc":{},"wgc":{},"emm":[{"Type":"1","MainRange":69,"MainValue":0.17,"FarRange":132}],"sig":[{"t":"9-1","s":"","d":{"X":0.44,"Y":0.24}},{"t":"X1","s":"","d":{"X":-0.62,"Y":-0.029}}],"clr":{"R":237,"G":249,"B":235,"A":255}},"AY8-845-42":{"pid":"AY8-845","orb":167.14,"per":2.78,"ang":177.53,"t":"ASTEROID","sp":"ASTEROID-3","s":30.56,"m":396.48,"gd":50.93,"wic":{},"woc":{},"wgc":{},"emm":[{"Type":"1","MainRange":63,"MainValue":0.25,"FarRange":147}],"sig":[{"t":"9-1","s":"","d":{"X":0.65,"Y":-0.04}},{"t":"X1","s":"","d":{"X":-0.622,"Y":0.564}}],"clr":{"R":236,"G":240,"B":194,"A":255}},"AY8-845-43":{"pid":"AY8-845","orb":182.55,"per":3.04,"ang":96.59,"t":"ASTEROID","sp":"ASTEROID-5","s":20.46,"m":119.08,"gd":34.11,"wic":{},"woc":{},"wgc":{},"emm":[{"Type":"1","MainRange":43,"MainValue":0.21,"FarRange":180}],"sig":[{"t":"9-1","s":"","d":{"X":0.76,"Y":0.31}},{"t":"X1","s":"","d":{"X":-0.211,"Y":0.419}}],"clr":{"R":244,"G":180,"B":209,"A":255}},"AY8-845-44":{"pid":"AY8-845","orb":202.49,"per":3.37,"ang":142.21,"t":"ASTEROID","sp":"ASTEROID-1","s":14.3,"m":40.69,"gd":23.84,"wic":{},"woc":{},"wgc":{},"emm":[{"Type":"1","MainRange":28,"MainValue":0.21,"FarRange":211}],"sig":[{"t":"9-1","s":"","d":{"X":0.92,"Y":0.28}},{"t":"X1","s":"","d":{"X":0.737,"Y":0.553}}],"clr":{"R":253,"G":158,"B":250,"A":255}},"AY8-845-45":{"pid":"AY8-845","orb":168.65,"per":2.81,"ang":190.41,"t":"ASTEROID","sp":"ASTEROID-3","s":27.14,"m":277.92,"gd":45.24,"wic":{},"woc":{},"wgc":{},"emm":[{"Type":"1","MainRange":40.5,"MainValue":0.28,"FarRange":45}],"sig":[{"t":"9-1","s":"","d":{"X":-0.56,"Y":-0.51}},{"t":"X1","s":"","d":{"X":-0.282,"Y":0.766}}],"clr":{"R":253,"G":237,"B":253,"A":255}},"AY8-845-46":{"pid":"AY8-845","orb":168.48,"per":2.8,"ang":301.99,"t":"ASTEROID","sp":"ASTEROID-4","s":17.92,"m":79.98,"gd":29.87,"wic":{},"woc":{},"wgc":{},"emm":[{"Type":"1","MainRange":60,"MainValue":0.07,"FarRange":230}],"sig":[{"t":"9-1","s":"","d":{"X":-0.98,"Y":-0.01}},{"t":"X1","s":"","d":{"X":0.72,"Y":0.546}}],"clr":{"R":236,"G":173,"B":236,"A":255}},"AY8-845-47":{"pid":"AY8-845","orb":184.16,"per":3.06,"ang":149.62,"t":"ASTEROID","sp":"ASTEROID-3","s":24.94,"m":215.47,"gd":41.56,"wic":{},"woc":{},"wgc":{},"emm":[{"Type":"1","MainRange":52,"MainValue":0.19,"FarRange":145}],"sig":[{"t":"9-1","s":"","d":{"X":0.66,"Y":-0.26}},{"t":"X1","s":"","d":{"X":-0.663,"Y":0.594}}],"clr":{"R":212,"G":243,"B":252,"A":255}},"AY8-845-48":{"pid":"AY8-845","orb":205.83,"per":3.43,"ang":215.28,"t":"ASTEROID","sp":"ASTEROID-3","s":19.27,"m":99.39,"gd":32.11,"wic":{},"woc":{},"wgc":{},"emm":[{"Type":"1","MainRange":62,"MainValue":0.21,"FarRange":181}],"sig":[{"t":"9-1","s":"","d":{"X":-0.17,"Y":-0.78}},{"t":"X1","s":"","d":{"X":0.326,"Y":-0.828}}],"clr":{"R":193,"G":208,"B":237,"A":255}},"AY8-845-49":{"pid":"AY8-845","orb":184.41,"per":3.07,"ang":298.06,"t":"ASTEROID","sp":"ASTEROID-2","s":18.06,"m":81.88,"gd":30.1,"wic":{},"woc":{},"wgc":{},"emm":[{"Type":"1","MainRange":56,"MainValue":0.16,"FarRange":169}],"sig":[{"t":"9-1","s":"","d":{"X":-0.11,"Y":-0.78}},{"t":"X1","s":"","d":{"X":0.765,"Y":0.544}}],"clr":{"R":179,"G":236,"B":182,"A":255}},"AY8-845-5":{"pid":"AY8-845","orb":174.95,"per":2.91,"ang":236.62,"t":"ASTEROID","sp":"ASTEROID-4","s":10.62,"m":16.66,"gd":17.7,"wic":{},"woc":{},"wgc":{},"emm":[{"Type":"1","MainRange":60,"MainValue":0.13,"FarRange":162}],"sig":[{"t":"9-1","s":"","d":{"X":-0.41,"Y":-0.39}},{"t":"X1","s":"","d":{"X":-0.717,"Y":-0.039}}],"clr":{"R":245,"G":249,"B":229,"A":255}},"AY8-845-50":{"pid":"AY8-845","orb":185.9,"per":3.09,"ang":162.64,"t":"ASTEROID","sp":"ASTEROID-5","s":22,"m":147.98,"gd":36.67,"wic":{},"woc":{},"wgc":{},"emm":[{"Type":"1","MainRange":64,"MainValue":0.29,"FarRange":92}],"sig":[{"t":"9-1","s":"","d":{"X":0.23,"Y":-0.15}},{"t":"X1","s":"","d":{"X":0.449,"Y":-0.041}}],"clr":{"R":252,"G":242,"B":248,"A":255}},"AY8-845-51":{"pid":"AY8-845","orb":225.76,"per":3.76,"ang":62.57,"t":"ASTEROID","sp":"ASTEROID-3","s":22.42,"m":156.71,"gd":37.38,"wic":{},"woc":{},"wgc":{},"emm":[{"Type":"1","MainRange":65,"MainValue":0.17,"FarRange":159}],"sig":[{"t":"9-1","s":"","d":{"X":0.58,"Y":0.15}},{"t":"X1","s":"","d":{"X":-0.612,"Y":0.167}}],"clr":{"R":250,"G":252,"B":254,"A":255}},"AY8-845-52":{"pid":"AY8-845","orb":175.57,"per":2.92,"ang":293.83,"t":"ASTEROID","sp":"ASTEROID-1","s":21.6,"m":140.14,"gd":36.01,"wic":{},"woc":{},"wgc":{},"emm":[{"Type":"1","MainRange":55,"MainValue":0.28,"FarRange":136}],"sig":[{"t":"9-1","s":"","d":{"X":-0.38,"Y":0.28}},{"t":"X1","s":"","d":{"X":0.525,"Y":-0.281}}],"clr":{"R":254,"G":224,"B":188,"A":255}},"AY8-845-53":{"pid":"AY8-845","orb":201.23,"per":3.35,"ang":298.98,"t":"ASTEROID","sp":"ASTEROID-4","s":5.21,"m":1.97,"gd":8.69,"wic":{},"woc":{},"wgc":{},"emm":[{"Type":"1","MainRange":69,"MainValue":0.24,"FarRange":95}],"sig":[{"t":"9-1","s":"","d":{"X":-0.86,"Y":0.44}},{"t":"X1","s":"","d":{"X":-0.409,"Y":0.602}}],"clr":{"R":216,"G":246,"B":253,"A":255}},"AY8-845-54":{"pid":"AY8-845","orb":186.42,"per":3.1,"ang":350.91,"t":"ASTEROID","sp":"ASTEROID-2","s":14.14,"m":39.27,"gd":23.56,"wic":{},"woc":{},"wgc":{},"emm":[{"Type":"1","MainRange":47,"MainValue":0.22,"FarRange":173}],"sig":[{"t":"9-1","s":"","d":{"X":0.54,"Y":0.09}},{"t":"X1","s":"","d":{"X":-0.607,"Y":0.764}}],"clr":{"R":191,"G":251,"B":230,"A":255}},"AY8-845-55":{"pid":"AY8-845","orb":169.9,"per":2.83,"ang":190.22,"t":"ASTEROID","sp":"ASTEROID-3","s":8.84,"m":9.61,"gd":14.74,"wic":{},"woc":{},"wgc":{},"emm":[{"Type":"1","MainRange":58.5,"MainValue":0.26,"FarRange":65}],"sig":[{"t":"9-1","s":"","d":{"X":0.07,"Y":-0.54}},{"t":"X1","s":"","d":{"X":0.776,"Y":0.559}}],"clr":{"R":238,"G":248,"B":229,"A":255}},"AY8-845-56":{"pid":"AY8-845","orb":196.44,"per":3.27,"ang":159.05,"t":"ASTEROID","sp":"ASTEROID-1","s":25.07,"m":219.03,"gd":41.79,"wic":{},"woc":{},"wgc":{},"emm":[{"Type":"1","MainRange":39,"MainValue":0.16,"FarRange":113}],"sig":[{"t":"9-1","s":"","d":{"X":-0.11,"Y":-0.24}},{"t":"X1","s":"","d":{"X":0.332,"Y":-0.093}}],"clr":{"R":192,"G":234,"B":220,"A":255}},"AY8-845-57":{"pid":"AY8-845","orb":200.72,"per":3.34,"ang":284.5,"t":"ASTEROID","sp":"ASTEROID-2","s":15.42,"m":50.95,"gd":25.7,"wic":{},"woc":{},"wgc":{},"emm":[{"Type":"1","MainRange":53,"MainValue":0.24,"FarRange":201}],"sig":[{"t":"9-1","s":"","d":{"X":0.31,"Y":-0.45}},{"t":"X1","s":"","d":{"X":-0.641,"Y":-0.738}}],"clr":{"R":216,"G":219,"B":248,"A":255}},"AY8-845-58":{"pid":"AY8-845","orb":208.37,"per":3.47,"ang":76.96,"t":"ASTEROID","sp":"ASTEROID-4","s":21.79,"m":143.8,"gd":36.32,"wic":{},"woc":{},"wgc":{},"emm":[{"Type":"1","MainRange":29,"MainValue":0.23,"FarRange":141}],"sig":[{"t":"9-1","s":"","d":{"X":0.57,"Y":-0.04}},{"t":"X1","s":"","d":{"X":0.266,"Y":0.605}}],"clr":{"R":234,"G":234,"B":189,"A":255}},"AY8-845-59":{"pid":"AY8-845","orb":189.28,"per":3.15,"ang":324.65,"t":"ASTEROID","sp":"ASTEROID-4","s":17.27,"m":71.61,"gd":28.79,"wic":{},"woc":{},"wgc":{},"emm":[{"Type":"1","MainRange":59,"MainValue":0.09,"FarRange":189}],"sig":[{"t":"9-1","s":"","d":{"X":0.81,"Y":0.23}},{"t":"X1","s":"","d":{"X":-0.308,"Y":-0.45}}],"clr":{"R":231,"G":246,"B":250,"A":255}},"AY8-845-6":{"pid":"AY8-845","orb":195.19,"per":3.25,"ang":289.45,"t":"ASTEROID","sp":"ASTEROID-3","s":15.12,"m":48.07,"gd":25.21,"wic":{},"woc":{},"wgc":{},"emm":[{"Type":"1","MainRange":53,"MainValue":0.17,"FarRange":143}],"sig":[{"t":"9-1","s":"","d":{"X":0.57,"Y":-0.65}},{"t":"X1","s":"","d":{"X":0.347,"Y":-0.173}}],"clr":{"R":163,"G":191,"B":252,"A":255}},"AY8-845-60":{"pid":"AY8-845","orb":197.22,"per":3.28,"ang":329.68,"t":"ASTEROID","sp":"ASTEROID-4","s":30.36,"m":388.68,"gd":50.6,"wic":{},"woc":{},"wgc":{},"emm":[{"Type":"1","MainRange":54,"MainValue":0.18,"FarRange":209}],"sig":[{"t":"9-1","s":"","d":{"X":-0.09,"Y":-0.8}},{"t":"X1","s":"","d":{"X":-0.158,"Y":-0.033}}],"clr":{"R":203,"G":242,"B":254,"A":255}},"AY8-845-61":{"pid":"AY8-845","orb":163.55,"per":2.72,"ang":199.9,"t":"ASTEROID","sp":"ASTEROID-3","s":11.56,"m":21.45,"gd":19.26,"wic":{},"woc":{},"wgc":{},"emm":[{"Type":"1","MainRange":51,"MainValue":0.22,"FarRange":223}],"sig":[{"t":"9-1","s":"","d":{"X":-0.22,"Y":-0.54}},{"t":"X1","s":"","d":{"X":0.361,"Y":0.218}}],"clr":{"R":177,"G":175,"B":252,"A":255}},"AY8-845-62":{"pid":"AY8-845","orb":179.9,"per":2.99,"ang":196.06,"t":"ASTEROID","sp":"ASTEROID-1","s":25.11,"m":220.14,"gd":41.86,"wic":{},"woc":{},"wgc":{},"emm":[{"Type":"1","MainRange":44,"MainValue":0.33,"FarRange":220}],"sig":[{"t":"9-1","s":"","d":{"X":-0.21,"Y":-0.63}},{"t":"X1","s":"","d":{"X":-0.666,"Y":-0.241}}],"clr":{"R":248,"G":196,"B":196,"A":255}},"AY8-845-63":{"pid":"AY8-845","orb":224.61,"per":3.74,"ang":308.9,"t":"ASTEROID","sp":"ASTEROID-1","s":30.03,"m":376.45,"gd":50.06,"wic":{},"woc":{},"wgc":{},"emm":[{"Type":"1","MainRange":51,"MainValue":0.07,"FarRange":235}],"sig":[{"t":"9-1","s":"","d":{"X":-0.83,"Y":-0.14}},{"t":"X1","s":"","d":{"X":0.058,"Y":0.777}}],"clr":{"R":203,"G":245,"B":202,"A":255}},"AY8-845-64":{"pid":"AY8-845","orb":185.42,"per":3.09,"ang":43.19,"t":"ASTEROID","sp":"ASTEROID-4","s":21.43,"m":136.73,"gd":35.72,"wic":{},"woc":{},"wgc":{},"emm":[{"Type":"1","MainRange":69,"MainValue":0.21,"FarRange":215}],"sig":[{"t":"9-1","s":"","d":{"X":0.14,"Y":0.93}},{"t":"X1","s":"","d":{"X":0.258,"Y":-0.239}}],"clr":{"R":178,"G":209,"B":239,"A":255}},"AY8-845-65":{"pid":"AY8-845","orb":197.45,"per":3.29,"ang":67.64,"t":"ASTEROID","sp":"ASTEROID-3","s":23.28,"m":175.3,"gd":38.8,"wic":{},"woc":{},"wgc":{},"emm":[{"Type":"1","MainRange":56,"MainValue":0.17,"FarRange":204}],"sig":[{"t":"9-1","s":"","d":{"X":-0.42,"Y":0.09}},{"t":"X1","s":"","d":{"X":0.232,"Y":0.315}}],"clr":{"R":251,"G":218,"B":167,"A":255}},"AY8-845-66":{"pid":"AY8-845","orb":206.02,"per":3.43,"ang":257.92,"t":"ASTEROID","sp":"ASTEROID-3","s":17.93,"m":80.13,"gd":29.89,"wic":{},"woc":{},"wgc":{},"emm":[{"Type":"1","MainRange":39,"MainValue":0.19,"FarRange":60}],"sig":[{"t":"9-1","s":"","d":{"X":0.39,"Y":-0.01}},{"t":"X1","s":"","d":{"X":-0.608,"Y":-0.591}}],"clr":{"R":244,"G":197,"B":235,"A":255}},"AY8-845-67":{"pid":"AY8-845","orb":198.95,"per":3.31,"ang":24.44,"t":"ASTEROID","sp":"ASTEROID-2","s":28.14,"m":309.72,"gd":46.91,"wic":{},"woc":{},"wgc":{},"emm":[{"Type":"1","MainRange":27,"MainValue":0.13,"FarRange":183}],"sig":[{"t":"9-1","s":"","d":{"X":0.34,"Y":-0.8}},{"t":"X1","s":"","d":{"X":0.239,"Y":-0.693}}],"clr":{"R":213,"G":250,"B":189,"A":255}},"AY8-845-68":{"pid":"AY8-845","orb":194.86,"per":3.24,"ang":343.81,"t":"ASTEROID","sp":"ASTEROID-1","s":13.05,"m":30.92,"gd":21.76,"wic":{},"woc":{},"wgc":{},"emm":[{"Type":"1","MainRange":58,"MainValue":0.18,"FarRange":147}],"sig":[{"t":"9-1","s":"","d":{"X":-0.18,"Y":0.8}},{"t":"X1","s":"","d":{"X":-0.085,"Y":-0.934}}],"clr":{"R":249,"G":254,"B":245,"A":255}},"AY8-845-69":{"pid":"AY8-845","orb":168.99,"per":2.81,"ang":299.61,"t":"ASTEROID","sp":"ASTEROID-2","s":16.91,"m":67.19,"gd":28.18,"wic":{},"woc":{},"wgc":{},"emm":[{"Type":"1","MainRange":76,"MainValue":0.12,"FarRange":195}],"sig":[{"t":"9-1","s":"","d":{"X":0.93,"Y":-0.3}},{"t":"X1","s":"","d":{"X":0.106,"Y":-0.22}}],"clr":{"R":219,"G":254,"B":177,"A":255}},"AY8-845-7":{"pid":"AY8-845","orb":194.77,"per":3.24,"ang":357.95,"t":"ASTEROID","sp":"ASTEROID-2","s":12.85,"m":29.47,"gd":21.41,"wic":{},"woc":{},"wgc":{},"emm":[{"Type":"1","MainRange":36,"MainValue":0.12,"FarRange":185}],"sig":[{"t":"9-1","s":"","d":{"X":0.27,"Y":0.58}},{"t":"X1","s":"","d":{"X":0.502,"Y":-0.153}}],"clr":{"R":245,"G":225,"B":245,"A":255}},"AY8-845-70":{"pid":"AY8-845","orb":203.48,"per":3.39,"ang":201.15,"t":"ASTEROID","sp":"ASTEROID-2","s":32.89,"m":494.25,"gd":54.82,"wic":{},"woc":{},"wgc":{},"emm":[{"Type":"1","MainRange":48,"MainValue":0.17,"FarRange":88},{"Type":"18","MainRange":44,"MainValue":0.16,"FarRange":123},{"Type":"3","MainRange":40,"MainValue":0.2,"FarRange":123}],"sig":[{"t":"9-1","s":"","d":{"X":0.38,"Y":0.38}},{"t":"X1","s":"","d":{"X":-0.495,"Y":-0.294}},{"t":"X18","s":"","d":{"X":-0.889,"Y":-0.265}},{"t":"X3","s":"","d":{"X":-0.463,"Y":0.549}}],"clr":{"R":181,"G":197,"B":245,"A":255}},"AY8-845-71":{"pid":"AY8-845","orb":173.62,"per":2.89,"ang":154.21,"t":"ASTEROID","sp":"ASTEROID-1","s":18.84,"m":92.88,"gd":31.4,"wic":{},"woc":{},"wgc":{},"emm":[{"Type":"1","MainRange":71,"MainValue":0.25,"FarRange":106}],"sig":[{"t":"9-1","s":"","d":{"X":-0.46,"Y":0.12}},{"t":"X1","s":"","d":{"X":0.545,"Y":-0.13}}],"clr":{"R":242,"G":251,"B":185,"A":255}},"AY8-845-72":{"pid":"AY8-845","orb":173.89,"per":2.89,"ang":343.48,"t":"ASTEROID","sp":"ASTEROID-5","s":17.89,"m":79.6,"gd":29.82,"wic":{},"woc":{},"wgc":{},"emm":[{"Type":"1","MainRange":65,"MainValue":0.15,"FarRange":86},{"Type":"3","MainRange":43,"MainValue":0.23,"FarRange":62}],"sig":[{"t":"9-1","s":"","d":{"X":0.53,"Y":-0.71}},{"t":"X1","s":"","d":{"X":-0.372,"Y":-0.287}},{"t":"X3","s":"","d":{"X":0.829,"Y":-0.343}}],"clr":{"R":253,"G":247,"B":222,"A":255}},"AY8-845-73":{"pid":"AY8-845","orb":173.42,"per":2.89,"ang":280.13,"t":"ASTEROID","sp":"ASTEROID-4","s":21.71,"m":142.14,"gd":36.18,"wic":{},"woc":{},"wgc":{},"emm":[{"Type":"1","MainRange":64,"MainValue":0.12,"FarRange":140}],"sig":[{"t":"9-1","s":"","d":{"X":-0.59,"Y":-0.08}},{"t":"X1","s":"","d":{"X":-0.137,"Y":0.579}}],"clr":{"R":247,"G":254,"B":232,"A":255}},"AY8-845-74":{"pid":"AY8-845","orb":211.92,"per":3.53,"ang":161.77,"t":"ASTEROID","sp":"ASTEROID-3","s":25.68,"m":235.47,"gd":42.81,"wic":{},"woc":{},"wgc":{},"emm":[{"Type":"1","MainRange":36,"MainValue":0.18,"FarRange":150}],"sig":[{"t":"9-1","s":"","d":{"X":-0.24,"Y":0.43}},{"t":"X1","s":"","d":{"X":-0.329,"Y":0.458}}],"clr":{"R":204,"G":175,"B":233,"A":255}},"AY8-845-75":{"pid":"AY8-845","orb":182.57,"per":3.04,"ang":132.75,"t":"ASTEROID","sp":"ASTEROID-5","s":26.41,"m":255.87,"gd":44.01,"wic":{},"woc":{},"wgc":{},"emm":[{"Type":"1","MainRange":81,"MainValue":0.23,"FarRange":111}],"sig":[{"t":"9-1","s":"","d":{"X":0.56,"Y":0.18}},{"t":"X1","s":"","d":{"X":-0.772,"Y":0.12}}],"clr":{"R":178,"G":189,"B":235,"A":255}},"AY8-845-76":{"pid":"AY8-845","orb":197.52,"per":3.29,"ang":307.76,"t":"ASTEROID","sp":"ASTEROID-3","s":14.77,"m":44.79,"gd":24.62,"wic":{},"woc":{},"wgc":{},"emm":[{"Type":"1","MainRange":21,"MainValue":0.1,"FarRange":102}],"sig":[{"t":"9-1","s":"","d":{"X":-0.24,"Y":-0.21}},{"t":"X1","s":"","d":{"X":-0.33,"Y":0.514}}],"clr":{"R":253,"G":254,"B":252,"A":255}},"AY8-845-77":{"pid":"AY8-845","orb":225.9,"per":3.76,"ang":19.45,"t":"ASTEROID","sp":"ASTEROID-2","s":20.39,"m":117.8,"gd":33.99,"wic":{},"woc":{},"wgc":{},"emm":[{"Type":"1","MainRange":69,"MainValue":0.15,"FarRange":191}],"sig":[{"t":"9-1","s":"","d":{"X":-0.67,"Y":-0.38}},{"t":"X1","s":"","d":{"X":-0.329,"Y":0.659}}],"clr":{"R":253,"G":238,"B":251,"A":255}},"AY8-845-78":{"pid":"AY8-845","orb":190.85,"per":3.18,"ang":44.32,"t":"ASTEROID","sp":"ASTEROID-3","s":22.29,"m":153.87,"gd":37.15,"wic":{},"woc":{},"wgc":{},"emm":[{"Type":"1","MainRange":53,"MainValue":0.2,"FarRange":179}],"sig":[{"t":"9-1","s":"","d":{"X":0.05,"Y":0.33}},{"t":"X1","s":"","d":{"X":-0.715,"Y":0.104}}],"clr":{"R":247,"G":228,"B":230,"A":255}},"AY8-845-79":{"pid":"AY8-845","orb":201.42,"per":3.35,"ang":146.92,"t":"ASTEROID","sp":"ASTEROID-5","s":14.9,"m":45.98,"gd":24.84,"wic":{},"woc":{},"wgc":{},"emm":[{"Type":"1","MainRange":48,"MainValue":0.12,"FarRange":195}],"sig":[{"t":"9-1","s":"","d":{"X":-0.2,"Y":0.54}},{"t":"X1","s":"","d":{"X":-0.401,"Y":0.243}}],"clr":{"R":236,"G":243,"B":187,"A":255}},"AY8-845-8":{"pid":"AY8-845","orb":174.11,"per":2.9,"ang":233.67,"t":"ASTEROID","sp":"ASTEROID-5","s":14.05,"m":38.52,"gd":23.41,"wic":{},"woc":{},"wgc":{},"emm":[{"Type":"1","MainRange":59,"MainValue":0.18,"FarRange":206}],"sig":[{"t":"9-1","s":"","d":{"X":-0.09,"Y":-0.79}},{"t":"X1","s":"","d":{"X":0.498,"Y":-0.7}}],"clr":{"R":229,"G":246,"B":246,"A":255}},"AY8-845-80":{"pid":"AY8-845","orb":193.34,"per":3.22,"ang":2.23,"t":"ASTEROID","sp":"ASTEROID-5","s":28.84,"m":333.46,"gd":48.08,"wic":{},"woc":{},"wgc":{},"emm":[{"Type":"1","MainRange":52,"MainValue":0.18,"FarRange":120}],"sig":[{"t":"9-1","s":"","d":{"X":-0.26,"Y":-0.06}},{"t":"X1","s":"","d":{"X":-0.292,"Y":0.567}}],"clr":{"R":235,"G":196,"B":230,"A":255}},"AY8-845-81":{"pid":"AY8-845","orb":206.34,"per":3.43,"ang":109.66,"t":"ASTEROID","sp":"ASTEROID-4","s":16.03,"m":57.23,"gd":26.72,"wic":{},"woc":{},"wgc":{},"emm":[{"Type":"1","MainRange":48,"MainValue":0.21,"FarRange":213}],"sig":[{"t":"9-1","s":"","d":{"X":-0.07,"Y":-0.11}},{"t":"X1","s":"","d":{"X":-0.462,"Y":-0.276}}],"clr":{"R":226,"G":189,"B":238,"A":255}},"AY8-845-82":{"pid":"AY8-845","orb":189.73,"per":3.16,"ang":192.52,"t":"ASTEROID","sp":"ASTEROID-2","s":13.67,"m":35.54,"gd":22.79,"wic":{},"woc":{},"wgc":{},"emm":[{"Type":"1","MainRange":66,"MainValue":0.13,"FarRange":174}],"sig":[{"t":"9-1","s":"","d":{"X":-0.88,"Y":-0.28}},{"t":"X1","s":"","d":{"X":-0.64,"Y":0.169}}],"clr":{"R":224,"G":241,"B":249,"A":255}},"AY8-845-83":{"pid":"AY8-845","orb":206.61,"per":3.44,"ang":82.81,"t":"ASTEROID","sp":"ASTEROID-5","s":21.11,"m":130.71,"gd":35.18,"wic":{},"woc":{},"wgc":{},"emm":[{"Type":"1","MainRange":60,"MainValue":0.13,"FarRange":89}],"sig":[{"t":"9-1","s":"","d":{"X":0.9,"Y":-0.18}},{"t":"X1","s":"","d":{"X":0.638,"Y":-0.131}}],"clr":{"R":227,"G":185,"B":242,"A":255}},"AY8-845-9":{"pid":"AY8-845","orb":170.27,"per":2.83,"ang":269.5,"t":"ASTEROID","sp":"ASTEROID-3","s":21.72,"m":142.4,"gd":36.2,"wic":{},"woc":{},"wgc":{},"emm":[{"Type":"1","MainRange":34,"MainValue":0.23,"FarRange":43}],"sig":[{"t":"9-1","s":"","d":{"X":-0.29,"Y":-0.96}},{"t":"X1","s":"","d":{"X":-0.924,"Y":-0.016}}],"clr":{"R":219,"G":243,"B":234,"A":255}},"AY8-S":{"t":"STAR","sp":"STAR-5","s":478.44,"m":6084437.34,"gd":1594.81,"wic":{},"woc":{},"wgc":{},"emm":[{"Type":"2","MainRange":1192,"MainValue":0.95,"FarRange":2523},{"Type":"14","MainRange":710,"MainValue":4.43,"FarRange":2997}],"sig":[{"t":"X2","s":"","d":{"X":0.191,"Y":0.217}},{"t":"X14","s":"","d":{"X":-0.195,"Y":0.449}}],"clr":{"R":209,"G":233,"B":245,"A":255}}}}