{"SpawnDistance":1650.0000000000002,"Points":{"DP1-240":{"pid":"DP1-S","orb":1379.13,"per":22.98,"t":"GASPLANET","sp":"GASPLANET-28","s":128.23,"m":20499.55,"gd":213.71,"wic":{},"woc":{},"wgc":{},"sig":[{"t":"0-3","s":"","d":{"X":0.03,"Y":-0.36}},{"t":"1-3","s":"","d":{"X":-0.21,"Y":-0.2}},{"t":"3-1","s":"","d":{"X":-0.63,"Y":-0.02}},{"t":"3-2","s":"","d":{"X":0.35,"Y":0.04}},{"t":"6-2","s":"","d":{"X":0.34,"Y":-0.38}},{"t":"7-2","s":"","d":{"X":0.3,"Y":0.13}},{"t":"7-3","s":"","d":{"X":-0.57,"Y":0.59}},{"t":"8-1","s":"","d":{"X":-0.47,"Y":-0.13}},{"t":"8-2","s":"","d":{"X":-0.07,"Y":0.22}},{"t":"11-1","s":"","d":{"X":0.45,"Y":0.64}}],"clr":{"R":235,"G":209,"B":239,"A":255}},"DP1-S":{"t":"STAR","sp":"STAR-13","s":418.11,"m":4060803.83,"gd":1393.71,"wic":{},"woc":{},"wgc":{},"emm":[{"Type":"2","MainRange":936,"MainValue":7.82,"FarRange":2170}],"sig":[{"t":"X2","s":"","d":{"X":-0.215,"Y":0.071}}],"clr":{"R":244,"G":245,"B":253,"A":255}}}}