{"SpawnDistance":4992.6140000000005,"Points":{"GL3-0-0":{"pid":"GL3-S","orb":1351.6,"per":22.52,"ang":84.08,"t":"ASTEROID","sp":"ASTEROID-3","s":16.34,"m":60.62,"gd":27.23,"wic":{},"woc":{},"wgc":{},"emm":[{"Type":"1","MainRange":41,"MainValue":0.11,"FarRange":187}],"sig":[{"t":"9-1","s":"","d":{"X":0.1,"Y":-0.47}},{"t":"X1","s":"","d":{"X":-0.185,"Y":0.941}}],"clr":{"R":252,"G":210,"B":240,"A":255}},"GL3-0-1":{"pid":"GL3-S","orb":1542.47,"per":25.7,"ang":184.69,"t":"ASTEROID","sp":"ASTEROID-1","s":16.73,"m":65.13,"gd":27.89,"wic":{},"woc":{},"wgc":{},"emm":[{"Type":"1","MainRange":48,"MainValue":0.25,"FarRange":143}],"sig":[{"t":"9-1","s":"","d":{"X":0.68,"Y":0.66}},{"t":"X1","s":"","d":{"X":-0.051,"Y":-0.904}}],"clr":{"R":187,"G":250,"B":201,"A":255}},"GL3-0-10":{"pid":"GL3-S","orb":1548.35,"per":25.8,"ang":40.17,"t":"ASTEROID","sp":"ASTEROID-2","s":23.9,"m":189.7,"gd":39.84,"wic":{},"woc":{},"wgc":{},"emm":[{"Type":"1","MainRange":63,"MainValue":0.1,"FarRange":107}],"sig":[{"t":"9-1","s":"","d":{"X":0.54,"Y":0.34}},{"t":"X1","s":"","d":{"X":-0.746,"Y":-0.15}}],"clr":{"R":239,"G":180,"B":199,"A":255}},"GL3-0-100":{"pid":"GL3-S","orb":1467.72,"per":24.46,"ang":171.7,"t":"ASTEROID","sp":"ASTEROID-2","s":16.33,"m":60.56,"gd":27.22,"wic":{},"woc":{},"wgc":{},"emm":[{"Type":"1","MainRange":75,"MainValue":0.19,"FarRange":147}],"sig":[{"t":"9-1","s":"","d":{"X":-0.03,"Y":-0.57}},{"t":"X1","s":"","d":{"X":-0.435,"Y":-0.719}}],"clr":{"R":171,"G":168,"B":248,"A":255}},"GL3-0-101":{"pid":"GL3-S","orb":1581.63,"per":26.36,"ang":206.55,"t":"ASTEROID","sp":"ASTEROID-4","s":33.17,"m":507.09,"gd":55.29,"wic":{},"woc":{},"wgc":{},"emm":[{"Type":"1","MainRange":57,"MainValue":0.2,"FarRange":186}],"sig":[{"t":"9-1","s":"","d":{"X":0.72,"Y":-0.45}},{"t":"X1","s":"","d":{"X":0.93,"Y":0.002}}],"clr":{"R":229,"G":252,"B":173,"A":255}},"GL3-0-102":{"pid":"GL3-S","orb":1264.71,"per":21.07,"ang":298.54,"t":"ASTEROID","sp":"ASTEROID-3","s":11.97,"m":23.86,"gd":19.96,"wic":{},"woc":{},"wgc":{},"emm":[{"Type":"1","MainRange":64,"MainValue":0.14,"FarRange":78}],"sig":[{"t":"9-1","s":"","d":{"X":0.38,"Y":-0.47}},{"t":"X1","s":"","d":{"X":0.082,"Y":-0.228}}],"clr":{"R":252,"G":232,"B":239,"A":255}},"GL3-0-103":{"pid":"GL3-S","orb":1523.55,"per":25.39,"ang":165.82,"t":"ASTEROID","sp":"ASTEROID-5","s":26,"m":244.13,"gd":43.33,"wic":{},"woc":{},"wgc":{},"emm":[{"Type":"1","MainRange":62,"MainValue":0.02,"FarRange":127}],"sig":[{"t":"9-1","s":"","d":{"X":0.63,"Y":0.59}},{"t":"X1","s":"","d":{"X":-0.511,"Y":0.671}}],"clr":{"R":249,"G":253,"B":245,"A":255}},"GL3-0-104":{"pid":"GL3-S","orb":1222.35,"per":20.37,"ang":109.38,"t":"ASTEROID","sp":"ASTEROID-1","s":19.58,"m":104.36,"gd":32.64,"wic":{},"woc":{},"wgc":{},"emm":[{"Type":"1","MainRange":67,"MainValue":0.24,"FarRange":78}],"sig":[{"t":"9-1","s":"","d":{"X":-0.16,"Y":-0.95}},{"t":"X1","s":"","d":{"X":0.503,"Y":0.02}}],"clr":{"R":253,"G":205,"B":182,"A":255}},"GL3-0-105":{"pid":"GL3-S","orb":1327.97,"per":22.13,"ang":295.72,"t":"ASTEROID","sp":"ASTEROID-3","s":25.04,"m":218.09,"gd":41.73,"wic":{},"woc":{},"wgc":{},"emm":[{"Type":"1","MainRange":72,"MainValue":0.1,"FarRange":162}],"sig":[{"t":"9-1","s":"","d":{"X":-0.66,"Y":0.08}},{"t":"X1","s":"","d":{"X":0.658,"Y":-0.288}}],"clr":{"R":214,"G":243,"B":188,"A":255}},"GL3-0-106":{"pid":"GL3-S","orb":1306.57,"per":21.77,"ang":76.05,"t":"ASTEROID","sp":"ASTEROID-4","s":19.46,"m":102.45,"gd":32.44,"wic":{},"woc":{},"wgc":{},"emm":[{"Type":"1","MainRange":35,"MainValue":0.25,"FarRange":228}],"sig":[{"t":"9-1","s":"","d":{"X":-0.32,"Y":-0.07}},{"t":"X1","s":"","d":{"X":0.228,"Y":0.31}}],"clr":{"R":227,"G":247,"B":243,"A":255}},"GL3-0-107":{"pid":"GL3-S","orb":1618.55,"per":26.97,"ang":117.9,"t":"ASTEROID","sp":"ASTEROID-3","s":22.66,"m":161.73,"gd":37.77,"wic":{},"woc":{},"wgc":{},"emm":[{"Type":"1","MainRange":40,"MainValue":0.19,"FarRange":132}],"sig":[{"t":"9-1","s":"","d":{"X":-0.37,"Y":0.74}},{"t":"X1","s":"","d":{"X":0.792,"Y":-0.23}}],"clr":{"R":200,"G":236,"B":194,"A":255}},"GL3-0-108":{"pid":"GL3-S","orb":1596.22,"per":26.6,"ang":299.25,"t":"ASTEROID","sp":"ASTEROID-4","s":23.75,"m":186.07,"gd":39.58,"wic":{},"woc":{},"wgc":{},"emm":[{"Type":"1","MainRange":41,"MainValue":0.08,"FarRange":221}],"sig":[{"t":"9-1","s":"","d":{"X":0.38,"Y":-0.44}},{"t":"X1","s":"","d":{"X":-0.611,"Y":0.294}}],"clr":{"R":183,"G":251,"B":240,"A":255}},"GL3-0-109":{"pid":"GL3-S","orb":1218.6,"per":20.31,"ang":61.74,"t":"ASTEROID","sp":"ASTEROID-3","s":12.81,"m":29.22,"gd":21.35,"wic":{},"woc":{},"wgc":{},"emm":[{"Type":"1","MainRange":50,"MainValue":0.09,"FarRange":203}],"sig":[{"t":"9-1","s":"","d":{"X":-0.45,"Y":-0.52}},{"t":"X1","s":"","d":{"X":-0.888,"Y":-0.23}}],"clr":{"R":249,"G":198,"B":227,"A":255}},"GL3-0-11":{"pid":"GL3-S","orb":1444.35,"per":24.07,"ang":305.89,"t":"ASTEROID","sp":"ASTEROID-1","s":19.72,"m":106.64,"gd":32.88,"wic":{},"woc":{},"wgc":{},"emm":[{"Type":"1","MainRange":48,"MainValue":0.27,"FarRange":92}],"sig":[{"t":"9-1","s":"","d":{"X":0.26,"Y":0.66}},{"t":"X1","s":"","d":{"X":-0.128,"Y":-0.078}}],"clr":{"R":192,"G":238,"B":239,"A":255}},"GL3-0-110":{"pid":"GL3-S","orb":1364.15,"per":22.73,"ang":59.82,"t":"ASTEROID","sp":"ASTEROID-2","s":27.38,"m":285.17,"gd":45.63,"wic":{},"woc":{},"wgc":{},"emm":[{"Type":"1","MainRange":53,"MainValue":0.29,"FarRange":69},{"Type":"3","MainRange":62,"MainValue":0.21,"FarRange":157}],"sig":[{"t":"9-1","s":"","d":{"X":0.12,"Y":0.87}},{"t":"X1","s":"","d":{"X":-0.012,"Y":0.471}},{"t":"X3","s":"","d":{"X":0.022,"Y":0.427}}],"clr":{"R":241,"G":231,"B":247,"A":255}},"GL3-0-111":{"pid":"GL3-S","orb":1459.28,"per":24.32,"ang":330.51,"t":"ASTEROID","sp":"ASTEROID-4","s":28.56,"m":323.81,"gd":47.61,"wic":{},"woc":{},"wgc":{},"emm":[{"Type":"1","MainRange":66,"MainValue":0.2,"FarRange":249}],"sig":[{"t":"9-1","s":"","d":{"X":-0.4,"Y":0.82}},{"t":"X1","s":"","d":{"X":-0.725,"Y":-0.442}}],"clr":{"R":215,"G":197,"B":254,"A":255}},"GL3-0-112":{"pid":"GL3-S","orb":1344.38,"per":22.4,"ang":329.23,"t":"ASTEROID","sp":"ASTEROID-1","s":19.45,"m":102.28,"gd":32.42,"wic":{},"woc":{},"wgc":{},"emm":[{"Type":"1","MainRange":43,"MainValue":0.08,"FarRange":206}],"sig":[{"t":"9-1","s":"","d":{"X":0.96,"Y":-0.17}},{"t":"X1","s":"","d":{"X":0.544,"Y":-0.513}}],"clr":{"R":198,"G":234,"B":189,"A":255}},"GL3-0-12":{"pid":"GL3-S","orb":1399.95,"per":23.33,"ang":179.28,"t":"ASTEROID","sp":"ASTEROID-4","s":13.66,"m":35.46,"gd":22.78,"wic":{},"woc":{},"wgc":{},"emm":[{"Type":"1","MainRange":64,"MainValue":0.19,"FarRange":179}],"sig":[{"t":"9-1","s":"","d":{"X":0.25,"Y":-0.93}},{"t":"X1","s":"","d":{"X":-0.655,"Y":0.561}}],"clr":{"R":254,"G":241,"B":238,"A":255}},"GL3-0-13":{"pid":"GL3-S","orb":1371.35,"per":22.85,"ang":236.08,"t":"ASTEROID","sp":"ASTEROID-5","s":14.98,"m":46.69,"gd":24.96,"wic":{},"woc":{},"wgc":{},"emm":[{"Type":"1","MainRange":68,"MainValue":0.16,"FarRange":99}],"sig":[{"t":"9-1","s":"","d":{"X":-0.71,"Y":0.7}},{"t":"X1","s":"","d":{"X":0.132,"Y":0.663}}],"clr":{"R":252,"G":187,"B":179,"A":255}},"GL3-0-14":{"pid":"GL3-S","orb":1422.23,"per":23.7,"ang":220.65,"t":"ASTEROID","sp":"ASTEROID-3","s":35.84,"m":639.52,"gd":59.73,"wic":{},"woc":{},"wgc":{},"emm":[{"Type":"1","MainRange":50.4,"MainValue":0.26,"FarRange":56}],"sig":[{"t":"9-1","s":"","d":{"X":0.26,"Y":0.02}},{"t":"X1","s":"","d":{"X":-0.138,"Y":-0.377}}],"clr":{"R":198,"G":245,"B":207,"A":255}},"GL3-0-15":{"pid":"GL3-S","orb":1466.63,"per":24.44,"ang":63.34,"t":"ASTEROID","sp":"ASTEROID-2","s":11.76,"m":22.63,"gd":19.61,"wic":{},"woc":{},"wgc":{},"emm":[{"Type":"1","MainRange":31,"MainValue":0.18,"FarRange":171}],"sig":[{"t":"9-1","s":"","d":{"X":-0.49,"Y":0.04}},{"t":"X1","s":"","d":{"X":0.778,"Y":0.381}}],"clr":{"R":159,"G":181,"B":252,"A":255}},"GL3-0-16":{"pid":"GL3-S","orb":1282.62,"per":21.37,"ang":224.64,"t":"ASTEROID","sp":"ASTEROID-1","s":23.73,"m":185.7,"gd":39.55,"wic":{},"woc":{},"wgc":{},"emm":[{"Type":"1","MainRange":27,"MainValue":0.17,"FarRange":175}],"sig":[{"t":"9-1","s":"","d":{"X":0.35,"Y":-0.56}},{"t":"X1","s":"","d":{"X":0.601,"Y":0.224}}],"clr":{"R":252,"G":248,"B":253,"A":255}},"GL3-0-17":{"pid":"GL3-S","orb":1568.23,"per":26.13,"ang":269.01,"t":"ASTEROID","sp":"ASTEROID-5","s":18.29,"m":85.02,"gd":30.48,"wic":{},"woc":{},"wgc":{},"emm":[{"Type":"1","MainRange":59,"MainValue":0.21,"FarRange":125}],"sig":[{"t":"9-1","s":"","d":{"X":0.38,"Y":-0.76}},{"t":"X1","s":"","d":{"X":0.61,"Y":-0.714}}],"clr":{"R":250,"G":194,"B":164,"A":255}},"GL3-0-18":{"pid":"GL3-S","orb":1393.82,"per":23.23,"ang":321.21,"t":"ASTEROID","sp":"ASTEROID-1","s":21.05,"m":129.62,"gd":35.09,"wic":{},"woc":{},"wgc":{},"emm":[{"Type":"1","MainRange":41,"MainValue":0.29,"FarRange":155}],"sig":[{"t":"9-1","s":"","d":{"X":-0.81}},{"t":"X1","s":"","d":{"X":-0.776,"Y":0.268}}],"clr":{"R":253,"G":233,"B":158,"A":255}},"GL3-0-19":{"pid":"GL3-S","orb":1326.27,"per":22.1,"ang":237.83,"t":"ASTEROID","sp":"ASTEROID-3","s":22.59,"m":160.24,"gd":37.66,"wic":{},"woc":{},"wgc":{},"emm":[{"Type":"1","MainRange":49,"MainValue":0.1,"FarRange":80}],"sig":[{"t":"9-1","s":"","d":{"X":-0.89,"Y":0.17}},{"t":"X1","s":"","d":{"X":-0.472,"Y":0.435}}],"clr":{"R":235,"G":232,"B":194,"A":255}},"GL3-0-2":{"pid":"GL3-S","orb":1313.63,"per":21.89,"ang":241.31,"t":"ASTEROID","sp":"ASTEROID-2","s":12.2,"m":25.25,"gd":20.34,"wic":{},"woc":{},"wgc":{},"emm":[{"Type":"1","MainRange":43,"MainValue":0.14,"FarRange":168}],"sig":[{"t":"9-1","s":"","d":{"X":-0.3,"Y":-0.03}},{"t":"X1","s":"","d":{"X":-0.591,"Y":0.784}}],"clr":{"R":234,"G":183,"B":236,"A":255}},"GL3-0-20":{"pid":"GL3-S","orb":1272.89,"per":21.21,"ang":359.15,"t":"ASTEROID","sp":"ASTEROID-1","s":16.7,"m":64.75,"gd":27.84,"wic":{},"woc":{},"wgc":{},"emm":[{"Type":"1","MainRange":59,"MainValue":0.23,"FarRange":165},{"Type":"27","MainRange":54,"MainValue":0.17,"FarRange":166},{"Type":"6","MainRange":54,"MainValue":0.31,"FarRange":158},{"Type":"10","MainRange":44,"MainValue":0.16,"FarRange":149}],"sig":[{"t":"9-1","s":"","d":{"X":-0.63,"Y":0.09}},{"t":"X1","s":"","d":{"X":-0.49,"Y":0.735}},{"t":"X27","s":"","d":{"X":0.643,"Y":-0.695}},{"t":"X6","s":"","d":{"X":-0.8,"Y":-0.097}},{"t":"X10","s":"","d":{"X":0.529,"Y":-0.582}}],"clr":{"R":240,"G":248,"B":202,"A":255}},"GL3-0-21":{"pid":"GL3-S","orb":1448.86,"per":24.14,"ang":86.01,"t":"ASTEROID","sp":"ASTEROID-1","s":22.19,"m":151.78,"gd":36.98,"wic":{},"woc":{},"wgc":{},"emm":[{"Type":"1","MainRange":37,"MainValue":0.2,"FarRange":217},{"Type":"5","MainRange":49,"MainValue":0.24,"FarRange":99}],"sig":[{"t":"9-1","s":"","d":{"X":0.92,"Y":-0.21}},{"t":"X1","s":"","d":{"X":-0.809,"Y":-0.314}},{"t":"X5","s":"","d":{"X":0.467,"Y":0.664}}],"clr":{"R":230,"G":197,"B":236,"A":255}},"GL3-0-22":{"pid":"GL3-S","orb":1284.38,"per":21.4,"ang":235.2,"t":"ASTEROID","sp":"ASTEROID-2","s":8.93,"m":9.89,"gd":14.88,"wic":{},"woc":{},"wgc":{},"emm":[{"Type":"1","MainRange":58,"MainValue":0.26,"FarRange":94}],"sig":[{"t":"9-1","s":"","d":{"X":0.62,"Y":-0.54}},{"t":"X1","s":"","d":{"X":-0.573,"Y":-0.461}}],"clr":{"R":253,"G":233,"B":253,"A":255}},"GL3-0-23":{"pid":"GL3-S","orb":1388.63,"per":23.14,"ang":198.51,"t":"ASTEROID","sp":"ASTEROID-5","s":25.19,"m":222.11,"gd":41.99,"wic":{},"woc":{},"wgc":{},"emm":[{"Type":"1","MainRange":47,"MainValue":0.24,"FarRange":168}],"sig":[{"t":"9-1","s":"","d":{"X":0.43,"Y":0.22}},{"t":"X1","s":"","d":{"X":0.158,"Y":-0.41}}],"clr":{"R":241,"G":249,"B":194,"A":255}},"GL3-0-24":{"pid":"GL3-S","orb":1453.62,"per":24.22,"ang":176.96,"t":"ASTEROID","sp":"ASTEROID-5","s":22.59,"m":160.14,"gd":37.65,"wic":{},"woc":{},"wgc":{},"emm":[{"Type":"1","MainRange":23,"MainValue":0.3,"FarRange":143}],"sig":[{"t":"9-1","s":"","d":{"X":-0.78,"Y":-0.31}},{"t":"X1","s":"","d":{"X":0.555,"Y":-0.319}}],"clr":{"R":250,"G":245,"B":240,"A":255}},"GL3-0-25":{"pid":"GL3-S","orb":1219.26,"per":20.32,"ang":254.61,"t":"ASTEROID","sp":"ASTEROID-3","s":29.36,"m":351.57,"gd":48.93,"wic":{},"woc":{},"wgc":{},"emm":[{"Type":"1","MainRange":75,"MainValue":0.14,"FarRange":186}],"sig":[{"t":"9-1","s":"","d":{"X":-0.13,"Y":-0.09}},{"t":"X1","s":"","d":{"X":0.015,"Y":0.431}}],"clr":{"R":236,"G":249,"B":248,"A":255}},"GL3-0-26":{"pid":"GL3-S","orb":1578.6,"per":26.31,"ang":252.62,"t":"ASTEROID","sp":"ASTEROID-4","s":14.6,"m":43.29,"gd":24.34,"wic":{},"woc":{},"wgc":{},"emm":[{"Type":"1","MainRange":34,"MainValue":0.22,"FarRange":149}],"sig":[{"t":"9-1","s":"","d":{"X":0.85,"Y":0.05}},{"t":"X1","s":"","d":{"X":-0.459,"Y":0.7}}],"clr":{"R":228,"G":247,"B":232,"A":255}},"GL3-0-27":{"pid":"GL3-S","orb":1410.4,"per":23.5,"ang":277.28,"t":"ASTEROID","sp":"ASTEROID-1","s":29.48,"m":355.92,"gd":49.13,"wic":{},"woc":{},"wgc":{},"emm":[{"Type":"1","MainRange":55,"MainValue":0.15,"FarRange":169}],"sig":[{"t":"9-1","s":"","d":{"X":0.29,"Y":0.63}},{"t":"X1","s":"","d":{"X":-0.544,"Y":-0.702}}],"clr":{"R":235,"G":252,"B":243,"A":255}},"GL3-0-28":{"pid":"GL3-S","orb":1301.94,"per":21.69,"ang":297.9,"t":"ASTEROID","sp":"ASTEROID-5","s":23.54,"m":181.33,"gd":39.24,"wic":{},"woc":{},"wgc":{},"emm":[{"Type":"1","MainRange":65,"MainValue":0.13,"FarRange":147}],"sig":[{"t":"9-1","s":"","d":{"X":0.77,"Y":0.57}},{"t":"X1","s":"","d":{"X":0.241,"Y":0.785}}],"clr":{"R":239,"G":252,"B":252,"A":255}},"GL3-0-29":{"pid":"GL3-S","orb":1466.96,"per":24.44,"ang":39.36,"t":"ASTEROID","sp":"ASTEROID-2","s":35.3,"m":611.28,"gd":58.84,"wic":{},"woc":{},"wgc":{},"emm":[{"Type":"1","MainRange":54,"MainValue":0.24,"FarRange":145}],"sig":[{"t":"9-1","s":"","d":{"X":0.1,"Y":-0.7}},{"t":"X1","s":"","d":{"X":-0.738,"Y":0.232}}],"clr":{"R":251,"G":238,"B":234,"A":255}},"GL3-0-3":{"pid":"GL3-S","orb":1544.73,"per":25.74,"ang":198.65,"t":"ASTEROID","sp":"ASTEROID-2","s":16.14,"m":58.4,"gd":26.9,"wic":{},"woc":{},"wgc":{},"emm":[{"Type":"1","MainRange":40,"MainValue":0.17,"FarRange":204}],"sig":[{"t":"9-1","s":"","d":{"X":-0.25,"Y":-0.18}},{"t":"X1","s":"","d":{"X":0.85,"Y":-0.123}}],"clr":{"R":254,"G":242,"B":248,"A":255}},"GL3-0-30":{"pid":"GL3-S","orb":1321.66,"per":22.02,"ang":223.04,"t":"ASTEROID","sp":"ASTEROID-5","s":21.97,"m":147.36,"gd":36.62,"wic":{},"woc":{},"wgc":{},"emm":[{"Type":"1","MainRange":19,"MainValue":0.38,"FarRange":170}],"sig":[{"t":"9-1","s":"","d":{"X":-0.5,"Y":0.8}},{"t":"X1","s":"","d":{"X":0.625,"Y":-0.492}}],"clr":{"R":219,"G":231,"B":251,"A":255}},"GL3-0-31":{"pid":"GL3-S","orb":1506.67,"per":25.11,"ang":298.43,"t":"ASTEROID","sp":"ASTEROID-4","s":20.59,"m":121.4,"gd":34.33,"wic":{},"woc":{},"wgc":{},"emm":[{"Type":"1","MainRange":50,"MainValue":0.23,"FarRange":156}],"sig":[{"t":"9-1","s":"","d":{"X":0.52,"Y":-0.04}},{"t":"X1","s":"","d":{"X":0.766,"Y":0.369}}],"clr":{"R":253,"G":250,"B":254,"A":255}},"GL3-0-32":{"pid":"GL3-S","orb":1220.39,"per":20.33,"ang":33.15,"t":"ASTEROID","sp":"ASTEROID-4","s":14.35,"m":41.1,"gd":23.92,"wic":{},"woc":{},"wgc":{},"emm":[{"Type":"1","MainRange":77,"MainValue":0.2,"FarRange":174}],"sig":[{"t":"9-1","s":"","d":{"X":0.68,"Y":-0.22}},{"t":"X1","s":"","d":{"X":0.849,"Y":0.061}}],"clr":{"R":206,"G":251,"B":158,"A":255}},"GL3-0-33":{"pid":"GL3-S","orb":1768.77,"per":29.47,"ang":63.81,"t":"ASTEROID","sp":"ASTEROID-4","s":15.34,"m":50.17,"gd":25.57,"wic":{},"woc":{},"wgc":{},"emm":[{"Type":"1","MainRange":25,"MainValue":0.21,"FarRange":100}],"sig":[{"t":"9-1","s":"","d":{"X":0.65,"Y":0.08}},{"t":"X1","s":"","d":{"X":0.372,"Y":-0.338}}],"clr":{"R":215,"G":242,"B":253,"A":255}},"GL3-0-34":{"pid":"GL3-S","orb":1413.39,"per":23.55,"ang":209.34,"t":"ASTEROID","sp":"ASTEROID-3","s":26.67,"m":263.6,"gd":44.45,"wic":{},"woc":{},"wgc":{},"emm":[{"Type":"1","MainRange":41,"MainValue":0.15,"FarRange":179}],"sig":[{"t":"9-1","s":"","d":{"X":-0.17,"Y":-0.46}},{"t":"X1","s":"","d":{"X":0.61,"Y":-0.561}}],"clr":{"R":252,"G":246,"B":246,"A":255}},"GL3-0-35":{"pid":"GL3-S","orb":1523.57,"per":25.39,"ang":205.32,"t":"ASTEROID","sp":"ASTEROID-3","s":18.61,"m":89.57,"gd":31.02,"wic":{},"woc":{},"wgc":{},"emm":[{"Type":"1","MainRange":72,"MainValue":0.16,"FarRange":182}],"sig":[{"t":"9-1","s":"","d":{"X":0.62,"Y":-0.01}},{"t":"X1","s":"","d":{"X":0.745,"Y":0.068}}],"clr":{"R":245,"G":200,"B":245,"A":255}},"GL3-0-36":{"pid":"GL3-S","orb":1369.47,"per":22.82,"ang":122,"t":"ASTEROID","sp":"ASTEROID-1","s":26.97,"m":272.56,"gd":44.95,"wic":{},"woc":{},"wgc":{},"emm":[{"Type":"1","MainRange":45,"MainValue":0.25,"FarRange":158}],"sig":[{"t":"9-1","s":"","d":{"X":0.37,"Y":0.02}},{"t":"X1","s":"","d":{"X":-0.35,"Y":-0.512}}],"clr":{"R":253,"G":254,"B":254,"A":255}},"GL3-0-37":{"pid":"GL3-S","orb":1320.3,"per":22,"ang":312.7,"t":"ASTEROID","sp":"ASTEROID-5","s":15.32,"m":49.97,"gd":25.53,"wic":{},"woc":{},"wgc":{},"emm":[{"Type":"1","MainRange":61,"MainValue":0.13,"FarRange":163}],"sig":[{"t":"9-1","s":"","d":{"X":0.32,"Y":-0.51}},{"t":"X1","s":"","d":{"X":0.136,"Y":0.801}}],"clr":{"R":214,"G":212,"B":243,"A":255}},"GL3-0-38":{"pid":"GL3-S","orb":1539.47,"per":25.65,"ang":249.79,"t":"ASTEROID","sp":"ASTEROID-4","s":28.82,"m":332.53,"gd":48.03,"wic":{},"woc":{},"wgc":{},"emm":[{"Type":"1","MainRange":52,"MainValue":0.19,"FarRange":238}],"sig":[{"t":"9-1","s":"","d":{"X":0.47,"Y":-0.17}},{"t":"X1","s":"","d":{"X":-0.639,"Y":0.25}}],"clr":{"R":218,"G":241,"B":199,"A":255}},"GL3-0-39":{"pid":"GL3-S","orb":1392.13,"per":23.2,"ang":264.46,"t":"ASTEROID","sp":"ASTEROID-1","s":19.3,"m":99.97,"gd":32.18,"wic":{},"woc":{},"wgc":{},"emm":[{"Type":"1","MainRange":40,"MainValue":0.15,"FarRange":185}],"sig":[{"t":"9-1","s":"","d":{"X":-0.24,"Y":-0.03}},{"t":"X1","s":"","d":{"X":0.609,"Y":-0.405}}],"clr":{"R":253,"G":232,"B":229,"A":255}},"GL3-0-4":{"pid":"GL3-S","orb":1505.28,"per":25.08,"ang":179.9,"t":"ASTEROID","sp":"ASTEROID-1","s":14.08,"m":38.81,"gd":23.47,"wic":{},"woc":{},"wgc":{},"emm":[{"Type":"1","MainRange":64,"MainValue":0.12,"FarRange":105}],"sig":[{"t":"9-1","s":"","d":{"Y":0.24}},{"t":"X1","s":"","d":{"X":0.609,"Y":-0.636}}],"clr":{"R":245,"G":254,"B":221,"A":255}},"GL3-0-40":{"pid":"GL3-S","orb":1414.17,"per":23.56,"ang":151.2,"t":"ASTEROID","sp":"ASTEROID-3","s":11.88,"m":23.33,"gd":19.81,"wic":{},"woc":{},"wgc":{},"emm":[{"Type":"1","MainRange":62,"MainValue":0.08,"FarRange":140}],"sig":[{"t":"9-1","s":"","d":{"X":-0.14,"Y":0.93}},{"t":"X1","s":"","d":{"X":-0.311,"Y":-0.115}}],"clr":{"R":247,"G":251,"B":213,"A":255}},"GL3-0-41":{"pid":"GL3-S","orb":1323.37,"per":22.05,"ang":124.59,"t":"ASTEROID","sp":"ASTEROID-1","s":20.6,"m":121.52,"gd":34.34,"wic":{},"woc":{},"wgc":{},"emm":[{"Type":"1","MainRange":45,"MainValue":0.2,"FarRange":135}],"sig":[{"t":"9-1","s":"","d":{"X":-0.05,"Y":0.02}},{"t":"X1","s":"","d":{"X":-0.335,"Y":-0.185}}],"clr":{"R":251,"G":242,"B":249,"A":255}},"GL3-0-42":{"pid":"GL3-S","orb":1197.89,"per":19.96,"ang":197.5,"t":"ASTEROID","sp":"ASTEROID-2","s":17.8,"m":78.4,"gd":29.67,"wic":{},"woc":{},"wgc":{},"emm":[{"Type":"1","MainRange":27,"MainValue":0.23,"FarRange":111}],"sig":[{"t":"9-1","s":"","d":{"X":0.01,"Y":0.72}},{"t":"X1","s":"","d":{"X":0.036,"Y":0.89}}],"clr":{"R":238,"G":191,"B":207,"A":255}},"GL3-0-43":{"pid":"GL3-S","orb":1498.79,"per":24.97,"ang":235.59,"t":"ASTEROID","sp":"ASTEROID-4","s":13,"m":30.55,"gd":21.67,"wic":{},"woc":{},"wgc":{},"emm":[{"Type":"1","MainRange":57,"MainValue":0.1,"FarRange":134}],"sig":[{"t":"9-1","s":"","d":{"X":-0.62,"Y":-0.38}},{"t":"X1","s":"","d":{"X":0.629,"Y":-0.364}}],"clr":{"R":240,"G":195,"B":240,"A":255}},"GL3-0-44":{"pid":"GL3-S","orb":1249.6,"per":20.82,"ang":278.36,"t":"ASTEROID","sp":"ASTEROID-3","s":22.44,"m":157.03,"gd":37.4,"wic":{},"woc":{},"wgc":{},"emm":[{"Type":"1","MainRange":56,"MainValue":0.13,"FarRange":169}],"sig":[{"t":"9-1","s":"","d":{"X":-0.17,"Y":-0.66}},{"t":"X1","s":"","d":{"X":-0.064,"Y":-0.876}}],"clr":{"R":225,"G":227,"B":245,"A":255}},"GL3-0-45":{"pid":"GL3-S","orb":1628.75,"per":27.14,"ang":181.95,"t":"ASTEROID","sp":"ASTEROID-1","s":19.48,"m":102.69,"gd":32.46,"wic":{},"woc":{},"wgc":{},"emm":[{"Type":"1","MainRange":86,"MainValue":0.2,"FarRange":108}],"sig":[{"t":"9-1","s":"","d":{"X":-0.11,"Y":-0.04}},{"t":"X1","s":"","d":{"X":-0.606,"Y":-0.449}}],"clr":{"R":242,"G":215,"B":218,"A":255}},"GL3-0-46":{"pid":"GL3-S","orb":1601.03,"per":26.68,"ang":334.79,"t":"ASTEROID","sp":"ASTEROID-5","s":22.2,"m":152.02,"gd":37,"wic":{},"woc":{},"wgc":{},"emm":[{"Type":"1","MainRange":47,"MainValue":0.16,"FarRange":211},{"Type":"16","MainRange":27,"MainValue":0.26,"FarRange":169}],"sig":[{"t":"9-1","s":"","d":{"X":-0.48,"Y":-0.24}},{"t":"X1","s":"","d":{"X":-0.032,"Y":0.905}},{"t":"X16","s":"","d":{"X":-0.318,"Y":-0.185}}],"clr":{"R":232,"G":224,"B":181,"A":255}},"GL3-0-47":{"pid":"GL3-S","orb":1332.56,"per":22.2,"ang":266.83,"t":"ASTEROID","sp":"ASTEROID-2","s":21.49,"m":138.01,"gd":35.83,"wic":{},"woc":{},"wgc":{},"emm":[{"Type":"1","MainRange":95,"MainValue":0.23,"FarRange":166}],"sig":[{"t":"9-1","s":"","d":{"X":0.48,"Y":0.45}},{"t":"X1","s":"","d":{"X":-0.305,"Y":0.587}}],"clr":{"R":178,"G":183,"B":250,"A":255}},"GL3-0-48":{"pid":"GL3-S","orb":1430.61,"per":23.84,"ang":151.73,"t":"ASTEROID","sp":"ASTEROID-4","s":15.39,"m":50.67,"gd":25.65,"wic":{},"woc":{},"wgc":{},"emm":[{"Type":"1","MainRange":62,"MainValue":0.11,"FarRange":214}],"sig":[{"t":"9-1","s":"","d":{"X":0.12,"Y":-0.51}},{"t":"X1","s":"","d":{"X":-0.395,"Y":-0.647}}],"clr":{"R":234,"G":222,"B":251,"A":255}},"GL3-0-49":{"pid":"GL3-S","orb":1492.62,"per":24.87,"ang":346.79,"t":"ASTEROID","sp":"ASTEROID-5","s":19.85,"m":108.63,"gd":33.08,"wic":{},"woc":{},"wgc":{},"emm":[{"Type":"1","MainRange":49,"MainValue":0.17,"FarRange":104}],"sig":[{"t":"9-1","s":"","d":{"X":0.4,"Y":0.21}},{"t":"X1","s":"","d":{"X":0.853,"Y":-0.226}}],"clr":{"R":225,"G":254,"B":241,"A":255}},"GL3-0-5":{"pid":"GL3-S","orb":1391.46,"per":23.19,"ang":295.41,"t":"ASTEROID","sp":"ASTEROID-2","s":21.85,"m":144.92,"gd":36.41,"wic":{},"woc":{},"wgc":{},"emm":[{"Type":"1","MainRange":54,"MainValue":0.25,"FarRange":139}],"sig":[{"t":"9-1","s":"","d":{"X":-0.63,"Y":-0.24}},{"t":"X1","s":"","d":{"X":-0.682,"Y":-0.061}}],"clr":{"R":201,"G":251,"B":251,"A":255}},"GL3-0-50":{"pid":"GL3-S","orb":1359.15,"per":22.65,"ang":127.01,"t":"ASTEROID","sp":"ASTEROID-4","s":25.73,"m":236.67,"gd":42.88,"wic":{},"woc":{},"wgc":{},"emm":[{"Type":"1","MainRange":39,"MainValue":0.24,"FarRange":176}],"sig":[{"t":"9-1","s":"","d":{"X":0.01,"Y":0.68}},{"t":"X1","s":"","d":{"X":-0.357,"Y":0.186}}],"clr":{"R":203,"G":246,"B":169,"A":255}},"GL3-0-51":{"pid":"GL3-S","orb":1294.54,"per":21.57,"ang":59.92,"t":"ASTEROID","sp":"ASTEROID-2","s":15.26,"m":49.37,"gd":25.43,"wic":{},"woc":{},"wgc":{},"emm":[{"Type":"1","MainRange":29,"MainValue":0.27,"FarRange":113}],"sig":[{"t":"9-1","s":"","d":{"X":-0.56,"Y":0.59}},{"t":"X1","s":"","d":{"X":0.662,"Y":-0.037}}],"clr":{"R":237,"G":210,"B":248,"A":255}},"GL3-0-52":{"pid":"GL3-S","orb":1579.06,"per":26.31,"ang":252.82,"t":"ASTEROID","sp":"ASTEROID-3","s":23.04,"m":169.92,"gd":38.4,"wic":{},"woc":{},"wgc":{},"emm":[{"Type":"1","MainRange":49,"MainValue":0.21,"FarRange":191}],"sig":[{"t":"9-1","s":"","d":{"X":-0.36,"Y":0.35}},{"t":"X1","s":"","d":{"X":0.194,"Y":-0.628}}],"clr":{"R":254,"G":251,"B":252,"A":255}},"GL3-0-53":{"pid":"GL3-S","orb":1394.76,"per":23.24,"ang":344.92,"t":"ASTEROID","sp":"ASTEROID-1","s":19.57,"m":104.25,"gd":32.63,"wic":{},"woc":{},"wgc":{},"emm":[{"Type":"1","MainRange":68,"MainValue":0.19,"FarRange":154}],"sig":[{"t":"9-1","s":"","d":{"X":-0.76,"Y":-0.45}},{"t":"X1","s":"","d":{"X":-0.298,"Y":0.295}}],"clr":{"R":226,"G":246,"B":248,"A":255}},"GL3-0-54":{"pid":"GL3-S","orb":1582.11,"per":26.36,"ang":81.51,"t":"ASTEROID","sp":"ASTEROID-1","s":22.87,"m":166.24,"gd":38.12,"wic":{},"woc":{},"wgc":{},"emm":[{"Type":"1","MainRange":45,"MainValue":0.26,"FarRange":132}],"sig":[{"t":"9-1","s":"","d":{"X":-0.07,"Y":0.16}},{"t":"X1","s":"","d":{"X":0.901,"Y":-0.264}}],"clr":{"R":244,"G":201,"B":244,"A":255}},"GL3-0-55":{"pid":"GL3-S","orb":1368.14,"per":22.8,"ang":163.75,"t":"ASTEROID","sp":"ASTEROID-3","s":24.79,"m":211.84,"gd":41.33,"wic":{},"woc":{},"wgc":{},"emm":[{"Type":"1","MainRange":52,"MainValue":0.22,"FarRange":182}],"sig":[{"t":"9-1","s":"","d":{"X":-0.31,"Y":0.86}},{"t":"X1","s":"","d":{"X":0.024,"Y":0.786}}],"clr":{"R":232,"G":180,"B":234,"A":255}},"GL3-0-56":{"pid":"GL3-S","orb":1347.65,"per":22.46,"ang":114.62,"t":"ASTEROID","sp":"ASTEROID-5","s":30.61,"m":398.65,"gd":51.03,"wic":{},"woc":{},"wgc":{},"emm":[{"Type":"1","MainRange":38,"MainValue":0.16,"FarRange":171}],"sig":[{"t":"9-1","s":"","d":{"X":-0.91,"Y":-0.28}},{"t":"X1","s":"","d":{"X":-0.122,"Y":0.855}}],"clr":{"R":251,"G":185,"B":241,"A":255}},"GL3-0-57":{"pid":"GL3-S","orb":1467.84,"per":24.46,"ang":275.27,"t":"ASTEROID","sp":"ASTEROID-4","s":16.94,"m":67.56,"gd":28.24,"wic":{},"woc":{},"wgc":{},"emm":[{"Type":"1","MainRange":61,"MainValue":0.22,"FarRange":200}],"sig":[{"t":"9-1","s":"","d":{"X":0.26,"Y":-0.1}},{"t":"X1","s":"","d":{"X":-0.968,"Y":0.219}}],"clr":{"R":253,"G":247,"B":249,"A":255}},"GL3-0-58":{"pid":"GL3-S","orb":1425.63,"per":23.76,"ang":18.51,"t":"ASTEROID","sp":"ASTEROID-3","s":17.26,"m":71.47,"gd":28.77,"wic":{},"woc":{},"wgc":{},"emm":[{"Type":"1","MainRange":50,"MainValue":0.11,"FarRange":163}],"sig":[{"t":"9-1","s":"","d":{"X":-0.56,"Y":-0.24}},{"t":"X1","s":"","d":{"X":-0.096,"Y":0.309}}],"clr":{"R":245,"G":244,"B":253,"A":255}},"GL3-0-59":{"pid":"GL3-S","orb":1244.88,"per":20.74,"ang":156.55,"t":"ASTEROID","sp":"ASTEROID-2","s":26.99,"m":273.11,"gd":44.98,"wic":{},"woc":{},"wgc":{},"emm":[{"Type":"1","MainRange":66,"MainValue":0.19,"FarRange":176}],"sig":[{"t":"9-1","s":"","d":{"X":-0.78,"Y":0.53}},{"t":"X1","s":"","d":{"X":0.163,"Y":-0.082}}],"clr":{"R":245,"G":245,"B":254,"A":255}},"GL3-0-6":{"pid":"GL3-S","orb":1333.87,"per":22.23,"ang":13.46,"t":"ASTEROID","sp":"ASTEROID-4","s":20.83,"m":125.64,"gd":34.72,"wic":{},"woc":{},"wgc":{},"emm":[{"Type":"1","MainRange":40,"MainValue":0.18,"FarRange":181}],"sig":[{"t":"9-1","s":"","d":{"X":-0.14,"Y":0.74}},{"t":"X1","s":"","d":{"X":0.753,"Y":-0.603}}],"clr":{"R":215,"G":252,"B":240,"A":255}},"GL3-0-60":{"pid":"GL3-S","orb":1496.61,"per":24.94,"ang":309.06,"t":"ASTEROID","sp":"ASTEROID-3","s":12.48,"m":27.03,"gd":20.81,"wic":{},"woc":{},"wgc":{},"emm":[{"Type":"1","MainRange":65,"MainValue":0.25,"FarRange":197}],"sig":[{"t":"9-1","s":"","d":{"X":0.45,"Y":-0.03}},{"t":"X1","s":"","d":{"X":-0.585,"Y":0.129}}],"clr":{"R":185,"G":243,"B":253,"A":255}},"GL3-0-61":{"pid":"GL3-S","orb":1406.39,"per":23.43,"ang":92.32,"t":"ASTEROID","sp":"ASTEROID-5","s":19.42,"m":101.86,"gd":32.38,"wic":{},"woc":{},"wgc":{},"emm":[{"Type":"1","MainRange":61,"MainValue":0.15,"FarRange":154}],"sig":[{"t":"9-1","s":"","d":{"X":-0.14,"Y":0.84}},{"t":"X1","s":"","d":{"X":-0.051,"Y":-0.723}}],"clr":{"R":249,"G":207,"B":251,"A":255}},"GL3-0-62":{"pid":"GL3-S","orb":1435.03,"per":23.91,"ang":144.68,"t":"ASTEROID","sp":"ASTEROID-2","s":26.56,"m":260.31,"gd":44.27,"wic":{},"woc":{},"wgc":{},"emm":[{"Type":"1","MainRange":49,"MainValue":0.11,"FarRange":148}],"sig":[{"t":"9-1","s":"","d":{"X":-0.97,"Y":-0.25}},{"t":"X1","s":"","d":{"X":-0.963,"Y":-0.171}}],"clr":{"R":196,"G":225,"B":240,"A":255}},"GL3-0-63":{"pid":"GL3-S","orb":1224.09,"per":20.4,"ang":18.01,"t":"ASTEROID","sp":"ASTEROID-5","s":28.02,"m":305.83,"gd":46.71,"wic":{},"woc":{},"wgc":{},"emm":[{"Type":"1","MainRange":68,"MainValue":0.24,"FarRange":177}],"sig":[{"t":"9-1","s":"","d":{"X":-0.02,"Y":-0.03}},{"t":"X1","s":"","d":{"X":-0.761,"Y":-0.157}}],"clr":{"R":254,"G":252,"B":241,"A":255}},"GL3-0-64":{"pid":"GL3-S","orb":1425.03,"per":23.75,"ang":71.17,"t":"ASTEROID","sp":"ASTEROID-1","s":25.14,"m":220.89,"gd":41.91,"wic":{},"woc":{},"wgc":{},"emm":[{"Type":"1","MainRange":36,"MainValue":0.27,"FarRange":116}],"sig":[{"t":"9-1","s":"","d":{"X":-0.22,"Y":0.69}},{"t":"X1","s":"","d":{"X":-0.166,"Y":-0.915}}],"clr":{"R":218,"G":251,"B":237,"A":255}},"GL3-0-65":{"pid":"GL3-S","orb":1435.12,"per":23.91,"ang":275.38,"t":"ASTEROID","sp":"ASTEROID-5","s":14.94,"m":46.31,"gd":24.9,"wic":{},"woc":{},"wgc":{},"emm":[{"Type":"1","MainRange":59,"MainValue":0.22,"FarRange":146}],"sig":[{"t":"9-1","s":"","d":{"X":0.06,"Y":0.58}},{"t":"X1","s":"","d":{"X":0.439,"Y":0.782}}],"clr":{"R":250,"G":164,"B":236,"A":255}},"GL3-0-66":{"pid":"GL3-S","orb":1372.41,"per":22.87,"ang":32.75,"t":"ASTEROID","sp":"ASTEROID-2","s":19.19,"m":98.16,"gd":31.98,"wic":{},"woc":{},"wgc":{},"emm":[{"Type":"1","MainRange":39,"MainValue":0.28,"FarRange":156}],"sig":[{"t":"9-1","s":"","d":{"X":0.87,"Y":0.17}},{"t":"X1","s":"","d":{"X":0.312,"Y":0.078}}],"clr":{"R":174,"G":214,"B":234,"A":255}},"GL3-0-67":{"pid":"GL3-S","orb":1389.45,"per":23.15,"ang":42.62,"t":"ASTEROID","sp":"ASTEROID-3","s":25.8,"m":238.73,"gd":43.01,"wic":{},"woc":{},"wgc":{},"emm":[{"Type":"1","MainRange":46.800000000000004,"MainValue":0.2,"FarRange":52},{"Type":"2","MainRange":40,"MainValue":0.17,"FarRange":169}],"sig":[{"t":"9-1","s":"","d":{"X":0.08,"Y":0.04}},{"t":"X1","s":"","d":{"X":-0.424,"Y":0.51}},{"t":"X2","s":"","d":{"X":0.113,"Y":0.203}}],"clr":{"R":240,"G":250,"B":247,"A":255}},"GL3-0-68":{"pid":"GL3-S","orb":1352.39,"per":22.53,"ang":155.81,"t":"ASTEROID","sp":"ASTEROID-1","s":21.98,"m":147.58,"gd":36.64,"wic":{},"woc":{},"wgc":{},"emm":[{"Type":"1","MainRange":46,"MainValue":0.15,"FarRange":114}],"sig":[{"t":"9-1","s":"","d":{"X":0.27,"Y":-0.58}},{"t":"X1","s":"","d":{"X":0.692,"Y":-0.254}}],"clr":{"R":240,"G":198,"B":211,"A":255}},"GL3-0-69":{"pid":"GL3-S","orb":1408.17,"per":23.46,"ang":298.85,"t":"ASTEROID","sp":"ASTEROID-5","s":18.24,"m":84.41,"gd":30.41,"wic":{},"woc":{},"wgc":{},"emm":[{"Type":"1","MainRange":52,"MainValue":0.13,"FarRange":141}],"sig":[{"t":"9-1","s":"","d":{"X":0.43,"Y":0.27}},{"t":"X1","s":"","d":{"X":0.618,"Y":-0.572}}],"clr":{"R":169,"G":204,"B":239,"A":255}},"GL3-0-7":{"pid":"GL3-S","orb":1409.17,"per":23.48,"ang":154.01,"t":"ASTEROID","sp":"ASTEROID-5","s":16.48,"m":62.18,"gd":27.46,"wic":{},"woc":{},"wgc":{},"emm":[{"Type":"1","MainRange":39,"MainValue":0.15,"FarRange":232}],"sig":[{"t":"9-1","s":"","d":{"X":0.78,"Y":0.28}},{"t":"X1","s":"","d":{"X":-0.681,"Y":-0.462}}],"clr":{"R":181,"G":247,"B":232,"A":255}},"GL3-0-70":{"pid":"GL3-S","orb":1187.57,"per":19.79,"ang":103.98,"t":"ASTEROID","sp":"ASTEROID-4","s":15.62,"m":52.97,"gd":26.04,"wic":{},"woc":{},"wgc":{},"emm":[{"Type":"1","MainRange":65,"MainValue":0.2,"FarRange":193}],"sig":[{"t":"9-1","s":"","d":{"X":-0.36,"Y":0.9}},{"t":"X1","s":"","d":{"X":-0.194,"Y":0.443}}],"clr":{"R":239,"G":235,"B":251,"A":255}},"GL3-0-71":{"pid":"GL3-S","orb":1432.71,"per":23.87,"ang":352.28,"t":"ASTEROID","sp":"ASTEROID-3","s":15.34,"m":50.15,"gd":25.57,"wic":{},"woc":{},"wgc":{},"emm":[{"Type":"1","MainRange":63,"MainValue":0.12,"FarRange":139}],"sig":[{"t":"9-1","s":"","d":{"X":-0.2,"Y":0.97}},{"t":"X1","s":"","d":{"X":0.52,"Y":-0.29}}],"clr":{"R":171,"G":251,"B":235,"A":255}},"GL3-0-72":{"pid":"GL3-S","orb":1480.8,"per":24.68,"ang":325.46,"t":"ASTEROID","sp":"ASTEROID-1","s":21.56,"m":139.38,"gd":35.94,"wic":{},"woc":{},"wgc":{},"emm":[{"Type":"1","MainRange":40,"MainValue":0.27,"FarRange":236}],"sig":[{"t":"9-1","s":"","d":{"X":-0.29,"Y":0.61}},{"t":"X1","s":"","d":{"X":-0.753,"Y":-0.599}}],"clr":{"R":227,"G":238,"B":171,"A":255}},"GL3-0-73":{"pid":"GL3-S","orb":1619.19,"per":26.98,"ang":129.09,"t":"ASTEROID","sp":"ASTEROID-2","s":9.72,"m":12.77,"gd":16.2,"wic":{},"woc":{},"wgc":{},"emm":[{"Type":"1","MainRange":40,"MainValue":0.22,"FarRange":138}],"sig":[{"t":"9-1","s":"","d":{"X":0.77,"Y":-0.13}},{"t":"X1","s":"","d":{"X":0.442,"Y":-0.477}}],"clr":{"R":239,"G":184,"B":216,"A":255}},"GL3-0-74":{"pid":"GL3-S","orb":1339.04,"per":22.31,"ang":329.21,"t":"ASTEROID","sp":"ASTEROID-4","s":25.85,"m":240.1,"gd":43.09,"wic":{},"woc":{},"wgc":{},"emm":[{"Type":"1","MainRange":47,"MainValue":0.08,"FarRange":152},{"Type":"25","MainRange":58,"MainValue":0.21,"FarRange":198},{"Type":"13","MainRange":59,"MainValue":0.27,"FarRange":136}],"sig":[{"t":"9-1","s":"","d":{"X":0.7,"Y":0.23}},{"t":"X1","s":"","d":{"X":-0.743,"Y":0.345}},{"t":"X25","s":"","d":{"X":0.979,"Y":-0.17}},{"t":"X13","s":"","d":{"X":-0.515,"Y":0.713}}],"clr":{"R":223,"G":233,"B":248,"A":255}},"GL3-0-75":{"pid":"GL3-S","orb":1144.45,"per":19.07,"ang":184.23,"t":"ASTEROID","sp":"ASTEROID-2","s":22.08,"m":149.61,"gd":36.8,"wic":{},"woc":{},"wgc":{},"emm":[{"Type":"1","MainRange":40,"MainValue":0.25,"FarRange":139}],"sig":[{"t":"9-1","s":"","d":{"X":-0.12,"Y":-0.83}},{"t":"X1","s":"","d":{"X":-0.171,"Y":-0.691}}],"clr":{"R":226,"G":239,"B":253,"A":255}},"GL3-0-76":{"pid":"GL3-S","orb":1278.85,"per":21.31,"ang":228.86,"t":"ASTEROID","sp":"ASTEROID-3","s":12.71,"m":28.56,"gd":21.19,"wic":{},"woc":{},"wgc":{},"emm":[{"Type":"1","MainRange":42,"MainValue":0.24,"FarRange":118}],"sig":[{"t":"9-1","s":"","d":{"X":0.78,"Y":-0.11}},{"t":"X1","s":"","d":{"X":-0.31,"Y":-0.275}}],"clr":{"R":246,"G":238,"B":226,"A":255}},"GL3-0-77":{"pid":"GL3-S","orb":1648.1,"per":27.46,"ang":63.57,"t":"ASTEROID","sp":"ASTEROID-4","s":26.19,"m":249.66,"gd":43.65,"wic":{},"woc":{},"wgc":{},"emm":[{"Type":"1","MainRange":29,"MainValue":0.18,"FarRange":168}],"sig":[{"t":"9-1","s":"","d":{"X":0.09,"Y":-0.38}},{"t":"X1","s":"","d":{"X":-0.031,"Y":-0.467}}],"clr":{"R":250,"G":227,"B":214,"A":255}},"GL3-0-78":{"pid":"GL3-S","orb":1330.03,"per":22.16,"ang":111.12,"t":"ASTEROID","sp":"ASTEROID-5","s":13.69,"m":35.68,"gd":22.82,"wic":{},"woc":{},"wgc":{},"emm":[{"Type":"1","MainRange":45,"MainValue":0.2,"FarRange":165}],"sig":[{"t":"9-1","s":"","d":{"X":0.33,"Y":-0.66}},{"t":"X1","s":"","d":{"X":-0.985,"Y":-0.092}}],"clr":{"R":172,"G":236,"B":183,"A":255}},"GL3-0-79":{"pid":"GL3-S","orb":1806.93,"per":30.11,"ang":24.12,"t":"ASTEROID","sp":"ASTEROID-1","s":17.79,"m":78.29,"gd":29.66,"wic":{},"woc":{},"wgc":{},"emm":[{"Type":"1","MainRange":52,"MainValue":0.17,"FarRange":147}],"sig":[{"t":"9-1","s":"","d":{"X":0.05,"Y":-0.43}},{"t":"X1","s":"","d":{"X":-0.297,"Y":-0.51}}],"clr":{"R":249,"G":217,"B":225,"A":255}},"GL3-0-8":{"pid":"GL3-S","orb":1282.08,"per":21.36,"ang":312.18,"t":"ASTEROID","sp":"ASTEROID-2","s":16.86,"m":66.61,"gd":28.1,"wic":{},"woc":{},"wgc":{},"emm":[{"Type":"1","MainRange":38,"MainValue":0.08,"FarRange":129}],"sig":[{"t":"9-1","s":"","d":{"X":0.34,"Y":0.05}},{"t":"X1","s":"","d":{"X":0.931,"Y":-0.287}}],"clr":{"R":169,"G":252,"B":159,"A":255}},"GL3-0-80":{"pid":"GL3-S","orb":1511.92,"per":25.19,"ang":21.2,"t":"ASTEROID","sp":"ASTEROID-2","s":23.14,"m":172.3,"gd":38.58,"wic":{},"woc":{},"wgc":{},"emm":[{"Type":"1","MainRange":64,"MainValue":0.13,"FarRange":199}],"sig":[{"t":"9-1","s":"","d":{"X":-0.43,"Y":0.68}},{"t":"X1","s":"","d":{"X":-0.189,"Y":-0.98}}],"clr":{"R":185,"G":230,"B":246,"A":255}},"GL3-0-81":{"pid":"GL3-S","orb":1655.89,"per":27.59,"ang":299.15,"t":"ASTEROID","sp":"ASTEROID-3","s":19.39,"m":101.26,"gd":32.31,"wic":{},"woc":{},"wgc":{},"emm":[{"Type":"1","MainRange":34,"MainValue":0.27,"FarRange":122}],"sig":[{"t":"9-1","s":"","d":{"X":-0.75,"Y":-0.22}},{"t":"X1","s":"","d":{"X":-0.539,"Y":-0.575}}],"clr":{"R":242,"G":196,"B":247,"A":255}},"GL3-0-82":{"pid":"GL3-S","orb":1394.31,"per":23.23,"ang":121.2,"t":"ASTEROID","sp":"ASTEROID-1","s":20.64,"m":122.29,"gd":34.41,"wic":{},"woc":{},"wgc":{},"emm":[{"Type":"1","MainRange":64,"MainValue":0.27,"FarRange":190}],"sig":[{"t":"9-1","s":"","d":{"X":-0.52,"Y":-0.67}},{"t":"X1","s":"","d":{"X":-0.8,"Y":0.435}}],"clr":{"R":168,"G":254,"B":189,"A":255}},"GL3-0-83":{"pid":"GL3-S","orb":1268.39,"per":21.13,"ang":201.61,"t":"ASTEROID","sp":"ASTEROID-2","s":18.06,"m":81.92,"gd":30.11,"wic":{},"woc":{},"wgc":{},"emm":[{"Type":"1","MainRange":56,"MainValue":0.16,"FarRange":196}],"sig":[{"t":"9-1","s":"","d":{"X":-0.1,"Y":0.98}},{"t":"X1","s":"","d":{"X":-0.655,"Y":-0.228}}],"clr":{"R":247,"G":234,"B":229,"A":255}},"GL3-0-84":{"pid":"GL3-S","orb":1518.78,"per":25.31,"ang":94.56,"t":"ASTEROID","sp":"ASTEROID-5","s":12.51,"m":27.25,"gd":20.86,"wic":{},"woc":{},"wgc":{},"emm":[{"Type":"1","MainRange":50,"MainValue":0.25,"FarRange":97}],"sig":[{"t":"9-1","s":"","d":{"X":-0.7,"Y":0.08}},{"t":"X1","s":"","d":{"X":-0.287,"Y":-0.396}}],"clr":{"R":250,"G":234,"B":235,"A":255}},"GL3-0-85":{"pid":"GL3-S","orb":1266.72,"per":21.11,"ang":10.78,"t":"ASTEROID","sp":"ASTEROID-5","s":30.31,"m":386.96,"gd":50.52,"wic":{},"woc":{},"wgc":{},"emm":[{"Type":"1","MainRange":58,"MainValue":0.11,"FarRange":190}],"sig":[{"t":"9-1","s":"","d":{"X":-0.24,"Y":0.14}},{"t":"X1","s":"","d":{"X":-0.334,"Y":-0.572}}],"clr":{"R":195,"G":243,"B":209,"A":255}},"GL3-0-86":{"pid":"GL3-S","orb":1389.3,"per":23.15,"ang":231.45,"t":"ASTEROID","sp":"ASTEROID-5","s":12.23,"m":25.43,"gd":20.39,"wic":{},"woc":{},"wgc":{},"emm":[{"Type":"1","MainRange":29,"MainValue":0.36,"FarRange":186}],"sig":[{"t":"9-1","s":"","d":{"X":-0.04,"Y":-0.51}},{"t":"X1","s":"","d":{"X":0.712,"Y":-0.155}}],"clr":{"R":242,"G":208,"B":208,"A":255}},"GL3-0-87":{"pid":"GL3-S","orb":1432.75,"per":23.87,"ang":334.09,"t":"ASTEROID","sp":"ASTEROID-3","s":19.11,"m":96.97,"gd":31.85,"wic":{},"woc":{},"wgc":{},"emm":[{"Type":"1","MainRange":68,"MainValue":0.24,"FarRange":148}],"sig":[{"t":"9-1","s":"","d":{"X":0.12,"Y":0.9}},{"t":"X1","s":"","d":{"X":0.627,"Y":0.524}}],"clr":{"R":250,"G":254,"B":251,"A":255}},"GL3-0-88":{"pid":"GL3-S","orb":1314.71,"per":21.91,"ang":145.66,"t":"ASTEROID","sp":"ASTEROID-2","s":22.94,"m":167.73,"gd":38.23,"wic":{},"woc":{},"wgc":{},"emm":[{"Type":"1","MainRange":58,"MainValue":0.21,"FarRange":163}],"sig":[{"t":"9-1","s":"","d":{"X":0.25,"Y":0.38}},{"t":"X1","s":"","d":{"X":0.409,"Y":0.141}}],"clr":{"R":252,"G":254,"B":253,"A":255}},"GL3-0-89":{"pid":"GL3-S","orb":1532.64,"per":25.54,"ang":184.04,"t":"ASTEROID","sp":"ASTEROID-4","s":14.8,"m":45.08,"gd":24.67,"wic":{},"woc":{},"wgc":{},"emm":[{"Type":"1","MainRange":43,"MainValue":0.23,"FarRange":84},{"Type":"13","MainRange":56,"MainValue":0.31,"FarRange":111}],"sig":[{"t":"9-1","s":"","d":{"X":0.63,"Y":0.26}},{"t":"X1","s":"","d":{"X":-0.869,"Y":0.281}},{"t":"X13","s":"","d":{"X":0.328,"Y":-0.33}}],"clr":{"R":167,"G":202,"B":244,"A":255}},"GL3-0-9":{"pid":"GL3-S","orb":1771.22,"per":29.52,"ang":356.21,"t":"ASTEROID","sp":"ASTEROID-2","s":23.82,"m":187.94,"gd":39.71,"wic":{},"woc":{},"wgc":{},"emm":[{"Type":"1","MainRange":52,"MainValue":0.21,"FarRange":177}],"sig":[{"t":"9-1","s":"","d":{"X":-0.51,"Y":-0.62}},{"t":"X1","s":"","d":{"X":0.441,"Y":-0.368}}],"clr":{"R":239,"G":208,"B":185,"A":255}},"GL3-0-90":{"pid":"GL3-S","orb":1496.82,"per":24.94,"ang":241.06,"t":"ASTEROID","sp":"ASTEROID-1","s":11.76,"m":22.61,"gd":19.6,"wic":{},"woc":{},"wgc":{},"emm":[{"Type":"1","MainRange":66,"MainValue":0.14,"FarRange":237}],"sig":[{"t":"9-1","s":"","d":{"X":0.03,"Y":-0.95}},{"t":"X1","s":"","d":{"X":-0.608,"Y":0.497}}],"clr":{"R":226,"G":208,"B":249,"A":255}},"GL3-0-91":{"pid":"GL3-S","orb":1486.63,"per":24.77,"ang":9.6,"t":"ASTEROID","sp":"ASTEROID-2","s":22.95,"m":168.08,"gd":38.26,"wic":{},"woc":{},"wgc":{},"emm":[{"Type":"1","MainRange":65,"MainValue":0.2,"FarRange":141}],"sig":[{"t":"9-1","s":"","d":{"X":0.87,"Y":0.2}},{"t":"X1","s":"","d":{"X":0.03,"Y":0.496}}],"clr":{"R":237,"G":249,"B":215,"A":255}},"GL3-0-92":{"pid":"GL3-S","orb":1398.59,"per":23.3,"ang":49.19,"t":"ASTEROID","sp":"ASTEROID-5","s":22.76,"m":163.84,"gd":37.94,"wic":{},"woc":{},"wgc":{},"emm":[{"Type":"1","MainRange":50,"MainValue":0.38,"FarRange":165}],"sig":[{"t":"9-1","s":"","d":{"X":-0.59,"Y":0.42}},{"t":"X1","s":"","d":{"X":-0.55,"Y":-0.667}}],"clr":{"R":228,"G":234,"B":184,"A":255}},"GL3-0-93":{"pid":"GL3-S","orb":1379.43,"per":22.99,"ang":336.11,"t":"ASTEROID","sp":"ASTEROID-5","s":30.38,"m":389.67,"gd":50.64,"wic":{},"woc":{},"wgc":{},"emm":[{"Type":"1","MainRange":54,"MainValue":0.16,"FarRange":116}],"sig":[{"t":"9-1","s":"","d":{"X":0.97,"Y":0.13}},{"t":"X1","s":"","d":{"X":0.588,"Y":0.522}}],"clr":{"R":246,"G":172,"B":183,"A":255}},"GL3-0-94":{"pid":"GL3-S","orb":1161,"per":19.35,"ang":9.59,"t":"ASTEROID","sp":"ASTEROID-4","s":15.43,"m":51.06,"gd":25.72,"wic":{},"woc":{},"wgc":{},"emm":[{"Type":"1","MainRange":59,"MainValue":0.12,"FarRange":114}],"sig":[{"t":"9-1","s":"","d":{"X":0.58,"Y":0.03}},{"t":"X1","s":"","d":{"X":-0.472,"Y":0.323}}],"clr":{"R":250,"G":201,"B":204,"A":255}},"GL3-0-95":{"pid":"GL3-S","orb":1636.53,"per":27.27,"ang":222.59,"t":"ASTEROID","sp":"ASTEROID-2","s":16.68,"m":64.48,"gd":27.8,"wic":{},"woc":{},"wgc":{},"emm":[{"Type":"1","MainRange":71,"MainValue":0.24,"FarRange":187}],"sig":[{"t":"9-1","s":"","d":{"X":-0.93,"Y":0.29}},{"t":"X1","s":"","d":{"X":0.931,"Y":-0.082}}],"clr":{"R":253,"G":234,"B":245,"A":255}},"GL3-0-96":{"pid":"GL3-S","orb":1717.24,"per":28.62,"ang":3.6,"t":"ASTEROID","sp":"ASTEROID-5","s":26.61,"m":261.98,"gd":44.36,"wic":{},"woc":{},"wgc":{},"emm":[{"Type":"1","MainRange":51,"MainValue":0.27,"FarRange":132}],"sig":[{"t":"9-1","s":"","d":{"X":0.42,"Y":-0.62}},{"t":"X1","s":"","d":{"X":0.644,"Y":0.239}}],"clr":{"R":203,"G":254,"B":164,"A":255}},"GL3-0-97":{"pid":"GL3-S","orb":1589.9,"per":26.49,"ang":7.09,"t":"ASTEROID","sp":"ASTEROID-1","s":25.76,"m":237.46,"gd":42.93,"wic":{},"woc":{},"wgc":{},"emm":[{"Type":"1","MainRange":50,"MainValue":0.27,"FarRange":169}],"sig":[{"t":"9-1","s":"","d":{"X":0.29,"Y":-0.12}},{"t":"X1","s":"","d":{"X":-0.737,"Y":-0.613}}],"clr":{"R":204,"G":243,"B":236,"A":255}},"GL3-0-98":{"pid":"GL3-S","orb":1386.75,"per":23.11,"ang":242.12,"t":"ASTEROID","sp":"ASTEROID-2","s":16.87,"m":66.74,"gd":28.12,"wic":{},"woc":{},"wgc":{},"emm":[{"Type":"1","MainRange":51,"MainValue":0.23,"FarRange":109},{"Type":"5","MainRange":57,"MainValue":0.11,"FarRange":226}],"sig":[{"t":"9-1","s":"","d":{"X":0.89,"Y":0.05}},{"t":"X1","s":"","d":{"X":-0.495,"Y":0.621}},{"t":"X5","s":"","d":{"X":0.392,"Y":-0.625}}],"clr":{"R":248,"G":251,"B":230,"A":255}},"GL3-0-99":{"pid":"GL3-S","orb":1247.81,"per":20.79,"ang":98.58,"t":"ASTEROID","sp":"ASTEROID-1","s":11.32,"m":20.17,"gd":18.87,"wic":{},"woc":{},"wgc":{},"emm":[{"Type":"1","MainRange":83,"MainValue":0.2,"FarRange":230}],"sig":[{"t":"9-1","s":"","d":{"X":-0.02,"Y":-0.25}},{"t":"X1","s":"","d":{"X":0.315,"Y":0.574}}],"clr":{"R":180,"G":250,"B":235,"A":255}},"GL3-102":{"pid":"GL3-S","orb":4538.74,"per":75.64,"t":"GASPLANET","sp":"GASPLANET-26","s":215.46,"m":97249.34,"gd":359.1,"wic":{},"woc":{},"wgc":{},"sig":[{"t":"0-3","s":"","d":{"X":0.83,"Y":-0.31}},{"t":"1-3","s":"","d":{"X":0.79,"Y":-0.04}},{"t":"3-1","s":"","d":{"X":-0.64,"Y":0.48}},{"t":"6-2","s":"","d":{"X":0.15,"Y":-0.23}},{"t":"7-3","s":"","d":{"X":0.42,"Y":0.52}},{"t":"8-1","s":"","d":{"X":-0.71,"Y":0.63}},{"t":"10-1","s":"","d":{"X":-0.66,"Y":0.08}},{"t":"11-1","s":"","d":{"X":0.59,"Y":-0.41}}],"clr":{"R":241,"G":253,"B":251,"A":255}},"GL3-239":{"pid":"GL3-S","orb":1637.42,"per":27.29,"t":"GASPLANET","sp":"GASPLANET-26","s":227.39,"m":114320.15,"gd":378.99,"wic":{},"woc":{},"wgc":{},"sig":[{"t":"0-3","s":"","d":{"X":0.77,"Y":-0.53}},{"t":"1-3","s":"","d":{"X":0.1,"Y":-0.97}},{"t":"3-1","s":"","d":{"X":-0.76,"Y":-0.38}},{"t":"6-3","s":"","d":{"X":0.52,"Y":-0.2}},{"t":"7-3","s":"","d":{"X":-0.54,"Y":-0.76}},{"t":"8-1","s":"","d":{"X":0.62,"Y":0.54}},{"t":"11-1","s":"","d":{"X":0.83,"Y":0.42}}],"clr":{"R":234,"G":251,"B":212,"A":255}},"GL3-S":{"t":"STAR","sp":"STAR-5","s":388.67,"m":3262056.06,"gd":1295.58,"wic":{},"woc":{},"wgc":{},"emm":[{"Type":"2","MainRange":702,"MainValue":4.07,"FarRange":4472}],"sig":[{"t":"X2","s":"","d":{"X":0.878,"Y":0.18}}],"clr":{"R":252,"G":247,"B":245,"A":255}}}}