{"SpawnDistance":1943.0180000000003,"Points":{"IF4-530":{"pid":"IF4-S","orb":1766.38,"per":29.43,"t":"GASPLANET","sp":"GASPLANET-11","s":236.43,"m":128501.04,"gd":394.06,"wic":{},"woc":{},"wgc":{},"sig":[{"t":"0-3","s":"","d":{"X":-0.18,"Y":0.93}},{"t":"1-3","s":"","d":{"X":0.85,"Y":0.5}},{"t":"3-1","s":"","d":{"Y":0.85}},{"t":"6-2","s":"","d":{"X":-0.32,"Y":0.6}},{"t":"11-1","s":"","d":{"X":0.77,"Y":0.53}}],"clr":{"R":251,"G":252,"B":254,"A":255}},"IF4-813":{"pid":"IF4-530","orb":282.8,"per":4.71,"t":"HARDPLANET","sp":"HARDPLANET-1","s":58.07,"m":11418.76,"gd":165.91,"wic":{},"woc":{},"wgc":{},"sig":[{"t":"0-1","s":"","d":{"X":0.07,"Y":-0.19}},{"t":"1-1","s":"","d":{"X":0.54,"Y":0.38}},{"t":"9-1","s":"","d":{"X":-0.56,"Y":0.23}},{"t":"10-1","s":"","d":{"X":-0.51,"Y":0.85}},{"t":"11-1","s":"","d":{"X":-0.34,"Y":-0.84}},{"t":"12-3","s":"","d":{"X":0.18,"Y":0.46}},{"t":"13-1","s":"","d":{"X":0.4,"Y":-0.14}}],"clr":{"R":252,"G":245,"B":246,"A":255}},"IF4-S":{"t":"STAR","sp":"STAR-8","s":481.89,"m":6217210.58,"gd":1606.33,"wic":{},"woc":{},"wgc":{},"emm":[{"Type":"2","MainRange":776,"MainValue":5.3,"FarRange":4173}],"sig":[{"t":"X2","s":"","d":{"X":0.137,"Y":-0.923}}],"clr":{"R":165,"G":252,"B":160,"A":255}}}}