{"SpawnDistance":18396.873000000003,"Points":{"IL5-0-0":{"pid":"IL5-S","orb":926,"per":15.43,"ang":331.43,"t":"ASTEROID","sp":"ASTEROID-5","s":18.51,"m":88.1,"gd":30.85,"wic":{},"woc":{},"wgc":{},"emm":[{"Type":"1","MainRange":36,"MainValue":0.17,"FarRange":111}],"sig":[{"t":"9-1","s":"","d":{"X":-0.72,"Y":0.66}},{"t":"X1","s":"","d":{"X":-0.934,"Y":-0.322}}],"clr":{"R":248,"G":215,"B":213,"A":255}},"IL5-0-1":{"pid":"IL5-S","orb":1091.76,"per":18.19,"ang":149.11,"t":"ASTEROID","sp":"ASTEROID-5","s":28.8,"m":331.85,"gd":48,"wic":{},"woc":{},"wgc":{},"emm":[{"Type":"1","MainRange":37,"MainValue":0.17,"FarRange":98}],"sig":[{"t":"9-1","s":"","d":{"X":0.57,"Y":-0.65}},{"t":"X1","s":"","d":{"X":0.489,"Y":0.304}}],"clr":{"R":241,"G":176,"B":221,"A":255}},"IL5-0-10":{"pid":"IL5-S","orb":900.79,"per":15.01,"ang":51.14,"t":"ASTEROID","sp":"ASTEROID-1","s":22.1,"m":150.02,"gd":36.84,"wic":{},"woc":{},"wgc":{},"emm":[{"Type":"1","MainRange":73,"MainValue":0.25,"FarRange":112}],"sig":[{"t":"9-1","s":"","d":{"X":0.81,"Y":0.5}},{"t":"X1","s":"","d":{"X":0.451,"Y":-0.589}}],"clr":{"R":197,"G":232,"B":236,"A":255}},"IL5-0-11":{"pid":"IL5-S","orb":954.71,"per":15.91,"ang":319.24,"t":"ASTEROID","sp":"ASTEROID-2","s":30.68,"m":401.24,"gd":51.14,"wic":{},"woc":{},"wgc":{},"emm":[{"Type":"1","MainRange":55,"MainValue":0.29,"FarRange":94}],"sig":[{"t":"9-1","s":"","d":{"X":-0.01,"Y":0.55}},{"t":"X1","s":"","d":{"X":-0.793,"Y":0.181}}],"clr":{"R":193,"G":251,"B":182,"A":255}},"IL5-0-12":{"pid":"IL5-S","orb":833.58,"per":13.89,"ang":320.09,"t":"ASTEROID","sp":"ASTEROID-4","s":22.34,"m":154.91,"gd":37.23,"wic":{},"woc":{},"wgc":{},"emm":[{"Type":"1","MainRange":42,"MainValue":0.16,"FarRange":123}],"sig":[{"t":"9-1","s":"","d":{"X":-0.44,"Y":-0.63}},{"t":"X1","s":"","d":{"X":0.055,"Y":-0.324}}],"clr":{"R":220,"G":181,"B":231,"A":255}},"IL5-0-13":{"pid":"IL5-S","orb":879.11,"per":14.65,"ang":144.15,"t":"ASTEROID","sp":"ASTEROID-5","s":15.69,"m":53.7,"gd":26.15,"wic":{},"woc":{},"wgc":{},"emm":[{"Type":"1","MainRange":59,"MainValue":0.12,"FarRange":137}],"sig":[{"t":"9-1","s":"","d":{"X":0.33,"Y":0.55}},{"t":"X1","s":"","d":{"X":0.68,"Y":0.478}}],"clr":{"R":196,"G":247,"B":237,"A":255}},"IL5-0-14":{"pid":"IL5-S","orb":1063.81,"per":17.73,"ang":66.94,"t":"ASTEROID","sp":"ASTEROID-5","s":24.73,"m":210.22,"gd":41.22,"wic":{},"woc":{},"wgc":{},"emm":[{"Type":"1","MainRange":28,"MainValue":0.14,"FarRange":144}],"sig":[{"t":"9-1","s":"","d":{"X":-0.04}},{"t":"X1","s":"","d":{"X":-0.561,"Y":0.534}}],"clr":{"R":247,"G":201,"B":169,"A":255}},"IL5-0-15":{"pid":"IL5-S","orb":866.4,"per":14.44,"ang":60.57,"t":"ASTEROID","sp":"ASTEROID-4","s":21.79,"m":143.73,"gd":36.32,"wic":{},"woc":{},"wgc":{},"emm":[{"Type":"1","MainRange":61,"MainValue":0.14,"FarRange":183}],"sig":[{"t":"9-1","s":"","d":{"X":-0.41,"Y":-0.08}},{"t":"X1","s":"","d":{"X":-0.636,"Y":0.074}}],"clr":{"R":251,"G":250,"B":254,"A":255}},"IL5-0-16":{"pid":"IL5-S","orb":1003.37,"per":16.72,"ang":38.04,"t":"ASTEROID","sp":"ASTEROID-1","s":28.15,"m":310.11,"gd":46.93,"wic":{},"woc":{},"wgc":{},"emm":[{"Type":"1","MainRange":61,"MainValue":0.23,"FarRange":177}],"sig":[{"t":"9-1","s":"","d":{"X":0.68,"Y":0.38}},{"t":"X1","s":"","d":{"X":0.525,"Y":-0.699}}],"clr":{"R":177,"G":217,"B":254,"A":255}},"IL5-0-17":{"pid":"IL5-S","orb":1016.6,"per":16.94,"ang":271.5,"t":"ASTEROID","sp":"ASTEROID-1","s":19.18,"m":98.09,"gd":31.97,"wic":{},"woc":{},"wgc":{},"emm":[{"Type":"1","MainRange":72,"MainValue":0.17,"FarRange":171}],"sig":[{"t":"9-1","s":"","d":{"X":0.08,"Y":0.53}},{"t":"X1","s":"","d":{"X":0.064,"Y":0.985}}],"clr":{"R":192,"G":253,"B":175,"A":255}},"IL5-0-18":{"pid":"IL5-S","orb":978.95,"per":16.31,"ang":170.62,"t":"ASTEROID","sp":"ASTEROID-3","s":21.64,"m":140.84,"gd":36.07,"wic":{},"woc":{},"wgc":{},"emm":[{"Type":"1","MainRange":64,"MainValue":0.22,"FarRange":179}],"sig":[{"t":"9-1","s":"","d":{"X":0.01,"Y":0.43}},{"t":"X1","s":"","d":{"X":-0.226,"Y":-0.857}}],"clr":{"R":185,"G":238,"B":223,"A":255}},"IL5-0-19":{"pid":"IL5-S","orb":819.13,"per":13.65,"ang":340.45,"t":"ASTEROID","sp":"ASTEROID-5","s":29.59,"m":359.95,"gd":49.32,"wic":{},"woc":{},"wgc":{},"emm":[{"Type":"1","MainRange":69,"MainValue":0.16,"FarRange":91}],"sig":[{"t":"9-1","s":"","d":{"X":-0.22,"Y":-0.95}},{"t":"X1","s":"","d":{"X":-0.453,"Y":0.025}}],"clr":{"R":254,"G":250,"B":252,"A":255}},"IL5-0-2":{"pid":"IL5-S","orb":1000.14,"per":16.66,"ang":208.88,"t":"ASTEROID","sp":"ASTEROID-4","s":13.42,"m":33.6,"gd":22.37,"wic":{},"woc":{},"wgc":{},"emm":[{"Type":"1","MainRange":75,"MainValue":0.29,"FarRange":182},{"Type":"27","MainRange":46,"MainValue":0.22,"FarRange":182},{"Type":"3","MainRange":49,"MainValue":0.18,"FarRange":201}],"sig":[{"t":"9-1","s":"","d":{"X":0.09,"Y":0.27}},{"t":"X1","s":"","d":{"X":-0.104,"Y":0.804}},{"t":"X27","s":"","d":{"X":-0.569,"Y":0.37}},{"t":"X3","s":"","d":{"X":0.905,"Y":0.249}}],"clr":{"R":238,"G":251,"B":252,"A":255}},"IL5-0-20":{"pid":"IL5-S","orb":850.2,"per":14.17,"ang":52.69,"t":"ASTEROID","sp":"ASTEROID-2","s":27.44,"m":287.21,"gd":45.74,"wic":{},"woc":{},"wgc":{},"emm":[{"Type":"1","MainRange":28,"MainValue":0.25,"FarRange":133}],"sig":[{"t":"9-1","s":"","d":{"X":-0.85,"Y":-0.53}},{"t":"X1","s":"","d":{"X":-0.587,"Y":0.354}}],"clr":{"R":170,"G":246,"B":179,"A":255}},"IL5-0-21":{"pid":"IL5-S","orb":943.13,"per":15.71,"ang":167.14,"t":"ASTEROID","sp":"ASTEROID-1","s":17.08,"m":69.25,"gd":28.47,"wic":{},"woc":{},"wgc":{},"emm":[{"Type":"1","MainRange":48,"MainValue":0.31,"FarRange":125},{"Type":"3","MainRange":38,"MainValue":0.16,"FarRange":183},{"Type":"2","MainRange":62,"MainValue":0.19,"FarRange":133}],"sig":[{"t":"9-1","s":"","d":{"X":-0.03,"Y":-0.78}},{"t":"X1","s":"","d":{"X":0.448,"Y":-0.651}},{"t":"X3","s":"","d":{"X":-0.687,"Y":-0.221}},{"t":"X2","s":"","d":{"X":-0.43,"Y":0.508}}],"clr":{"R":254,"G":244,"B":240,"A":255}},"IL5-0-22":{"pid":"IL5-S","orb":918.44,"per":15.3,"ang":315.88,"t":"ASTEROID","sp":"ASTEROID-1","s":19.47,"m":102.61,"gd":32.46,"wic":{},"woc":{},"wgc":{},"emm":[{"Type":"1","MainRange":14,"MainValue":0.18,"FarRange":153}],"sig":[{"t":"9-1","s":"","d":{"X":-0.44,"Y":-0.32}},{"t":"X1","s":"","d":{"X":0.834,"Y":-0.377}}],"clr":{"R":210,"G":248,"B":225,"A":255}},"IL5-0-23":{"pid":"IL5-S","orb":910.9,"per":15.18,"ang":322.43,"t":"ASTEROID","sp":"ASTEROID-5","s":34.81,"m":586.31,"gd":58.03,"wic":{},"woc":{},"wgc":{},"emm":[{"Type":"1","MainRange":19,"MainValue":0.12,"FarRange":215},{"Type":"5","MainRange":45,"MainValue":0.18,"FarRange":184},{"Type":"10","MainRange":51,"MainValue":0.14,"FarRange":198}],"sig":[{"t":"9-1","s":"","d":{"X":-0.32,"Y":0.45}},{"t":"X1","s":"","d":{"X":0.196,"Y":0.257}},{"t":"X5","s":"","d":{"X":-0.357,"Y":-0.691}},{"t":"X10","s":"","d":{"X":0.224,"Y":-0.552}}],"clr":{"R":248,"G":252,"B":212,"A":255}},"IL5-0-24":{"pid":"IL5-S","orb":1019.81,"per":16.99,"ang":255,"t":"ASTEROID","sp":"ASTEROID-2","s":22.08,"m":149.57,"gd":36.8,"wic":{},"woc":{},"wgc":{},"emm":[{"Type":"1","MainRange":59,"MainValue":0.12,"FarRange":148}],"sig":[{"t":"9-1","s":"","d":{"X":0.72,"Y":-0.3}},{"t":"X1","s":"","d":{"X":-0.195,"Y":-0.569}}],"clr":{"R":226,"G":247,"B":251,"A":255}},"IL5-0-25":{"pid":"IL5-S","orb":972.53,"per":16.2,"ang":155.11,"t":"ASTEROID","sp":"ASTEROID-2","s":9.1,"m":10.48,"gd":15.17,"wic":{},"woc":{},"wgc":{},"emm":[{"Type":"1","MainRange":26,"MainValue":0.2,"FarRange":94}],"sig":[{"t":"9-1","s":"","d":{"X":-0.47,"Y":0.71}},{"t":"X1","s":"","d":{"X":-0.075,"Y":-0.066}}],"clr":{"R":212,"G":237,"B":253,"A":255}},"IL5-0-26":{"pid":"IL5-S","orb":940.86,"per":15.68,"ang":299.87,"t":"ASTEROID","sp":"ASTEROID-3","s":18.54,"m":88.59,"gd":30.91,"wic":{},"woc":{},"wgc":{},"emm":[{"Type":"1","MainRange":44,"MainValue":0.21,"FarRange":189}],"sig":[{"t":"9-1","s":"","d":{"X":0.2,"Y":0.91}},{"t":"X1","s":"","d":{"X":-0.735,"Y":-0.207}}],"clr":{"R":240,"G":248,"B":189,"A":255}},"IL5-0-27":{"pid":"IL5-S","orb":1045.8,"per":17.43,"ang":10.19,"t":"ASTEROID","sp":"ASTEROID-4","s":12.18,"m":25.1,"gd":20.3,"wic":{},"woc":{},"wgc":{},"emm":[{"Type":"1","MainRange":77,"MainValue":0.22,"FarRange":124}],"sig":[{"t":"9-1","s":"","d":{"X":-0.15,"Y":-0.85}},{"t":"X1","s":"","d":{"X":-0.383,"Y":0.757}}],"clr":{"R":246,"G":206,"B":215,"A":255}},"IL5-0-28":{"pid":"IL5-S","orb":919.8,"per":15.33,"ang":52.57,"t":"ASTEROID","sp":"ASTEROID-3","s":22.87,"m":166.17,"gd":38.11,"wic":{},"woc":{},"wgc":{},"emm":[{"Type":"1","MainRange":46,"MainValue":0.17,"FarRange":124}],"sig":[{"t":"9-1","s":"","d":{"X":-1,"Y":-0.01}},{"t":"X1","s":"","d":{"X":-0.679,"Y":-0.55}}],"clr":{"R":196,"G":183,"B":246,"A":255}},"IL5-0-29":{"pid":"IL5-S","orb":892.43,"per":14.87,"ang":236.59,"t":"ASTEROID","sp":"ASTEROID-1","s":17.82,"m":78.61,"gd":29.7,"wic":{},"woc":{},"wgc":{},"emm":[{"Type":"1","MainRange":51,"MainValue":0.06,"FarRange":130}],"sig":[{"t":"9-1","s":"","d":{"X":-0.12,"Y":0.76}},{"t":"X1","s":"","d":{"X":-0.475,"Y":-0.523}}],"clr":{"R":237,"G":250,"B":219,"A":255}},"IL5-0-3":{"pid":"IL5-S","orb":996.41,"per":16.6,"ang":256.88,"t":"ASTEROID","sp":"ASTEROID-2","s":20.26,"m":115.61,"gd":33.77,"wic":{},"woc":{},"wgc":{},"emm":[{"Type":"1","MainRange":95,"MainValue":0.18,"FarRange":203},{"Type":"13","MainRange":52,"MainValue":0.1,"FarRange":192}],"sig":[{"t":"9-1","s":"","d":{"X":0.34,"Y":0.43}},{"t":"X1","s":"","d":{"X":-0.874,"Y":-0.26}},{"t":"X13","s":"","d":{"X":-0.529,"Y":0.067}}],"clr":{"R":204,"G":191,"B":245,"A":255}},"IL5-0-30":{"pid":"IL5-S","orb":1095.58,"per":18.25,"ang":351.2,"t":"ASTEROID","sp":"ASTEROID-5","s":18.03,"m":81.49,"gd":30.06,"wic":{},"woc":{},"wgc":{},"emm":[{"Type":"1","MainRange":37,"MainValue":0.15,"FarRange":174}],"sig":[{"t":"9-1","s":"","d":{"X":-0.81,"Y":0.28}},{"t":"X1","s":"","d":{"X":-0.713,"Y":-0.076}}],"clr":{"R":252,"G":232,"B":230,"A":255}},"IL5-0-31":{"pid":"IL5-S","orb":952.3,"per":15.87,"ang":277.42,"t":"ASTEROID","sp":"ASTEROID-3","s":14.58,"m":43.08,"gd":24.3,"wic":{},"woc":{},"wgc":{},"emm":[{"Type":"1","MainRange":56,"MainValue":0.24,"FarRange":175}],"sig":[{"t":"9-1","s":"","d":{"X":0.11,"Y":-0.57}},{"t":"X1","s":"","d":{"X":-0.287,"Y":-0.2}}],"clr":{"R":224,"G":232,"B":251,"A":255}},"IL5-0-32":{"pid":"IL5-S","orb":968.42,"per":16.14,"ang":49.96,"t":"ASTEROID","sp":"ASTEROID-3","s":14.22,"m":39.96,"gd":23.7,"wic":{},"woc":{},"wgc":{},"emm":[{"Type":"1","MainRange":77,"MainValue":0.2,"FarRange":109}],"sig":[{"t":"9-1","s":"","d":{"X":0.01,"Y":-0.05}},{"t":"X1","s":"","d":{"X":0.254,"Y":-0.278}}],"clr":{"R":179,"G":200,"B":230,"A":255}},"IL5-0-33":{"pid":"IL5-S","orb":1018.79,"per":16.97,"ang":154.48,"t":"ASTEROID","sp":"ASTEROID-1","s":17.6,"m":75.78,"gd":29.34,"wic":{},"woc":{},"wgc":{},"emm":[{"Type":"1","MainRange":32,"MainValue":0.21,"FarRange":155}],"sig":[{"t":"9-1","s":"","d":{"X":-0.81,"Y":-0.03}},{"t":"X1","s":"","d":{"X":-0.349,"Y":0.219}}],"clr":{"R":252,"G":252,"B":238,"A":255}},"IL5-0-34":{"pid":"IL5-S","orb":990.49,"per":16.5,"ang":16.05,"t":"ASTEROID","sp":"ASTEROID-2","s":19.91,"m":109.74,"gd":33.19,"wic":{},"woc":{},"wgc":{},"emm":[{"Type":"1","MainRange":61,"MainValue":0.25,"FarRange":194}],"sig":[{"t":"9-1","s":"","d":{"X":0.72,"Y":-0.17}},{"t":"X1","s":"","d":{"X":-0.852,"Y":0.336}}],"clr":{"R":190,"G":177,"B":251,"A":255}},"IL5-0-35":{"pid":"IL5-S","orb":823.74,"per":13.72,"ang":165.15,"t":"ASTEROID","sp":"ASTEROID-1","s":16.28,"m":59.99,"gd":27.14,"wic":{},"woc":{},"wgc":{},"emm":[{"Type":"1","MainRange":50,"MainValue":0.15,"FarRange":123}],"sig":[{"t":"9-1","s":"","d":{"X":-0.2,"Y":-0.39}},{"t":"X1","s":"","d":{"X":-0.512,"Y":-0.008}}],"clr":{"R":247,"G":247,"B":207,"A":255}},"IL5-0-36":{"pid":"IL5-S","orb":939.39,"per":15.65,"ang":234.17,"t":"ASTEROID","sp":"ASTEROID-5","s":20.68,"m":122.97,"gd":34.48,"wic":{},"woc":{},"wgc":{},"emm":[{"Type":"1","MainRange":57,"MainValue":0.17,"FarRange":168}],"sig":[{"t":"9-1","s":"","d":{"X":0.24,"Y":0.13}},{"t":"X1","s":"","d":{"X":-0.622,"Y":-0.292}}],"clr":{"R":247,"G":254,"B":244,"A":255}},"IL5-0-37":{"pid":"IL5-S","orb":912.6,"per":15.21,"ang":286.93,"t":"ASTEROID","sp":"ASTEROID-4","s":17.95,"m":80.37,"gd":29.92,"wic":{},"woc":{},"wgc":{},"emm":[{"Type":"1","MainRange":18,"MainValue":0.17,"FarRange":135}],"sig":[{"t":"9-1","s":"","d":{"X":0.71,"Y":0.68}},{"t":"X1","s":"","d":{"X":-0.446,"Y":0.471}}],"clr":{"R":219,"G":241,"B":214,"A":255}},"IL5-0-38":{"pid":"IL5-S","orb":1086.1,"per":18.1,"ang":134.88,"t":"ASTEROID","sp":"ASTEROID-4","s":30.16,"m":381.15,"gd":50.27,"wic":{},"woc":{},"wgc":{},"emm":[{"Type":"1","MainRange":47,"MainValue":0.26,"FarRange":177}],"sig":[{"t":"9-1","s":"","d":{"X":0.63,"Y":-0.09}},{"t":"X1","s":"","d":{"X":0.144,"Y":-0.221}}],"clr":{"R":242,"G":184,"B":247,"A":255}},"IL5-0-39":{"pid":"IL5-S","orb":938.1,"per":15.63,"ang":347.04,"t":"ASTEROID","sp":"ASTEROID-5","s":24.24,"m":198.05,"gd":40.41,"wic":{},"woc":{},"wgc":{},"emm":[{"Type":"1","MainRange":34,"MainValue":0.11,"FarRange":169}],"sig":[{"t":"9-1","s":"","d":{"X":-0.84,"Y":-0.32}},{"t":"X1","s":"","d":{"X":-0.531,"Y":-0.091}}],"clr":{"R":167,"G":248,"B":186,"A":255}},"IL5-0-4":{"pid":"IL5-S","orb":1189.29,"per":19.82,"ang":175.09,"t":"ASTEROID","sp":"ASTEROID-4","s":21.39,"m":136.03,"gd":35.65,"wic":{},"woc":{},"wgc":{},"emm":[{"Type":"1","MainRange":21,"MainValue":0.16,"FarRange":194}],"sig":[{"t":"9-1","s":"","d":{"X":-0.13,"Y":-0.72}},{"t":"X1","s":"","d":{"X":-0.469,"Y":0.835}}],"clr":{"R":198,"G":241,"B":215,"A":255}},"IL5-0-40":{"pid":"IL5-S","orb":1127.29,"per":18.78,"ang":77.16,"t":"ASTEROID","sp":"ASTEROID-5","s":19.62,"m":105.02,"gd":32.71,"wic":{},"woc":{},"wgc":{},"emm":[{"Type":"1","MainRange":51,"MainValue":0.1,"FarRange":224}],"sig":[{"t":"9-1","s":"","d":{"X":-0.2,"Y":0.53}},{"t":"X1","s":"","d":{"X":0.055,"Y":-0.786}}],"clr":{"R":232,"G":251,"B":250,"A":255}},"IL5-0-41":{"pid":"IL5-S","orb":1122,"per":18.7,"ang":182.2,"t":"ASTEROID","sp":"ASTEROID-3","s":17.42,"m":73.5,"gd":29.04,"wic":{},"woc":{},"wgc":{},"emm":[{"Type":"1","MainRange":41,"MainValue":0.15,"FarRange":159}],"sig":[{"t":"9-1","s":"","d":{"X":0.03,"Y":0.51}},{"t":"X1","s":"","d":{"X":0.208,"Y":-0.782}}],"clr":{"R":248,"G":228,"B":251,"A":255}},"IL5-0-42":{"pid":"IL5-S","orb":1129.46,"per":18.82,"ang":18.36,"t":"ASTEROID","sp":"ASTEROID-5","s":25.24,"m":223.36,"gd":42.06,"wic":{},"woc":{},"wgc":{},"emm":[{"Type":"1","MainRange":54,"MainValue":0.17,"FarRange":222}],"sig":[{"t":"9-1","s":"","d":{"X":0.22,"Y":0.27}},{"t":"X1","s":"","d":{"X":-0.473,"Y":-0.771}}],"clr":{"R":232,"G":254,"B":239,"A":255}},"IL5-0-43":{"pid":"IL5-S","orb":874.32,"per":14.57,"ang":44.39,"t":"ASTEROID","sp":"ASTEROID-1","s":15.95,"m":56.44,"gd":26.59,"wic":{},"woc":{},"wgc":{},"emm":[{"Type":"1","MainRange":60,"MainValue":0.19,"FarRange":102}],"sig":[{"t":"9-1","s":"","d":{"X":-0.18,"Y":-0.65}},{"t":"X1","s":"","d":{"X":0.626,"Y":0.348}}],"clr":{"R":251,"G":241,"B":217,"A":255}},"IL5-0-44":{"pid":"IL5-S","orb":1000.79,"per":16.67,"ang":128.37,"t":"ASTEROID","sp":"ASTEROID-1","s":26.45,"m":257.27,"gd":44.09,"wic":{},"woc":{},"wgc":{},"emm":[{"Type":"1","MainRange":49,"MainValue":0.18,"FarRange":131}],"sig":[{"t":"9-1","s":"","d":{"X":-0.91,"Y":0.14}},{"t":"X1","s":"","d":{"X":-0.558,"Y":0.316}}],"clr":{"R":238,"G":248,"B":250,"A":255}},"IL5-0-45":{"pid":"IL5-S","orb":1099.35,"per":18.32,"ang":157.57,"t":"ASTEROID","sp":"ASTEROID-4","s":13.15,"m":31.61,"gd":21.92,"wic":{},"woc":{},"wgc":{},"emm":[{"Type":"1","MainRange":32,"MainValue":0.11,"FarRange":138},{"Type":"19","MainRange":54,"MainValue":0.13,"FarRange":78}],"sig":[{"t":"9-1","s":"","d":{"X":0.38,"Y":-0.56}},{"t":"X1","s":"","d":{"X":0.469,"Y":0.312}},{"t":"X19","s":"","d":{"X":-0.219,"Y":0.321}}],"clr":{"R":254,"G":254,"B":252,"A":255}},"IL5-0-46":{"pid":"IL5-S","orb":1006.43,"per":16.77,"ang":109.62,"t":"ASTEROID","sp":"ASTEROID-2","s":27.42,"m":286.39,"gd":45.7,"wic":{},"woc":{},"wgc":{},"emm":[{"Type":"1","MainRange":50,"MainValue":0.16,"FarRange":207}],"sig":[{"t":"9-1","s":"","d":{"X":0.7,"Y":0.18}},{"t":"X1","s":"","d":{"X":-0.88,"Y":0.328}}],"clr":{"R":244,"G":251,"B":240,"A":255}},"IL5-0-47":{"pid":"IL5-S","orb":901.95,"per":15.03,"ang":123.39,"t":"ASTEROID","sp":"ASTEROID-4","s":13.57,"m":34.74,"gd":22.62,"wic":{},"woc":{},"wgc":{},"emm":[{"Type":"1","MainRange":58,"MainValue":0.34,"FarRange":103}],"sig":[{"t":"9-1","s":"","d":{"X":0.44,"Y":-0.37}},{"t":"X1","s":"","d":{"X":-0.133,"Y":0.695}}],"clr":{"R":254,"G":230,"B":238,"A":255}},"IL5-0-48":{"pid":"IL5-S","orb":897.63,"per":14.96,"ang":107.84,"t":"ASTEROID","sp":"ASTEROID-5","s":19.06,"m":96.17,"gd":31.76,"wic":{},"woc":{},"wgc":{},"emm":[{"Type":"1","MainRange":52,"MainValue":0.25,"FarRange":136}],"sig":[{"t":"9-1","s":"","d":{"X":-0.19,"Y":-0.64}},{"t":"X1","s":"","d":{"X":0.168,"Y":0.239}}],"clr":{"R":228,"G":249,"B":236,"A":255}},"IL5-0-49":{"pid":"IL5-S","orb":1129.22,"per":18.82,"ang":155.89,"t":"ASTEROID","sp":"ASTEROID-1","s":30.03,"m":376.15,"gd":50.05,"wic":{},"woc":{},"wgc":{},"emm":[{"Type":"1","MainRange":38,"MainValue":0.09,"FarRange":114}],"sig":[{"t":"9-1","s":"","d":{"X":-0.54,"Y":0.46}},{"t":"X1","s":"","d":{"X":-0.537,"Y":0.248}}],"clr":{"R":209,"G":251,"B":254,"A":255}},"IL5-0-5":{"pid":"IL5-S","orb":939.01,"per":15.65,"ang":245.81,"t":"ASTEROID","sp":"ASTEROID-4","s":20.37,"m":117.43,"gd":33.95,"wic":{},"woc":{},"wgc":{},"emm":[{"Type":"1","MainRange":63,"MainValue":0.08,"FarRange":117}],"sig":[{"t":"9-1","s":"","d":{"X":-0.25,"Y":0.03}},{"t":"X1","s":"","d":{"X":0.544,"Y":0.059}}],"clr":{"R":226,"G":249,"B":238,"A":255}},"IL5-0-50":{"pid":"IL5-S","orb":972.03,"per":16.2,"ang":267.69,"t":"ASTEROID","sp":"ASTEROID-3","s":8.22,"m":7.71,"gd":13.7,"wic":{},"woc":{},"wgc":{},"emm":[{"Type":"1","MainRange":43,"MainValue":0.12,"FarRange":125}],"sig":[{"t":"9-1","s":"","d":{"X":0.26,"Y":0.57}},{"t":"X1","s":"","d":{"X":0.407,"Y":0.435}}],"clr":{"R":249,"G":230,"B":220,"A":255}},"IL5-0-51":{"pid":"IL5-S","orb":995.46,"per":16.59,"ang":327.68,"t":"ASTEROID","sp":"ASTEROID-1","s":22.23,"m":152.59,"gd":37.05,"wic":{},"woc":{},"wgc":{},"emm":[{"Type":"1","MainRange":43,"MainValue":0.17,"FarRange":103}],"sig":[{"t":"9-1","s":"","d":{"X":-0.45,"Y":-0.42}},{"t":"X1","s":"","d":{"X":-0.344,"Y":0.503}}],"clr":{"R":186,"G":237,"B":238,"A":255}},"IL5-0-52":{"pid":"IL5-S","orb":973.41,"per":16.22,"ang":190.31,"t":"ASTEROID","sp":"ASTEROID-5","s":7.71,"m":6.37,"gd":12.85,"wic":{},"woc":{},"wgc":{},"emm":[{"Type":"1","MainRange":46,"MainValue":0.19,"FarRange":99}],"sig":[{"t":"9-1","s":"","d":{"X":0.47,"Y":0.36}},{"t":"X1","s":"","d":{"X":-0.442,"Y":0.527}}],"clr":{"R":249,"G":179,"B":179,"A":255}},"IL5-0-53":{"pid":"IL5-S","orb":965.92,"per":16.09,"ang":211.03,"t":"ASTEROID","sp":"ASTEROID-1","s":18.15,"m":83.17,"gd":30.26,"wic":{},"woc":{},"wgc":{},"emm":[{"Type":"1","MainRange":46,"MainValue":0.02,"FarRange":145}],"sig":[{"t":"9-1","s":"","d":{"X":0.05,"Y":0.61}},{"t":"X1","s":"","d":{"X":0.769,"Y":-0.274}}],"clr":{"R":242,"G":247,"B":222,"A":255}},"IL5-0-54":{"pid":"IL5-S","orb":983.2,"per":16.38,"ang":143.62,"t":"ASTEROID","sp":"ASTEROID-2","s":22.11,"m":150.19,"gd":36.85,"wic":{},"woc":{},"wgc":{},"emm":[{"Type":"1","MainRange":57,"MainValue":0.18,"FarRange":76}],"sig":[{"t":"9-1","s":"","d":{"X":-0.59,"Y":0.39}},{"t":"X1","s":"","d":{"X":0.215,"Y":-0.137}}],"clr":{"R":232,"G":251,"B":235,"A":255}},"IL5-0-55":{"pid":"IL5-S","orb":970.06,"per":16.16,"ang":266.88,"t":"ASTEROID","sp":"ASTEROID-5","s":14.99,"m":46.81,"gd":24.98,"wic":{},"woc":{},"wgc":{},"emm":[{"Type":"1","MainRange":37,"MainValue":0.27,"FarRange":99}],"sig":[{"t":"9-1","s":"","d":{"X":-0.03,"Y":-0.03}},{"t":"X1","s":"","d":{"X":-0.167,"Y":-0.943}}],"clr":{"R":223,"G":253,"B":215,"A":255}},"IL5-0-56":{"pid":"IL5-S","orb":1018.26,"per":16.97,"ang":2.82,"t":"ASTEROID","sp":"ASTEROID-2","s":21.37,"m":135.59,"gd":35.62,"wic":{},"woc":{},"wgc":{},"emm":[{"Type":"1","MainRange":72,"MainValue":0.17,"FarRange":94}],"sig":[{"t":"9-1","s":"","d":{"X":-0.46,"Y":0.67}},{"t":"X1","s":"","d":{"X":0.061,"Y":0.297}}],"clr":{"R":176,"G":249,"B":202,"A":255}},"IL5-0-57":{"pid":"IL5-S","orb":792.43,"per":13.2,"ang":24.87,"t":"ASTEROID","sp":"ASTEROID-3","s":15.59,"m":52.72,"gd":25.99,"wic":{},"woc":{},"wgc":{},"emm":[{"Type":"1","MainRange":37,"MainValue":0.17,"FarRange":145},{"Type":"3","MainRange":51,"MainValue":0.28,"FarRange":123}],"sig":[{"t":"9-1","s":"","d":{"X":-0.73,"Y":-0.61}},{"t":"X1","s":"","d":{"X":-0.108,"Y":-0.425}},{"t":"X3","s":"","d":{"X":-0.461,"Y":-0.872}}],"clr":{"R":252,"G":238,"B":240,"A":255}},"IL5-0-58":{"pid":"IL5-S","orb":1032.76,"per":17.21,"ang":291.6,"t":"ASTEROID","sp":"ASTEROID-4","s":14.24,"m":40.11,"gd":23.73,"wic":{},"woc":{},"wgc":{},"emm":[{"Type":"1","MainRange":35,"MainValue":0.22,"FarRange":110}],"sig":[{"t":"9-1","s":"","d":{"X":-0.22,"Y":0.44}},{"t":"X1","s":"","d":{"X":-0.177,"Y":-0.145}}],"clr":{"R":242,"G":205,"B":178,"A":255}},"IL5-0-59":{"pid":"IL5-S","orb":1078.99,"per":17.98,"ang":212.09,"t":"ASTEROID","sp":"ASTEROID-4","s":17.19,"m":70.64,"gd":28.66,"wic":{},"woc":{},"wgc":{},"emm":[{"Type":"1","MainRange":30,"MainValue":0.24,"FarRange":96}],"sig":[{"t":"9-1","s":"","d":{"X":-0.15,"Y":-0.56}},{"t":"X1","s":"","d":{"X":0.553,"Y":-0.236}}],"clr":{"R":240,"G":250,"B":251,"A":255}},"IL5-0-6":{"pid":"IL5-S","orb":945.87,"per":15.76,"ang":152.17,"t":"ASTEROID","sp":"ASTEROID-5","s":19.48,"m":102.7,"gd":32.47,"wic":{},"woc":{},"wgc":{},"emm":[{"Type":"1","MainRange":33,"MainValue":0.16,"FarRange":153}],"sig":[{"t":"9-1","s":"","d":{"X":0.01,"Y":-0.79}},{"t":"X1","s":"","d":{"X":-0.381,"Y":-0.288}}],"clr":{"R":191,"G":229,"B":236,"A":255}},"IL5-0-60":{"pid":"IL5-S","orb":1092.72,"per":18.21,"ang":318.51,"t":"ASTEROID","sp":"ASTEROID-3","s":23.81,"m":187.49,"gd":39.68,"wic":{},"woc":{},"wgc":{},"emm":[{"Type":"1","MainRange":55,"MainValue":0.21,"FarRange":148}],"sig":[{"t":"9-1","s":"","d":{"X":-0.37,"Y":-0.55}},{"t":"X1","s":"","d":{"X":-0.084,"Y":0.354}}],"clr":{"R":238,"G":253,"B":232,"A":255}},"IL5-0-61":{"pid":"IL5-S","orb":863.67,"per":14.39,"ang":91.66,"t":"ASTEROID","sp":"ASTEROID-5","s":26.15,"m":248.48,"gd":43.59,"wic":{},"woc":{},"wgc":{},"emm":[{"Type":"1","MainRange":62,"MainValue":0.21,"FarRange":189}],"sig":[{"t":"9-1","s":"","d":{"X":0.22,"Y":-0.8}},{"t":"X1","s":"","d":{"X":-0.763,"Y":-0.187}}],"clr":{"R":249,"G":250,"B":253,"A":255}},"IL5-0-62":{"pid":"IL5-S","orb":892.92,"per":14.88,"ang":331.39,"t":"ASTEROID","sp":"ASTEROID-5","s":28.3,"m":314.98,"gd":47.17,"wic":{},"woc":{},"wgc":{},"emm":[{"Type":"1","MainRange":24,"MainValue":0.21,"FarRange":163}],"sig":[{"t":"9-1","s":"","d":{"X":0.12,"Y":-0.74}},{"t":"X1","s":"","d":{"X":-0.028,"Y":-0.791}}],"clr":{"R":241,"G":211,"B":210,"A":255}},"IL5-0-63":{"pid":"IL5-S","orb":968.5,"per":16.14,"ang":188.15,"t":"ASTEROID","sp":"ASTEROID-4","s":22.96,"m":168.12,"gd":38.26,"wic":{},"woc":{},"wgc":{},"emm":[{"Type":"1","MainRange":93,"MainValue":0.22,"FarRange":144}],"sig":[{"t":"9-1","s":"","d":{"X":0.4,"Y":-0.14}},{"t":"X1","s":"","d":{"X":0.429,"Y":0.473}}],"clr":{"R":198,"G":229,"B":245,"A":255}},"IL5-0-64":{"pid":"IL5-S","orb":1111.62,"per":18.52,"ang":14.62,"t":"ASTEROID","sp":"ASTEROID-4","s":26.19,"m":249.61,"gd":43.65,"wic":{},"woc":{},"wgc":{},"emm":[{"Type":"1","MainRange":71,"MainValue":0.14,"FarRange":160}],"sig":[{"t":"9-1","s":"","d":{"X":0.3,"Y":0.64}},{"t":"X1","s":"","d":{"X":0.949,"Y":0.149}}],"clr":{"R":228,"G":235,"B":250,"A":255}},"IL5-0-65":{"pid":"IL5-S","orb":902.48,"per":15.04,"ang":223.75,"t":"ASTEROID","sp":"ASTEROID-1","s":23.14,"m":172.12,"gd":38.56,"wic":{},"woc":{},"wgc":{},"emm":[{"Type":"1","MainRange":52,"MainValue":0.18,"FarRange":117},{"Type":"14","MainRange":37,"MainValue":0.1,"FarRange":168},{"Type":"2","MainRange":71,"MainValue":0.15,"FarRange":108},{"Type":"16","MainRange":26,"MainValue":0.11,"FarRange":158},{"Type":"13","MainRange":52,"MainValue":0.24,"FarRange":133}],"sig":[{"t":"9-1","s":"","d":{"X":0.3,"Y":0.3}},{"t":"X1","s":"","d":{"X":0.032,"Y":-0.96}},{"t":"X14","s":"","d":{"X":-0.753,"Y":-0.226}},{"t":"X2","s":"","d":{"X":-0.193,"Y":-0.342}},{"t":"X16","s":"","d":{"X":-0.663,"Y":0.421}},{"t":"X13","s":"","d":{"X":-0.575,"Y":-0.28}}],"clr":{"R":222,"G":248,"B":246,"A":255}},"IL5-0-66":{"pid":"IL5-S","orb":1034.93,"per":17.24,"ang":307.88,"t":"ASTEROID","sp":"ASTEROID-4","s":22.84,"m":165.52,"gd":38.06,"wic":{},"woc":{},"wgc":{},"emm":[{"Type":"1","MainRange":39,"MainValue":0.04,"FarRange":171}],"sig":[{"t":"9-1","s":"","d":{"X":-0.39,"Y":0.38}},{"t":"X1","s":"","d":{"X":0.433,"Y":-0.313}}],"clr":{"R":177,"G":217,"B":246,"A":255}},"IL5-0-67":{"pid":"IL5-S","orb":943.32,"per":15.72,"ang":271.61,"t":"ASTEROID","sp":"ASTEROID-5","s":19.53,"m":103.53,"gd":32.55,"wic":{},"woc":{},"wgc":{},"emm":[{"Type":"1","MainRange":23,"MainValue":0.08,"FarRange":174}],"sig":[{"t":"9-1","s":"","d":{"X":0.13,"Y":-0.66}},{"t":"X1","s":"","d":{"X":-0.922,"Y":0.214}}],"clr":{"R":184,"G":179,"B":242,"A":255}},"IL5-0-68":{"pid":"IL5-S","orb":1164.9,"per":19.41,"ang":298.75,"t":"ASTEROID","sp":"ASTEROID-1","s":14.16,"m":39.47,"gd":23.6,"wic":{},"woc":{},"wgc":{},"emm":[{"Type":"1","MainRange":49,"MainValue":0.14,"FarRange":111},{"Type":"24","MainRange":34,"MainValue":0.2,"FarRange":136},{"Type":"25","MainRange":44,"MainValue":0.26,"FarRange":140},{"Type":"17","MainRange":38,"MainValue":0.19,"FarRange":205}],"sig":[{"t":"9-1","s":"","d":{"X":-0.74,"Y":-0.11}},{"t":"X1","s":"","d":{"X":-0.489,"Y":0.243}},{"t":"X24","s":"","d":{"X":-0.051,"Y":-0.891}},{"t":"X25","s":"","d":{"X":0.485,"Y":0.089}},{"t":"X17","s":"","d":{"X":-0.185,"Y":-0.042}}],"clr":{"R":251,"G":251,"B":254,"A":255}},"IL5-0-69":{"pid":"IL5-S","orb":857.95,"per":14.29,"ang":221.79,"t":"ASTEROID","sp":"ASTEROID-2","s":34.05,"m":548.55,"gd":56.75,"wic":{},"woc":{},"wgc":{},"emm":[{"Type":"1","MainRange":55,"MainValue":0.21,"FarRange":113},{"Type":"16","MainRange":31,"MainValue":0.17,"FarRange":145},{"Type":"14","MainRange":32,"MainValue":0.23,"FarRange":176},{"Type":"27","MainRange":48,"MainValue":0.21,"FarRange":178}],"sig":[{"t":"9-1","s":"","d":{"X":-0.17,"Y":0.53}},{"t":"X1","s":"","d":{"X":-0.283,"Y":-0.052}},{"t":"X16","s":"","d":{"X":-0.159,"Y":-0.11}},{"t":"X14","s":"","d":{"X":0.257,"Y":0.703}},{"t":"X27","s":"","d":{"X":-0.345,"Y":-0.625}}],"clr":{"R":222,"G":180,"B":250,"A":255}},"IL5-0-7":{"pid":"IL5-S","orb":961.42,"per":16.02,"ang":49.54,"t":"ASTEROID","sp":"ASTEROID-2","s":11.15,"m":19.26,"gd":18.58,"wic":{},"woc":{},"wgc":{},"emm":[{"Type":"1","MainRange":66,"MainValue":0.18,"FarRange":181},{"Type":"2","MainRange":61,"MainValue":0.21,"FarRange":68}],"sig":[{"t":"9-1","s":"","d":{"X":0.21,"Y":0.59}},{"t":"X1","s":"","d":{"X":-0.698,"Y":-0.354}},{"t":"X2","s":"","d":{"X":0.42,"Y":-0.624}}],"clr":{"R":250,"G":242,"B":251,"A":255}},"IL5-0-70":{"pid":"IL5-S","orb":1012.79,"per":16.87,"ang":253,"t":"ASTEROID","sp":"ASTEROID-5","s":13.33,"m":32.92,"gd":22.22,"wic":{},"woc":{},"wgc":{},"emm":[{"Type":"1","MainRange":32,"MainValue":0.11,"FarRange":101}],"sig":[{"t":"9-1","s":"","d":{"X":-0.39,"Y":0.73}},{"t":"X1","s":"","d":{"X":0.966,"Y":-0.093}}],"clr":{"R":237,"G":220,"B":249,"A":255}},"IL5-0-71":{"pid":"IL5-S","orb":1030.73,"per":17.17,"ang":85.9,"t":"ASTEROID","sp":"ASTEROID-3","s":12.3,"m":25.89,"gd":20.51,"wic":{},"woc":{},"wgc":{},"emm":[{"Type":"1","MainRange":44,"MainValue":0.13,"FarRange":199}],"sig":[{"t":"9-1","s":"","d":{"X":-0.59,"Y":-0.11}},{"t":"X1","s":"","d":{"X":0.603,"Y":-0.253}}],"clr":{"R":250,"G":203,"B":252,"A":255}},"IL5-0-72":{"pid":"IL5-S","orb":854.25,"per":14.23,"ang":258.65,"t":"ASTEROID","sp":"ASTEROID-3","s":19.21,"m":98.51,"gd":32.02,"wic":{},"woc":{},"wgc":{},"emm":[{"Type":"1","MainRange":58,"MainValue":0.18,"FarRange":119}],"sig":[{"t":"9-1","s":"","d":{"X":-0.34,"Y":-0.7}},{"t":"X1","s":"","d":{"X":0.514,"Y":-0.177}}],"clr":{"R":203,"G":198,"B":237,"A":255}},"IL5-0-73":{"pid":"IL5-S","orb":974.54,"per":16.24,"ang":27.33,"t":"ASTEROID","sp":"ASTEROID-3","s":21.52,"m":138.5,"gd":35.87,"wic":{},"woc":{},"wgc":{},"emm":[{"Type":"1","MainRange":34,"MainValue":0.2,"FarRange":127}],"sig":[{"t":"9-1","s":"","d":{"X":0.85,"Y":-0.29}},{"t":"X1","s":"","d":{"X":0.266,"Y":-0.167}}],"clr":{"R":247,"G":244,"B":253,"A":255}},"IL5-0-8":{"pid":"IL5-S","orb":992.68,"per":16.54,"ang":197.5,"t":"ASTEROID","sp":"ASTEROID-4","s":13.16,"m":31.7,"gd":21.94,"wic":{},"woc":{},"wgc":{},"emm":[{"Type":"1","MainRange":54,"MainValue":0.12,"FarRange":179}],"sig":[{"t":"9-1","s":"","d":{"X":0.4,"Y":0.55}},{"t":"X1","s":"","d":{"X":-0.456,"Y":0.52}}],"clr":{"R":243,"G":254,"B":249,"A":255}},"IL5-0-9":{"pid":"IL5-S","orb":1182.46,"per":19.7,"ang":71.69,"t":"ASTEROID","sp":"ASTEROID-1","s":25,"m":217.26,"gd":41.68,"wic":{},"woc":{},"wgc":{},"emm":[{"Type":"1","MainRange":40,"MainValue":0.23,"FarRange":141}],"sig":[{"t":"9-1","s":"","d":{"X":0.29,"Y":0.39}},{"t":"X1","s":"","d":{"X":-0.115,"Y":-0.977}}],"clr":{"R":249,"G":253,"B":253,"A":255}},"IL5-040":{"pid":"IL5-S","orb":11616.52,"per":193.6,"t":"GASPLANET","sp":"GASPLANET-21","s":246.07,"m":144861.22,"gd":410.12,"wic":{},"woc":{},"wgc":{},"sig":[{"t":"0-3","s":"","d":{"X":0.91,"Y":-0.36}},{"t":"1-3","s":"","d":{"X":-0.52,"Y":-0.18}},{"t":"3-1","s":"","d":{"Y":0.98}},{"t":"6-2","s":"","d":{"X":-0.03,"Y":-0.69}},{"t":"7-2","s":"","d":{"X":-0.15,"Y":-0.29}},{"t":"7-3","s":"","d":{"X":0.25,"Y":0.63}},{"t":"8-1","s":"","d":{"X":0.91,"Y":0.13}},{"t":"10-1","s":"","d":{"X":-0.01,"Y":0.89}},{"t":"11-1","s":"","d":{"X":-0.7,"Y":0.28}}],"clr":{"R":211,"G":254,"B":250,"A":255}},"IL5-1-0":{"pid":"IL5-S","orb":8027.63,"per":133.79,"ang":234.54,"t":"ASTEROID","sp":"ASTEROID-4","s":13.99,"m":38.05,"gd":23.32,"wic":{},"woc":{},"wgc":{},"emm":[{"Type":"1","MainRange":55,"MainValue":0.14,"FarRange":86}],"sig":[{"t":"9-1","s":"","d":{"X":0.58,"Y":-0.75}},{"t":"X1","s":"","d":{"X":0.802,"Y":0.534}}],"clr":{"R":254,"G":184,"B":250,"A":255}},"IL5-1-1":{"pid":"IL5-S","orb":5842.67,"per":97.37,"ang":203.73,"t":"ASTEROID","sp":"ASTEROID-5","s":13.76,"m":36.2,"gd":22.93,"wic":{},"woc":{},"wgc":{},"emm":[{"Type":"1","MainRange":43,"MainValue":0.13,"FarRange":210}],"sig":[{"t":"9-1","s":"","d":{"X":-0.33,"Y":0.11}},{"t":"X1","s":"","d":{"X":0.384,"Y":0.27}}],"clr":{"R":246,"G":235,"B":250,"A":255}},"IL5-1-10":{"pid":"IL5-S","orb":5942.89,"per":99.04,"ang":128.14,"t":"ASTEROID","sp":"ASTEROID-4","s":25.66,"m":234.76,"gd":42.77,"wic":{},"woc":{},"wgc":{},"emm":[{"Type":"1","MainRange":23,"MainValue":0.27,"FarRange":111}],"sig":[{"t":"9-1","s":"","d":{"X":0.77,"Y":0.42}},{"t":"X1","s":"","d":{"X":0.177,"Y":0.907}}],"clr":{"R":224,"G":248,"B":247,"A":255}},"IL5-1-100":{"pid":"IL5-S","orb":2528.57,"per":42.14,"ang":3.73,"t":"ASTEROID","sp":"ASTEROID-1","s":9.62,"m":12.38,"gd":16.04,"wic":{},"woc":{},"wgc":{},"emm":[{"Type":"1","MainRange":53,"MainValue":0.21,"FarRange":152}],"sig":[{"t":"9-1","s":"","d":{"X":-0.78,"Y":-0.18}},{"t":"X1","s":"","d":{"X":-0.687,"Y":0.44}}],"clr":{"R":249,"G":211,"B":228,"A":255}},"IL5-1-101":{"pid":"IL5-S","orb":2854.89,"per":47.58,"ang":109.53,"t":"ASTEROID","sp":"ASTEROID-3","s":7.12,"m":5.02,"gd":11.87,"wic":{},"woc":{},"wgc":{},"emm":[{"Type":"1","MainRange":49,"MainValue":0.22,"FarRange":164},{"Type":"18","MainRange":30,"MainValue":0.12,"FarRange":136}],"sig":[{"t":"9-1","s":"","d":{"X":-0.88,"Y":-0.02}},{"t":"X1","s":"","d":{"X":0.178,"Y":-0.086}},{"t":"X18","s":"","d":{"X":-0.478,"Y":0.587}}],"clr":{"R":248,"G":254,"B":235,"A":255}},"IL5-1-102":{"pid":"IL5-S","orb":2227.19,"per":37.11,"ang":24.56,"t":"ASTEROID","sp":"ASTEROID-3","s":44.67,"m":1238.33,"gd":74.45,"wic":{},"woc":{},"wgc":{},"emm":[{"Type":"1","MainRange":47,"MainValue":0.3,"FarRange":194}],"sig":[{"t":"9-1","s":"","d":{"X":0.41,"Y":0.46}},{"t":"X1","s":"","d":{"X":-0.913,"Y":-0.265}}],"clr":{"R":227,"G":252,"B":249,"A":255}},"IL5-1-103":{"pid":"IL5-S","orb":2671.07,"per":44.51,"ang":48.35,"t":"ASTEROID","sp":"ASTEROID-5","s":16.15,"m":58.57,"gd":26.92,"wic":{},"woc":{},"wgc":{},"emm":[{"Type":"1","MainRange":22,"MainValue":0.18,"FarRange":131}],"sig":[{"t":"9-1","s":"","d":{"X":0.56,"Y":0.19}},{"t":"X1","s":"","d":{"X":-0.503,"Y":-0.181}}],"clr":{"R":251,"G":243,"B":203,"A":255}},"IL5-1-11":{"pid":"IL5-S","orb":7008.5,"per":116.8,"ang":267.54,"t":"ASTEROID","sp":"ASTEROID-2","s":22.62,"m":160.75,"gd":37.7,"wic":{},"woc":{},"wgc":{},"emm":[{"Type":"1","MainRange":20,"MainValue":0.25,"FarRange":206}],"sig":[{"t":"9-1","s":"","d":{"X":0.53,"Y":0.11}},{"t":"X1","s":"","d":{"X":-0.153,"Y":-0.033}}],"clr":{"R":252,"G":244,"B":252,"A":255}},"IL5-1-12":{"pid":"IL5-S","orb":6271.45,"per":104.52,"ang":49.07,"t":"ASTEROID","sp":"ASTEROID-3","s":21.51,"m":138.39,"gd":35.86,"wic":{},"woc":{},"wgc":{},"emm":[{"Type":"1","MainRange":50,"MainValue":0.19,"FarRange":67}],"sig":[{"t":"9-1","s":"","d":{"X":0.01,"Y":-0.44}},{"t":"X1","s":"","d":{"X":0.217,"Y":-0.518}}],"clr":{"R":246,"G":190,"B":230,"A":255}},"IL5-1-13":{"pid":"IL5-S","orb":6581.37,"per":109.68,"ang":77.24,"t":"ASTEROID","sp":"ASTEROID-1","s":14.07,"m":38.72,"gd":23.45,"wic":{},"woc":{},"wgc":{},"emm":[{"Type":"1","MainRange":30,"MainValue":0.22,"FarRange":130}],"sig":[{"t":"9-1","s":"","d":{"X":-0.67,"Y":-0.52}},{"t":"X1","s":"","d":{"X":0.678,"Y":-0.19}}],"clr":{"R":247,"G":187,"B":238,"A":255}},"IL5-1-14":{"pid":"IL5-S","orb":7303.71,"per":121.72,"ang":112.75,"t":"ASTEROID","sp":"ASTEROID-1","s":19.09,"m":96.7,"gd":31.82,"wic":{},"woc":{},"wgc":{},"emm":[{"Type":"1","MainRange":60,"MainValue":0.18,"FarRange":94}],"sig":[{"t":"9-1","s":"","d":{"X":-0.13,"Y":-0.07}},{"t":"X1","s":"","d":{"X":0.43,"Y":-0.509}}],"clr":{"R":254,"G":231,"B":239,"A":255}},"IL5-1-15":{"pid":"IL5-S","orb":7227.2,"per":120.45,"ang":134.31,"t":"ASTEROID","sp":"ASTEROID-1","s":12.63,"m":27.99,"gd":21.05,"wic":{},"woc":{},"wgc":{},"emm":[{"Type":"1","MainRange":27,"MainValue":0.36,"FarRange":111}],"sig":[{"t":"9-1","s":"","d":{"X":-1,"Y":-0.09}},{"t":"X1","s":"","d":{"X":0.265,"Y":-0.254}}],"clr":{"R":249,"G":239,"B":245,"A":255}},"IL5-1-16":{"pid":"IL5-S","orb":5307.61,"per":88.46,"ang":147.01,"t":"ASTEROID","sp":"ASTEROID-3","s":15.27,"m":49.51,"gd":25.46,"wic":{},"woc":{},"wgc":{},"emm":[{"Type":"1","MainRange":55,"MainValue":0.1,"FarRange":120},{"Type":"2","MainRange":55,"MainValue":0.09,"FarRange":208}],"sig":[{"t":"9-1","s":"","d":{"X":-0.23,"Y":-0.92}},{"t":"X1","s":"","d":{"X":-0.56,"Y":0.263}},{"t":"X2","s":"","d":{"X":0.449,"Y":0.855}}],"clr":{"R":200,"G":211,"B":242,"A":255}},"IL5-1-17":{"pid":"IL5-S","orb":7047.65,"per":117.46,"ang":217.12,"t":"ASTEROID","sp":"ASTEROID-3","s":12.61,"m":27.88,"gd":21.02,"wic":{},"woc":{},"wgc":{},"emm":[{"Type":"1","MainRange":32,"MainValue":0.19,"FarRange":162}],"sig":[{"t":"9-1","s":"","d":{"X":-0.78,"Y":-0.04}},{"t":"X1","s":"","d":{"X":0.286,"Y":-0.636}}],"clr":{"R":196,"G":233,"B":250,"A":255}},"IL5-1-18":{"pid":"IL5-S","orb":6864.01,"per":114.4,"ang":213.64,"t":"ASTEROID","sp":"ASTEROID-3","s":15.51,"m":51.89,"gd":25.86,"wic":{},"woc":{},"wgc":{},"emm":[{"Type":"1","MainRange":32,"MainValue":0.24,"FarRange":85}],"sig":[{"t":"9-1","s":"","d":{"X":0.57,"Y":-0.33}},{"t":"X1","s":"","d":{"X":-0.861,"Y":-0.449}}],"clr":{"R":235,"G":223,"B":247,"A":255}},"IL5-1-19":{"pid":"IL5-S","orb":6093.24,"per":101.55,"ang":261.93,"t":"ASTEROID","sp":"ASTEROID-2","s":14.33,"m":40.88,"gd":23.88,"wic":{},"woc":{},"wgc":{},"emm":[{"Type":"1","MainRange":42,"MainValue":0.16,"FarRange":146}],"sig":[{"t":"9-1","s":"","d":{"X":-0.47,"Y":-0.89}},{"t":"X1","s":"","d":{"X":0.129,"Y":-0.376}}],"clr":{"R":239,"G":248,"B":254,"A":255}},"IL5-1-2":{"pid":"IL5-S","orb":6535.55,"per":108.92,"ang":320.37,"t":"ASTEROID","sp":"ASTEROID-2","s":27.09,"m":276.17,"gd":45.15,"wic":{},"woc":{},"wgc":{},"emm":[{"Type":"1","MainRange":35,"MainValue":0.38,"FarRange":67}],"sig":[{"t":"9-1","s":"","d":{"X":0.02,"Y":-0.27}},{"t":"X1","s":"","d":{"X":-0.296,"Y":-0.137}}],"clr":{"R":254,"G":199,"B":220,"A":255}},"IL5-1-20":{"pid":"IL5-S","orb":5718.84,"per":95.31,"ang":264.59,"t":"ASTEROID","sp":"ASTEROID-3","s":33.34,"m":514.89,"gd":55.57,"wic":{},"woc":{},"wgc":{},"emm":[{"Type":"1","MainRange":75,"MainValue":0.13,"FarRange":198}],"sig":[{"t":"9-1","s":"","d":{"X":-0.87,"Y":-0.23}},{"t":"X1","s":"","d":{"X":0.414,"Y":0.793}}],"clr":{"R":209,"G":233,"B":245,"A":255}},"IL5-1-21":{"pid":"IL5-S","orb":6699.76,"per":111.66,"ang":74.59,"t":"ASTEROID","sp":"ASTEROID-5","s":27.84,"m":299.85,"gd":46.4,"wic":{},"woc":{},"wgc":{},"emm":[{"Type":"1","MainRange":75,"MainValue":0.15,"FarRange":212}],"sig":[{"t":"9-1","s":"","d":{"X":0.11,"Y":-0.25}},{"t":"X1","s":"","d":{"X":-0.211,"Y":0.463}}],"clr":{"R":253,"G":235,"B":250,"A":255}},"IL5-1-22":{"pid":"IL5-S","orb":6557.67,"per":109.29,"ang":175.22,"t":"ASTEROID","sp":"ASTEROID-4","s":11.87,"m":23.24,"gd":19.78,"wic":{},"woc":{},"wgc":{},"emm":[{"Type":"1","MainRange":75,"MainValue":0.26,"FarRange":89}],"sig":[{"t":"9-1","s":"","d":{"X":0.19,"Y":0.32}},{"t":"X1","s":"","d":{"X":0.357,"Y":0.362}}],"clr":{"R":252,"G":196,"B":173,"A":255}},"IL5-1-23":{"pid":"IL5-S","orb":7072.31,"per":117.87,"ang":186.96,"t":"ASTEROID","sp":"ASTEROID-5","s":25.81,"m":238.83,"gd":43.01,"wic":{},"woc":{},"wgc":{},"emm":[{"Type":"1","MainRange":52,"MainValue":0.33,"FarRange":193}],"sig":[{"t":"9-1","s":"","d":{"X":0.32,"Y":0.13}},{"t":"X1","s":"","d":{"X":0.115,"Y":0.184}}],"clr":{"R":190,"G":220,"B":241,"A":255}},"IL5-1-24":{"pid":"IL5-S","orb":6662.89,"per":111.04,"ang":195.11,"t":"ASTEROID","sp":"ASTEROID-4","s":30.2,"m":382.64,"gd":50.33,"wic":{},"woc":{},"wgc":{},"emm":[{"Type":"1","MainRange":44,"MainValue":0.17,"FarRange":131}],"sig":[{"t":"9-1","s":"","d":{"X":-0.56,"Y":0.62}},{"t":"X1","s":"","d":{"X":0.043,"Y":0.933}}],"clr":{"R":251,"G":227,"B":235,"A":255}},"IL5-1-25":{"pid":"IL5-S","orb":7621.04,"per":127.01,"ang":3.34,"t":"ASTEROID","sp":"ASTEROID-1","s":20.12,"m":113.26,"gd":33.54,"wic":{},"woc":{},"wgc":{},"emm":[{"Type":"1","MainRange":64,"MainValue":0.19,"FarRange":138}],"sig":[{"t":"9-1","s":"","d":{"X":-0.15,"Y":-0.02}},{"t":"X1","s":"","d":{"X":0.506,"Y":-0.577}}],"clr":{"R":205,"G":181,"B":244,"A":255}},"IL5-1-26":{"pid":"IL5-S","orb":6290.37,"per":104.83,"ang":329.71,"t":"ASTEROID","sp":"ASTEROID-1","s":19.06,"m":96.26,"gd":31.77,"wic":{},"woc":{},"wgc":{},"emm":[{"Type":"1","MainRange":40,"MainValue":0.19,"FarRange":232}],"sig":[{"t":"9-1","s":"","d":{"X":-0.06,"Y":-0.91}},{"t":"X1","s":"","d":{"X":-0.91,"Y":0.198}}],"clr":{"R":245,"G":238,"B":249,"A":255}},"IL5-1-27":{"pid":"IL5-S","orb":6733.78,"per":112.22,"ang":60.61,"t":"ASTEROID","sp":"ASTEROID-5","s":13.49,"m":34.12,"gd":22.49,"wic":{},"woc":{},"wgc":{},"emm":[{"Type":"1","MainRange":56,"MainValue":0.15,"FarRange":217},{"Type":"15","MainRange":50,"MainValue":0.21,"FarRange":138},{"Type":"20","MainRange":37.800000000000004,"MainValue":0.13,"FarRange":42},{"Type":"6","MainRange":38,"MainValue":0.23,"FarRange":178}],"sig":[{"t":"9-1","s":"","d":{"X":-0.26,"Y":-0.74}},{"t":"X1","s":"","d":{"X":-0.596,"Y":-0.111}},{"t":"X15","s":"","d":{"X":0.196,"Y":-0.046}},{"t":"X20","s":"","d":{"X":-0.093,"Y":0.714}},{"t":"X6","s":"","d":{"X":-0.105,"Y":-0.222}}],"clr":{"R":168,"G":195,"B":244,"A":255}},"IL5-1-28":{"pid":"IL5-S","orb":6853.94,"per":114.23,"ang":151.5,"t":"ASTEROID","sp":"ASTEROID-2","s":15.61,"m":52.92,"gd":26.03,"wic":{},"woc":{},"wgc":{},"emm":[{"Type":"1","MainRange":43.2,"MainValue":0.15,"FarRange":48}],"sig":[{"t":"9-1","s":"","d":{"X":-0.29,"Y":0.31}},{"t":"X1","s":"","d":{"X":0.108,"Y":0.988}}],"clr":{"R":254,"G":213,"B":253,"A":255}},"IL5-1-29":{"pid":"IL5-S","orb":7617.83,"per":126.96,"ang":86.61,"t":"ASTEROID","sp":"ASTEROID-3","s":18.14,"m":82.94,"gd":30.23,"wic":{},"woc":{},"wgc":{},"emm":[{"Type":"1","MainRange":39,"MainValue":0.26,"FarRange":96},{"Type":"2","MainRange":43,"MainValue":0.19,"FarRange":221}],"sig":[{"t":"9-1","s":"","d":{"X":-0.44,"Y":-0.32}},{"t":"X1","s":"","d":{"X":0.51,"Y":0.226}},{"t":"X2","s":"","d":{"X":-0.412,"Y":-0.152}}],"clr":{"R":252,"G":253,"B":254,"A":255}},"IL5-1-3":{"pid":"IL5-S","orb":6561.54,"per":109.35,"ang":184.47,"t":"ASTEROID","sp":"ASTEROID-3","s":16.87,"m":66.74,"gd":28.12,"wic":{},"woc":{},"wgc":{},"emm":[{"Type":"1","MainRange":39,"MainValue":0.21,"FarRange":230},{"Type":"2","MainRange":65,"MainValue":0.18,"FarRange":204},{"Type":"11","MainRange":44,"MainValue":0.16,"FarRange":165},{"Type":"27","MainRange":42.300000000000004,"MainValue":0.2,"FarRange":47}],"sig":[{"t":"9-1","s":"","d":{"X":0.05,"Y":-0.85}},{"t":"X1","s":"","d":{"X":-0.696,"Y":-0.369}},{"t":"X2","s":"","d":{"X":0.53,"Y":0.326}},{"t":"X11","s":"","d":{"X":-0.43,"Y":0.42}},{"t":"X27","s":"","d":{"X":-0.175,"Y":-0.728}}],"clr":{"R":224,"G":227,"B":244,"A":255}},"IL5-1-30":{"pid":"IL5-S","orb":6834.79,"per":113.91,"ang":185.36,"t":"ASTEROID","sp":"ASTEROID-4","s":12.27,"m":25.66,"gd":20.45,"wic":{},"woc":{},"wgc":{},"emm":[{"Type":"1","MainRange":66,"MainValue":0.14,"FarRange":236}],"sig":[{"t":"9-1","s":"","d":{"X":-0.43,"Y":-0.32}},{"t":"X1","s":"","d":{"X":-0.376,"Y":0.85}}],"clr":{"R":192,"G":200,"B":250,"A":255}},"IL5-1-31":{"pid":"IL5-S","orb":6045.11,"per":100.75,"ang":7.21,"t":"ASTEROID","sp":"ASTEROID-5","s":18.96,"m":94.75,"gd":31.61,"wic":{},"woc":{},"wgc":{},"emm":[{"Type":"1","MainRange":34,"MainValue":0.09,"FarRange":108}],"sig":[{"t":"9-1","s":"","d":{"X":-0.11,"Y":-0.71}},{"t":"X1","s":"","d":{"X":-0.578,"Y":-0.388}}],"clr":{"R":233,"G":237,"B":252,"A":255}},"IL5-1-32":{"pid":"IL5-S","orb":6691.4,"per":111.52,"ang":26.61,"t":"ASTEROID","sp":"ASTEROID-5","s":26.76,"m":266.24,"gd":44.6,"wic":{},"woc":{},"wgc":{},"emm":[{"Type":"1","MainRange":38,"MainValue":0.23,"FarRange":138}],"sig":[{"t":"9-1","s":"","d":{"X":0.77,"Y":0.23}},{"t":"X1","s":"","d":{"X":-0.275,"Y":0.46}}],"clr":{"R":212,"G":238,"B":242,"A":255}},"IL5-1-33":{"pid":"IL5-S","orb":6932.03,"per":115.53,"ang":114.41,"t":"ASTEROID","sp":"ASTEROID-3","s":19.27,"m":99.4,"gd":32.11,"wic":{},"woc":{},"wgc":{},"emm":[{"Type":"1","MainRange":54,"MainValue":0.17,"FarRange":89}],"sig":[{"t":"9-1","s":"","d":{"X":-0.7,"Y":0.7}},{"t":"X1","s":"","d":{"X":0.353,"Y":0.073}}],"clr":{"R":206,"G":243,"B":249,"A":255}},"IL5-1-34":{"pid":"IL5-S","orb":8352.64,"per":139.21,"ang":213.66,"t":"ASTEROID","sp":"ASTEROID-4","s":20.63,"m":122.04,"gd":34.39,"wic":{},"woc":{},"wgc":{},"emm":[{"Type":"1","MainRange":58,"MainValue":0.15,"FarRange":237}],"sig":[{"t":"9-1","s":"","d":{"X":-0.46,"Y":0.54}},{"t":"X1","s":"","d":{"X":-0.629,"Y":-0.689}}],"clr":{"R":169,"G":166,"B":246,"A":255}},"IL5-1-35":{"pid":"IL5-S","orb":5682.28,"per":94.7,"ang":46.22,"t":"ASTEROID","sp":"ASTEROID-1","s":8.42,"m":8.31,"gd":14.04,"wic":{},"woc":{},"wgc":{},"emm":[{"Type":"1","MainRange":43,"MainValue":0.18,"FarRange":106}],"sig":[{"t":"9-1","s":"","d":{"X":-0.84,"Y":-0.28}},{"t":"X1","s":"","d":{"X":0.181,"Y":-0.281}}],"clr":{"R":237,"G":191,"B":174,"A":255}},"IL5-1-36":{"pid":"IL5-S","orb":6600.83,"per":110.01,"ang":160.1,"t":"ASTEROID","sp":"ASTEROID-3","s":19.18,"m":98.05,"gd":31.97,"wic":{},"woc":{},"wgc":{},"emm":[{"Type":"1","MainRange":72,"MainValue":0.24,"FarRange":196}],"sig":[{"t":"9-1","s":"","d":{"X":-0.31,"Y":0.92}},{"t":"X1","s":"","d":{"X":-0.686,"Y":0.563}}],"clr":{"R":225,"G":244,"B":203,"A":255}},"IL5-1-37":{"pid":"IL5-S","orb":6802.9,"per":113.38,"ang":269.22,"t":"ASTEROID","sp":"ASTEROID-3","s":13.27,"m":32.47,"gd":22.12,"wic":{},"woc":{},"wgc":{},"emm":[{"Type":"1","MainRange":48,"MainValue":0.22,"FarRange":128}],"sig":[{"t":"9-1","s":"","d":{"Y":0.11}},{"t":"X1","s":"","d":{"X":0.257,"Y":-0.055}}],"clr":{"R":238,"G":250,"B":191,"A":255}},"IL5-1-38":{"pid":"IL5-S","orb":6896.81,"per":114.94,"ang":248.3,"t":"ASTEROID","sp":"ASTEROID-5","s":9.62,"m":12.39,"gd":16.04,"wic":{},"woc":{},"wgc":{},"emm":[{"Type":"1","MainRange":40,"MainValue":0.24,"FarRange":173}],"sig":[{"t":"9-1","s":"","d":{"X":0.52,"Y":0.21}},{"t":"X1","s":"","d":{"X":-0.967,"Y":0.028}}],"clr":{"R":238,"G":243,"B":254,"A":255}},"IL5-1-39":{"pid":"IL5-S","orb":7647.04,"per":127.45,"ang":71.7,"t":"ASTEROID","sp":"ASTEROID-5","s":16.35,"m":60.73,"gd":27.25,"wic":{},"woc":{},"wgc":{},"emm":[{"Type":"1","MainRange":69,"MainValue":0.26,"FarRange":145}],"sig":[{"t":"9-1","s":"","d":{"X":0.53,"Y":-0.14}},{"t":"X1","s":"","d":{"X":0.232,"Y":-0.081}}],"clr":{"R":253,"G":250,"B":244,"A":255}},"IL5-1-4":{"pid":"IL5-S","orb":6534.34,"per":108.9,"ang":117.01,"t":"ASTEROID","sp":"ASTEROID-2","s":19.68,"m":105.96,"gd":32.81,"wic":{},"woc":{},"wgc":{},"emm":[{"Type":"1","MainRange":37,"MainValue":0.15,"FarRange":139},{"Type":"5","MainRange":46,"MainValue":0.23,"FarRange":220}],"sig":[{"t":"9-1","s":"","d":{"X":0.2,"Y":0.7}},{"t":"X1","s":"","d":{"X":-0.909,"Y":-0.366}},{"t":"X5","s":"","d":{"X":0.187,"Y":-0.228}}],"clr":{"R":243,"G":240,"B":250,"A":255}},"IL5-1-40":{"pid":"IL5-S","orb":7117.08,"per":118.61,"ang":109.38,"t":"ASTEROID","sp":"ASTEROID-2","s":14.08,"m":38.76,"gd":23.46,"wic":{},"woc":{},"wgc":{},"emm":[{"Type":"1","MainRange":40,"MainValue":0.08,"FarRange":190}],"sig":[{"t":"9-1","s":"","d":{"X":-0.45,"Y":-0.37}},{"t":"X1","s":"","d":{"X":0.271,"Y":-0.181}}],"clr":{"R":246,"G":246,"B":253,"A":255}},"IL5-1-41":{"pid":"IL5-S","orb":6643.51,"per":110.72,"ang":72.43,"t":"ASTEROID","sp":"ASTEROID-3","s":27.26,"m":281.56,"gd":45.44,"wic":{},"woc":{},"wgc":{},"emm":[{"Type":"1","MainRange":53,"MainValue":0.27,"FarRange":187}],"sig":[{"t":"9-1","s":"","d":{"X":0.26,"Y":-0.49}},{"t":"X1","s":"","d":{"X":0.161,"Y":-0.428}}],"clr":{"R":251,"G":251,"B":218,"A":255}},"IL5-1-42":{"pid":"IL5-S","orb":7217.34,"per":120.28,"ang":135.15,"t":"ASTEROID","sp":"ASTEROID-4","s":26.41,"m":256.05,"gd":44.02,"wic":{},"woc":{},"wgc":{},"emm":[{"Type":"1","MainRange":31,"MainValue":0.22,"FarRange":148}],"sig":[{"t":"9-1","s":"","d":{"X":0.46,"Y":-0.56}},{"t":"X1","s":"","d":{"X":0.467,"Y":0.805}}],"clr":{"R":248,"G":243,"B":230,"A":255}},"IL5-1-43":{"pid":"IL5-S","orb":5866.42,"per":97.77,"ang":295.6,"t":"ASTEROID","sp":"ASTEROID-3","s":15.64,"m":53.19,"gd":26.07,"wic":{},"woc":{},"wgc":{},"emm":[{"Type":"1","MainRange":51,"MainValue":0.17,"FarRange":226}],"sig":[{"t":"9-1","s":"","d":{"X":0.8,"Y":0.28}},{"t":"X1","s":"","d":{"X":0.012,"Y":-0.08}}],"clr":{"R":241,"G":254,"B":239,"A":255}},"IL5-1-44":{"pid":"IL5-S","orb":7509.67,"per":125.16,"ang":346.75,"t":"ASTEROID","sp":"ASTEROID-5","s":27.64,"m":293.4,"gd":46.07,"wic":{},"woc":{},"wgc":{},"emm":[{"Type":"1","MainRange":44,"MainValue":0.16,"FarRange":79}],"sig":[{"t":"9-1","s":"","d":{"X":-0.37,"Y":-0.67}},{"t":"X1","s":"","d":{"X":-0.487,"Y":0.081}}],"clr":{"R":254,"G":254,"B":254,"A":255}},"IL5-1-45":{"pid":"IL5-S","orb":7129.61,"per":118.82,"ang":203.42,"t":"ASTEROID","sp":"ASTEROID-5","s":25.73,"m":236.67,"gd":42.88,"wic":{},"woc":{},"wgc":{},"emm":[{"Type":"1","MainRange":47,"MainValue":0.19,"FarRange":197}],"sig":[{"t":"9-1","s":"","d":{"X":-0.05,"Y":-0.03}},{"t":"X1","s":"","d":{"X":0.006,"Y":0.482}}],"clr":{"R":239,"G":222,"B":251,"A":255}},"IL5-1-46":{"pid":"IL5-S","orb":6796.98,"per":113.28,"ang":46.84,"t":"ASTEROID","sp":"ASTEROID-1","s":21.62,"m":140.41,"gd":36.03,"wic":{},"woc":{},"wgc":{},"emm":[{"Type":"1","MainRange":38,"MainValue":0.19,"FarRange":219}],"sig":[{"t":"9-1","s":"","d":{"X":-0.04,"Y":0.21}},{"t":"X1","s":"","d":{"X":0.079,"Y":0.738}}],"clr":{"R":237,"G":253,"B":238,"A":255}},"IL5-1-47":{"pid":"IL5-S","orb":5276.7,"per":87.94,"ang":170.51,"t":"ASTEROID","sp":"ASTEROID-3","s":19.33,"m":100.33,"gd":32.21,"wic":{},"woc":{},"wgc":{},"emm":[{"Type":"1","MainRange":51,"MainValue":0.22,"FarRange":182}],"sig":[{"t":"9-1","s":"","d":{"X":0.58,"Y":-0.15}},{"t":"X1","s":"","d":{"X":-0.457,"Y":-0.672}}],"clr":{"R":247,"G":194,"B":188,"A":255}},"IL5-1-48":{"pid":"IL5-S","orb":7724.27,"per":128.73,"ang":276.83,"t":"ASTEROID","sp":"ASTEROID-5","s":11.84,"m":23.07,"gd":19.73,"wic":{},"woc":{},"wgc":{},"emm":[{"Type":"1","MainRange":44,"MainValue":0.18,"FarRange":162}],"sig":[{"t":"9-1","s":"","d":{"X":0.07,"Y":0.34}},{"t":"X1","s":"","d":{"X":-0.651,"Y":-0.286}}],"clr":{"R":209,"G":244,"B":238,"A":255}},"IL5-1-49":{"pid":"IL5-S","orb":7209.69,"per":120.16,"ang":331.49,"t":"ASTEROID","sp":"ASTEROID-3","s":15.47,"m":51.43,"gd":25.78,"wic":{},"woc":{},"wgc":{},"emm":[{"Type":"1","MainRange":50,"MainValue":0.19,"FarRange":173}],"sig":[{"t":"9-1","s":"","d":{"X":-0.44,"Y":0.4}},{"t":"X1","s":"","d":{"X":0.586,"Y":-0.626}}],"clr":{"R":237,"G":184,"B":243,"A":255}},"IL5-1-5":{"pid":"IL5-S","orb":6882.91,"per":114.71,"ang":305.16,"t":"ASTEROID","sp":"ASTEROID-5","s":24.51,"m":204.69,"gd":40.86,"wic":{},"woc":{},"wgc":{},"emm":[{"Type":"1","MainRange":39,"MainValue":0.26,"FarRange":150}],"sig":[{"t":"9-1","s":"","d":{"X":0.31,"Y":-0.85}},{"t":"X1","s":"","d":{"X":0.7,"Y":0.335}}],"clr":{"R":254,"G":254,"B":254,"A":255}},"IL5-1-50":{"pid":"IL5-S","orb":6923.99,"per":115.39,"ang":327.99,"t":"ASTEROID","sp":"ASTEROID-4","s":20.83,"m":125.58,"gd":34.72,"wic":{},"woc":{},"wgc":{},"emm":[{"Type":"1","MainRange":64,"MainValue":0.05,"FarRange":128}],"sig":[{"t":"9-1","s":"","d":{"X":-0.4,"Y":0.64}},{"t":"X1","s":"","d":{"X":0.102,"Y":-0.51}}],"clr":{"R":210,"G":247,"B":239,"A":255}},"IL5-1-51":{"pid":"IL5-S","orb":6522.66,"per":108.71,"ang":215.04,"t":"ASTEROID","sp":"ASTEROID-1","s":12.69,"m":28.4,"gd":21.15,"wic":{},"woc":{},"wgc":{},"emm":[{"Type":"1","MainRange":48,"MainValue":0.16,"FarRange":249}],"sig":[{"t":"9-1","s":"","d":{"X":0.34,"Y":-0.1}},{"t":"X1","s":"","d":{"X":0.483,"Y":0.122}}],"clr":{"R":251,"G":254,"B":221,"A":255}},"IL5-1-52":{"pid":"IL5-S","orb":6059.5,"per":100.99,"ang":317.21,"t":"ASTEROID","sp":"ASTEROID-4","s":23.5,"m":180.37,"gd":39.17,"wic":{},"woc":{},"wgc":{},"emm":[{"Type":"1","MainRange":73,"MainValue":0.25,"FarRange":175}],"sig":[{"t":"9-1","s":"","d":{"X":-0.45,"Y":0.24}},{"t":"X1","s":"","d":{"X":-0.455,"Y":-0.128}}],"clr":{"R":208,"G":243,"B":242,"A":255}},"IL5-1-53":{"pid":"IL5-S","orb":5815.17,"per":96.91,"ang":313.64,"t":"ASTEROID","sp":"ASTEROID-3","s":15.89,"m":55.75,"gd":26.48,"wic":{},"woc":{},"wgc":{},"emm":[{"Type":"1","MainRange":52,"MainValue":0.16,"FarRange":113},{"Type":"25","MainRange":27,"MainValue":0.17,"FarRange":120}],"sig":[{"t":"9-1","s":"","d":{"X":0.19,"Y":0.71}},{"t":"X1","s":"","d":{"X":-0.162,"Y":0.25}},{"t":"X25","s":"","d":{"X":-0.65,"Y":-0.469}}],"clr":{"R":183,"G":183,"B":251,"A":255}},"IL5-1-54":{"pid":"IL5-S","orb":6971.23,"per":116.18,"ang":72.34,"t":"ASTEROID","sp":"ASTEROID-1","s":19.53,"m":103.5,"gd":32.55,"wic":{},"woc":{},"wgc":{},"emm":[{"Type":"1","MainRange":90,"MainValue":0.12,"FarRange":203}],"sig":[{"t":"9-1","s":"","d":{"X":0.28,"Y":-0.63}},{"t":"X1","s":"","d":{"X":-0.002,"Y":0.568}}],"clr":{"R":253,"G":254,"B":254,"A":255}},"IL5-1-55":{"pid":"IL5-S","orb":6847.8,"per":114.13,"ang":321.58,"t":"ASTEROID","sp":"ASTEROID-3","s":19.01,"m":95.51,"gd":31.69,"wic":{},"woc":{},"wgc":{},"emm":[{"Type":"1","MainRange":69,"MainValue":0.18,"FarRange":213}],"sig":[{"t":"9-1","s":"","d":{"X":0.16,"Y":-0.5}},{"t":"X1","s":"","d":{"X":0.052,"Y":0.417}}],"clr":{"R":239,"G":224,"B":202,"A":255}},"IL5-1-56":{"pid":"IL5-S","orb":7421.79,"per":123.69,"ang":164.09,"t":"ASTEROID","sp":"ASTEROID-4","s":15.37,"m":50.49,"gd":25.62,"wic":{},"woc":{},"wgc":{},"emm":[{"Type":"1","MainRange":44,"MainValue":0.19,"FarRange":78}],"sig":[{"t":"9-1","s":"","d":{"X":0.22,"Y":-0.76}},{"t":"X1","s":"","d":{"X":0.652,"Y":0.251}}],"clr":{"R":244,"G":212,"B":214,"A":255}},"IL5-1-57":{"pid":"IL5-S","orb":7221.14,"per":120.35,"ang":29.23,"t":"ASTEROID","sp":"ASTEROID-1","s":18.41,"m":86.69,"gd":30.68,"wic":{},"woc":{},"wgc":{},"emm":[{"Type":"1","MainRange":50,"MainValue":0.29,"FarRange":216}],"sig":[{"t":"9-1","s":"","d":{"X":0.08,"Y":-0.18}},{"t":"X1","s":"","d":{"X":0.127,"Y":0.254}}],"clr":{"R":187,"G":249,"B":228,"A":255}},"IL5-1-58":{"pid":"IL5-S","orb":5877.59,"per":97.95,"ang":52.36,"t":"ASTEROID","sp":"ASTEROID-1","s":25.61,"m":233.33,"gd":42.68,"wic":{},"woc":{},"wgc":{},"emm":[{"Type":"1","MainRange":28,"MainValue":0.23,"FarRange":96},{"Type":"3","MainRange":68,"MainValue":0.09,"FarRange":153},{"Type":"10","MainRange":63,"MainValue":0.24,"FarRange":114}],"sig":[{"t":"9-1","s":"","d":{"X":-0.14,"Y":0.01}},{"t":"X1","s":"","d":{"X":-0.762,"Y":0.549}},{"t":"X3","s":"","d":{"X":-0.392,"Y":0.284}},{"t":"X10","s":"","d":{"X":0.305,"Y":-0.931}}],"clr":{"R":198,"G":226,"B":247,"A":255}},"IL5-1-59":{"pid":"IL5-S","orb":6700.89,"per":111.68,"ang":38.84,"t":"ASTEROID","sp":"ASTEROID-3","s":22.64,"m":161.35,"gd":37.74,"wic":{},"woc":{},"wgc":{},"emm":[{"Type":"1","MainRange":56,"MainValue":0.11,"FarRange":92}],"sig":[{"t":"9-1","s":"","d":{"X":0.45,"Y":0.01}},{"t":"X1","s":"","d":{"X":0.266,"Y":0.66}}],"clr":{"R":162,"G":218,"B":248,"A":255}},"IL5-1-6":{"pid":"IL5-S","orb":5535.19,"per":92.25,"ang":137.92,"t":"ASTEROID","sp":"ASTEROID-3","s":22.71,"m":162.76,"gd":37.85,"wic":{},"woc":{},"wgc":{},"emm":[{"Type":"1","MainRange":32,"MainValue":0.18,"FarRange":163}],"sig":[{"t":"9-1","s":"","d":{"X":-0.17,"Y":0.49}},{"t":"X1","s":"","d":{"X":-0.95,"Y":-0.226}}],"clr":{"R":231,"G":249,"B":253,"A":255}},"IL5-1-60":{"pid":"IL5-S","orb":6996.11,"per":116.6,"ang":277.76,"t":"ASTEROID","sp":"ASTEROID-4","s":25.08,"m":219.16,"gd":41.8,"wic":{},"woc":{},"wgc":{},"emm":[{"Type":"1","MainRange":44,"MainValue":0.3,"FarRange":129}],"sig":[{"t":"9-1","s":"","d":{"X":0.76,"Y":0.21}},{"t":"X1","s":"","d":{"X":0.982,"Y":0.032}}],"clr":{"R":171,"G":236,"B":173,"A":255}},"IL5-1-61":{"pid":"IL5-S","orb":6866.24,"per":114.43,"ang":43.77,"t":"ASTEROID","sp":"ASTEROID-2","s":27.39,"m":285.42,"gd":45.65,"wic":{},"woc":{},"wgc":{},"emm":[{"Type":"1","MainRange":48,"MainValue":0.25,"FarRange":161}],"sig":[{"t":"9-1","s":"","d":{"X":-0.9,"Y":-0.23}},{"t":"X1","s":"","d":{"X":-0.729,"Y":-0.303}}],"clr":{"R":181,"G":204,"B":238,"A":255}},"IL5-1-62":{"pid":"IL5-S","orb":7758.14,"per":129.3,"ang":359.57,"t":"ASTEROID","sp":"ASTEROID-3","s":15.26,"m":49.43,"gd":25.44,"wic":{},"woc":{},"wgc":{},"emm":[{"Type":"1","MainRange":36,"MainValue":0.14,"FarRange":104}],"sig":[{"t":"9-1","s":"","d":{"X":0.79,"Y":0.24}},{"t":"X1","s":"","d":{"X":0.458,"Y":-0.352}}],"clr":{"R":246,"G":251,"B":241,"A":255}},"IL5-1-63":{"pid":"IL5-S","orb":6128.57,"per":102.14,"ang":139.37,"t":"ASTEROID","sp":"ASTEROID-2","s":12.77,"m":28.96,"gd":21.29,"wic":{},"woc":{},"wgc":{},"emm":[{"Type":"1","MainRange":62,"MainValue":0.11,"FarRange":72}],"sig":[{"t":"9-1","s":"","d":{"X":0.56,"Y":0.32}},{"t":"X1","s":"","d":{"X":0.224,"Y":0.158}}],"clr":{"R":249,"G":253,"B":240,"A":255}},"IL5-1-64":{"pid":"IL5-S","orb":6715.48,"per":111.92,"ang":177.15,"t":"ASTEROID","sp":"ASTEROID-4","s":18.39,"m":86.42,"gd":30.65,"wic":{},"woc":{},"wgc":{},"emm":[{"Type":"1","MainRange":51,"MainValue":0.27,"FarRange":168}],"sig":[{"t":"9-1","s":"","d":{"X":0.95,"Y":-0.26}},{"t":"X1","s":"","d":{"X":-0.164,"Y":-0.755}}],"clr":{"R":251,"G":181,"B":219,"A":255}},"IL5-1-65":{"pid":"IL5-S","orb":2915.54,"per":48.59,"ang":278.81,"t":"ASTEROID","sp":"ASTEROID-5","s":25.72,"m":236.53,"gd":42.88,"wic":{},"woc":{},"wgc":{},"emm":[{"Type":"1","MainRange":47,"MainValue":0.11,"FarRange":135}],"sig":[{"t":"9-1","s":"","d":{"X":0.84,"Y":0.23}},{"t":"X1","s":"","d":{"X":0.125,"Y":0.633}}],"clr":{"R":218,"G":241,"B":170,"A":255}},"IL5-1-66":{"pid":"IL5-S","orb":2552.89,"per":42.54,"ang":187.68,"t":"ASTEROID","sp":"ASTEROID-3","s":14.29,"m":40.6,"gd":23.83,"wic":{},"woc":{},"wgc":{},"emm":[{"Type":"1","MainRange":28,"MainValue":0.21,"FarRange":134}],"sig":[{"t":"9-1","s":"","d":{"X":-0.56,"Y":0.52}},{"t":"X1","s":"","d":{"X":-0.497,"Y":-0.143}}],"clr":{"R":212,"G":230,"B":253,"A":255}},"IL5-1-67":{"pid":"IL5-S","orb":2568.01,"per":42.8,"ang":10,"t":"ASTEROID","sp":"ASTEROID-3","s":15.26,"m":49.4,"gd":25.44,"wic":{},"woc":{},"wgc":{},"emm":[{"Type":"1","MainRange":95,"MainValue":0.24,"FarRange":125}],"sig":[{"t":"9-1","s":"","d":{"X":0.21,"Y":0.59}},{"t":"X1","s":"","d":{"X":-0.833,"Y":0.16}}],"clr":{"R":231,"G":252,"B":213,"A":255}},"IL5-1-68":{"pid":"IL5-S","orb":3397.8,"per":56.63,"ang":58.88,"t":"ASTEROID","sp":"ASTEROID-2","s":23.95,"m":190.97,"gd":39.92,"wic":{},"woc":{},"wgc":{},"emm":[{"Type":"1","MainRange":69,"MainValue":0.24,"FarRange":150}],"sig":[{"t":"9-1","s":"","d":{"X":0.01,"Y":0.01}},{"t":"X1","s":"","d":{"X":0.712,"Y":0.14}}],"clr":{"R":249,"G":252,"B":253,"A":255}},"IL5-1-69":{"pid":"IL5-S","orb":2662.53,"per":44.37,"ang":338.7,"t":"ASTEROID","sp":"ASTEROID-3","s":29.99,"m":374.95,"gd":49.99,"wic":{},"woc":{},"wgc":{},"emm":[{"Type":"1","MainRange":36,"MainValue":0.16,"FarRange":102}],"sig":[{"t":"9-1","s":"","d":{"X":0.47,"Y":-0.53}},{"t":"X1","s":"","d":{"X":-0.525,"Y":0.126}}],"clr":{"R":254,"G":253,"B":254,"A":255}},"IL5-1-7":{"pid":"IL5-S","orb":6224.95,"per":103.74,"ang":320.24,"t":"ASTEROID","sp":"ASTEROID-4","s":24.56,"m":205.83,"gd":40.93,"wic":{},"woc":{},"wgc":{},"emm":[{"Type":"1","MainRange":52,"MainValue":0.31,"FarRange":190}],"sig":[{"t":"9-1","s":"","d":{"X":0.46,"Y":0.19}},{"t":"X1","s":"","d":{"X":0.067,"Y":-0.629}}],"clr":{"R":189,"G":203,"B":242,"A":255}},"IL5-1-70":{"pid":"IL5-S","orb":3125.09,"per":52.08,"ang":28.65,"t":"ASTEROID","sp":"ASTEROID-4","s":28.69,"m":328.2,"gd":47.82,"wic":{},"woc":{},"wgc":{},"emm":[{"Type":"1","MainRange":59,"MainValue":0.21,"FarRange":85}],"sig":[{"t":"9-1","s":"","d":{"X":0.64,"Y":-0.36}},{"t":"X1","s":"","d":{"X":-0.642,"Y":-0.067}}],"clr":{"R":248,"G":237,"B":254,"A":255}},"IL5-1-71":{"pid":"IL5-S","orb":2931.73,"per":48.86,"ang":121.34,"t":"ASTEROID","sp":"ASTEROID-3","s":27.77,"m":297.61,"gd":46.29,"wic":{},"woc":{},"wgc":{},"emm":[{"Type":"1","MainRange":53,"MainValue":0.1,"FarRange":141}],"sig":[{"t":"9-1","s":"","d":{"X":0.4,"Y":-0.78}},{"t":"X1","s":"","d":{"X":0.807,"Y":-0.135}}],"clr":{"R":198,"G":249,"B":213,"A":255}},"IL5-1-72":{"pid":"IL5-S","orb":2435.86,"per":40.59,"ang":180.11,"t":"ASTEROID","sp":"ASTEROID-1","s":16.74,"m":65.23,"gd":27.91,"wic":{},"woc":{},"wgc":{},"emm":[{"Type":"1","MainRange":66,"MainValue":0.22,"FarRange":195}],"sig":[{"t":"9-1","s":"","d":{"X":0.89,"Y":0.1}},{"t":"X1","s":"","d":{"X":0.323,"Y":0.079}}],"clr":{"R":203,"G":240,"B":245,"A":255}},"IL5-1-73":{"pid":"IL5-S","orb":2809.92,"per":46.83,"ang":357.91,"t":"ASTEROID","sp":"ASTEROID-1","s":22.02,"m":148.38,"gd":36.7,"wic":{},"woc":{},"wgc":{},"emm":[{"Type":"1","MainRange":33,"MainValue":0.17,"FarRange":147}],"sig":[{"t":"9-1","s":"","d":{"X":0.95,"Y":0.17}},{"t":"X1","s":"","d":{"X":0.02,"Y":-0.153}}],"clr":{"R":245,"G":254,"B":252,"A":255}},"IL5-1-74":{"pid":"IL5-S","orb":2428.13,"per":40.46,"ang":181.22,"t":"ASTEROID","sp":"ASTEROID-1","s":20.02,"m":111.59,"gd":33.38,"wic":{},"woc":{},"wgc":{},"emm":[{"Type":"1","MainRange":63,"MainValue":0.28,"FarRange":149}],"sig":[{"t":"9-1","s":"","d":{"X":-0.55,"Y":0.44}},{"t":"X1","s":"","d":{"X":-0.539,"Y":-0.353}}],"clr":{"R":218,"G":243,"B":236,"A":255}},"IL5-1-75":{"pid":"IL5-S","orb":2102.65,"per":35.04,"ang":91.3,"t":"ASTEROID","sp":"ASTEROID-4","s":11.63,"m":21.89,"gd":19.39,"wic":{},"woc":{},"wgc":{},"emm":[{"Type":"1","MainRange":46,"MainValue":0.18,"FarRange":153}],"sig":[{"t":"9-1","s":"","d":{"X":-0.27,"Y":0.32}},{"t":"X1","s":"","d":{"X":-0.053,"Y":-0.753}}],"clr":{"R":201,"G":232,"B":242,"A":255}},"IL5-1-76":{"pid":"IL5-S","orb":2512.82,"per":41.88,"ang":145.36,"t":"ASTEROID","sp":"ASTEROID-2","s":21.81,"m":144.15,"gd":36.35,"wic":{},"woc":{},"wgc":{},"emm":[{"Type":"1","MainRange":57,"MainValue":0.21,"FarRange":83}],"sig":[{"t":"9-1","s":"","d":{"X":0.73,"Y":0.08}},{"t":"X1","s":"","d":{"X":-0.14,"Y":0.152}}],"clr":{"R":245,"G":207,"B":231,"A":255}},"IL5-1-77":{"pid":"IL5-S","orb":2758.03,"per":45.96,"ang":350.56,"t":"ASTEROID","sp":"ASTEROID-1","s":14.9,"m":45.99,"gd":24.84,"wic":{},"woc":{},"wgc":{},"emm":[{"Type":"1","MainRange":47,"MainValue":0.28,"FarRange":137}],"sig":[{"t":"9-1","s":"","d":{"X":-0.17,"Y":-0.3}},{"t":"X1","s":"","d":{"X":0.525,"Y":-0.17}}],"clr":{"R":194,"G":248,"B":248,"A":255}},"IL5-1-78":{"pid":"IL5-S","orb":2526.44,"per":42.1,"ang":13.16,"t":"ASTEROID","sp":"ASTEROID-4","s":12.87,"m":29.61,"gd":21.45,"wic":{},"woc":{},"wgc":{},"emm":[{"Type":"1","MainRange":55,"MainValue":0.23,"FarRange":285}],"sig":[{"t":"9-1","s":"","d":{"X":0.67,"Y":-0.17}},{"t":"X1","s":"","d":{"X":-0.109,"Y":-0.248}}],"clr":{"R":200,"G":248,"B":222,"A":255}},"IL5-1-79":{"pid":"IL5-S","orb":2898.54,"per":48.3,"ang":63.83,"t":"ASTEROID","sp":"ASTEROID-4","s":18.53,"m":88.44,"gd":30.89,"wic":{},"woc":{},"wgc":{},"emm":[{"Type":"1","MainRange":49,"MainValue":0.24,"FarRange":177}],"sig":[{"t":"9-1","s":"","d":{"X":-0.13,"Y":-0.68}},{"t":"X1","s":"","d":{"X":0.306,"Y":-0.874}}],"clr":{"R":254,"G":251,"B":249,"A":255}},"IL5-1-8":{"pid":"IL5-S","orb":6234.9,"per":103.91,"ang":358.34,"t":"ASTEROID","sp":"ASTEROID-3","s":25.8,"m":238.65,"gd":43,"wic":{},"woc":{},"wgc":{},"emm":[{"Type":"1","MainRange":44,"MainValue":0.23,"FarRange":194}],"sig":[{"t":"9-1","s":"","d":{"X":-0.85,"Y":0.35}},{"t":"X1","s":"","d":{"X":0.905,"Y":0.306}}],"clr":{"R":222,"G":244,"B":254,"A":255}},"IL5-1-80":{"pid":"IL5-S","orb":2332.09,"per":38.86,"ang":32.46,"t":"ASTEROID","sp":"ASTEROID-4","s":16.66,"m":64.29,"gd":27.77,"wic":{},"woc":{},"wgc":{},"emm":[{"Type":"1","MainRange":71,"MainValue":0.15,"FarRange":133}],"sig":[{"t":"9-1","s":"","d":{"X":0.64,"Y":-0.41}},{"t":"X1","s":"","d":{"X":0.144,"Y":-0.778}}],"clr":{"R":242,"G":218,"B":247,"A":255}},"IL5-1-81":{"pid":"IL5-S","orb":2907.87,"per":48.46,"ang":244.37,"t":"ASTEROID","sp":"ASTEROID-4","s":21.5,"m":138.21,"gd":35.84,"wic":{},"woc":{},"wgc":{},"emm":[{"Type":"1","MainRange":69,"MainValue":0.22,"FarRange":143}],"sig":[{"t":"9-1","s":"","d":{"X":-0.98,"Y":0.1}},{"t":"X1","s":"","d":{"X":0.465,"Y":-0.383}}],"clr":{"R":177,"G":242,"B":229,"A":255}},"IL5-1-82":{"pid":"IL5-S","orb":2627.98,"per":43.79,"ang":354.3,"t":"ASTEROID","sp":"ASTEROID-1","s":22.19,"m":151.94,"gd":36.99,"wic":{},"woc":{},"wgc":{},"emm":[{"Type":"1","MainRange":56,"MainValue":0.17,"FarRange":121}],"sig":[{"t":"9-1","s":"","d":{"X":0.77,"Y":-0.12}},{"t":"X1","s":"","d":{"X":0.722,"Y":0.031}}],"clr":{"R":252,"G":244,"B":212,"A":255}},"IL5-1-83":{"pid":"IL5-S","orb":2323.73,"per":38.72,"ang":171.8,"t":"ASTEROID","sp":"ASTEROID-2","s":15.27,"m":49.53,"gd":25.46,"wic":{},"woc":{},"wgc":{},"emm":[{"Type":"1","MainRange":57,"MainValue":0.12,"FarRange":188}],"sig":[{"t":"9-1","s":"","d":{"X":0.51,"Y":0.45}},{"t":"X1","s":"","d":{"X":0.697,"Y":0.228}}],"clr":{"R":238,"G":190,"B":181,"A":255}},"IL5-1-84":{"pid":"IL5-S","orb":3356.73,"per":55.94,"ang":35.92,"t":"ASTEROID","sp":"ASTEROID-2","s":20.29,"m":116.05,"gd":33.82,"wic":{},"woc":{},"wgc":{},"emm":[{"Type":"1","MainRange":67,"MainValue":0.17,"FarRange":166}],"sig":[{"t":"9-1","s":"","d":{"X":0.81,"Y":0.55}},{"t":"X1","s":"","d":{"X":0.463,"Y":0.881}}],"clr":{"R":254,"G":253,"B":253,"A":255}},"IL5-1-85":{"pid":"IL5-S","orb":2525.89,"per":42.09,"ang":122.58,"t":"ASTEROID","sp":"ASTEROID-3","s":33.57,"m":525.51,"gd":55.95,"wic":{},"woc":{},"wgc":{},"emm":[{"Type":"1","MainRange":67,"MainValue":0.1,"FarRange":187}],"sig":[{"t":"9-1","s":"","d":{"X":0.03,"Y":0.25}},{"t":"X1","s":"","d":{"X":-0.604,"Y":-0.641}}],"clr":{"R":204,"G":213,"B":240,"A":255}},"IL5-1-86":{"pid":"IL5-S","orb":3050.07,"per":50.83,"ang":166.63,"t":"ASTEROID","sp":"ASTEROID-1","s":16.36,"m":60.81,"gd":27.26,"wic":{},"woc":{},"wgc":{},"emm":[{"Type":"1","MainRange":45,"MainValue":0.15,"FarRange":160}],"sig":[{"t":"9-1","s":"","d":{"X":-0.05,"Y":-0.75}},{"t":"X1","s":"","d":{"X":-0.218,"Y":-0.093}}],"clr":{"R":186,"G":247,"B":214,"A":255}},"IL5-1-87":{"pid":"IL5-S","orb":2404.45,"per":40.07,"ang":287.88,"t":"ASTEROID","sp":"ASTEROID-5","s":12.99,"m":30.47,"gd":21.65,"wic":{},"woc":{},"wgc":{},"emm":[{"Type":"1","MainRange":65,"MainValue":0.12,"FarRange":124}],"sig":[{"t":"9-1","s":"","d":{"X":0.57,"Y":0.64}},{"t":"X1","s":"","d":{"X":-0.258,"Y":-0.568}}],"clr":{"R":220,"G":254,"B":232,"A":255}},"IL5-1-88":{"pid":"IL5-S","orb":2346.57,"per":39.1,"ang":347.99,"t":"ASTEROID","sp":"ASTEROID-2","s":15.11,"m":47.93,"gd":25.18,"wic":{},"woc":{},"wgc":{},"emm":[{"Type":"1","MainRange":51,"MainValue":0.19,"FarRange":196}],"sig":[{"t":"9-1","s":"","d":{"X":-0.83,"Y":-0.14}},{"t":"X1","s":"","d":{"X":0.009,"Y":-0.139}}],"clr":{"R":249,"G":174,"B":191,"A":255}},"IL5-1-89":{"pid":"IL5-S","orb":2745.96,"per":45.76,"ang":130.65,"t":"ASTEROID","sp":"ASTEROID-4","s":17.32,"m":72.16,"gd":28.86,"wic":{},"woc":{},"wgc":{},"emm":[{"Type":"1","MainRange":40,"MainValue":0.19,"FarRange":121}],"sig":[{"t":"9-1","s":"","d":{"X":0.79,"Y":0.05}},{"t":"X1","s":"","d":{"X":-0.151,"Y":-0.44}}],"clr":{"R":253,"G":214,"B":249,"A":255}},"IL5-1-9":{"pid":"IL5-S","orb":5338.55,"per":88.97,"ang":287.83,"t":"ASTEROID","sp":"ASTEROID-4","s":20.41,"m":118.15,"gd":34.02,"wic":{},"woc":{},"wgc":{},"emm":[{"Type":"1","MainRange":72,"MainValue":0.16,"FarRange":188}],"sig":[{"t":"9-1","s":"","d":{"X":0.25,"Y":-0.37}},{"t":"X1","s":"","d":{"X":-0.149,"Y":-0.065}}],"clr":{"R":250,"G":224,"B":233,"A":255}},"IL5-1-90":{"pid":"IL5-S","orb":2387.9,"per":39.79,"ang":189.88,"t":"ASTEROID","sp":"ASTEROID-5","s":14.12,"m":39.12,"gd":23.53,"wic":{},"woc":{},"wgc":{},"emm":[{"Type":"1","MainRange":60,"MainValue":0.15,"FarRange":143},{"Type":"2","MainRange":24,"MainValue":0.12,"FarRange":169},{"Type":"19","MainRange":42,"MainValue":0.12,"FarRange":123}],"sig":[{"t":"9-1","s":"","d":{"X":-0.47,"Y":-0.36}},{"t":"X1","s":"","d":{"X":-0.855,"Y":0.06}},{"t":"X2","s":"","d":{"X":0.405,"Y":0.16}},{"t":"X19","s":"","d":{"X":0.461,"Y":-0.778}}],"clr":{"R":249,"G":231,"B":244,"A":255}},"IL5-1-91":{"pid":"IL5-S","orb":2675.48,"per":44.59,"ang":23.83,"t":"ASTEROID","sp":"ASTEROID-2","s":20.24,"m":115.28,"gd":33.74,"wic":{},"woc":{},"wgc":{},"emm":[{"Type":"1","MainRange":57,"MainValue":0.22,"FarRange":113}],"sig":[{"t":"9-1","s":"","d":{"X":-0.12,"Y":-0.31}},{"t":"X1","s":"","d":{"X":-0.599,"Y":0.029}}],"clr":{"R":177,"G":165,"B":249,"A":255}},"IL5-1-92":{"pid":"IL5-S","orb":3054.89,"per":50.91,"ang":341.84,"t":"ASTEROID","sp":"ASTEROID-3","s":20.3,"m":116.25,"gd":33.83,"wic":{},"woc":{},"wgc":{},"emm":[{"Type":"1","MainRange":26,"MainValue":0.17,"FarRange":173}],"sig":[{"t":"9-1","s":"","d":{"X":0.3,"Y":-0.15}},{"t":"X1","s":"","d":{"X":-0.482,"Y":-0.072}}],"clr":{"R":179,"G":252,"B":166,"A":255}},"IL5-1-93":{"pid":"IL5-S","orb":3099.5,"per":51.65,"ang":210.49,"t":"ASTEROID","sp":"ASTEROID-2","s":27.71,"m":295.59,"gd":46.18,"wic":{},"woc":{},"wgc":{},"emm":[{"Type":"1","MainRange":39,"MainValue":0.19,"FarRange":130}],"sig":[{"t":"9-1","s":"","d":{"X":0.16,"Y":0.23}},{"t":"X1","s":"","d":{"X":-0.17,"Y":0.46}}],"clr":{"R":254,"G":249,"B":253,"A":255}},"IL5-1-94":{"pid":"IL5-S","orb":2996.74,"per":49.94,"ang":281.88,"t":"ASTEROID","sp":"ASTEROID-1","s":14.43,"m":41.73,"gd":24.05,"wic":{},"woc":{},"wgc":{},"emm":[{"Type":"1","MainRange":36,"MainValue":0.03,"FarRange":251}],"sig":[{"t":"9-1","s":"","d":{"X":-0.67,"Y":-0.27}},{"t":"X1","s":"","d":{"X":0.115,"Y":-0.244}}],"clr":{"R":235,"G":217,"B":184,"A":255}},"IL5-1-95":{"pid":"IL5-S","orb":2682.61,"per":44.71,"ang":157.14,"t":"ASTEROID","sp":"ASTEROID-5","s":12.45,"m":26.82,"gd":20.75,"wic":{},"woc":{},"wgc":{},"emm":[{"Type":"1","MainRange":46,"MainValue":0.19,"FarRange":149}],"sig":[{"t":"9-1","s":"","d":{"X":-0.12,"Y":0.28}},{"t":"X1","s":"","d":{"X":-0.685,"Y":-0.155}}],"clr":{"R":253,"G":231,"B":250,"A":255}},"IL5-1-96":{"pid":"IL5-S","orb":2523,"per":42.05,"ang":214.47,"t":"ASTEROID","sp":"ASTEROID-1","s":29.48,"m":356.18,"gd":49.14,"wic":{},"woc":{},"wgc":{},"emm":[{"Type":"1","MainRange":15,"MainValue":0.15,"FarRange":195}],"sig":[{"t":"9-1","s":"","d":{"X":-0.37,"Y":-0.16}},{"t":"X1","s":"","d":{"X":0.32,"Y":0.014}}],"clr":{"R":251,"G":241,"B":244,"A":255}},"IL5-1-97":{"pid":"IL5-S","orb":2784.48,"per":46.4,"ang":5.35,"t":"ASTEROID","sp":"ASTEROID-1","s":19.49,"m":102.84,"gd":32.48,"wic":{},"woc":{},"wgc":{},"emm":[{"Type":"1","MainRange":36,"MainValue":0.24,"FarRange":142}],"sig":[{"t":"9-1","s":"","d":{"X":-0.8,"Y":-0.21}},{"t":"X1","s":"","d":{"X":0.444,"Y":-0.391}}],"clr":{"R":185,"G":248,"B":248,"A":255}},"IL5-1-98":{"pid":"IL5-S","orb":2705.78,"per":45.09,"ang":136.47,"t":"ASTEROID","sp":"ASTEROID-4","s":27.84,"m":299.85,"gd":46.4,"wic":{},"woc":{},"wgc":{},"emm":[{"Type":"1","MainRange":27,"MainValue":0.23,"FarRange":85},{"Type":"14","MainRange":51,"MainValue":0.16,"FarRange":122}],"sig":[{"t":"9-1","s":"","d":{"X":-0.08,"Y":-0.4}},{"t":"X1","s":"","d":{"X":0.859,"Y":-0.231}},{"t":"X14","s":"","d":{"X":-0.671,"Y":0.215}}],"clr":{"R":195,"G":223,"B":252,"A":255}},"IL5-1-99":{"pid":"IL5-S","orb":2211.65,"per":36.86,"ang":115.29,"t":"ASTEROID","sp":"ASTEROID-4","s":21.79,"m":143.79,"gd":36.32,"wic":{},"woc":{},"wgc":{},"emm":[{"Type":"1","MainRange":34,"MainValue":0.27,"FarRange":160}],"sig":[{"t":"9-1","s":"","d":{"X":0.73,"Y":0.44}},{"t":"X1","s":"","d":{"X":-0.023,"Y":0.253}}],"clr":{"R":226,"G":176,"B":251,"A":255}},"IL5-2-0":{"pid":"IL5-S","orb":14613.46,"per":243.55,"ang":107.78,"t":"ASTEROID","sp":"ASTEROID-2","s":9.88,"m":13.39,"gd":16.46,"wic":{},"woc":{},"wgc":{},"emm":[{"Type":"1","MainRange":41,"MainValue":0.13,"FarRange":138}],"sig":[{"t":"9-1","s":"","d":{"X":0.45,"Y":0.03}},{"t":"X1","s":"","d":{"X":0.568,"Y":-0.64}}],"clr":{"R":254,"G":173,"B":240,"A":255}},"IL5-2-1":{"pid":"IL5-S","orb":11306.76,"per":188.44,"ang":327.64,"t":"ASTEROID","sp":"ASTEROID-4","s":22.19,"m":151.95,"gd":36.99,"wic":{},"woc":{},"wgc":{},"emm":[{"Type":"1","MainRange":64,"MainValue":0.21,"FarRange":104}],"sig":[{"t":"9-1","s":"","d":{"X":0.86,"Y":0.28}},{"t":"X1","s":"","d":{"X":-0.594,"Y":0.089}}],"clr":{"R":246,"G":250,"B":253,"A":255}},"IL5-2-10":{"pid":"IL5-S","orb":14893.54,"per":248.22,"ang":130,"t":"ASTEROID","sp":"ASTEROID-1","s":18.88,"m":93.5,"gd":31.47,"wic":{},"woc":{},"wgc":{},"emm":[{"Type":"1","MainRange":51,"MainValue":0.27,"FarRange":205}],"sig":[{"t":"9-1","s":"","d":{"X":-0.47,"Y":-0.18}},{"t":"X1","s":"","d":{"X":0.473,"Y":0.453}}],"clr":{"R":189,"G":242,"B":228,"A":255}},"IL5-2-11":{"pid":"IL5-S","orb":14065.52,"per":234.42,"ang":76.65,"t":"ASTEROID","sp":"ASTEROID-4","s":14.14,"m":39.27,"gd":23.56,"wic":{},"woc":{},"wgc":{},"emm":[{"Type":"1","MainRange":72,"MainValue":0.21,"FarRange":150}],"sig":[{"t":"9-1","s":"","d":{"X":-0.21,"Y":0.04}},{"t":"X1","s":"","d":{"X":0.054,"Y":0.386}}],"clr":{"R":245,"G":249,"B":253,"A":255}},"IL5-2-12":{"pid":"IL5-S","orb":14819.83,"per":246.99,"ang":296.83,"t":"ASTEROID","sp":"ASTEROID-2","s":18.27,"m":84.78,"gd":30.46,"wic":{},"woc":{},"wgc":{},"emm":[{"Type":"1","MainRange":62,"MainValue":0.13,"FarRange":153}],"sig":[{"t":"9-1","s":"","d":{"X":0.39,"Y":-0.38}},{"t":"X1","s":"","d":{"X":-0.768,"Y":0.342}}],"clr":{"R":170,"G":186,"B":241,"A":255}},"IL5-2-13":{"pid":"IL5-S","orb":15387.37,"per":256.45,"ang":41.27,"t":"ASTEROID","sp":"ASTEROID-1","s":13.6,"m":34.98,"gd":22.67,"wic":{},"woc":{},"wgc":{},"emm":[{"Type":"1","MainRange":40,"MainValue":0.12,"FarRange":95},{"Type":"12","MainRange":68,"MainValue":0.19,"FarRange":81},{"Type":"3","MainRange":51,"MainValue":0.14,"FarRange":110}],"sig":[{"t":"9-1","s":"","d":{"X":0.97,"Y":0.12}},{"t":"X1","s":"","d":{"X":0.289,"Y":-0.248}},{"t":"X12","s":"","d":{"X":-0.2,"Y":0.959}},{"t":"X3","s":"","d":{"X":-0.091,"Y":-0.904}}],"clr":{"R":247,"G":192,"B":198,"A":255}},"IL5-2-14":{"pid":"IL5-S","orb":15196.06,"per":253.26,"ang":60.13,"t":"ASTEROID","sp":"ASTEROID-5","s":16.67,"m":64.38,"gd":27.78,"wic":{},"woc":{},"wgc":{},"emm":[{"Type":"1","MainRange":42,"MainValue":0.11,"FarRange":139}],"sig":[{"t":"9-1","s":"","d":{"X":0.47,"Y":0.5}},{"t":"X1","s":"","d":{"X":-0.016,"Y":0.746}}],"clr":{"R":218,"G":223,"B":253,"A":255}},"IL5-2-15":{"pid":"IL5-S","orb":13067.63,"per":217.79,"ang":333.03,"t":"ASTEROID","sp":"ASTEROID-3","s":21.26,"m":133.57,"gd":35.44,"wic":{},"woc":{},"wgc":{},"emm":[{"Type":"1","MainRange":72,"MainValue":0.16,"FarRange":167}],"sig":[{"t":"9-1","s":"","d":{"X":-0.69,"Y":0.02}},{"t":"X1","s":"","d":{"X":0.217,"Y":-0.668}}],"clr":{"R":254,"G":244,"B":246,"A":255}},"IL5-2-16":{"pid":"IL5-S","orb":16724.43,"per":278.74,"ang":219.03,"t":"ASTEROID","sp":"ASTEROID-1","s":16.52,"m":62.68,"gd":27.54,"wic":{},"woc":{},"wgc":{},"emm":[{"Type":"1","MainRange":36,"MainValue":0.27,"FarRange":105}],"sig":[{"t":"9-1","s":"","d":{"X":-0.6,"Y":-0.49}},{"t":"X1","s":"","d":{"X":-0.152,"Y":-0.591}}],"clr":{"R":236,"G":236,"B":198,"A":255}},"IL5-2-17":{"pid":"IL5-S","orb":13987.89,"per":233.13,"ang":195.41,"t":"ASTEROID","sp":"ASTEROID-3","s":9.54,"m":12.08,"gd":15.9,"wic":{},"woc":{},"wgc":{},"emm":[{"Type":"1","MainRange":62,"MainValue":0.23,"FarRange":112}],"sig":[{"t":"9-1","s":"","d":{"X":-0.3,"Y":-0.12}},{"t":"X1","s":"","d":{"X":-0.102,"Y":-0.269}}],"clr":{"R":239,"G":195,"B":201,"A":255}},"IL5-2-18":{"pid":"IL5-S","orb":15786.46,"per":263.1,"ang":77.82,"t":"ASTEROID","sp":"ASTEROID-2","s":17.71,"m":77.26,"gd":29.53,"wic":{},"woc":{},"wgc":{},"emm":[{"Type":"1","MainRange":53,"MainValue":0.35,"FarRange":195}],"sig":[{"t":"9-1","s":"","d":{"X":-0.12,"Y":-0.89}},{"t":"X1","s":"","d":{"X":-0.306,"Y":0.154}}],"clr":{"R":193,"G":249,"B":195,"A":255}},"IL5-2-19":{"pid":"IL5-S","orb":14028.06,"per":233.8,"ang":214.33,"t":"ASTEROID","sp":"ASTEROID-1","s":20.16,"m":113.92,"gd":33.61,"wic":{},"woc":{},"wgc":{},"emm":[{"Type":"1","MainRange":21,"MainValue":0.21,"FarRange":124}],"sig":[{"t":"9-1","s":"","d":{"X":0.67,"Y":-0.4}},{"t":"X1","s":"","d":{"X":0.009,"Y":-0.434}}],"clr":{"R":249,"G":214,"B":205,"A":255}},"IL5-2-2":{"pid":"IL5-S","orb":12776.75,"per":212.94,"ang":176.18,"t":"ASTEROID","sp":"ASTEROID-4","s":30.88,"m":409.37,"gd":51.48,"wic":{},"woc":{},"wgc":{},"emm":[{"Type":"1","MainRange":54,"MainValue":0.26,"FarRange":192}],"sig":[{"t":"9-1","s":"","d":{"X":0.18,"Y":-0.14}},{"t":"X1","s":"","d":{"X":0.774,"Y":-0.029}}],"clr":{"R":190,"G":214,"B":235,"A":255}},"IL5-2-20":{"pid":"IL5-S","orb":12163.84,"per":202.73,"ang":102.46,"t":"ASTEROID","sp":"ASTEROID-4","s":21.06,"m":129.84,"gd":35.11,"wic":{},"woc":{},"wgc":{},"emm":[{"Type":"1","MainRange":43,"MainValue":0.1,"FarRange":175}],"sig":[{"t":"9-1","s":"","d":{"X":0.43,"Y":0.31}},{"t":"X1","s":"","d":{"X":0.034,"Y":0.207}}],"clr":{"R":240,"G":183,"B":238,"A":255}},"IL5-2-21":{"pid":"IL5-S","orb":13015.27,"per":216.92,"ang":334.24,"t":"ASTEROID","sp":"ASTEROID-4","s":28.89,"m":335.04,"gd":48.15,"wic":{},"woc":{},"wgc":{},"emm":[{"Type":"1","MainRange":34,"MainValue":0.2,"FarRange":161}],"sig":[{"t":"9-1","s":"","d":{"X":-0.26,"Y":0.24}},{"t":"X1","s":"","d":{"X":0.815,"Y":-0.288}}],"clr":{"R":253,"G":208,"B":218,"A":255}},"IL5-2-22":{"pid":"IL5-S","orb":15754.98,"per":262.58,"ang":339.11,"t":"ASTEROID","sp":"ASTEROID-2","s":12.05,"m":24.34,"gd":20.09,"wic":{},"woc":{},"wgc":{},"emm":[{"Type":"1","MainRange":38,"MainValue":0.21,"FarRange":108}],"sig":[{"t":"9-1","s":"","d":{"X":0.33,"Y":0.1}},{"t":"X1","s":"","d":{"X":0.266,"Y":0.689}}],"clr":{"R":254,"G":252,"B":246,"A":255}},"IL5-2-23":{"pid":"IL5-S","orb":14037.12,"per":233.95,"ang":356.19,"t":"ASTEROID","sp":"ASTEROID-2","s":21.94,"m":146.71,"gd":36.56,"wic":{},"woc":{},"wgc":{},"emm":[{"Type":"1","MainRange":73,"MainValue":0.1,"FarRange":82}],"sig":[{"t":"9-1","s":"","d":{"X":0.7,"Y":-0.52}},{"t":"X1","s":"","d":{"X":0.172,"Y":0.796}}],"clr":{"R":250,"G":244,"B":240,"A":255}},"IL5-2-24":{"pid":"IL5-S","orb":14505.7,"per":241.76,"ang":288.83,"t":"ASTEROID","sp":"ASTEROID-5","s":12.16,"m":25,"gd":20.27,"wic":{},"woc":{},"wgc":{},"emm":[{"Type":"1","MainRange":51,"MainValue":0.16,"FarRange":199}],"sig":[{"t":"9-1","s":"","d":{"X":-0.07,"Y":-0.79}},{"t":"X1","s":"","d":{"X":-0.903,"Y":-0.01}}],"clr":{"R":208,"G":246,"B":244,"A":255}},"IL5-2-25":{"pid":"IL5-S","orb":11390.9,"per":189.84,"ang":322.49,"t":"ASTEROID","sp":"ASTEROID-2","s":30.68,"m":401.12,"gd":51.13,"wic":{},"woc":{},"wgc":{},"emm":[{"Type":"1","MainRange":60,"MainValue":0.15,"FarRange":142}],"sig":[{"t":"9-1","s":"","d":{"X":-0.27,"Y":0.62}},{"t":"X1","s":"","d":{"X":0.594,"Y":0.541}}],"clr":{"R":210,"G":247,"B":207,"A":255}},"IL5-2-26":{"pid":"IL5-S","orb":15615.24,"per":260.25,"ang":289.6,"t":"ASTEROID","sp":"ASTEROID-1","s":30.83,"m":407.26,"gd":51.39,"wic":{},"woc":{},"wgc":{},"emm":[{"Type":"1","MainRange":42,"MainValue":0.17,"FarRange":222}],"sig":[{"t":"9-1","s":"","d":{"X":0.25,"Y":-0.96}},{"t":"X1","s":"","d":{"X":-0.514,"Y":0.452}}],"clr":{"R":246,"G":229,"B":253,"A":255}},"IL5-2-27":{"pid":"IL5-S","orb":12570.46,"per":209.5,"ang":260.08,"t":"ASTEROID","sp":"ASTEROID-1","s":16.49,"m":62.31,"gd":27.48,"wic":{},"woc":{},"wgc":{},"emm":[{"Type":"1","MainRange":63,"MainValue":0.18,"FarRange":256},{"Type":"14","MainRange":46,"MainValue":0.21,"FarRange":131}],"sig":[{"t":"9-1","s":"","d":{"X":-0.1,"Y":-0.05}},{"t":"X1","s":"","d":{"X":-0.535,"Y":0.37}},{"t":"X14","s":"","d":{"X":-0.582,"Y":-0.69}}],"clr":{"R":209,"G":230,"B":177,"A":255}},"IL5-2-28":{"pid":"IL5-S","orb":13434.28,"per":223.9,"ang":181.03,"t":"ASTEROID","sp":"ASTEROID-1","s":24.34,"m":200.51,"gd":40.58,"wic":{},"woc":{},"wgc":{},"emm":[{"Type":"1","MainRange":47,"MainValue":0.11,"FarRange":179}],"sig":[{"t":"9-1","s":"","d":{"X":0.28,"Y":0.26}},{"t":"X1","s":"","d":{"X":0.465,"Y":0.381}}],"clr":{"R":253,"G":252,"B":243,"A":255}},"IL5-2-29":{"pid":"IL5-S","orb":12432.74,"per":207.21,"ang":37.78,"t":"ASTEROID","sp":"ASTEROID-5","s":16.32,"m":60.4,"gd":27.2,"wic":{},"woc":{},"wgc":{},"emm":[{"Type":"1","MainRange":48.6,"MainValue":0.27,"FarRange":54}],"sig":[{"t":"9-1","s":"","d":{"X":0.44,"Y":-0.42}},{"t":"X1","s":"","d":{"X":0.949,"Y":-0.163}}],"clr":{"R":195,"G":253,"B":207,"A":255}},"IL5-2-3":{"pid":"IL5-S","orb":14939.64,"per":248.99,"ang":334.45,"t":"ASTEROID","sp":"ASTEROID-5","s":24.62,"m":207.28,"gd":41.03,"wic":{},"woc":{},"wgc":{},"emm":[{"Type":"1","MainRange":59,"MainValue":0.19,"FarRange":103},{"Type":"11","MainRange":38,"MainValue":0.18,"FarRange":50}],"sig":[{"t":"9-1","s":"","d":{"X":0.06,"Y":0.37}},{"t":"X1","s":"","d":{"X":-0.889,"Y":0.2}},{"t":"X11","s":"","d":{"X":-0.632,"Y":-0.239}}],"clr":{"R":192,"G":222,"B":247,"A":255}},"IL5-2-30":{"pid":"IL5-S","orb":13327.85,"per":222.13,"ang":262.79,"t":"ASTEROID","sp":"ASTEROID-4","s":17.87,"m":79.28,"gd":29.78,"wic":{},"woc":{},"wgc":{},"emm":[{"Type":"1","MainRange":70,"MainValue":0.21,"FarRange":191}],"sig":[{"t":"9-1","s":"","d":{"X":-0.48,"Y":-0.35}},{"t":"X1","s":"","d":{"X":-0.953,"Y":-0.188}}],"clr":{"R":253,"G":198,"B":219,"A":255}},"IL5-2-31":{"pid":"IL5-S","orb":12902,"per":215.03,"ang":66.48,"t":"ASTEROID","sp":"ASTEROID-5","s":27.6,"m":292.24,"gd":46.01,"wic":{},"woc":{},"wgc":{},"emm":[{"Type":"1","MainRange":37,"MainValue":0.2,"FarRange":190}],"sig":[{"t":"9-1","s":"","d":{"X":-0.15,"Y":-0.32}},{"t":"X1","s":"","d":{"X":-0.1,"Y":0.229}}],"clr":{"R":254,"G":241,"B":241,"A":255}},"IL5-2-32":{"pid":"IL5-S","orb":13121.24,"per":218.68,"ang":283.64,"t":"ASTEROID","sp":"ASTEROID-4","s":21.35,"m":135.16,"gd":35.58,"wic":{},"woc":{},"wgc":{},"emm":[{"Type":"1","MainRange":44,"MainValue":0.18,"FarRange":90}],"sig":[{"t":"9-1","s":"","d":{"X":-0.18,"Y":0.59}},{"t":"X1","s":"","d":{"X":-0.283,"Y":-0.091}}],"clr":{"R":245,"G":214,"B":207,"A":255}},"IL5-2-33":{"pid":"IL5-S","orb":15592.36,"per":259.87,"ang":262.9,"t":"ASTEROID","sp":"ASTEROID-2","s":13.22,"m":32.09,"gd":22.03,"wic":{},"woc":{},"wgc":{},"emm":[{"Type":"1","MainRange":42,"MainValue":0.33,"FarRange":105}],"sig":[{"t":"9-1","s":"","d":{"X":-0.76,"Y":0.48}},{"t":"X1","s":"","d":{"X":0.948,"Y":0.048}}],"clr":{"R":243,"G":254,"B":254,"A":255}},"IL5-2-34":{"pid":"IL5-S","orb":14730.17,"per":245.5,"ang":316.95,"t":"ASTEROID","sp":"ASTEROID-3","s":21.24,"m":133.16,"gd":35.4,"wic":{},"woc":{},"wgc":{},"emm":[{"Type":"1","MainRange":55,"MainValue":0.16,"FarRange":155}],"sig":[{"t":"9-1","s":"","d":{"X":0.72,"Y":0.37}},{"t":"X1","s":"","d":{"X":-0.947,"Y":-0.063}}],"clr":{"R":227,"G":249,"B":245,"A":255}},"IL5-2-35":{"pid":"IL5-S","orb":16283.6,"per":271.39,"ang":204.32,"t":"ASTEROID","sp":"ASTEROID-1","s":32.04,"m":456.89,"gd":53.4,"wic":{},"woc":{},"wgc":{},"emm":[{"Type":"1","MainRange":29,"MainValue":0.23,"FarRange":181}],"sig":[{"t":"9-1","s":"","d":{"X":-0.31,"Y":0.86}},{"t":"X1","s":"","d":{"X":0.127,"Y":-0.386}}],"clr":{"R":249,"G":247,"B":186,"A":255}},"IL5-2-36":{"pid":"IL5-S","orb":13535.42,"per":225.59,"ang":59.22,"t":"ASTEROID","sp":"ASTEROID-2","s":15.82,"m":55.03,"gd":26.37,"wic":{},"woc":{},"wgc":{},"emm":[{"Type":"1","MainRange":13.5,"MainValue":0.12,"FarRange":15}],"sig":[{"t":"9-1","s":"","d":{"X":-0.14,"Y":0.55}},{"t":"X1","s":"","d":{"X":0.3,"Y":-0.806}}],"clr":{"R":251,"G":240,"B":224,"A":255}},"IL5-2-37":{"pid":"IL5-S","orb":16538.98,"per":275.64,"ang":225.86,"t":"ASTEROID","sp":"ASTEROID-2","s":21.12,"m":130.86,"gd":35.2,"wic":{},"woc":{},"wgc":{},"emm":[{"Type":"1","MainRange":65,"MainValue":0.19,"FarRange":208}],"sig":[{"t":"9-1","s":"","d":{"X":-0.56,"Y":0.18}},{"t":"X1","s":"","d":{"X":0.311,"Y":0.294}}],"clr":{"R":251,"G":230,"B":203,"A":255}},"IL5-2-38":{"pid":"IL5-S","orb":13576.12,"per":226.26,"ang":249.17,"t":"ASTEROID","sp":"ASTEROID-3","s":26.08,"m":246.49,"gd":43.47,"wic":{},"woc":{},"wgc":{},"emm":[{"Type":"1","MainRange":43,"MainValue":0.11,"FarRange":174}],"sig":[{"t":"9-1","s":"","d":{"X":-0.17,"Y":0.63}},{"t":"X1","s":"","d":{"X":0.451,"Y":-0.429}}],"clr":{"R":254,"G":254,"B":254,"A":255}},"IL5-2-39":{"pid":"IL5-S","orb":14457.3,"per":240.95,"ang":68.37,"t":"ASTEROID","sp":"ASTEROID-3","s":19.25,"m":99.13,"gd":32.08,"wic":{},"woc":{},"wgc":{},"emm":[{"Type":"1","MainRange":62,"MainValue":0.21,"FarRange":176},{"Type":"26","MainRange":48,"MainValue":0.19,"FarRange":114}],"sig":[{"t":"9-1","s":"","d":{"X":-0.18,"Y":0.73}},{"t":"X1","s":"","d":{"X":-0.511,"Y":-0.149}},{"t":"X26","s":"","d":{"X":-0.662,"Y":0.662}}],"clr":{"R":219,"G":209,"B":253,"A":255}},"IL5-2-4":{"pid":"IL5-S","orb":13191.44,"per":219.85,"ang":63.24,"t":"ASTEROID","sp":"ASTEROID-3","s":23.21,"m":173.74,"gd":38.68,"wic":{},"woc":{},"wgc":{},"emm":[{"Type":"1","MainRange":53,"MainValue":0.19,"FarRange":109}],"sig":[{"t":"9-1","s":"","d":{"X":-0.73,"Y":0.32}},{"t":"X1","s":"","d":{"X":0.242,"Y":-0.37}}],"clr":{"R":243,"G":254,"B":254,"A":255}},"IL5-2-40":{"pid":"IL5-S","orb":14394.75,"per":239.91,"ang":52.84,"t":"ASTEROID","sp":"ASTEROID-2","s":20.84,"m":125.75,"gd":34.73,"wic":{},"woc":{},"wgc":{},"emm":[{"Type":"1","MainRange":58,"MainValue":0.15,"FarRange":107}],"sig":[{"t":"9-1","s":"","d":{"X":-0.35,"Y":-0.29}},{"t":"X1","s":"","d":{"X":0.184,"Y":-0.896}}],"clr":{"R":249,"G":236,"B":244,"A":255}},"IL5-2-41":{"pid":"IL5-S","orb":15518.2,"per":258.63,"ang":12.92,"t":"ASTEROID","sp":"ASTEROID-5","s":16.83,"m":66.23,"gd":28.05,"wic":{},"woc":{},"wgc":{},"emm":[{"Type":"1","MainRange":42,"MainValue":0.21,"FarRange":242}],"sig":[{"t":"9-1","s":"","d":{"X":-0.73,"Y":0.62}},{"t":"X1","s":"","d":{"X":-0.211,"Y":-0.263}}],"clr":{"R":244,"G":243,"B":253,"A":255}},"IL5-2-42":{"pid":"IL5-S","orb":12747.21,"per":212.45,"ang":301.65,"t":"ASTEROID","sp":"ASTEROID-5","s":17.98,"m":80.78,"gd":29.97,"wic":{},"woc":{},"wgc":{},"emm":[{"Type":"1","MainRange":36,"MainValue":0.22,"FarRange":160}],"sig":[{"t":"9-1","s":"","d":{"X":0.78,"Y":0.54}},{"t":"X1","s":"","d":{"X":-0.839,"Y":0.319}}],"clr":{"R":251,"G":245,"B":240,"A":255}},"IL5-2-43":{"pid":"IL5-S","orb":14432.99,"per":240.54,"ang":324.28,"t":"ASTEROID","sp":"ASTEROID-3","s":23.54,"m":181.3,"gd":39.24,"wic":{},"woc":{},"wgc":{},"emm":[{"Type":"1","MainRange":75,"MainValue":0.18,"FarRange":100}],"sig":[{"t":"9-1","s":"","d":{"X":-0.49,"Y":0.54}},{"t":"X1","s":"","d":{"X":-0.734,"Y":-0.294}}],"clr":{"R":246,"G":247,"B":252,"A":255}},"IL5-2-44":{"pid":"IL5-S","orb":12878.62,"per":214.64,"ang":134.18,"t":"ASTEROID","sp":"ASTEROID-3","s":14.64,"m":43.6,"gd":24.4,"wic":{},"woc":{},"wgc":{},"emm":[{"Type":"1","MainRange":34,"MainValue":0.26,"FarRange":141}],"sig":[{"t":"9-1","s":"","d":{"X":-0.37,"Y":-0.43}},{"t":"X1","s":"","d":{"X":-0.676,"Y":0.214}}],"clr":{"R":252,"G":254,"B":253,"A":255}},"IL5-2-45":{"pid":"IL5-S","orb":15933.09,"per":265.55,"ang":93.37,"t":"ASTEROID","sp":"ASTEROID-2","s":16.45,"m":61.91,"gd":27.43,"wic":{},"woc":{},"wgc":{},"emm":[{"Type":"1","MainRange":61,"MainValue":0.17,"FarRange":122},{"Type":"20","MainRange":56,"MainValue":0.17,"FarRange":150}],"sig":[{"t":"9-1","s":"","d":{"X":0.38,"Y":0.68}},{"t":"X1","s":"","d":{"X":0.705,"Y":0.49}},{"t":"X20","s":"","d":{"X":0.289,"Y":0.915}}],"clr":{"R":247,"G":234,"B":220,"A":255}},"IL5-2-46":{"pid":"IL5-S","orb":14801.08,"per":246.68,"ang":10.13,"t":"ASTEROID","sp":"ASTEROID-3","s":17.72,"m":77.36,"gd":29.54,"wic":{},"woc":{},"wgc":{},"emm":[{"Type":"1","MainRange":39,"MainValue":0.28,"FarRange":136},{"Type":"2","MainRange":61,"MainValue":0.18,"FarRange":159},{"Type":"16","MainRange":91,"MainValue":0.2,"FarRange":144},{"Type":"3","MainRange":51,"MainValue":0.12,"FarRange":167},{"Type":"10","MainRange":56,"MainValue":0.18,"FarRange":190},{"Type":"14","MainRange":35,"MainValue":0.15,"FarRange":157},{"Type":"12","MainRange":26,"MainValue":0.14,"FarRange":126},{"Type":"25","MainRange":63,"MainValue":0.21,"FarRange":187}],"sig":[{"t":"9-1","s":"","d":{"X":0.98,"Y":0.12}},{"t":"X1","s":"","d":{"X":0.596,"Y":-0.082}},{"t":"X2","s":"","d":{"X":-0.698,"Y":-0.143}},{"t":"X16","s":"","d":{"X":-0.376,"Y":0.814}},{"t":"X3","s":"","d":{"X":0.885,"Y":0.351}},{"t":"X10","s":"","d":{"X":0.438,"Y":-0.004}},{"t":"X14","s":"","d":{"X":-0.505,"Y":0.635}},{"t":"X12","s":"","d":{"X":0.608,"Y":-0.355}},{"t":"X25","s":"","d":{"X":-0.425,"Y":0.904}}],"clr":{"R":227,"G":219,"B":245,"A":255}},"IL5-2-47":{"pid":"IL5-S","orb":13611.5,"per":226.85,"ang":263.79,"t":"ASTEROID","sp":"ASTEROID-5","s":27.29,"m":282.55,"gd":45.49,"wic":{},"woc":{},"wgc":{},"emm":[{"Type":"1","MainRange":58,"MainValue":0.27,"FarRange":169}],"sig":[{"t":"9-1","s":"","d":{"X":-0.13,"Y":-0.59}},{"t":"X1","s":"","d":{"X":0.248,"Y":0.483}}],"clr":{"R":247,"G":230,"B":206,"A":255}},"IL5-2-48":{"pid":"IL5-S","orb":14439.99,"per":240.66,"ang":137.85,"t":"ASTEROID","sp":"ASTEROID-3","s":18.88,"m":93.56,"gd":31.47,"wic":{},"woc":{},"wgc":{},"emm":[{"Type":"1","MainRange":48,"MainValue":0.29,"FarRange":235}],"sig":[{"t":"9-1","s":"","d":{"X":0.17,"Y":0.52}},{"t":"X1","s":"","d":{"X":0.716,"Y":-0.309}}],"clr":{"R":233,"G":254,"B":247,"A":255}},"IL5-2-5":{"pid":"IL5-S","orb":14082.24,"per":234.7,"ang":204.68,"t":"ASTEROID","sp":"ASTEROID-1","s":35.4,"m":616.63,"gd":59.01,"wic":{},"woc":{},"wgc":{},"emm":[{"Type":"1","MainRange":25,"MainValue":0.22,"FarRange":199}],"sig":[{"t":"9-1","s":"","d":{"X":0.28,"Y":0.87}},{"t":"X1","s":"","d":{"X":-0.773,"Y":0.306}}],"clr":{"R":196,"G":247,"B":219,"A":255}},"IL5-2-6":{"pid":"IL5-S","orb":13044.26,"per":217.4,"ang":111.32,"t":"ASTEROID","sp":"ASTEROID-5","s":13.39,"m":33.38,"gd":22.32,"wic":{},"woc":{},"wgc":{},"emm":[{"Type":"1","MainRange":65,"MainValue":0.18,"FarRange":174},{"Type":"19","MainRange":37,"MainValue":0.12,"FarRange":66},{"Type":"2","MainRange":30,"MainValue":0.29,"FarRange":151}],"sig":[{"t":"9-1","s":"","d":{"X":-0.03,"Y":-0.6}},{"t":"X1","s":"","d":{"X":-0.456,"Y":-0.412}},{"t":"X19","s":"","d":{"X":-0.394,"Y":0.499}},{"t":"X2","s":"","d":{"X":-0.282,"Y":-0.069}}],"clr":{"R":242,"G":198,"B":231,"A":255}},"IL5-2-7":{"pid":"IL5-S","orb":12401.86,"per":206.69,"ang":48.9,"t":"ASTEROID","sp":"ASTEROID-2","s":20.15,"m":113.64,"gd":33.58,"wic":{},"woc":{},"wgc":{},"emm":[{"Type":"1","MainRange":28.8,"MainValue":0.2,"FarRange":32}],"sig":[{"t":"9-1","s":"","d":{"X":0.73,"Y":0.65}},{"t":"X1","s":"","d":{"X":-0.548,"Y":-0.446}}],"clr":{"R":215,"G":253,"B":244,"A":255}},"IL5-2-8":{"pid":"IL5-S","orb":13710.53,"per":228.5,"ang":217.32,"t":"ASTEROID","sp":"ASTEROID-5","s":25.69,"m":235.6,"gd":42.82,"wic":{},"woc":{},"wgc":{},"emm":[{"Type":"1","MainRange":47,"MainValue":0.22,"FarRange":193}],"sig":[{"t":"9-1","s":"","d":{"X":0.23,"Y":0.57}},{"t":"X1","s":"","d":{"X":-0.616,"Y":-0.235}}],"clr":{"R":235,"G":236,"B":254,"A":255}},"IL5-2-9":{"pid":"IL5-S","orb":11557.16,"per":192.61,"ang":108.79,"t":"ASTEROID","sp":"ASTEROID-3","s":14.72,"m":44.34,"gd":24.54,"wic":{},"woc":{},"wgc":{},"emm":[{"Type":"1","MainRange":56,"MainValue":0.29,"FarRange":87}],"sig":[{"t":"9-1","s":"","d":{"X":-0.03,"Y":0.84}},{"t":"X1","s":"","d":{"X":0.563,"Y":-0.624}}],"clr":{"R":243,"G":166,"B":199,"A":255}},"IL5-499":{"pid":"IL5-S","orb":15129.75,"per":252.16,"t":"GASPLANET","sp":"GASPLANET-13","s":294.32,"m":247877.21,"gd":490.53,"wic":{},"woc":{},"wgc":{},"sig":[{"t":"0-2","s":"","d":{"X":-0.73,"Y":0.34}},{"t":"1-3","s":"","d":{"X":0.79,"Y":0.17}},{"t":"3-1","s":"","d":{"X":0.62,"Y":-0.79}},{"t":"6-3","s":"","d":{"X":-0.3,"Y":-0.82}},{"t":"7-2","s":"","d":{"X":-0.18,"Y":0.64}},{"t":"7-3","s":"","d":{"X":0.8,"Y":-0.12}},{"t":"8-1","s":"","d":{"X":-0.92,"Y":-0.17}},{"t":"10-1","s":"","d":{"X":0.19,"Y":-0.33}},{"t":"11-1","s":"","d":{"X":-0.22,"Y":-0.04}}],"clr":{"R":202,"G":210,"B":240,"A":255}},"IL5-585":{"pid":"IL5-S","orb":1111.64,"per":18.52,"t":"GASPLANET","sp":"GASPLANET-36","s":314.82,"m":303360.8,"gd":524.7,"wic":{},"woc":{},"wgc":{},"sig":[{"t":"0-2","s":"","d":{"X":-0.88,"Y":-0.27}},{"t":"1-3","s":"","d":{"X":0.53,"Y":0.83}},{"t":"3-1","s":"","d":{"X":-0.43,"Y":0.5}},{"t":"6-3","s":"","d":{"X":0.18,"Y":0.86}},{"t":"11-1","s":"","d":{"X":0.29,"Y":-0.6}}],"clr":{"R":214,"G":180,"B":243,"A":255}},"IL5-S":{"t":"STAR","sp":"STAR-7","s":429.79,"m":4410808.12,"gd":1432.65,"wic":{},"woc":{},"wgc":{},"emm":[{"Type":"2","MainRange":896,"MainValue":5.79,"FarRange":2457}],"sig":[{"t":"X2","s":"","d":{"X":-0.584,"Y":0.673}}],"clr":{"R":246,"G":210,"B":236,"A":255}}}}