{"SpawnDistance":1650.0000000000002,"Points":{"EV7-343":{"pid":"EV7-S","orb":1055.27,"per":17.58,"t":"GASPLANET","sp":"GASPLANET-26","s":154.61,"m":35937.59,"gd":257.69,"wic":{},"woc":{},"wgc":{},"sig":[{"t":"0-3","s":"","d":{"X":-0.25,"Y":-0.8}},{"t":"1-3","s":"","d":{"X":-0.42,"Y":0.06}},{"t":"3-1","s":"","d":{"X":0.77,"Y":0.18}},{"t":"6-2","s":"","d":{"X":0.83,"Y":0.43}},{"t":"7-2","s":"","d":{"X":-0.11,"Y":0.7}},{"t":"7-3","s":"","d":{"X":-0.11,"Y":-0.11}},{"t":"8-1","s":"","d":{"X":0.84,"Y":-0.08}},{"t":"10-1","s":"","d":{"X":0.96,"Y":0.14}},{"t":"11-1","s":"","d":{"X":0.25,"Y":0.9}}],"clr":{"R":226,"G":247,"B":248,"A":255}},"EV7-S":{"t":"STAR","sp":"STAR-2","s":380.91,"m":3070508.27,"gd":1269.71,"wic":{},"woc":{},"wgc":{},"emm":[{"Type":"2","MainRange":457,"MainValue":3.67,"FarRange":1258}],"sig":[{"t":"X2","s":"","d":{"X":0.104,"Y":0.64}}],"clr":{"R":228,"G":230,"B":246,"A":255}}}}