{"SpawnDistance":4972.55,"Points":{"GZ0-1-0":{"pid":"GZ0-S","orb":2863.85,"per":47.73,"ang":334.22,"t":"ASTEROID","sp":"ASTEROID-4","s":16.71,"m":64.88,"gd":27.86,"wic":{},"woc":{},"wgc":{},"emm":[{"Type":"1","MainRange":51,"MainValue":0.23,"FarRange":218}],"sig":[{"t":"9-1","s":"","d":{"X":-0.35,"Y":0.37}},{"t":"9-2","s":"","d":{"X":0.64,"Y":0.71}},{"t":"X1","s":"","d":{"X":-0.226,"Y":-0.032}}],"clr":{"R":204,"G":184,"B":245,"A":255}},"GZ0-1-1":{"pid":"GZ0-S","orb":2934.26,"per":48.9,"ang":147.3,"t":"ASTEROID","sp":"ASTEROID-2","s":27.66,"m":294.06,"gd":46.1,"wic":{},"woc":{},"wgc":{},"emm":[{"Type":"1","MainRange":42,"MainValue":0.14,"FarRange":78},{"Type":"2","MainRange":19,"MainValue":0.15,"FarRange":114},{"Type":"25","MainRange":66,"MainValue":0.28,"FarRange":188},{"Type":"12","MainRange":51,"MainValue":0.17,"FarRange":166}],"sig":[{"t":"9-1","s":"","d":{"X":-0.17,"Y":-0.46}},{"t":"9-2","s":"","d":{"X":0.91,"Y":0.32}},{"t":"X1","s":"","d":{"X":-0.039,"Y":0.268}},{"t":"X2","s":"","d":{"X":0.179,"Y":0.976}},{"t":"X25","s":"","d":{"X":0.802,"Y":-0.435}},{"t":"X12","s":"","d":{"X":0.293,"Y":-0.897}}],"clr":{"R":246,"G":191,"B":235,"A":255}},"GZ0-1-10":{"pid":"GZ0-S","orb":3182.49,"per":53.04,"ang":277.1,"t":"ASTEROID","sp":"ASTEROID-3","s":20.57,"m":121.02,"gd":34.29,"wic":{},"woc":{},"wgc":{},"emm":[{"Type":"1","MainRange":27,"MainValue":0.22,"FarRange":171}],"sig":[{"t":"9-1","s":"","d":{"X":0.56,"Y":0.47}},{"t":"9-2","s":"","d":{"X":0.59,"Y":0.52}},{"t":"X1","s":"","d":{"X":-0.617,"Y":-0.772}}],"clr":{"R":246,"G":253,"B":251,"A":255}},"GZ0-1-11":{"pid":"GZ0-S","orb":3150.75,"per":52.51,"ang":267.58,"t":"ASTEROID","sp":"ASTEROID-1","s":28.47,"m":320.7,"gd":47.46,"wic":{},"woc":{},"wgc":{},"emm":[{"Type":"1","MainRange":68,"MainValue":0.27,"FarRange":131}],"sig":[{"t":"9-1","s":"","d":{"X":0.84,"Y":0.45}},{"t":"9-2","s":"","d":{"X":-0.42,"Y":-0.88}},{"t":"X1","s":"","d":{"X":0.732,"Y":-0.556}}],"clr":{"R":176,"G":247,"B":214,"A":255}},"GZ0-1-12":{"pid":"GZ0-S","orb":3013.27,"per":50.22,"ang":107.8,"t":"ASTEROID","sp":"ASTEROID-5","s":14.23,"m":40.09,"gd":23.73,"wic":{},"woc":{},"wgc":{},"emm":[{"Type":"1","MainRange":51,"MainValue":0.12,"FarRange":164},{"Type":"2","MainRange":21,"MainValue":0.18,"FarRange":202}],"sig":[{"t":"9-1","s":"","d":{"X":0.11,"Y":0.81}},{"t":"9-2","s":"","d":{"X":-0.52,"Y":-0.5}},{"t":"X1","s":"","d":{"X":-0.248,"Y":-0.922}},{"t":"X2","s":"","d":{"X":-0.297,"Y":0.828}}],"clr":{"R":189,"G":187,"B":253,"A":255}},"GZ0-1-13":{"pid":"GZ0-S","orb":2934.23,"per":48.9,"ang":274.94,"t":"ASTEROID","sp":"ASTEROID-1","s":23.14,"m":172.27,"gd":38.58,"wic":{},"woc":{},"wgc":{},"emm":[{"Type":"1","MainRange":40,"MainValue":0.29,"FarRange":138}],"sig":[{"t":"9-1","s":"","d":{"X":-0.69,"Y":0.35}},{"t":"9-2","s":"","d":{"Y":0.39}},{"t":"X1","s":"","d":{"X":0.673,"Y":-0.391}}],"clr":{"R":234,"G":195,"B":176,"A":255}},"GZ0-1-14":{"pid":"GZ0-S","orb":3124.37,"per":52.07,"ang":325.3,"t":"ASTEROID","sp":"ASTEROID-4","s":28.49,"m":321.35,"gd":47.49,"wic":{},"woc":{},"wgc":{},"emm":[{"Type":"1","MainRange":51,"MainValue":0.19,"FarRange":209}],"sig":[{"t":"9-1","s":"","d":{"X":-0.43,"Y":-0.54}},{"t":"9-2","s":"","d":{"X":0.76,"Y":-0.43}},{"t":"X1","s":"","d":{"X":-0.412,"Y":0.207}}],"clr":{"R":245,"G":226,"B":215,"A":255}},"GZ0-1-15":{"pid":"GZ0-S","orb":2819.7,"per":46.99,"ang":332.42,"t":"ASTEROID","sp":"ASTEROID-4","s":20.44,"m":118.76,"gd":34.08,"wic":{},"woc":{},"wgc":{},"emm":[{"Type":"1","MainRange":47,"MainValue":0.17,"FarRange":140}],"sig":[{"t":"9-1","s":"","d":{"X":0.11,"Y":0.34}},{"t":"9-2","s":"","d":{"X":0.76,"Y":0.13}},{"t":"X1","s":"","d":{"X":0.812,"Y":-0.274}}],"clr":{"R":193,"G":164,"B":252,"A":255}},"GZ0-1-16":{"pid":"GZ0-S","orb":2597.69,"per":43.29,"ang":108.59,"t":"ASTEROID","sp":"ASTEROID-5","s":18.45,"m":87.24,"gd":30.75,"wic":{},"woc":{},"wgc":{},"emm":[{"Type":"1","MainRange":69,"MainValue":0.2,"FarRange":194}],"sig":[{"t":"9-1","s":"","d":{"X":-0.75,"Y":0.24}},{"t":"9-2","s":"","d":{"X":0.58,"Y":0.79}},{"t":"X1","s":"","d":{"X":-0.862,"Y":0.304}}],"clr":{"R":241,"G":226,"B":171,"A":255}},"GZ0-1-17":{"pid":"GZ0-S","orb":2885.34,"per":48.08,"ang":185.82,"t":"ASTEROID","sp":"ASTEROID-5","s":25.81,"m":238.97,"gd":43.02,"wic":{},"woc":{},"wgc":{},"emm":[{"Type":"1","MainRange":53,"MainValue":0.13,"FarRange":172}],"sig":[{"t":"9-1","s":"","d":{"X":0.88,"Y":-0.35}},{"t":"9-2","s":"","d":{"X":0.67,"Y":-0.73}},{"t":"X1","s":"","d":{"X":-0.466,"Y":0.638}}],"clr":{"R":247,"G":250,"B":253,"A":255}},"GZ0-1-18":{"pid":"GZ0-S","orb":2725.84,"per":45.43,"ang":16.85,"t":"ASTEROID","sp":"ASTEROID-1","s":15.94,"m":56.29,"gd":26.57,"wic":{},"woc":{},"wgc":{},"emm":[{"Type":"1","MainRange":53,"MainValue":0.15,"FarRange":153}],"sig":[{"t":"9-1","s":"","d":{"X":0.57,"Y":0.29}},{"t":"9-2","s":"","d":{"X":0.44,"Y":-0.26}},{"t":"X1","s":"","d":{"X":-0.971,"Y":-0.213}}],"clr":{"R":185,"G":243,"B":206,"A":255}},"GZ0-1-19":{"pid":"GZ0-S","orb":3260.14,"per":54.33,"ang":313.04,"t":"ASTEROID","sp":"ASTEROID-4","s":25.56,"m":231.96,"gd":42.6,"wic":{},"woc":{},"wgc":{},"emm":[{"Type":"1","MainRange":38,"MainValue":0.17,"FarRange":185},{"Type":"18","MainRange":27,"MainValue":0.16,"FarRange":82}],"sig":[{"t":"9-1","s":"","d":{"X":-0.23,"Y":0.81}},{"t":"9-2","s":"","d":{"X":-0.12,"Y":0.26}},{"t":"X1","s":"","d":{"X":-0.407,"Y":-0.652}},{"t":"X18","s":"","d":{"X":0.6,"Y":-0.707}}],"clr":{"R":190,"G":209,"B":249,"A":255}},"GZ0-1-2":{"pid":"GZ0-S","orb":3187.63,"per":53.12,"ang":134.19,"t":"ASTEROID","sp":"ASTEROID-4","s":10.27,"m":15.07,"gd":17.12,"wic":{},"woc":{},"wgc":{},"emm":[{"Type":"1","MainRange":47,"MainValue":0.11,"FarRange":137}],"sig":[{"t":"9-1","s":"","d":{"X":-0.58,"Y":0.38}},{"t":"9-2","s":"","d":{"X":-0.52,"Y":0.52}},{"t":"X1","s":"","d":{"X":0.245,"Y":-0.066}}],"clr":{"R":251,"G":247,"B":219,"A":255}},"GZ0-1-20":{"pid":"GZ0-S","orb":2682.55,"per":44.7,"ang":123.22,"t":"ASTEROID","sp":"ASTEROID-1","s":15.75,"m":54.28,"gd":26.25,"wic":{},"woc":{},"wgc":{},"emm":[{"Type":"1","MainRange":40,"MainValue":0.24,"FarRange":133}],"sig":[{"t":"9-1","s":"","d":{"X":-0.48,"Y":0.17}},{"t":"9-2","s":"","d":{"X":0.88,"Y":-0.45}},{"t":"X1","s":"","d":{"X":-0.417,"Y":-0.834}}],"clr":{"R":245,"G":254,"B":239,"A":255}},"GZ0-1-21":{"pid":"GZ0-S","orb":3234.03,"per":53.9,"ang":199.62,"t":"ASTEROID","sp":"ASTEROID-5","s":22.25,"m":153.18,"gd":37.09,"wic":{},"woc":{},"wgc":{},"emm":[{"Type":"1","MainRange":81,"MainValue":0.1,"FarRange":175}],"sig":[{"t":"9-1","s":"","d":{"X":-0.96,"Y":0.13}},{"t":"9-2","s":"","d":{"X":-0.19,"Y":-0.15}},{"t":"X1","s":"","d":{"X":-0.048,"Y":0.214}}],"clr":{"R":199,"G":196,"B":244,"A":255}},"GZ0-1-22":{"pid":"GZ0-S","orb":2906.11,"per":48.43,"ang":303.43,"t":"ASTEROID","sp":"ASTEROID-4","s":18.48,"m":87.73,"gd":30.8,"wic":{},"woc":{},"wgc":{},"emm":[{"Type":"1","MainRange":60,"MainValue":0.17,"FarRange":80}],"sig":[{"t":"9-1","s":"","d":{"X":0.01,"Y":0.96}},{"t":"9-2","s":"","d":{"X":0.48,"Y":0.65}},{"t":"X1","s":"","d":{"X":0.478,"Y":0.413}}],"clr":{"R":219,"G":240,"B":203,"A":255}},"GZ0-1-23":{"pid":"GZ0-S","orb":2392.61,"per":39.87,"ang":73.8,"t":"ASTEROID","sp":"ASTEROID-3","s":22.52,"m":158.75,"gd":37.54,"wic":{},"woc":{},"wgc":{},"emm":[{"Type":"1","MainRange":43,"MainValue":0.09,"FarRange":158}],"sig":[{"t":"9-1","s":"","d":{"X":0.05,"Y":-0.8}},{"t":"9-2","s":"","d":{"X":0.16,"Y":0.7}},{"t":"X1","s":"","d":{"X":-0.611,"Y":-0.461}}],"clr":{"R":218,"G":252,"B":212,"A":255}},"GZ0-1-24":{"pid":"GZ0-S","orb":2421.51,"per":40.35,"ang":15.24,"t":"ASTEROID","sp":"ASTEROID-4","s":15.11,"m":47.94,"gd":25.18,"wic":{},"woc":{},"wgc":{},"emm":[{"Type":"1","MainRange":37,"MainValue":0.27,"FarRange":142}],"sig":[{"t":"9-1","s":"","d":{"X":0.66,"Y":0.31}},{"t":"9-2","s":"","d":{"X":-0.18,"Y":-0.65}},{"t":"X1","s":"","d":{"X":0.21,"Y":0.971}}],"clr":{"R":238,"G":177,"B":235,"A":255}},"GZ0-1-25":{"pid":"GZ0-S","orb":3247.03,"per":54.11,"ang":341.96,"t":"ASTEROID","sp":"ASTEROID-1","s":23.79,"m":187.23,"gd":39.66,"wic":{},"woc":{},"wgc":{},"emm":[{"Type":"1","MainRange":42,"MainValue":0.14,"FarRange":165}],"sig":[{"t":"9-1","s":"","d":{"X":0.32,"Y":-0.15}},{"t":"9-2","s":"","d":{"X":0.17,"Y":-0.63}},{"t":"X1","s":"","d":{"X":0.744,"Y":0.058}}],"clr":{"R":218,"G":224,"B":245,"A":255}},"GZ0-1-26":{"pid":"GZ0-S","orb":2968.35,"per":49.47,"ang":113.4,"t":"ASTEROID","sp":"ASTEROID-3","s":25.13,"m":220.63,"gd":41.89,"wic":{},"woc":{},"wgc":{},"emm":[{"Type":"1","MainRange":55,"MainValue":0.17,"FarRange":219}],"sig":[{"t":"9-1","s":"","d":{"X":-0.74,"Y":-0.27}},{"t":"9-2","s":"","d":{"X":0.56,"Y":0.2}},{"t":"X1","s":"","d":{"X":0.035,"Y":0.35}}],"clr":{"R":193,"G":251,"B":229,"A":255}},"GZ0-1-27":{"pid":"GZ0-S","orb":3097.17,"per":51.61,"ang":218.06,"t":"ASTEROID","sp":"ASTEROID-4","s":17.72,"m":77.35,"gd":29.54,"wic":{},"woc":{},"wgc":{},"emm":[{"Type":"1","MainRange":49,"MainValue":0.12,"FarRange":60}],"sig":[{"t":"9-1","s":"","d":{"X":0.12,"Y":-0.76}},{"t":"9-2","s":"","d":{"X":0.61,"Y":0.66}},{"t":"X1","s":"","d":{"X":-0.689,"Y":-0.706}}],"clr":{"R":249,"G":225,"B":242,"A":255}},"GZ0-1-28":{"pid":"GZ0-S","orb":2894.58,"per":48.24,"ang":84.24,"t":"ASTEROID","sp":"ASTEROID-1","s":26.88,"m":269.86,"gd":44.8,"wic":{},"woc":{},"wgc":{},"emm":[{"Type":"1","MainRange":57,"MainValue":0.24,"FarRange":177}],"sig":[{"t":"9-1","s":"","d":{"X":0.08,"Y":-0.39}},{"t":"9-2","s":"","d":{"X":0.66,"Y":-0.4}},{"t":"X1","s":"","d":{"X":-0.278,"Y":0.699}}],"clr":{"R":227,"G":248,"B":223,"A":255}},"GZ0-1-29":{"pid":"GZ0-S","orb":3120.61,"per":52.01,"ang":324.34,"t":"ASTEROID","sp":"ASTEROID-5","s":26.58,"m":260.99,"gd":44.31,"wic":{},"woc":{},"wgc":{},"emm":[{"Type":"1","MainRange":34,"MainValue":0.23,"FarRange":143},{"Type":"3","MainRange":72,"MainValue":0.22,"FarRange":182}],"sig":[{"t":"9-1","s":"","d":{"X":-0.53,"Y":0.5}},{"t":"9-2","s":"","d":{"X":-0.7,"Y":0.33}},{"t":"X1","s":"","d":{"X":-0.488,"Y":-0.819}},{"t":"X3","s":"","d":{"X":0.932,"Y":0.113}}],"clr":{"R":175,"G":222,"B":233,"A":255}},"GZ0-1-3":{"pid":"GZ0-S","orb":2843.09,"per":47.38,"ang":13.1,"t":"ASTEROID","sp":"ASTEROID-3","s":9.41,"m":11.59,"gd":15.69,"wic":{},"woc":{},"wgc":{},"emm":[{"Type":"1","MainRange":38,"MainValue":0.27,"FarRange":240}],"sig":[{"t":"9-1","s":"","d":{"X":-0.36,"Y":0.35}},{"t":"9-2","s":"","d":{"X":-0.56,"Y":-0.46}},{"t":"X1","s":"","d":{"X":0.574,"Y":-0.112}}],"clr":{"R":191,"G":251,"B":191,"A":255}},"GZ0-1-30":{"pid":"GZ0-S","orb":3748.95,"per":62.48,"ang":150.65,"t":"ASTEROID","sp":"ASTEROID-4","s":19.36,"m":100.82,"gd":32.27,"wic":{},"woc":{},"wgc":{},"emm":[{"Type":"1","MainRange":73,"MainValue":0.24,"FarRange":167}],"sig":[{"t":"9-1","s":"","d":{"X":-0.03,"Y":-0.2}},{"t":"9-2","s":"","d":{"X":0.5,"Y":0.03}},{"t":"X1","s":"","d":{"X":0.335,"Y":-0.305}}],"clr":{"R":249,"G":184,"B":217,"A":255}},"GZ0-1-31":{"pid":"GZ0-S","orb":3003.63,"per":50.06,"ang":221.15,"t":"ASTEROID","sp":"ASTEROID-2","s":24.64,"m":207.83,"gd":41.07,"wic":{},"woc":{},"wgc":{},"emm":[{"Type":"1","MainRange":56,"MainValue":0.14,"FarRange":109}],"sig":[{"t":"9-1","s":"","d":{"X":0.38,"Y":-0.74}},{"t":"9-2","s":"","d":{"Y":0.13}},{"t":"X1","s":"","d":{"X":0.28,"Y":-0.475}}],"clr":{"R":237,"G":251,"B":247,"A":255}},"GZ0-1-32":{"pid":"GZ0-S","orb":3217.34,"per":53.62,"ang":292.34,"t":"ASTEROID","sp":"ASTEROID-3","s":10.08,"m":14.25,"gd":16.81,"wic":{},"woc":{},"wgc":{},"emm":[{"Type":"1","MainRange":61,"MainValue":0.15,"FarRange":142}],"sig":[{"t":"9-1","s":"","d":{"X":0.28,"Y":-0.11}},{"t":"9-2","s":"","d":{"X":0.69,"Y":0.67}},{"t":"X1","s":"","d":{"X":0.4,"Y":-0.738}}],"clr":{"R":226,"G":184,"B":252,"A":255}},"GZ0-1-33":{"pid":"GZ0-S","orb":2585.98,"per":43.09,"ang":69.23,"t":"ASTEROID","sp":"ASTEROID-3","s":14.79,"m":45,"gd":24.66,"wic":{},"woc":{},"wgc":{},"emm":[{"Type":"1","MainRange":47,"MainValue":0.24,"FarRange":74}],"sig":[{"t":"9-1","s":"","d":{"X":0.03,"Y":0.4}},{"t":"9-2","s":"","d":{"X":-0.89,"Y":0.03}},{"t":"X1","s":"","d":{"X":0.399,"Y":-0.701}}],"clr":{"R":238,"G":191,"B":238,"A":255}},"GZ0-1-34":{"pid":"GZ0-S","orb":3286.44,"per":54.77,"ang":49.27,"t":"ASTEROID","sp":"ASTEROID-5","s":27.32,"m":283.5,"gd":45.54,"wic":{},"woc":{},"wgc":{},"emm":[{"Type":"1","MainRange":55,"MainValue":0.29,"FarRange":239}],"sig":[{"t":"9-1","s":"","d":{"X":-0.52,"Y":-0.14}},{"t":"9-2","s":"","d":{"X":-0.25,"Y":-0.6}},{"t":"X1","s":"","d":{"X":-0.4,"Y":0.489}}],"clr":{"R":247,"G":178,"B":217,"A":255}},"GZ0-1-35":{"pid":"GZ0-S","orb":2332.73,"per":38.87,"ang":331.66,"t":"ASTEROID","sp":"ASTEROID-4","s":9.19,"m":10.79,"gd":15.32,"wic":{},"woc":{},"wgc":{},"emm":[{"Type":"1","MainRange":46,"MainValue":0.11,"FarRange":146}],"sig":[{"t":"9-1","s":"","d":{"X":0.31,"Y":0.77}},{"t":"9-2","s":"","d":{"X":0.23,"Y":0.71}},{"t":"X1","s":"","d":{"X":0.33,"Y":0.924}}],"clr":{"R":253,"G":182,"B":206,"A":255}},"GZ0-1-36":{"pid":"GZ0-S","orb":2938.86,"per":48.98,"ang":213.66,"t":"ASTEROID","sp":"ASTEROID-3","s":16.4,"m":61.27,"gd":27.33,"wic":{},"woc":{},"wgc":{},"emm":[{"Type":"1","MainRange":65,"MainValue":0.17,"FarRange":195}],"sig":[{"t":"9-1","s":"","d":{"X":-0.12,"Y":-0.86}},{"t":"9-2","s":"","d":{"X":0.97,"Y":-0.1}},{"t":"X1","s":"","d":{"X":0.07,"Y":0.393}}],"clr":{"R":232,"G":200,"B":241,"A":255}},"GZ0-1-37":{"pid":"GZ0-S","orb":2488.86,"per":41.48,"ang":173.45,"t":"ASTEROID","sp":"ASTEROID-4","s":22.14,"m":150.74,"gd":36.9,"wic":{},"woc":{},"wgc":{},"emm":[{"Type":"1","MainRange":30,"MainValue":0.21,"FarRange":162}],"sig":[{"t":"9-1","s":"","d":{"X":-0.35,"Y":-0.66}},{"t":"9-2","s":"","d":{"X":-0.3,"Y":-0.72}},{"t":"X1","s":"","d":{"X":-0.025,"Y":-0.197}}],"clr":{"R":247,"G":222,"B":231,"A":255}},"GZ0-1-38":{"pid":"GZ0-S","orb":3530.46,"per":58.84,"ang":16.83,"t":"ASTEROID","sp":"ASTEROID-3","s":24.08,"m":193.98,"gd":40.13,"wic":{},"woc":{},"wgc":{},"emm":[{"Type":"1","MainRange":57,"MainValue":0.22,"FarRange":174}],"sig":[{"t":"9-1","s":"","d":{"X":-0.71,"Y":-0.27}},{"t":"9-2","s":"","d":{"X":-0.31,"Y":-0.91}},{"t":"X1","s":"","d":{"X":0.185,"Y":0.713}}],"clr":{"R":254,"G":253,"B":250,"A":255}},"GZ0-1-39":{"pid":"GZ0-S","orb":3207.09,"per":53.45,"ang":140.29,"t":"ASTEROID","sp":"ASTEROID-5","s":15.54,"m":52.14,"gd":25.9,"wic":{},"woc":{},"wgc":{},"emm":[{"Type":"1","MainRange":39,"MainValue":0.09,"FarRange":177}],"sig":[{"t":"9-1","s":"","d":{"X":0.03,"Y":-0.85}},{"t":"9-2","s":"","d":{"X":0.34,"Y":-0.82}},{"t":"X1","s":"","d":{"X":0.035,"Y":-0.055}}],"clr":{"R":252,"G":231,"B":252,"A":255}},"GZ0-1-4":{"pid":"GZ0-S","orb":3171.42,"per":52.85,"ang":5.36,"t":"ASTEROID","sp":"ASTEROID-5","s":25.54,"m":231.61,"gd":42.58,"wic":{},"woc":{},"wgc":{},"emm":[{"Type":"1","MainRange":51,"MainValue":0.19,"FarRange":191}],"sig":[{"t":"9-1","s":"","d":{"X":0.34,"Y":0.48}},{"t":"9-2","s":"","d":{"X":-0.15,"Y":0.36}},{"t":"X1","s":"","d":{"X":0.03,"Y":0.681}}],"clr":{"R":253,"G":253,"B":244,"A":255}},"GZ0-1-40":{"pid":"GZ0-S","orb":2953.87,"per":49.23,"ang":213.72,"t":"ASTEROID","sp":"ASTEROID-1","s":22,"m":148.07,"gd":36.68,"wic":{},"woc":{},"wgc":{},"emm":[{"Type":"1","MainRange":56,"MainValue":0.2,"FarRange":114}],"sig":[{"t":"9-1","s":"","d":{"X":0.68,"Y":0.61}},{"t":"9-2","s":"","d":{"X":0.24,"Y":-0.9}},{"t":"X1","s":"","d":{"X":0.396,"Y":0.18}}],"clr":{"R":254,"G":242,"B":251,"A":255}},"GZ0-1-41":{"pid":"GZ0-S","orb":3195.11,"per":53.25,"ang":331.44,"t":"ASTEROID","sp":"ASTEROID-3","s":17.07,"m":69.18,"gd":28.46,"wic":{},"woc":{},"wgc":{},"emm":[{"Type":"1","MainRange":64,"MainValue":0.13,"FarRange":179}],"sig":[{"t":"9-1","s":"","d":{"X":0.36,"Y":0.68}},{"t":"9-2","s":"","d":{"X":-0.32,"Y":0.82}},{"t":"X1","s":"","d":{"X":-0.134,"Y":-0.033}}],"clr":{"R":253,"G":246,"B":237,"A":255}},"GZ0-1-42":{"pid":"GZ0-S","orb":2931.37,"per":48.85,"ang":344.68,"t":"ASTEROID","sp":"ASTEROID-3","s":24.33,"m":200.23,"gd":40.56,"wic":{},"woc":{},"wgc":{},"emm":[{"Type":"1","MainRange":34,"MainValue":0.2,"FarRange":116}],"sig":[{"t":"9-1","s":"","d":{"X":-0.26,"Y":0.06}},{"t":"9-2","s":"","d":{"X":0.05,"Y":0.91}},{"t":"X1","s":"","d":{"X":-0.242,"Y":0.53}}],"clr":{"R":183,"G":251,"B":169,"A":255}},"GZ0-1-43":{"pid":"GZ0-S","orb":2983.12,"per":49.71,"ang":126.14,"t":"ASTEROID","sp":"ASTEROID-1","s":18.23,"m":84.22,"gd":30.39,"wic":{},"woc":{},"wgc":{},"emm":[{"Type":"1","MainRange":40,"MainValue":0.25,"FarRange":265},{"Type":"24","MainRange":64,"MainValue":0.27,"FarRange":150},{"Type":"12","MainRange":39,"MainValue":0.25,"FarRange":170}],"sig":[{"t":"9-1","s":"","d":{"X":-0.27,"Y":-0.56}},{"t":"9-2","s":"","d":{"X":-0.71,"Y":-0.48}},{"t":"X1","s":"","d":{"X":-0.235,"Y":-0.734}},{"t":"X24","s":"","d":{"X":0.297,"Y":0.417}},{"t":"X12","s":"","d":{"X":-0.687,"Y":0.1}}],"clr":{"R":250,"G":243,"B":237,"A":255}},"GZ0-1-44":{"pid":"GZ0-S","orb":3393.85,"per":56.56,"ang":313.81,"t":"ASTEROID","sp":"ASTEROID-1","s":24.69,"m":209.28,"gd":41.16,"wic":{},"woc":{},"wgc":{},"emm":[{"Type":"1","MainRange":29,"MainValue":0.18,"FarRange":70}],"sig":[{"t":"9-1","s":"","d":{"X":0.6,"Y":0.1}},{"t":"9-2","s":"","d":{"X":0.85,"Y":-0.35}},{"t":"X1","s":"","d":{"X":0.265,"Y":0.95}}],"clr":{"R":178,"G":195,"B":243,"A":255}},"GZ0-1-45":{"pid":"GZ0-S","orb":2276.58,"per":37.94,"ang":80.14,"t":"ASTEROID","sp":"ASTEROID-2","s":16.55,"m":63.02,"gd":27.59,"wic":{},"woc":{},"wgc":{},"emm":[{"Type":"1","MainRange":65,"MainValue":0.24,"FarRange":196}],"sig":[{"t":"9-1","s":"","d":{"X":0.67,"Y":0.02}},{"t":"9-2","s":"","d":{"X":-0.45,"Y":-0.74}},{"t":"X1","s":"","d":{"X":0.695,"Y":-0.057}}],"clr":{"R":243,"G":247,"B":203,"A":255}},"GZ0-1-46":{"pid":"GZ0-S","orb":2734.85,"per":45.58,"ang":304.37,"t":"ASTEROID","sp":"ASTEROID-1","s":18.44,"m":87.11,"gd":30.73,"wic":{},"woc":{},"wgc":{},"emm":[{"Type":"1","MainRange":30,"MainValue":0.16,"FarRange":68}],"sig":[{"t":"9-1","s":"","d":{"X":0.49,"Y":-0.83}},{"t":"9-2","s":"","d":{"X":0.53,"Y":0.8}},{"t":"X1","s":"","d":{"X":0.522,"Y":0.19}}],"clr":{"R":244,"G":218,"B":235,"A":255}},"GZ0-1-47":{"pid":"GZ0-S","orb":3609.41,"per":60.15,"ang":337.35,"t":"ASTEROID","sp":"ASTEROID-4","s":21.28,"m":134.01,"gd":35.48,"wic":{},"woc":{},"wgc":{},"emm":[{"Type":"1","MainRange":67,"MainValue":0.28,"FarRange":141}],"sig":[{"t":"9-1","s":"","d":{"X":-0.53,"Y":0.63}},{"t":"9-2","s":"","d":{"X":0.11,"Y":-0.85}},{"t":"X1","s":"","d":{"X":-0.772,"Y":-0.028}}],"clr":{"R":248,"G":226,"B":235,"A":255}},"GZ0-1-48":{"pid":"GZ0-S","orb":3453.31,"per":57.55,"ang":82.52,"t":"ASTEROID","sp":"ASTEROID-3","s":18.29,"m":84.98,"gd":30.48,"wic":{},"woc":{},"wgc":{},"emm":[{"Type":"1","MainRange":36,"MainValue":0.13,"FarRange":262}],"sig":[{"t":"9-1","s":"","d":{"X":0.43,"Y":0.4}},{"t":"9-2","s":"","d":{"X":0.1,"Y":0.44}},{"t":"X1","s":"","d":{"X":-0.186,"Y":0.318}}],"clr":{"R":173,"G":237,"B":228,"A":255}},"GZ0-1-49":{"pid":"GZ0-S","orb":2913.62,"per":48.56,"ang":293.14,"t":"ASTEROID","sp":"ASTEROID-2","s":21.86,"m":145.26,"gd":36.44,"wic":{},"woc":{},"wgc":{},"emm":[{"Type":"1","MainRange":46,"MainValue":0.13,"FarRange":149}],"sig":[{"t":"9-1","s":"","d":{"X":-0.27,"Y":-0.71}},{"t":"9-2","s":"","d":{"X":-0.65,"Y":-0.05}},{"t":"X1","s":"","d":{"X":-0.713,"Y":0.234}}],"clr":{"R":254,"G":214,"B":200,"A":255}},"GZ0-1-5":{"pid":"GZ0-S","orb":3092.96,"per":51.54,"ang":206.56,"t":"ASTEROID","sp":"ASTEROID-1","s":25.41,"m":227.91,"gd":42.35,"wic":{},"woc":{},"wgc":{},"emm":[{"Type":"1","MainRange":63,"MainValue":0.19,"FarRange":130}],"sig":[{"t":"9-1","s":"","d":{"X":-0.47,"Y":0.04}},{"t":"9-2","s":"","d":{"X":-0.15,"Y":0.82}},{"t":"X1","s":"","d":{"X":-0.332,"Y":0.062}}],"clr":{"R":227,"G":202,"B":238,"A":255}},"GZ0-1-50":{"pid":"GZ0-S","orb":2588.55,"per":43.14,"ang":15.72,"t":"ASTEROID","sp":"ASTEROID-2","s":25.85,"m":240.13,"gd":43.09,"wic":{},"woc":{},"wgc":{},"emm":[{"Type":"1","MainRange":63,"MainValue":0.32,"FarRange":104}],"sig":[{"t":"9-1","s":"","d":{"X":0.23,"Y":-0.87}},{"t":"9-2","s":"","d":{"X":0.3,"Y":-0.87}},{"t":"X1","s":"","d":{"X":0.649,"Y":0.203}}],"clr":{"R":250,"G":233,"B":243,"A":255}},"GZ0-1-51":{"pid":"GZ0-S","orb":2568.59,"per":42.8,"ang":297.98,"t":"ASTEROID","sp":"ASTEROID-3","s":18.68,"m":90.62,"gd":31.14,"wic":{},"woc":{},"wgc":{},"emm":[{"Type":"1","MainRange":37,"MainValue":0.2,"FarRange":150},{"Type":"11","MainRange":49,"MainValue":0.14,"FarRange":192}],"sig":[{"t":"9-1","s":"","d":{"X":-0.02,"Y":0.02}},{"t":"9-2","s":"","d":{"X":0.12,"Y":0.03}},{"t":"X1","s":"","d":{"X":0.85,"Y":0.145}},{"t":"X11","s":"","d":{"X":0.132,"Y":0.409}}],"clr":{"R":221,"G":235,"B":192,"A":255}},"GZ0-1-52":{"pid":"GZ0-S","orb":2714.86,"per":45.24,"ang":320.39,"t":"ASTEROID","sp":"ASTEROID-1","s":18.17,"m":83.34,"gd":30.28,"wic":{},"woc":{},"wgc":{},"emm":[{"Type":"1","MainRange":59,"MainValue":0.22,"FarRange":148}],"sig":[{"t":"9-1","s":"","d":{"X":0.96,"Y":-0.17}},{"t":"9-2","s":"","d":{"X":0.29,"Y":-0.7}},{"t":"X1","s":"","d":{"X":0.344,"Y":0.454}}],"clr":{"R":220,"G":182,"B":233,"A":255}},"GZ0-1-6":{"pid":"GZ0-S","orb":2814.68,"per":46.91,"ang":90.3,"t":"ASTEROID","sp":"ASTEROID-1","s":22.15,"m":151.09,"gd":36.92,"wic":{},"woc":{},"wgc":{},"emm":[{"Type":"1","MainRange":73,"MainValue":0.19,"FarRange":158}],"sig":[{"t":"9-1","s":"","d":{"X":0.31,"Y":0.59}},{"t":"9-2","s":"","d":{"X":0.39,"Y":-0.27}},{"t":"X1","s":"","d":{"X":-0.826,"Y":0.412}}],"clr":{"R":250,"G":248,"B":254,"A":255}},"GZ0-1-7":{"pid":"GZ0-S","orb":3143.85,"per":52.39,"ang":176.6,"t":"ASTEROID","sp":"ASTEROID-5","s":23.04,"m":170.07,"gd":38.41,"wic":{},"woc":{},"wgc":{},"emm":[{"Type":"1","MainRange":48,"MainValue":0.09,"FarRange":153}],"sig":[{"t":"9-1","s":"","d":{"X":-0.72,"Y":-0.34}},{"t":"9-2","s":"","d":{"X":-0.12,"Y":0.7}},{"t":"X1","s":"","d":{"X":0.305,"Y":0.799}}],"clr":{"R":237,"G":249,"B":191,"A":255}},"GZ0-1-8":{"pid":"GZ0-S","orb":2934.21,"per":48.9,"ang":199.67,"t":"ASTEROID","sp":"ASTEROID-3","s":18.29,"m":85.05,"gd":30.49,"wic":{},"woc":{},"wgc":{},"emm":[{"Type":"1","MainRange":39,"MainValue":0.17,"FarRange":169}],"sig":[{"t":"9-1","s":"","d":{"X":-0.36,"Y":0.01}},{"t":"9-2","s":"","d":{"X":-0.26,"Y":-0.04}},{"t":"X1","s":"","d":{"X":-0.31,"Y":0.618}}],"clr":{"R":240,"G":233,"B":177,"A":255}},"GZ0-1-9":{"pid":"GZ0-S","orb":3038.98,"per":50.64,"ang":192.23,"t":"ASTEROID","sp":"ASTEROID-1","s":15.99,"m":56.87,"gd":26.66,"wic":{},"woc":{},"wgc":{},"emm":[{"Type":"1","MainRange":67,"MainValue":0.16,"FarRange":202}],"sig":[{"t":"9-1","s":"","d":{"X":0.58,"Y":0.79}},{"t":"9-2","s":"","d":{"X":-0.17,"Y":-0.18}},{"t":"X1","s":"","d":{"X":-0.727,"Y":-0.313}}],"clr":{"R":233,"G":245,"B":254,"A":255}},"GZ0-138":{"pid":"GZ0-S","orb":1175.88,"per":19.59,"t":"HARDPLANET","sp":"HARDPLANET-33","s":31.89,"m":1891.85,"gd":91.12,"wic":{},"woc":{},"wgc":{},"mi":[7],"sig":[{"t":"9-1","s":"","d":{"X":0.48,"Y":-0.04}},{"t":"9-2","s":"","d":{"X":-0.16,"Y":-0.91}},{"t":"10-1","s":"","d":{"X":-0.31,"Y":0.78}},{"t":"10-2","s":"","d":{"X":0.65,"Y":0.41}},{"t":"11-2","s":"","d":{"X":0.89,"Y":-0.07}},{"t":"12-3","s":"","d":{"X":0.46,"Y":-0.74}},{"t":"13-1","s":"","d":{"X":-0.3,"Y":0.05}},{"t":"13-2","s":"","d":{"X":0.79,"Y":-0.06}}],"clr":{"R":189,"G":212,"B":253,"A":255}},"GZ0-676":{"pid":"GZ0-S","orb":4520.5,"per":75.34,"t":"GASPLANET","sp":"GASPLANET-41","s":172.95,"m":50296.83,"gd":288.25,"wic":{},"woc":{},"wgc":{},"sig":[{"t":"0-3","s":"","d":{"X":-0.74,"Y":0.14}},{"t":"1-3","s":"","d":{"X":-0.17,"Y":0.49}},{"t":"3-1","s":"","d":{"X":-0.52,"Y":-0.67}},{"t":"6-2","s":"","d":{"X":0.31,"Y":-0.13}},{"t":"7-3","s":"","d":{"X":-0.49,"Y":0.06}},{"t":"8-1","s":"","d":{"X":-0.19,"Y":0.63}},{"t":"8-2","s":"","d":{"X":-0.57,"Y":-0.44}},{"t":"11-1","s":"","d":{"X":-0.09,"Y":0.92}}],"clr":{"R":218,"G":210,"B":250,"A":255}},"GZ0-S":{"t":"STAR","sp":"STAR-6","s":270.35,"m":1097811.59,"gd":901.18,"wic":{},"woc":{},"wgc":{},"emm":[{"Type":"2","MainRange":1059,"MainValue":4.84,"FarRange":2436}],"sig":[{"t":"X2","s":"","d":{"X":-0.503,"Y":-0.274}}],"clr":{"R":196,"G":249,"B":216,"A":255}}}}