{"SpawnDistance":3583.5800000000004,"Points":{"KP8-0-0":{"pid":"KP8-S","orb":1591.69,"per":26.52,"ang":340.91,"t":"ASTEROID","sp":"ASTEROID-5","s":20.2,"m":114.59,"gd":33.67,"wic":{},"woc":{},"wgc":{},"emm":[{"Type":"1","MainRange":47,"MainValue":0.17,"FarRange":161}],"sig":[{"t":"9-1","s":"","d":{"X":-0.11,"Y":-0.18}},{"t":"X1","s":"","d":{"X":0.931,"Y":-0.202}}],"clr":{"R":246,"G":219,"B":232,"A":255}},"KP8-0-1":{"pid":"KP8-S","orb":1535.81,"per":25.59,"ang":47.05,"t":"ASTEROID","sp":"ASTEROID-4","s":11.85,"m":23.15,"gd":19.76,"wic":{},"woc":{},"wgc":{},"emm":[{"Type":"1","MainRange":55,"MainValue":0.16,"FarRange":117}],"sig":[{"t":"9-1","s":"","d":{"X":-0.59,"Y":-0.32}},{"t":"X1","s":"","d":{"X":-0.036,"Y":-0.551}}],"clr":{"R":250,"G":214,"B":230,"A":255}},"KP8-0-10":{"pid":"KP8-S","orb":1793.45,"per":29.89,"ang":4.88,"t":"ASTEROID","sp":"ASTEROID-4","s":24.41,"m":202.01,"gd":40.68,"wic":{},"woc":{},"wgc":{},"emm":[{"Type":"1","MainRange":56,"MainValue":0.14,"FarRange":127}],"sig":[{"t":"9-1","s":"","d":{"X":0.06,"Y":-0.61}},{"t":"X1","s":"","d":{"X":0.886,"Y":0.244}}],"clr":{"R":240,"G":215,"B":208,"A":255}},"KP8-0-11":{"pid":"KP8-S","orb":1552.97,"per":25.88,"ang":179,"t":"ASTEROID","sp":"ASTEROID-4","s":22.29,"m":153.87,"gd":37.15,"wic":{},"woc":{},"wgc":{},"emm":[{"Type":"1","MainRange":62,"MainValue":0.31,"FarRange":167}],"sig":[{"t":"9-1","s":"","d":{"X":-0.11,"Y":0.16}},{"t":"X1","s":"","d":{"X":0.005,"Y":0.475}}],"clr":{"R":240,"G":217,"B":202,"A":255}},"KP8-0-12":{"pid":"KP8-S","orb":1657.51,"per":27.62,"ang":136.23,"t":"ASTEROID","sp":"ASTEROID-1","s":15.46,"m":51.39,"gd":25.77,"wic":{},"woc":{},"wgc":{},"emm":[{"Type":"1","MainRange":38,"MainValue":0.12,"FarRange":212},{"Type":"14","MainRange":37,"MainValue":0.08,"FarRange":177},{"Type":"2","MainRange":50,"MainValue":0.27,"FarRange":164},{"Type":"25","MainRange":49,"MainValue":0.16,"FarRange":151},{"Type":"5","MainRange":55,"MainValue":0.01,"FarRange":226},{"Type":"27","MainRange":60,"MainValue":0.26,"FarRange":105},{"Type":"18","MainRange":46,"MainValue":0.15,"FarRange":101}],"sig":[{"t":"9-1","s":"","d":{"X":0.67,"Y":-0.74}},{"t":"X1","s":"","d":{"X":-0.111,"Y":-0.798}},{"t":"X14","s":"","d":{"X":0.05,"Y":-0.31}},{"t":"X2","s":"","d":{"X":0.272,"Y":0.786}},{"t":"X25","s":"","d":{"X":-0.927,"Y":-0.163}},{"t":"X5","s":"","d":{"X":0.153,"Y":0.218}},{"t":"X27","s":"","d":{"X":0.453,"Y":0.51}},{"t":"X18","s":"","d":{"X":0.663,"Y":0.545}}],"clr":{"R":189,"G":234,"B":200,"A":255}},"KP8-0-13":{"pid":"KP8-S","orb":1687.67,"per":28.12,"ang":253.26,"t":"ASTEROID","sp":"ASTEROID-2","s":14.86,"m":45.6,"gd":24.77,"wic":{},"woc":{},"wgc":{},"emm":[{"Type":"1","MainRange":24,"MainValue":0.21,"FarRange":163}],"sig":[{"t":"9-1","s":"","d":{"X":0.08}},{"t":"X1","s":"","d":{"X":0.119,"Y":-0.836}}],"clr":{"R":209,"G":220,"B":242,"A":255}},"KP8-0-14":{"pid":"KP8-S","orb":1821.29,"per":30.35,"ang":200.96,"t":"ASTEROID","sp":"ASTEROID-1","s":17.85,"m":79.05,"gd":29.75,"wic":{},"woc":{},"wgc":{},"emm":[{"Type":"1","MainRange":52,"MainValue":0.16,"FarRange":144},{"Type":"3","MainRange":33,"MainValue":0.28,"FarRange":223},{"Type":"10","MainRange":63,"MainValue":0.22,"FarRange":147},{"Type":"19","MainRange":48,"MainValue":0.12,"FarRange":205},{"Type":"13","MainRange":69,"MainValue":0.22,"FarRange":160},{"Type":"18","MainRange":28,"MainValue":0.24,"FarRange":158},{"Type":"25","MainRange":25,"MainValue":0.18,"FarRange":140}],"sig":[{"t":"9-1","s":"","d":{"X":0.34,"Y":-0.05}},{"t":"X1","s":"","d":{"X":0.116,"Y":0.35}},{"t":"X3","s":"","d":{"X":-0.324,"Y":0.423}},{"t":"X10","s":"","d":{"X":-0.319,"Y":0.85}},{"t":"X19","s":"","d":{"X":0.463,"Y":-0.738}},{"t":"X13","s":"","d":{"X":-0.048,"Y":-0.784}},{"t":"X18","s":"","d":{"X":-0.27,"Y":-0.388}},{"t":"X25","s":"","d":{"X":-0.76,"Y":-0.406}}],"clr":{"R":251,"G":249,"B":254,"A":255}},"KP8-0-15":{"pid":"KP8-S","orb":1945.53,"per":32.42,"ang":0.8,"t":"ASTEROID","sp":"ASTEROID-2","s":21.18,"m":132.1,"gd":35.31,"wic":{},"woc":{},"wgc":{},"emm":[{"Type":"1","MainRange":30,"MainValue":0.22,"FarRange":55}],"sig":[{"t":"9-1","s":"","d":{"X":-0.29,"Y":0.73}},{"t":"X1","s":"","d":{"X":-0.134,"Y":-0.357}}],"clr":{"R":243,"G":254,"B":246,"A":255}},"KP8-0-16":{"pid":"KP8-S","orb":1560.6,"per":26.01,"ang":191.97,"t":"ASTEROID","sp":"ASTEROID-2","s":19.46,"m":102.41,"gd":32.44,"wic":{},"woc":{},"wgc":{},"emm":[{"Type":"1","MainRange":36,"MainValue":0.26,"FarRange":130}],"sig":[{"t":"9-1","s":"","d":{"X":0.9,"Y":-0.41}},{"t":"X1","s":"","d":{"X":0.309,"Y":0.587}}],"clr":{"R":253,"G":204,"B":185,"A":255}},"KP8-0-17":{"pid":"KP8-S","orb":1736.57,"per":28.94,"ang":107.96,"t":"ASTEROID","sp":"ASTEROID-2","s":29.93,"m":372.47,"gd":49.88,"wic":{},"woc":{},"wgc":{},"emm":[{"Type":"1","MainRange":41,"MainValue":0.19,"FarRange":95}],"sig":[{"t":"9-1","s":"","d":{"X":-0.82,"Y":-0.39}},{"t":"X1","s":"","d":{"X":-0.482,"Y":-0.392}}],"clr":{"R":227,"G":252,"B":231,"A":255}},"KP8-0-18":{"pid":"KP8-S","orb":1670.39,"per":27.83,"ang":84.03,"t":"ASTEROID","sp":"ASTEROID-3","s":24.33,"m":200.12,"gd":40.55,"wic":{},"woc":{},"wgc":{},"emm":[{"Type":"1","MainRange":38,"MainValue":0.23,"FarRange":140}],"sig":[{"t":"9-1","s":"","d":{"X":-0.66,"Y":0.36}},{"t":"X1","s":"","d":{"X":0.715,"Y":0.212}}],"clr":{"R":254,"G":252,"B":254,"A":255}},"KP8-0-19":{"pid":"KP8-S","orb":1536.6,"per":25.61,"ang":22.51,"t":"ASTEROID","sp":"ASTEROID-5","s":24.47,"m":203.67,"gd":40.79,"wic":{},"woc":{},"wgc":{},"emm":[{"Type":"1","MainRange":57,"MainValue":0.13,"FarRange":193}],"sig":[{"t":"9-1","s":"","d":{"X":-0.37,"Y":-0.18}},{"t":"X1","s":"","d":{"X":-0.609,"Y":-0.469}}],"clr":{"R":196,"G":191,"B":235,"A":255}},"KP8-0-2":{"pid":"KP8-S","orb":1511.23,"per":25.18,"ang":164.89,"t":"ASTEROID","sp":"ASTEROID-4","s":25.2,"m":222.47,"gd":42.01,"wic":{},"woc":{},"wgc":{},"emm":[{"Type":"1","MainRange":31,"MainValue":0.25,"FarRange":185}],"sig":[{"t":"9-1","s":"","d":{"X":-0.01,"Y":-0.83}},{"t":"X1","s":"","d":{"X":0.055,"Y":0.099}}],"clr":{"R":246,"G":243,"B":251,"A":255}},"KP8-0-20":{"pid":"KP8-S","orb":1838.35,"per":30.63,"ang":209.29,"t":"ASTEROID","sp":"ASTEROID-3","s":14.71,"m":44.26,"gd":24.52,"wic":{},"woc":{},"wgc":{},"emm":[{"Type":"1","MainRange":34,"MainValue":0.13,"FarRange":173},{"Type":"3","MainRange":38,"MainValue":0.32,"FarRange":197},{"Type":"12","MainRange":37,"MainValue":0.23,"FarRange":170},{"Type":"24","MainRange":60,"MainValue":0.18,"FarRange":151},{"Type":"25","MainRange":74,"MainValue":0.23,"FarRange":208}],"sig":[{"t":"9-1","s":"","d":{"X":-0.03,"Y":0.35}},{"t":"X1","s":"","d":{"X":-0.01,"Y":-0.008}},{"t":"X3","s":"","d":{"X":-0.453,"Y":-0.087}},{"t":"X12","s":"","d":{"X":-0.181,"Y":0.082}},{"t":"X24","s":"","d":{"X":-0.133,"Y":0.155}},{"t":"X25","s":"","d":{"X":0.177,"Y":0.31}}],"clr":{"R":172,"G":243,"B":243,"A":255}},"KP8-0-21":{"pid":"KP8-S","orb":1505.19,"per":25.08,"ang":175.35,"t":"ASTEROID","sp":"ASTEROID-4","s":20.87,"m":126.27,"gd":34.78,"wic":{},"woc":{},"wgc":{},"emm":[{"Type":"1","MainRange":56,"MainValue":0.18,"FarRange":186}],"sig":[{"t":"9-1","s":"","d":{"X":0.47,"Y":0.83}},{"t":"X1","s":"","d":{"X":-0.831,"Y":-0.438}}],"clr":{"R":226,"G":253,"B":253,"A":255}},"KP8-0-22":{"pid":"KP8-S","orb":1552.71,"per":25.87,"ang":315.58,"t":"ASTEROID","sp":"ASTEROID-5","s":11.42,"m":20.7,"gd":19.03,"wic":{},"woc":{},"wgc":{},"emm":[{"Type":"1","MainRange":70,"MainValue":0.2,"FarRange":103}],"sig":[{"t":"9-1","s":"","d":{"X":0.97,"Y":0.21}},{"t":"X1","s":"","d":{"X":-0.878,"Y":-0.123}}],"clr":{"R":250,"G":247,"B":239,"A":255}},"KP8-0-23":{"pid":"KP8-S","orb":1818.92,"per":30.31,"ang":337.73,"t":"ASTEROID","sp":"ASTEROID-4","s":28.82,"m":332.64,"gd":48.04,"wic":{},"woc":{},"wgc":{},"emm":[{"Type":"1","MainRange":17,"MainValue":0.21,"FarRange":121}],"sig":[{"t":"9-1","s":"","d":{"X":0.14,"Y":0.74}},{"t":"X1","s":"","d":{"X":0.404,"Y":0.196}}],"clr":{"R":253,"G":197,"B":241,"A":255}},"KP8-0-24":{"pid":"KP8-S","orb":1670,"per":27.83,"ang":154.72,"t":"ASTEROID","sp":"ASTEROID-4","s":24.23,"m":197.75,"gd":40.39,"wic":{},"woc":{},"wgc":{},"emm":[{"Type":"1","MainRange":66,"MainValue":0.15,"FarRange":172}],"sig":[{"t":"9-1","s":"","d":{"X":0.58,"Y":-0.45}},{"t":"X1","s":"","d":{"X":-0.897,"Y":-0.171}}],"clr":{"R":236,"G":212,"B":250,"A":255}},"KP8-0-25":{"pid":"KP8-S","orb":1661.95,"per":27.69,"ang":233.72,"t":"ASTEROID","sp":"ASTEROID-3","s":14.86,"m":45.58,"gd":24.76,"wic":{},"woc":{},"wgc":{},"emm":[{"Type":"1","MainRange":28,"MainValue":0.05,"FarRange":170}],"sig":[{"t":"9-1","s":"","d":{"X":-0.44,"Y":-0.63}},{"t":"X1","s":"","d":{"X":0.758,"Y":-0.428}}],"clr":{"R":180,"G":233,"B":249,"A":255}},"KP8-0-26":{"pid":"KP8-S","orb":1389.43,"per":23.15,"ang":146.86,"t":"ASTEROID","sp":"ASTEROID-2","s":20.31,"m":116.5,"gd":33.86,"wic":{},"woc":{},"wgc":{},"emm":[{"Type":"1","MainRange":38,"MainValue":0.11,"FarRange":176}],"sig":[{"t":"9-1","s":"","d":{"X":-0.47,"Y":-0.07}},{"t":"X1","s":"","d":{"X":-0.557,"Y":-0.461}}],"clr":{"R":230,"G":254,"B":209,"A":255}},"KP8-0-27":{"pid":"KP8-S","orb":1994.8,"per":33.24,"ang":125.48,"t":"ASTEROID","sp":"ASTEROID-5","s":14.79,"m":44.99,"gd":24.66,"wic":{},"woc":{},"wgc":{},"emm":[{"Type":"1","MainRange":45,"MainValue":0.24,"FarRange":60}],"sig":[{"t":"9-1","s":"","d":{"X":0.37,"Y":0.77}},{"t":"X1","s":"","d":{"X":-0.397,"Y":-0.542}}],"clr":{"R":221,"G":245,"B":226,"A":255}},"KP8-0-28":{"pid":"KP8-S","orb":1723.9,"per":28.73,"ang":196.33,"t":"ASTEROID","sp":"ASTEROID-2","s":25.13,"m":220.57,"gd":41.89,"wic":{},"woc":{},"wgc":{},"emm":[{"Type":"1","MainRange":35,"MainValue":0.25,"FarRange":145}],"sig":[{"t":"9-1","s":"","d":{"X":-0.17,"Y":0.45}},{"t":"X1","s":"","d":{"X":0.312,"Y":-0.312}}],"clr":{"R":238,"G":203,"B":182,"A":255}},"KP8-0-29":{"pid":"KP8-S","orb":1538.8,"per":25.64,"ang":342.2,"t":"ASTEROID","sp":"ASTEROID-1","s":18.99,"m":95.15,"gd":31.65,"wic":{},"woc":{},"wgc":{},"emm":[{"Type":"1","MainRange":42,"MainValue":0.14,"FarRange":191}],"sig":[{"t":"9-1","s":"","d":{"X":0.85,"Y":0.06}},{"t":"X1","s":"","d":{"X":0.385,"Y":0.554}}],"clr":{"R":254,"G":243,"B":244,"A":255}},"KP8-0-3":{"pid":"KP8-S","orb":1632.14,"per":27.2,"ang":68.23,"t":"ASTEROID","sp":"ASTEROID-4","s":19.86,"m":108.85,"gd":33.1,"wic":{},"woc":{},"wgc":{},"emm":[{"Type":"1","MainRange":32,"MainValue":0.3,"FarRange":79}],"sig":[{"t":"9-1","s":"","d":{"X":-0.12,"Y":-0.29}},{"t":"X1","s":"","d":{"X":0.266,"Y":0.406}}],"clr":{"R":254,"G":254,"B":254,"A":255}},"KP8-0-30":{"pid":"KP8-S","orb":1396.07,"per":23.26,"ang":76.55,"t":"ASTEROID","sp":"ASTEROID-3","s":18.48,"m":87.68,"gd":30.8,"wic":{},"woc":{},"wgc":{},"emm":[{"Type":"1","MainRange":45,"MainValue":0.18,"FarRange":183}],"sig":[{"t":"9-1","s":"","d":{"X":-0.2,"Y":-0.85}},{"t":"X1","s":"","d":{"X":0.534,"Y":0.116}}],"clr":{"R":187,"G":215,"B":236,"A":255}},"KP8-0-31":{"pid":"KP8-S","orb":1312.68,"per":21.87,"ang":100.74,"t":"ASTEROID","sp":"ASTEROID-1","s":23,"m":169.06,"gd":38.33,"wic":{},"woc":{},"wgc":{},"emm":[{"Type":"1","MainRange":59,"MainValue":0.15,"FarRange":263}],"sig":[{"t":"9-1","s":"","d":{"X":0.46,"Y":-0.19}},{"t":"X1","s":"","d":{"X":0.019,"Y":-0.173}}],"clr":{"R":230,"G":210,"B":245,"A":255}},"KP8-0-32":{"pid":"KP8-S","orb":1674.01,"per":27.9,"ang":113.18,"t":"ASTEROID","sp":"ASTEROID-2","s":21.48,"m":137.67,"gd":35.8,"wic":{},"woc":{},"wgc":{},"emm":[{"Type":"1","MainRange":61,"MainValue":0.2,"FarRange":137}],"sig":[{"t":"9-1","s":"","d":{"X":-0.16,"Y":0.15}},{"t":"X1","s":"","d":{"X":0.654,"Y":-0.41}}],"clr":{"R":254,"G":254,"B":254,"A":255}},"KP8-0-33":{"pid":"KP8-S","orb":1608.11,"per":26.8,"ang":218.84,"t":"ASTEROID","sp":"ASTEROID-1","s":26.09,"m":246.81,"gd":43.49,"wic":{},"woc":{},"wgc":{},"emm":[{"Type":"1","MainRange":54,"MainValue":0.05,"FarRange":165}],"sig":[{"t":"9-1","s":"","d":{"X":0.32,"Y":-0.17}},{"t":"X1","s":"","d":{"X":0.04,"Y":0.448}}],"clr":{"R":204,"G":244,"B":218,"A":255}},"KP8-0-34":{"pid":"KP8-S","orb":1784,"per":29.73,"ang":50.05,"t":"ASTEROID","sp":"ASTEROID-5","s":14.28,"m":40.49,"gd":23.81,"wic":{},"woc":{},"wgc":{},"emm":[{"Type":"1","MainRange":78,"MainValue":0.16,"FarRange":87}],"sig":[{"t":"9-1","s":"","d":{"X":-0.06,"Y":-0.65}},{"t":"X1","s":"","d":{"X":-0.459,"Y":-0.34}}],"clr":{"R":245,"G":248,"B":166,"A":255}},"KP8-0-35":{"pid":"KP8-S","orb":1499.64,"per":24.99,"ang":254.86,"t":"ASTEROID","sp":"ASTEROID-5","s":25.12,"m":220.4,"gd":41.88,"wic":{},"woc":{},"wgc":{},"emm":[{"Type":"1","MainRange":48,"MainValue":0.18,"FarRange":189}],"sig":[{"t":"9-1","s":"","d":{"X":-0.61,"Y":0.71}},{"t":"X1","s":"","d":{"X":0.059,"Y":0.273}}],"clr":{"R":243,"G":206,"B":250,"A":255}},"KP8-0-36":{"pid":"KP8-S","orb":1561.35,"per":26.02,"ang":6.4,"t":"ASTEROID","sp":"ASTEROID-4","s":16.65,"m":64.15,"gd":27.75,"wic":{},"woc":{},"wgc":{},"emm":[{"Type":"1","MainRange":16,"MainValue":0.23,"FarRange":176}],"sig":[{"t":"9-1","s":"","d":{"X":-0.2,"Y":0.81}},{"t":"X1","s":"","d":{"X":-0.964,"Y":0.239}}],"clr":{"R":189,"G":209,"B":248,"A":255}},"KP8-0-37":{"pid":"KP8-S","orb":1643.65,"per":27.39,"ang":164.65,"t":"ASTEROID","sp":"ASTEROID-5","s":13.85,"m":36.97,"gd":23.09,"wic":{},"woc":{},"wgc":{},"emm":[{"Type":"1","MainRange":75,"MainValue":0.1,"FarRange":92}],"sig":[{"t":"9-1","s":"","d":{"X":0.65,"Y":0.36}},{"t":"X1","s":"","d":{"X":-0.921,"Y":0.246}}],"clr":{"R":248,"G":247,"B":203,"A":255}},"KP8-0-38":{"pid":"KP8-S","orb":1683.65,"per":28.06,"ang":296.17,"t":"ASTEROID","sp":"ASTEROID-5","s":19.26,"m":99.24,"gd":32.1,"wic":{},"woc":{},"wgc":{},"emm":[{"Type":"1","MainRange":58,"MainValue":0.16,"FarRange":98}],"sig":[{"t":"9-1","s":"","d":{"X":-0.9,"Y":-0.3}},{"t":"X1","s":"","d":{"X":-0.205,"Y":0.552}}],"clr":{"R":254,"G":236,"B":235,"A":255}},"KP8-0-39":{"pid":"KP8-S","orb":1699.38,"per":28.32,"ang":124.68,"t":"ASTEROID","sp":"ASTEROID-3","s":24.57,"m":206.2,"gd":40.96,"wic":{},"woc":{},"wgc":{},"emm":[{"Type":"1","MainRange":78,"MainValue":0.13,"FarRange":196}],"sig":[{"t":"9-1","s":"","d":{"X":-0.04,"Y":-0.6}},{"t":"X1","s":"","d":{"X":-0.77,"Y":-0.604}}],"clr":{"R":254,"G":227,"B":212,"A":255}},"KP8-0-4":{"pid":"KP8-S","orb":1755.54,"per":29.25,"ang":299.25,"t":"ASTEROID","sp":"ASTEROID-4","s":11.83,"m":22.99,"gd":19.71,"wic":{},"woc":{},"wgc":{},"emm":[{"Type":"1","MainRange":50,"MainValue":0.26,"FarRange":161}],"sig":[{"t":"9-1","s":"","d":{"X":0.81,"Y":0.46}},{"t":"X1","s":"","d":{"X":0.718,"Y":0.284}}],"clr":{"R":246,"G":237,"B":251,"A":255}},"KP8-0-40":{"pid":"KP8-S","orb":1856.48,"per":30.94,"ang":185.93,"t":"ASTEROID","sp":"ASTEROID-5","s":26.97,"m":272.7,"gd":44.96,"wic":{},"woc":{},"wgc":{},"emm":[{"Type":"1","MainRange":61.2,"MainValue":0.26,"FarRange":68}],"sig":[{"t":"9-1","s":"","d":{"X":0.65,"Y":0.15}},{"t":"X1","s":"","d":{"X":-0.67,"Y":-0.666}}],"clr":{"R":186,"G":232,"B":224,"A":255}},"KP8-0-41":{"pid":"KP8-S","orb":1472.03,"per":24.53,"ang":210.68,"t":"ASTEROID","sp":"ASTEROID-3","s":18.81,"m":92.44,"gd":31.35,"wic":{},"woc":{},"wgc":{},"emm":[{"Type":"1","MainRange":31,"MainValue":0.16,"FarRange":251}],"sig":[{"t":"9-1","s":"","d":{"X":0.68,"Y":-0.06}},{"t":"X1","s":"","d":{"X":0.667,"Y":0.083}}],"clr":{"R":247,"G":253,"B":248,"A":255}},"KP8-0-42":{"pid":"KP8-S","orb":1632.03,"per":27.2,"ang":25.24,"t":"ASTEROID","sp":"ASTEROID-3","s":20.33,"m":116.84,"gd":33.89,"wic":{},"woc":{},"wgc":{},"emm":[{"Type":"1","MainRange":52,"MainValue":0.31,"FarRange":129}],"sig":[{"t":"9-1","s":"","d":{"X":0.71,"Y":0.29}},{"t":"X1","s":"","d":{"X":-0.906,"Y":0.081}}],"clr":{"R":245,"G":235,"B":219,"A":255}},"KP8-0-43":{"pid":"KP8-S","orb":1818.03,"per":30.3,"ang":170.49,"t":"ASTEROID","sp":"ASTEROID-5","s":39.27,"m":841.68,"gd":65.46,"wic":{},"woc":{},"wgc":{},"emm":[{"Type":"1","MainRange":50,"MainValue":0.27,"FarRange":174}],"sig":[{"t":"9-1","s":"","d":{"X":0.36,"Y":-0.13}},{"t":"X1","s":"","d":{"X":0.652,"Y":-0.315}}],"clr":{"R":180,"G":251,"B":241,"A":255}},"KP8-0-44":{"pid":"KP8-S","orb":1882.39,"per":31.37,"ang":72.49,"t":"ASTEROID","sp":"ASTEROID-5","s":22.92,"m":167.31,"gd":38.2,"wic":{},"woc":{},"wgc":{},"emm":[{"Type":"1","MainRange":44,"MainValue":0.13,"FarRange":79}],"sig":[{"t":"9-1","s":"","d":{"X":0.96,"Y":0.11}},{"t":"X1","s":"","d":{"X":-0.456,"Y":-0.186}}],"clr":{"R":243,"G":249,"B":227,"A":255}},"KP8-0-45":{"pid":"KP8-S","orb":1348.52,"per":22.47,"ang":33.7,"t":"ASTEROID","sp":"ASTEROID-4","s":24.06,"m":193.57,"gd":40.1,"wic":{},"woc":{},"wgc":{},"emm":[{"Type":"1","MainRange":45,"MainValue":0.17,"FarRange":90}],"sig":[{"t":"9-1","s":"","d":{"X":0.45,"Y":0.4}},{"t":"X1","s":"","d":{"X":-0.468,"Y":0.646}}],"clr":{"R":212,"G":215,"B":253,"A":255}},"KP8-0-46":{"pid":"KP8-S","orb":1678.19,"per":27.96,"ang":268.81,"t":"ASTEROID","sp":"ASTEROID-5","s":19.19,"m":98.19,"gd":31.98,"wic":{},"woc":{},"wgc":{},"emm":[{"Type":"1","MainRange":42,"MainValue":0.23,"FarRange":70}],"sig":[{"t":"9-1","s":"","d":{"X":-0.08,"Y":0.18}},{"t":"X1","s":"","d":{"X":-0.171,"Y":0.911}}],"clr":{"R":247,"G":191,"B":162,"A":255}},"KP8-0-47":{"pid":"KP8-S","orb":1730.2,"per":28.83,"ang":67.56,"t":"ASTEROID","sp":"ASTEROID-3","s":21.67,"m":141.5,"gd":36.13,"wic":{},"woc":{},"wgc":{},"emm":[{"Type":"1","MainRange":53,"MainValue":0.32,"FarRange":188}],"sig":[{"t":"9-1","s":"","d":{"X":0.23,"Y":-0.39}},{"t":"X1","s":"","d":{"X":0.523,"Y":0.353}}],"clr":{"R":230,"G":180,"B":195,"A":255}},"KP8-0-48":{"pid":"KP8-S","orb":1672.01,"per":27.86,"ang":153.68,"t":"ASTEROID","sp":"ASTEROID-1","s":13.11,"m":31.32,"gd":21.85,"wic":{},"woc":{},"wgc":{},"emm":[{"Type":"1","MainRange":68,"MainValue":0.13,"FarRange":201}],"sig":[{"t":"9-1","s":"","d":{"X":-0.15,"Y":-0.86}},{"t":"X1","s":"","d":{"X":0.119,"Y":0.185}}],"clr":{"R":253,"G":248,"B":246,"A":255}},"KP8-0-49":{"pid":"KP8-S","orb":1854.55,"per":30.9,"ang":48.6,"t":"ASTEROID","sp":"ASTEROID-2","s":28.79,"m":331.63,"gd":47.99,"wic":{},"woc":{},"wgc":{},"emm":[{"Type":"1","MainRange":72,"MainValue":0.14,"FarRange":155}],"sig":[{"t":"9-1","s":"","d":{"X":-0.02,"Y":0.72}},{"t":"X1","s":"","d":{"X":-0.259,"Y":-0.934}}],"clr":{"R":238,"G":236,"B":253,"A":255}},"KP8-0-5":{"pid":"KP8-S","orb":1719.76,"per":28.66,"ang":182.62,"t":"ASTEROID","sp":"ASTEROID-3","s":24.81,"m":212.13,"gd":41.35,"wic":{},"woc":{},"wgc":{},"emm":[{"Type":"1","MainRange":44,"MainValue":0.2,"FarRange":74}],"sig":[{"t":"9-1","s":"","d":{"X":0.28,"Y":0.67}},{"t":"X1","s":"","d":{"X":-0.499,"Y":0.171}}],"clr":{"R":182,"G":211,"B":233,"A":255}},"KP8-0-50":{"pid":"KP8-S","orb":1864.82,"per":31.08,"ang":351.91,"t":"ASTEROID","sp":"ASTEROID-1","s":37.09,"m":708.79,"gd":61.82,"wic":{},"woc":{},"wgc":{},"emm":[{"Type":"1","MainRange":58,"MainValue":0.26,"FarRange":145},{"Type":"15","MainRange":62,"MainValue":0.22,"FarRange":127},{"Type":"13","MainRange":55,"MainValue":0.17,"FarRange":82},{"Type":"24","MainRange":25.2,"MainValue":0.15,"FarRange":28}],"sig":[{"t":"9-1","s":"","d":{"X":-0.28,"Y":0.15}},{"t":"X1","s":"","d":{"X":-0.32,"Y":0.734}},{"t":"X15","s":"","d":{"X":-0.711,"Y":0.395}},{"t":"X13","s":"","d":{"X":0.621,"Y":-0.556}},{"t":"X24","s":"","d":{"X":-0.626,"Y":0.248}}],"clr":{"R":244,"G":167,"B":237,"A":255}},"KP8-0-51":{"pid":"KP8-S","orb":1602.61,"per":26.71,"ang":46.29,"t":"ASTEROID","sp":"ASTEROID-5","s":16.73,"m":65.14,"gd":27.89,"wic":{},"woc":{},"wgc":{},"emm":[{"Type":"1","MainRange":50,"MainValue":0.22,"FarRange":170}],"sig":[{"t":"9-1","s":"","d":{"X":0.54,"Y":-0.81}},{"t":"X1","s":"","d":{"X":0.991,"Y":-0.094}}],"clr":{"R":242,"G":218,"B":250,"A":255}},"KP8-0-52":{"pid":"KP8-S","orb":1668.61,"per":27.81,"ang":313.2,"t":"ASTEROID","sp":"ASTEROID-1","s":12.78,"m":29,"gd":21.3,"wic":{},"woc":{},"wgc":{},"emm":[{"Type":"1","MainRange":63,"MainValue":0.22,"FarRange":129}],"sig":[{"t":"9-1","s":"","d":{"X":0.8,"Y":0.3}},{"t":"X1","s":"","d":{"X":-0.549,"Y":0.818}}],"clr":{"R":250,"G":244,"B":239,"A":255}},"KP8-0-53":{"pid":"KP8-S","orb":1505.42,"per":25.09,"ang":192.17,"t":"ASTEROID","sp":"ASTEROID-4","s":28.46,"m":320.37,"gd":47.44,"wic":{},"woc":{},"wgc":{},"emm":[{"Type":"1","MainRange":54,"MainValue":0.27,"FarRange":168}],"sig":[{"t":"9-1","s":"","d":{"X":0.26,"Y":0.63}},{"t":"X1","s":"","d":{"X":-0.349,"Y":-0.816}}],"clr":{"R":246,"G":213,"B":215,"A":255}},"KP8-0-54":{"pid":"KP8-S","orb":1847.92,"per":30.79,"ang":49.92,"t":"ASTEROID","sp":"ASTEROID-4","s":20.95,"m":127.74,"gd":34.91,"wic":{},"woc":{},"wgc":{},"emm":[{"Type":"1","MainRange":39,"MainValue":0.15,"FarRange":151}],"sig":[{"t":"9-1","s":"","d":{"X":0.56,"Y":-0.33}},{"t":"X1","s":"","d":{"X":0.879,"Y":0.24}}],"clr":{"R":252,"G":202,"B":162,"A":255}},"KP8-0-55":{"pid":"KP8-S","orb":1759.27,"per":29.32,"ang":310.52,"t":"ASTEROID","sp":"ASTEROID-4","s":18.51,"m":88.09,"gd":30.85,"wic":{},"woc":{},"wgc":{},"emm":[{"Type":"1","MainRange":62,"MainValue":0.27,"FarRange":191},{"Type":"24","MainRange":25,"MainValue":0.17,"FarRange":159},{"Type":"3","MainRange":52,"MainValue":0.1,"FarRange":146}],"sig":[{"t":"9-1","s":"","d":{"X":0.27,"Y":0.46}},{"t":"X1","s":"","d":{"X":-0.003,"Y":-0.319}},{"t":"X24","s":"","d":{"X":0.093,"Y":0.731}},{"t":"X3","s":"","d":{"X":-0.574,"Y":0.536}}],"clr":{"R":222,"G":232,"B":246,"A":255}},"KP8-0-56":{"pid":"KP8-S","orb":1978.8,"per":32.98,"ang":22.19,"t":"ASTEROID","sp":"ASTEROID-5","s":21.37,"m":135.62,"gd":35.62,"wic":{},"woc":{},"wgc":{},"emm":[{"Type":"1","MainRange":59,"MainValue":0.18,"FarRange":113}],"sig":[{"t":"9-1","s":"","d":{"X":0.48,"Y":0.85}},{"t":"X1","s":"","d":{"X":0.586,"Y":0.003}}],"clr":{"R":207,"G":239,"B":200,"A":255}},"KP8-0-57":{"pid":"KP8-S","orb":1948.97,"per":32.48,"ang":255.63,"t":"ASTEROID","sp":"ASTEROID-2","s":19.39,"m":101.3,"gd":32.32,"wic":{},"woc":{},"wgc":{},"emm":[{"Type":"1","MainRange":35,"MainValue":0.24,"FarRange":192}],"sig":[{"t":"9-1","s":"","d":{"X":0.04,"Y":-0.75}},{"t":"X1","s":"","d":{"X":-0.061,"Y":-0.491}}],"clr":{"R":235,"G":178,"B":236,"A":255}},"KP8-0-58":{"pid":"KP8-S","orb":1705.65,"per":28.42,"ang":2.32,"t":"ASTEROID","sp":"ASTEROID-2","s":21.76,"m":143.18,"gd":36.27,"wic":{},"woc":{},"wgc":{},"emm":[{"Type":"1","MainRange":29,"MainValue":0.21,"FarRange":130}],"sig":[{"t":"9-1","s":"","d":{"X":0.03,"Y":-0.59}},{"t":"X1","s":"","d":{"X":0.193,"Y":0.021}}],"clr":{"R":220,"G":244,"B":208,"A":255}},"KP8-0-59":{"pid":"KP8-S","orb":1581.84,"per":26.36,"ang":56.67,"t":"ASTEROID","sp":"ASTEROID-5","s":12.43,"m":26.68,"gd":20.71,"wic":{},"woc":{},"wgc":{},"emm":[{"Type":"1","MainRange":37,"MainValue":0.2,"FarRange":149},{"Type":"18","MainRange":28,"MainValue":0.28,"FarRange":163},{"Type":"11","MainRange":63,"MainValue":0.26,"FarRange":170},{"Type":"3","MainRange":58.5,"MainValue":0.13,"FarRange":65},{"Type":"20","MainRange":71,"MainValue":0.22,"FarRange":103},{"Type":"14","MainRange":34,"MainValue":0.09,"FarRange":157},{"Type":"2","MainRange":69,"MainValue":0.13,"FarRange":139}],"sig":[{"t":"9-1","s":"","d":{"X":-0.84,"Y":-0.42}},{"t":"X1","s":"","d":{"X":-0.956,"Y":0.025}},{"t":"X18","s":"","d":{"X":0.203,"Y":0.685}},{"t":"X11","s":"","d":{"X":0.045,"Y":0.682}},{"t":"X3","s":"","d":{"X":-0.022,"Y":-0.769}},{"t":"X20","s":"","d":{"X":-0.425,"Y":0.811}},{"t":"X14","s":"","d":{"X":-0.504,"Y":-0.42}},{"t":"X2","s":"","d":{"X":0.376,"Y":-0.545}}],"clr":{"R":253,"G":254,"B":237,"A":255}},"KP8-0-6":{"pid":"KP8-S","orb":1451.99,"per":24.19,"ang":98.82,"t":"ASTEROID","sp":"ASTEROID-2","s":24.43,"m":202.74,"gd":40.73,"wic":{},"woc":{},"wgc":{},"emm":[{"Type":"1","MainRange":74,"MainValue":0.31,"FarRange":155}],"sig":[{"t":"9-1","s":"","d":{"X":0.03,"Y":-0.74}},{"t":"X1","s":"","d":{"X":0.133,"Y":0.518}}],"clr":{"R":242,"G":228,"B":211,"A":255}},"KP8-0-60":{"pid":"KP8-S","orb":1744.07,"per":29.06,"ang":292.28,"t":"ASTEROID","sp":"ASTEROID-3","s":18.16,"m":83.27,"gd":30.27,"wic":{},"woc":{},"wgc":{},"emm":[{"Type":"1","MainRange":50.4,"MainValue":0.19,"FarRange":56}],"sig":[{"t":"9-1","s":"","d":{"X":-0.41,"Y":-0.09}},{"t":"X1","s":"","d":{"X":0.433,"Y":0.296}}],"clr":{"R":253,"G":254,"B":251,"A":255}},"KP8-0-61":{"pid":"KP8-S","orb":1750.33,"per":29.17,"ang":93.91,"t":"ASTEROID","sp":"ASTEROID-1","s":23.02,"m":169.6,"gd":38.38,"wic":{},"woc":{},"wgc":{},"emm":[{"Type":"1","MainRange":71,"MainValue":0.17,"FarRange":145}],"sig":[{"t":"9-1","s":"","d":{"X":0.51,"Y":0.81}},{"t":"X1","s":"","d":{"X":0.358,"Y":0.761}}],"clr":{"R":230,"G":240,"B":253,"A":255}},"KP8-0-62":{"pid":"KP8-S","orb":1614.94,"per":26.91,"ang":343.01,"t":"ASTEROID","sp":"ASTEROID-3","s":17.99,"m":80.95,"gd":29.99,"wic":{},"woc":{},"wgc":{},"emm":[{"Type":"1","MainRange":41,"MainValue":0.26,"FarRange":132}],"sig":[{"t":"9-1","s":"","d":{"X":-0.74,"Y":0.16}},{"t":"X1","s":"","d":{"X":-0.733,"Y":-0.119}}],"clr":{"R":238,"G":247,"B":214,"A":255}},"KP8-0-63":{"pid":"KP8-S","orb":1608.02,"per":26.8,"ang":283.27,"t":"ASTEROID","sp":"ASTEROID-4","s":19.02,"m":95.62,"gd":31.7,"wic":{},"woc":{},"wgc":{},"emm":[{"Type":"1","MainRange":42,"MainValue":0.18,"FarRange":167}],"sig":[{"t":"9-1","s":"","d":{"X":-0.55,"Y":0.47}},{"t":"X1","s":"","d":{"X":-0.23,"Y":-0.164}}],"clr":{"R":221,"G":252,"B":207,"A":255}},"KP8-0-64":{"pid":"KP8-S","orb":1313.6,"per":21.89,"ang":192.48,"t":"ASTEROID","sp":"ASTEROID-1","s":25.31,"m":225.24,"gd":42.18,"wic":{},"woc":{},"wgc":{},"emm":[{"Type":"1","MainRange":64,"MainValue":0.21,"FarRange":92}],"sig":[{"t":"9-1","s":"","d":{"X":0.26,"Y":-0.52}},{"t":"X1","s":"","d":{"X":0.475,"Y":0.586}}],"clr":{"R":251,"G":253,"B":248,"A":255}},"KP8-0-65":{"pid":"KP8-S","orb":1590.1,"per":26.5,"ang":343.84,"t":"ASTEROID","sp":"ASTEROID-5","s":25.44,"m":228.94,"gd":42.41,"wic":{},"woc":{},"wgc":{},"emm":[{"Type":"1","MainRange":30,"MainValue":0.16,"FarRange":134}],"sig":[{"t":"9-1","s":"","d":{"X":-0.83,"Y":-0.29}},{"t":"X1","s":"","d":{"X":-0.489,"Y":-0.533}}],"clr":{"R":252,"G":161,"B":220,"A":255}},"KP8-0-66":{"pid":"KP8-S","orb":1478.65,"per":24.64,"ang":107.93,"t":"ASTEROID","sp":"ASTEROID-1","s":14.24,"m":40.17,"gd":23.74,"wic":{},"woc":{},"wgc":{},"emm":[{"Type":"1","MainRange":65,"MainValue":0.18,"FarRange":119}],"sig":[{"t":"9-1","s":"","d":{"X":0.05,"Y":-0.03}},{"t":"X1","s":"","d":{"X":-0.029,"Y":-0.021}}],"clr":{"R":243,"G":189,"B":175,"A":255}},"KP8-0-67":{"pid":"KP8-S","orb":1703.31,"per":28.38,"ang":105.25,"t":"ASTEROID","sp":"ASTEROID-1","s":15.12,"m":48.07,"gd":25.21,"wic":{},"woc":{},"wgc":{},"emm":[{"Type":"1","MainRange":38,"MainValue":0.28,"FarRange":176}],"sig":[{"t":"9-1","s":"","d":{"X":0.3,"Y":0.31}},{"t":"X1","s":"","d":{"X":0.507,"Y":-0.367}}],"clr":{"R":240,"G":241,"B":253,"A":255}},"KP8-0-68":{"pid":"KP8-S","orb":1837.26,"per":30.62,"ang":13.97,"t":"ASTEROID","sp":"ASTEROID-4","s":25.73,"m":236.82,"gd":42.89,"wic":{},"woc":{},"wgc":{},"emm":[{"Type":"1","MainRange":64,"MainValue":0.15,"FarRange":139}],"sig":[{"t":"9-1","s":"","d":{"X":0.31,"Y":-0.22}},{"t":"X1","s":"","d":{"X":0.593,"Y":0.735}}],"clr":{"R":196,"G":221,"B":236,"A":255}},"KP8-0-69":{"pid":"KP8-S","orb":1564.43,"per":26.07,"ang":165.92,"t":"ASTEROID","sp":"ASTEROID-4","s":13.58,"m":34.83,"gd":22.64,"wic":{},"woc":{},"wgc":{},"emm":[{"Type":"1","MainRange":46,"MainValue":0.26,"FarRange":169}],"sig":[{"t":"9-1","s":"","d":{"X":-0.12,"Y":0.49}},{"t":"X1","s":"","d":{"X":-0.407,"Y":0.621}}],"clr":{"R":226,"G":202,"B":250,"A":255}},"KP8-0-7":{"pid":"KP8-S","orb":1708.22,"per":28.47,"ang":142.17,"t":"ASTEROID","sp":"ASTEROID-4","s":13.41,"m":33.5,"gd":22.35,"wic":{},"woc":{},"wgc":{},"emm":[{"Type":"1","MainRange":47,"MainValue":0.22,"FarRange":183}],"sig":[{"t":"9-1","s":"","d":{"X":-0.13,"Y":0.88}},{"t":"X1","s":"","d":{"X":-0.638,"Y":-0.34}}],"clr":{"R":253,"G":210,"B":226,"A":255}},"KP8-0-8":{"pid":"KP8-S","orb":1442.78,"per":24.04,"ang":218.35,"t":"ASTEROID","sp":"ASTEROID-4","s":7.67,"m":6.28,"gd":12.79,"wic":{},"woc":{},"wgc":{},"emm":[{"Type":"1","MainRange":51,"MainValue":0.1,"FarRange":152}],"sig":[{"t":"9-1","s":"","d":{"X":-0.55,"Y":0.6}},{"t":"X1","s":"","d":{"X":-0.21,"Y":-0.287}}],"clr":{"R":220,"G":253,"B":228,"A":255}},"KP8-0-9":{"pid":"KP8-S","orb":1342.43,"per":22.37,"ang":242.14,"t":"ASTEROID","sp":"ASTEROID-5","s":16.13,"m":58.38,"gd":26.89,"wic":{},"woc":{},"wgc":{},"emm":[{"Type":"1","MainRange":75,"MainValue":0.1,"FarRange":203}],"sig":[{"t":"9-1","s":"","d":{"X":0.29,"Y":0.6}},{"t":"X1","s":"","d":{"X":0.027,"Y":0.698}}],"clr":{"R":186,"G":203,"B":240,"A":255}},"KP8-153":{"pid":"KP8-S","orb":3257.8,"per":54.29,"t":"GASPLANET","sp":"GASPLANET-26","s":221.49,"m":105641.77,"gd":369.15,"wic":{},"woc":{},"wgc":{},"sig":[{"t":"0-3","s":"","d":{"X":-0.71,"Y":0.15}},{"t":"1-3","s":"","d":{"X":0.76,"Y":0.51}},{"t":"3-1","s":"","d":{"X":-0.56,"Y":-0.47}},{"t":"6-3","s":"","d":{"X":0.68,"Y":-0.32}},{"t":"11-1","s":"","d":{"X":-0.95,"Y":-0.32}}],"clr":{"R":190,"G":254,"B":251,"A":255}},"KP8-S":{"t":"STAR","sp":"STAR-11","s":448.56,"m":5014075.32,"gd":1495.2,"wic":{},"woc":{},"wgc":{},"emm":[{"Type":"2","MainRange":820,"MainValue":8.74,"FarRange":3373}],"sig":[{"t":"X2","s":"","d":{"X":0.366,"Y":-0.271}}],"clr":{"R":234,"G":252,"B":219,"A":255}}}}