{"SpawnDistance":3074.6430000000005,"Points":{"JY1-0-0":{"pid":"JY1-S","orb":583.34,"per":9.72,"ang":217.56,"t":"ASTEROID","sp":"ASTEROID-5","s":24.58,"m":206.26,"gd":40.96,"wic":{},"woc":{},"wgc":{},"emm":[{"Type":"1","MainRange":40,"MainValue":0.06,"FarRange":125}],"sig":[{"t":"9-1","s":"","d":{"X":-0.28,"Y":0.59}},{"t":"9-2","s":"","d":{"X":-0.41,"Y":-0.62}},{"t":"X1","s":"","d":{"X":0.38,"Y":-0.872}}],"clr":{"R":246,"G":250,"B":253,"A":255}},"JY1-0-1":{"pid":"JY1-S","orb":485.14,"per":8.08,"ang":254.09,"t":"ASTEROID","sp":"ASTEROID-3","s":19.67,"m":105.75,"gd":32.78,"wic":{},"woc":{},"wgc":{},"emm":[{"Type":"1","MainRange":69,"MainValue":0.25,"FarRange":215},{"Type":"19","MainRange":41,"MainValue":0.15,"FarRange":162}],"sig":[{"t":"9-1","s":"","d":{"X":0.1,"Y":-0.97}},{"t":"9-2","s":"","d":{"X":-0.44,"Y":-0.8}},{"t":"X1","s":"","d":{"X":-0.973,"Y":-0.175}},{"t":"X19","s":"","d":{"X":0.216,"Y":0.685}}],"clr":{"R":251,"G":228,"B":248,"A":255}},"JY1-0-10":{"pid":"JY1-S","orb":468.89,"per":7.81,"ang":280.78,"t":"ASTEROID","sp":"ASTEROID-4","s":24.41,"m":202.22,"gd":40.69,"wic":{},"woc":{},"wgc":{},"emm":[{"Type":"1","MainRange":42,"MainValue":0.16,"FarRange":220}],"sig":[{"t":"9-1","s":"","d":{"X":-0.05,"Y":-0.61}},{"t":"9-2","s":"","d":{"X":-0.1,"Y":0.16}},{"t":"X1","s":"","d":{"X":-0.286,"Y":-0.371}}],"clr":{"R":184,"G":184,"B":235,"A":255}},"JY1-0-11":{"pid":"JY1-S","orb":486.47,"per":8.1,"ang":63,"t":"ASTEROID","sp":"ASTEROID-1","s":17.02,"m":68.51,"gd":28.37,"wic":{},"woc":{},"wgc":{},"emm":[{"Type":"1","MainRange":33,"MainValue":0.31,"FarRange":172}],"sig":[{"t":"9-1","s":"","d":{"X":-0.89,"Y":0.24}},{"t":"9-2","s":"","d":{"X":0.81,"Y":-0.22}},{"t":"X1","s":"","d":{"X":0.19,"Y":-0.928}}],"clr":{"R":253,"G":238,"B":242,"A":255}},"JY1-0-12":{"pid":"JY1-S","orb":544.96,"per":9.08,"ang":288.62,"t":"ASTEROID","sp":"ASTEROID-1","s":10.4,"m":15.66,"gd":17.34,"wic":{},"woc":{},"wgc":{},"emm":[{"Type":"1","MainRange":54,"MainValue":0.22,"FarRange":133}],"sig":[{"t":"9-1","s":"","d":{"X":-0.02,"Y":-0.57}},{"t":"9-2","s":"","d":{"X":-0.58,"Y":0.35}},{"t":"X1","s":"","d":{"X":0.235,"Y":0.004}}],"clr":{"R":250,"G":233,"B":252,"A":255}},"JY1-0-13":{"pid":"JY1-S","orb":537.86,"per":8.96,"ang":308.11,"t":"ASTEROID","sp":"ASTEROID-3","s":20.88,"m":126.46,"gd":34.8,"wic":{},"woc":{},"wgc":{},"emm":[{"Type":"1","MainRange":64.8,"MainValue":0.19,"FarRange":72}],"sig":[{"t":"9-1","s":"","d":{"X":-0.37,"Y":-0.05}},{"t":"9-2","s":"","d":{"X":0.77,"Y":0.18}},{"t":"X1","s":"","d":{"X":-0.385,"Y":-0.83}}],"clr":{"R":207,"G":242,"B":218,"A":255}},"JY1-0-14":{"pid":"JY1-S","orb":481.68,"per":8.02,"ang":323.82,"t":"ASTEROID","sp":"ASTEROID-2","s":11.36,"m":20.36,"gd":18.93,"wic":{},"woc":{},"wgc":{},"emm":[{"Type":"1","MainRange":39,"MainValue":0.18,"FarRange":107}],"sig":[{"t":"9-1","s":"","d":{"X":0.21,"Y":0.08}},{"t":"9-2","s":"","d":{"X":0.72,"Y":-0.54}},{"t":"X1","s":"","d":{"X":0.86,"Y":-0.304}}],"clr":{"R":183,"G":181,"B":247,"A":255}},"JY1-0-15":{"pid":"JY1-S","orb":430.81,"per":7.18,"ang":302.44,"t":"ASTEROID","sp":"ASTEROID-2","s":27.07,"m":275.76,"gd":45.13,"wic":{},"woc":{},"wgc":{},"emm":[{"Type":"1","MainRange":64,"MainValue":0.2,"FarRange":169}],"sig":[{"t":"9-1","s":"","d":{"X":-0.99,"Y":-0.06}},{"t":"9-2","s":"","d":{"X":-0.49,"Y":0.21}},{"t":"X1","s":"","d":{"X":0.409,"Y":0.063}}],"clr":{"R":190,"G":193,"B":244,"A":255}},"JY1-0-16":{"pid":"JY1-S","orb":485.66,"per":8.09,"ang":324.88,"t":"ASTEROID","sp":"ASTEROID-2","s":24.87,"m":213.81,"gd":41.46,"wic":{},"woc":{},"wgc":{},"emm":[{"Type":"1","MainRange":59,"MainValue":0.21,"FarRange":162}],"sig":[{"t":"9-1","s":"","d":{"X":0.88,"Y":0.03}},{"t":"9-2","s":"","d":{"X":0.26,"Y":0.75}},{"t":"X1","s":"","d":{"X":-0.644,"Y":0.124}}],"clr":{"R":219,"G":236,"B":254,"A":255}},"JY1-0-17":{"pid":"JY1-S","orb":573.62,"per":9.56,"ang":153.84,"t":"ASTEROID","sp":"ASTEROID-4","s":12.35,"m":26.16,"gd":20.58,"wic":{},"woc":{},"wgc":{},"emm":[{"Type":"1","MainRange":45,"MainValue":0.11,"FarRange":144}],"sig":[{"t":"9-1","s":"","d":{"X":-0.95,"Y":0.04}},{"t":"9-2","s":"","d":{"X":-0.2,"Y":0.7}},{"t":"X1","s":"","d":{"X":-0.262,"Y":0.128}}],"clr":{"R":179,"G":252,"B":190,"A":255}},"JY1-0-18":{"pid":"JY1-S","orb":457.79,"per":7.62,"ang":74.45,"t":"ASTEROID","sp":"ASTEROID-5","s":19.93,"m":110.05,"gd":33.22,"wic":{},"woc":{},"wgc":{},"emm":[{"Type":"1","MainRange":50,"MainValue":0.21,"FarRange":166}],"sig":[{"t":"9-1","s":"","d":{"X":-0.32,"Y":0.7}},{"t":"9-2","s":"","d":{"X":-0.95,"Y":-0.25}},{"t":"X1","s":"","d":{"X":0.172,"Y":0.179}}],"clr":{"R":219,"G":246,"B":232,"A":255}},"JY1-0-19":{"pid":"JY1-S","orb":415.58,"per":6.92,"ang":232.57,"t":"ASTEROID","sp":"ASTEROID-1","s":21.72,"m":142.48,"gd":36.21,"wic":{},"woc":{},"wgc":{},"emm":[{"Type":"1","MainRange":52,"MainValue":0.2,"FarRange":152}],"sig":[{"t":"9-1","s":"","d":{"X":0.05,"Y":-0.09}},{"t":"9-2","s":"","d":{"X":-0.37,"Y":-0.01}},{"t":"X1","s":"","d":{"X":-0.633,"Y":0.134}}],"clr":{"R":216,"G":254,"B":247,"A":255}},"JY1-0-2":{"pid":"JY1-S","orb":491.29,"per":8.18,"ang":198.69,"t":"ASTEROID","sp":"ASTEROID-1","s":13.92,"m":37.5,"gd":23.2,"wic":{},"woc":{},"wgc":{},"emm":[{"Type":"1","MainRange":31,"MainValue":0.18,"FarRange":160}],"sig":[{"t":"9-1","s":"","d":{"X":-0.41,"Y":0.52}},{"t":"9-2","s":"","d":{"X":-0.18,"Y":0.24}},{"t":"X1","s":"","d":{"X":-0.456,"Y":0.28}}],"clr":{"R":215,"G":248,"B":191,"A":255}},"JY1-0-20":{"pid":"JY1-S","orb":551.1,"per":9.18,"ang":230.26,"t":"ASTEROID","sp":"ASTEROID-1","s":26.8,"m":267.6,"gd":44.68,"wic":{},"woc":{},"wgc":{},"emm":[{"Type":"1","MainRange":32,"MainValue":0.38,"FarRange":148}],"sig":[{"t":"9-1","s":"","d":{"X":0.07,"Y":-0.73}},{"t":"9-2","s":"","d":{"X":-0.5,"Y":-0.07}},{"t":"X1","s":"","d":{"X":0.349,"Y":-0.829}}],"clr":{"R":227,"G":243,"B":182,"A":255}},"JY1-0-21":{"pid":"JY1-S","orb":471,"per":7.85,"ang":115.44,"t":"ASTEROID","sp":"ASTEROID-3","s":11.98,"m":23.91,"gd":19.97,"wic":{},"woc":{},"wgc":{},"emm":[{"Type":"1","MainRange":78,"MainValue":0.15,"FarRange":186}],"sig":[{"t":"9-1","s":"","d":{"X":-0.55,"Y":-0.66}},{"t":"9-2","s":"","d":{"X":0.31,"Y":0.17}},{"t":"X1","s":"","d":{"X":-0.065,"Y":-0.4}}],"clr":{"R":228,"G":252,"B":252,"A":255}},"JY1-0-22":{"pid":"JY1-S","orb":538.65,"per":8.97,"ang":312.67,"t":"ASTEROID","sp":"ASTEROID-2","s":21.46,"m":137.44,"gd":35.78,"wic":{},"woc":{},"wgc":{},"emm":[{"Type":"1","MainRange":40,"MainValue":0.23,"FarRange":186}],"sig":[{"t":"9-1","s":"","d":{"X":0.09,"Y":-0.49}},{"t":"9-2","s":"","d":{"X":-0.46,"Y":-0.19}},{"t":"X1","s":"","d":{"X":-0.566,"Y":0.724}}],"clr":{"R":245,"G":200,"B":215,"A":255}},"JY1-0-23":{"pid":"JY1-S","orb":445.44,"per":7.42,"ang":350.47,"t":"ASTEROID","sp":"ASTEROID-1","s":25.14,"m":220.68,"gd":41.9,"wic":{},"woc":{},"wgc":{},"emm":[{"Type":"1","MainRange":58,"MainValue":0.17,"FarRange":192}],"sig":[{"t":"9-1","s":"","d":{"X":-0.8,"Y":0.54}},{"t":"9-2","s":"","d":{"X":-0.15,"Y":-0.23}},{"t":"X1","s":"","d":{"X":-0.781,"Y":-0.561}}],"clr":{"R":250,"G":202,"B":247,"A":255}},"JY1-0-24":{"pid":"JY1-S","orb":583.86,"per":9.73,"ang":219.15,"t":"ASTEROID","sp":"ASTEROID-1","s":23.37,"m":177.36,"gd":38.95,"wic":{},"woc":{},"wgc":{},"emm":[{"Type":"1","MainRange":34,"MainValue":0.02,"FarRange":147}],"sig":[{"t":"9-1","s":"","d":{"X":-0.09,"Y":0.8}},{"t":"9-2","s":"","d":{"X":0.15,"Y":-0.08}},{"t":"X1","s":"","d":{"X":-0.088,"Y":0.424}}],"clr":{"R":254,"G":239,"B":228,"A":255}},"JY1-0-25":{"pid":"JY1-S","orb":532.27,"per":8.87,"ang":138.24,"t":"ASTEROID","sp":"ASTEROID-1","s":15.57,"m":52.51,"gd":25.96,"wic":{},"woc":{},"wgc":{},"emm":[{"Type":"1","MainRange":70,"MainValue":0.13,"FarRange":99}],"sig":[{"t":"9-1","s":"","d":{"X":-0.42,"Y":0.22}},{"t":"9-2","s":"","d":{"X":-0.49,"Y":-0.61}},{"t":"X1","s":"","d":{"X":-0.646,"Y":-0.678}}],"clr":{"R":252,"G":217,"B":251,"A":255}},"JY1-0-26":{"pid":"JY1-S","orb":551.79,"per":9.19,"ang":89.61,"t":"ASTEROID","sp":"ASTEROID-4","s":9.21,"m":10.88,"gd":15.36,"wic":{},"woc":{},"wgc":{},"emm":[{"Type":"1","MainRange":49,"MainValue":0.13,"FarRange":207},{"Type":"11","MainRange":66,"MainValue":0.29,"FarRange":75},{"Type":"3","MainRange":59,"MainValue":0.18,"FarRange":127},{"Type":"6","MainRange":35,"MainValue":0.22,"FarRange":217}],"sig":[{"t":"9-1","s":"","d":{"X":-0.83,"Y":0.4}},{"t":"9-2","s":"","d":{"X":-0.41,"Y":0.28}},{"t":"X1","s":"","d":{"X":0.348,"Y":0.699}},{"t":"X11","s":"","d":{"X":-0.097,"Y":-0.242}},{"t":"X3","s":"","d":{"X":0.278,"Y":0.936}},{"t":"X6","s":"","d":{"X":0.233,"Y":0.151}}],"clr":{"R":245,"G":213,"B":246,"A":255}},"JY1-0-27":{"pid":"JY1-S","orb":537.35,"per":8.95,"ang":61.92,"t":"ASTEROID","sp":"ASTEROID-4","s":22.71,"m":162.76,"gd":37.85,"wic":{},"woc":{},"wgc":{},"emm":[{"Type":"1","MainRange":73,"MainValue":0.13,"FarRange":211}],"sig":[{"t":"9-1","s":"","d":{"X":0.08,"Y":-0.77}},{"t":"9-2","s":"","d":{"X":0.23,"Y":-0.96}},{"t":"X1","s":"","d":{"X":-0.364,"Y":0.715}}],"clr":{"R":249,"G":238,"B":239,"A":255}},"JY1-0-28":{"pid":"JY1-S","orb":492.12,"per":8.2,"ang":70.79,"t":"ASTEROID","sp":"ASTEROID-5","s":15.37,"m":50.47,"gd":25.62,"wic":{},"woc":{},"wgc":{},"emm":[{"Type":"1","MainRange":47,"MainValue":0.22,"FarRange":62}],"sig":[{"t":"9-1","s":"","d":{"X":-0.97,"Y":-0.07}},{"t":"9-2","s":"","d":{"X":0.44,"Y":0.49}},{"t":"X1","s":"","d":{"X":0.663,"Y":-0.604}}],"clr":{"R":252,"G":250,"B":246,"A":255}},"JY1-0-29":{"pid":"JY1-S","orb":553.18,"per":9.21,"ang":249.59,"t":"ASTEROID","sp":"ASTEROID-1","s":9.93,"m":13.63,"gd":16.56,"wic":{},"woc":{},"wgc":{},"emm":[{"Type":"1","MainRange":55.800000000000004,"MainValue":0.24,"FarRange":62},{"Type":"10","MainRange":82,"MainValue":0.13,"FarRange":177},{"Type":"26","MainRange":61,"MainValue":0.22,"FarRange":164},{"Type":"13","MainRange":63,"MainValue":0.11,"FarRange":177}],"sig":[{"t":"9-1","s":"","d":{"X":-0.16,"Y":-0.85}},{"t":"9-2","s":"","d":{"X":-0.62,"Y":0.36}},{"t":"X1","s":"","d":{"X":0.073,"Y":-0.102}},{"t":"X10","s":"","d":{"X":0.165,"Y":-0.622}},{"t":"X26","s":"","d":{"X":-0.216,"Y":0.569}},{"t":"X13","s":"","d":{"X":0.021,"Y":0.495}}],"clr":{"R":254,"G":253,"B":244,"A":255}},"JY1-0-3":{"pid":"JY1-S","orb":530.23,"per":8.83,"ang":61.84,"t":"ASTEROID","sp":"ASTEROID-1","s":18.71,"m":90.98,"gd":31.18,"wic":{},"woc":{},"wgc":{},"emm":[{"Type":"1","MainRange":26,"MainValue":0.18,"FarRange":82}],"sig":[{"t":"9-1","s":"","d":{"X":-0.13,"Y":0.67}},{"t":"9-2","s":"","d":{"X":-0.39,"Y":0.28}},{"t":"X1","s":"","d":{"X":0.358,"Y":-0.519}}],"clr":{"R":242,"G":189,"B":188,"A":255}},"JY1-0-30":{"pid":"JY1-S","orb":560.72,"per":9.34,"ang":201.19,"t":"ASTEROID","sp":"ASTEROID-1","s":20.13,"m":113.3,"gd":33.55,"wic":{},"woc":{},"wgc":{},"emm":[{"Type":"1","MainRange":62,"MainValue":0.13,"FarRange":163}],"sig":[{"t":"9-1","s":"","d":{"X":0.77,"Y":0.18}},{"t":"9-2","s":"","d":{"X":0.33,"Y":0.19}},{"t":"X1","s":"","d":{"X":-0.358,"Y":0.836}}],"clr":{"R":220,"G":251,"B":240,"A":255}},"JY1-0-31":{"pid":"JY1-S","orb":520.08,"per":8.66,"ang":203.01,"t":"ASTEROID","sp":"ASTEROID-5","s":10.62,"m":16.66,"gd":17.71,"wic":{},"woc":{},"wgc":{},"emm":[{"Type":"1","MainRange":28,"MainValue":0.25,"FarRange":93}],"sig":[{"t":"9-1","s":"","d":{"X":-0.38,"Y":0.08}},{"t":"9-2","s":"","d":{"X":-0.76,"Y":0.6}},{"t":"X1","s":"","d":{"X":0.702,"Y":0.518}}],"clr":{"R":240,"G":243,"B":214,"A":255}},"JY1-0-32":{"pid":"JY1-S","orb":524.14,"per":8.73,"ang":116.09,"t":"ASTEROID","sp":"ASTEROID-5","s":17.8,"m":78.43,"gd":29.68,"wic":{},"woc":{},"wgc":{},"emm":[{"Type":"1","MainRange":60,"MainValue":0.2,"FarRange":116}],"sig":[{"t":"9-1","s":"","d":{"X":-0.78,"Y":-0.21}},{"t":"9-2","s":"","d":{"X":-0.39,"Y":-0.39}},{"t":"X1","s":"","d":{"X":0.316,"Y":-0.314}}],"clr":{"R":222,"G":252,"B":221,"A":255}},"JY1-0-33":{"pid":"JY1-S","orb":505.48,"per":8.42,"ang":26.15,"t":"ASTEROID","sp":"ASTEROID-2","s":32.37,"m":471.23,"gd":53.95,"wic":{},"woc":{},"wgc":{},"emm":[{"Type":"1","MainRange":47,"MainValue":0.14,"FarRange":74},{"Type":"19","MainRange":58,"MainValue":0.22,"FarRange":182}],"sig":[{"t":"9-1","s":"","d":{"X":0.2,"Y":0.42}},{"t":"9-2","s":"","d":{"X":-0.31,"Y":0.26}},{"t":"X1","s":"","d":{"X":0.045,"Y":-0.736}},{"t":"X19","s":"","d":{"X":-0.064,"Y":0.699}}],"clr":{"R":254,"G":251,"B":251,"A":255}},"JY1-0-34":{"pid":"JY1-S","orb":513.52,"per":8.55,"ang":227.78,"t":"ASTEROID","sp":"ASTEROID-2","s":33.43,"m":519.14,"gd":55.72,"wic":{},"woc":{},"wgc":{},"emm":[{"Type":"1","MainRange":86,"MainValue":0.17,"FarRange":106}],"sig":[{"t":"9-1","s":"","d":{"X":0.63,"Y":-0.57}},{"t":"9-2","s":"","d":{"X":-0.17,"Y":-0.86}},{"t":"X1","s":"","d":{"X":-0.057,"Y":-0.79}}],"clr":{"R":193,"G":233,"B":237,"A":255}},"JY1-0-35":{"pid":"JY1-S","orb":464.48,"per":7.74,"ang":289.45,"t":"ASTEROID","sp":"ASTEROID-5","s":22.26,"m":153.25,"gd":37.1,"wic":{},"woc":{},"wgc":{},"emm":[{"Type":"1","MainRange":70,"MainValue":0.11,"FarRange":205}],"sig":[{"t":"9-1","s":"","d":{"Y":0.73}},{"t":"9-2","s":"","d":{"X":-0.22,"Y":0.48}},{"t":"X1","s":"","d":{"X":-0.325,"Y":0.773}}],"clr":{"R":223,"G":208,"B":243,"A":255}},"JY1-0-36":{"pid":"JY1-S","orb":494.05,"per":8.23,"ang":45.38,"t":"ASTEROID","sp":"ASTEROID-3","s":21.92,"m":146.3,"gd":36.53,"wic":{},"woc":{},"wgc":{},"emm":[{"Type":"1","MainRange":61,"MainValue":0.18,"FarRange":140}],"sig":[{"t":"9-1","s":"","d":{"X":0.44,"Y":-0.78}},{"t":"9-2","s":"","d":{"X":0.72,"Y":0.3}},{"t":"X1","s":"","d":{"X":-0.273,"Y":0.272}}],"clr":{"R":253,"G":236,"B":249,"A":255}},"JY1-0-37":{"pid":"JY1-S","orb":620.33,"per":10.33,"ang":51.77,"t":"ASTEROID","sp":"ASTEROID-2","s":25.42,"m":228.26,"gd":42.37,"wic":{},"woc":{},"wgc":{},"emm":[{"Type":"1","MainRange":26,"MainValue":0.16,"FarRange":140}],"sig":[{"t":"9-1","s":"","d":{"X":0.44,"Y":0.47}},{"t":"9-2","s":"","d":{"X":0.12,"Y":0.67}},{"t":"X1","s":"","d":{"X":0.059,"Y":0.611}}],"clr":{"R":238,"G":198,"B":214,"A":255}},"JY1-0-38":{"pid":"JY1-S","orb":528.64,"per":8.81,"ang":283.04,"t":"ASTEROID","sp":"ASTEROID-5","s":20.26,"m":115.66,"gd":33.78,"wic":{},"woc":{},"wgc":{},"emm":[{"Type":"1","MainRange":35,"MainValue":0.24,"FarRange":157}],"sig":[{"t":"9-1","s":"","d":{"X":0.95,"Y":-0.28}},{"t":"9-2","s":"","d":{"X":-0.28,"Y":0.32}},{"t":"X1","s":"","d":{"X":0.455,"Y":-0.404}}],"clr":{"R":250,"G":164,"B":232,"A":255}},"JY1-0-39":{"pid":"JY1-S","orb":546.21,"per":9.1,"ang":57.15,"t":"ASTEROID","sp":"ASTEROID-5","s":20.51,"m":119.89,"gd":34.18,"wic":{},"woc":{},"wgc":{},"emm":[{"Type":"1","MainRange":63,"MainValue":0.26,"FarRange":229}],"sig":[{"t":"9-1","s":"","d":{"X":-0.82,"Y":-0.58}},{"t":"9-2","s":"","d":{"X":0.5,"Y":-0.35}},{"t":"X1","s":"","d":{"X":-0.252,"Y":0.216}}],"clr":{"R":252,"G":231,"B":249,"A":255}},"JY1-0-4":{"pid":"JY1-S","orb":420.21,"per":7,"ang":109.37,"t":"ASTEROID","sp":"ASTEROID-1","s":23,"m":169,"gd":38.33,"wic":{},"woc":{},"wgc":{},"emm":[{"Type":"1","MainRange":77.4,"MainValue":0.12,"FarRange":86}],"sig":[{"t":"9-1","s":"","d":{"X":0.75,"Y":-0.64}},{"t":"9-2","s":"","d":{"X":0.28,"Y":-0.96}},{"t":"X1","s":"","d":{"X":-0.192,"Y":0.158}}],"clr":{"R":252,"G":247,"B":228,"A":255}},"JY1-0-40":{"pid":"JY1-S","orb":509.09,"per":8.48,"ang":115.44,"t":"ASTEROID","sp":"ASTEROID-3","s":21.57,"m":139.43,"gd":35.95,"wic":{},"woc":{},"wgc":{},"emm":[{"Type":"1","MainRange":65,"MainValue":0.11,"FarRange":75}],"sig":[{"t":"9-1","s":"","d":{"X":0.1,"Y":0.82}},{"t":"9-2","s":"","d":{"X":-0.44,"Y":0.17}},{"t":"X1","s":"","d":{"X":-0.161,"Y":0.696}}],"clr":{"R":174,"G":173,"B":240,"A":255}},"JY1-0-41":{"pid":"JY1-S","orb":578.77,"per":9.64,"ang":347.41,"t":"ASTEROID","sp":"ASTEROID-4","s":6.94,"m":4.65,"gd":11.57,"wic":{},"woc":{},"wgc":{},"emm":[{"Type":"1","MainRange":54,"MainValue":0.26,"FarRange":101}],"sig":[{"t":"9-1","s":"","d":{"X":0.56,"Y":0.31}},{"t":"9-2","s":"","d":{"X":0.21,"Y":-0.91}},{"t":"X1","s":"","d":{"X":0.407,"Y":0.867}}],"clr":{"R":248,"G":250,"B":234,"A":255}},"JY1-0-42":{"pid":"JY1-S","orb":532.64,"per":8.87,"ang":104.88,"t":"ASTEROID","sp":"ASTEROID-5","s":21.6,"m":140.04,"gd":36,"wic":{},"woc":{},"wgc":{},"emm":[{"Type":"1","MainRange":67,"MainValue":0.19,"FarRange":161}],"sig":[{"t":"9-1","s":"","d":{"X":0.46,"Y":-0.45}},{"t":"9-2","s":"","d":{"X":0.08,"Y":-0.94}},{"t":"X1","s":"","d":{"X":-0.149,"Y":0.744}}],"clr":{"R":249,"G":247,"B":198,"A":255}},"JY1-0-43":{"pid":"JY1-S","orb":527.61,"per":8.79,"ang":5.73,"t":"ASTEROID","sp":"ASTEROID-1","s":22.85,"m":165.73,"gd":38.08,"wic":{},"woc":{},"wgc":{},"emm":[{"Type":"1","MainRange":67,"MainValue":0.22,"FarRange":101}],"sig":[{"t":"9-1","s":"","d":{"X":0.45,"Y":0.8}},{"t":"9-2","s":"","d":{"X":-0.18,"Y":-0.47}},{"t":"X1","s":"","d":{"X":-0.426,"Y":-0.383}}],"clr":{"R":254,"G":254,"B":252,"A":255}},"JY1-0-44":{"pid":"JY1-S","orb":470.93,"per":7.84,"ang":55.81,"t":"ASTEROID","sp":"ASTEROID-2","s":22.32,"m":154.46,"gd":37.2,"wic":{},"woc":{},"wgc":{},"emm":[{"Type":"1","MainRange":40,"MainValue":0.23,"FarRange":178}],"sig":[{"t":"9-1","s":"","d":{"X":0.75,"Y":-0.37}},{"t":"9-2","s":"","d":{"X":-0.37,"Y":-0.66}},{"t":"X1","s":"","d":{"X":-0.303,"Y":0.5}}],"clr":{"R":241,"G":253,"B":156,"A":255}},"JY1-0-45":{"pid":"JY1-S","orb":399.38,"per":6.65,"ang":68.29,"t":"ASTEROID","sp":"ASTEROID-4","s":24.84,"m":212.96,"gd":41.4,"wic":{},"woc":{},"wgc":{},"emm":[{"Type":"1","MainRange":61,"MainValue":0.2,"FarRange":101}],"sig":[{"t":"9-1","s":"","d":{"X":0.3,"Y":0.66}},{"t":"9-2","s":"","d":{"X":-0.06,"Y":0.99}},{"t":"X1","s":"","d":{"X":0.155,"Y":0.812}}],"clr":{"R":177,"G":254,"B":222,"A":255}},"JY1-0-46":{"pid":"JY1-S","orb":520.77,"per":8.67,"ang":163.63,"t":"ASTEROID","sp":"ASTEROID-5","s":12.59,"m":27.74,"gd":20.99,"wic":{},"woc":{},"wgc":{},"emm":[{"Type":"1","MainRange":55,"MainValue":0.18,"FarRange":259}],"sig":[{"t":"9-1","s":"","d":{"X":0.75,"Y":0.31}},{"t":"9-2","s":"","d":{"X":0.15,"Y":0.27}},{"t":"X1","s":"","d":{"X":0.227,"Y":-0.716}}],"clr":{"R":194,"G":237,"B":180,"A":255}},"JY1-0-47":{"pid":"JY1-S","orb":409.26,"per":6.82,"ang":310.43,"t":"ASTEROID","sp":"ASTEROID-4","s":21.06,"m":129.88,"gd":35.11,"wic":{},"woc":{},"wgc":{},"emm":[{"Type":"1","MainRange":80,"MainValue":0.18,"FarRange":194}],"sig":[{"t":"9-1","s":"","d":{"X":-0.52,"Y":-0.03}},{"t":"9-2","s":"","d":{"X":-0.91,"Y":0.04}},{"t":"X1","s":"","d":{"X":-0.904,"Y":-0.031}}],"clr":{"R":171,"G":245,"B":179,"A":255}},"JY1-0-48":{"pid":"JY1-S","orb":417.12,"per":6.95,"ang":133.53,"t":"ASTEROID","sp":"ASTEROID-2","s":19.22,"m":98.65,"gd":32.03,"wic":{},"woc":{},"wgc":{},"emm":[{"Type":"1","MainRange":46,"MainValue":0.26,"FarRange":135}],"sig":[{"t":"9-1","s":"","d":{"X":0.07,"Y":0.44}},{"t":"9-2","s":"","d":{"X":-0.03,"Y":-0.88}},{"t":"X1","s":"","d":{"X":-0.255,"Y":0.963}}],"clr":{"R":181,"G":238,"B":239,"A":255}},"JY1-0-49":{"pid":"JY1-S","orb":629.16,"per":10.48,"ang":283.19,"t":"ASTEROID","sp":"ASTEROID-2","s":17.27,"m":71.54,"gd":28.78,"wic":{},"woc":{},"wgc":{},"emm":[{"Type":"1","MainRange":83,"MainValue":0.1,"FarRange":257}],"sig":[{"t":"9-1","s":"","d":{"X":-0.18,"Y":-0.3}},{"t":"9-2","s":"","d":{"X":-0.43,"Y":0.8}},{"t":"X1","s":"","d":{"X":-0.646,"Y":0.431}}],"clr":{"R":244,"G":253,"B":253,"A":255}},"JY1-0-5":{"pid":"JY1-S","orb":606.4,"per":10.1,"ang":18.52,"t":"ASTEROID","sp":"ASTEROID-5","s":14.32,"m":40.79,"gd":23.86,"wic":{},"woc":{},"wgc":{},"emm":[{"Type":"1","MainRange":54,"MainValue":0.23,"FarRange":132}],"sig":[{"t":"9-1","s":"","d":{"X":-0.1,"Y":-0.73}},{"t":"9-2","s":"","d":{"X":0.12,"Y":-0.69}},{"t":"X1","s":"","d":{"X":0.385,"Y":0.91}}],"clr":{"R":254,"G":201,"B":170,"A":255}},"JY1-0-50":{"pid":"JY1-S","orb":423.64,"per":7.06,"ang":350.42,"t":"ASTEROID","sp":"ASTEROID-3","s":14.79,"m":44.99,"gd":24.66,"wic":{},"woc":{},"wgc":{},"emm":[{"Type":"1","MainRange":64,"MainValue":0.33,"FarRange":92}],"sig":[{"t":"9-1","s":"","d":{"X":-0.35,"Y":-0.59}},{"t":"9-2","s":"","d":{"X":-0.26,"Y":-0.71}},{"t":"X1","s":"","d":{"X":0.135,"Y":-0.37}}],"clr":{"R":246,"G":249,"B":230,"A":255}},"JY1-0-51":{"pid":"JY1-S","orb":537.19,"per":8.95,"ang":176.9,"t":"ASTEROID","sp":"ASTEROID-4","s":11.68,"m":22.16,"gd":19.47,"wic":{},"woc":{},"wgc":{},"emm":[{"Type":"1","MainRange":17,"MainValue":0.16,"FarRange":126}],"sig":[{"t":"9-1","s":"","d":{"X":-0.38,"Y":-0.15}},{"t":"9-2","s":"","d":{"X":-0.41,"Y":-0.05}},{"t":"X1","s":"","d":{"X":-0.484,"Y":0.48}}],"clr":{"R":214,"G":243,"B":247,"A":255}},"JY1-0-52":{"pid":"JY1-S","orb":519.6,"per":8.66,"ang":296.14,"t":"ASTEROID","sp":"ASTEROID-4","s":8.38,"m":8.18,"gd":13.97,"wic":{},"woc":{},"wgc":{},"emm":[{"Type":"1","MainRange":47,"MainValue":0.25,"FarRange":212}],"sig":[{"t":"9-1","s":"","d":{"X":0.21,"Y":0.77}},{"t":"9-2","s":"","d":{"X":-0.68,"Y":-0.45}},{"t":"X1","s":"","d":{"X":0.223,"Y":-0.298}}],"clr":{"R":249,"G":254,"B":252,"A":255}},"JY1-0-6":{"pid":"JY1-S","orb":507.07,"per":8.45,"ang":300.74,"t":"ASTEROID","sp":"ASTEROID-3","s":16.89,"m":66.98,"gd":28.15,"wic":{},"woc":{},"wgc":{},"emm":[{"Type":"1","MainRange":55,"MainValue":0.13,"FarRange":200}],"sig":[{"t":"9-1","s":"","d":{"X":0.89,"Y":-0.13}},{"t":"9-2","s":"","d":{"X":0.6,"Y":0.38}},{"t":"X1","s":"","d":{"X":0.328,"Y":0.66}}],"clr":{"R":208,"G":185,"B":241,"A":255}},"JY1-0-7":{"pid":"JY1-S","orb":472.51,"per":7.87,"ang":305.15,"t":"ASTEROID","sp":"ASTEROID-2","s":24.56,"m":205.94,"gd":40.94,"wic":{},"woc":{},"wgc":{},"emm":[{"Type":"1","MainRange":23,"MainValue":0.12,"FarRange":121}],"sig":[{"t":"9-1","s":"","d":{"X":0.47,"Y":0.46}},{"t":"9-2","s":"","d":{"X":0.17,"Y":-0.76}},{"t":"X1","s":"","d":{"X":0.236,"Y":0.879}}],"clr":{"R":246,"G":188,"B":217,"A":255}},"JY1-0-8":{"pid":"JY1-S","orb":475.38,"per":7.92,"ang":251.84,"t":"ASTEROID","sp":"ASTEROID-3","s":23.12,"m":171.73,"gd":38.53,"wic":{},"woc":{},"wgc":{},"emm":[{"Type":"1","MainRange":25,"MainValue":0.21,"FarRange":166}],"sig":[{"t":"9-1","s":"","d":{"X":-0.79,"Y":-0.11}},{"t":"9-2","s":"","d":{"X":-0.69,"Y":-0.21}},{"t":"X1","s":"","d":{"X":0.489,"Y":-0.098}}],"clr":{"R":241,"G":240,"B":251,"A":255}},"JY1-0-9":{"pid":"JY1-S","orb":520.32,"per":8.67,"ang":223.12,"t":"ASTEROID","sp":"ASTEROID-1","s":12.66,"m":28.21,"gd":21.1,"wic":{},"woc":{},"wgc":{},"emm":[{"Type":"1","MainRange":54,"MainValue":0.25,"FarRange":165}],"sig":[{"t":"9-1","s":"","d":{"X":-0.4,"Y":-0.38}},{"t":"9-2","s":"","d":{"X":-0.41,"Y":-0.51}},{"t":"X1","s":"","d":{"X":0.471,"Y":0.315}}],"clr":{"R":252,"G":234,"B":239,"A":255}},"JY1-268":{"pid":"JY1-623","orb":266.63,"per":4.44,"t":"HARDPLANET","sp":"HARDPLANET-51","s":85.29,"m":36178.01,"gd":243.68,"wic":{},"woc":{},"wgc":{},"emm":[{"Type":"11","MainRange":118,"MainValue":0.8,"FarRange":580},{"Type":"13","MainRange":192,"MainValue":0.47,"FarRange":473},{"Type":"25","MainRange":250,"MainValue":1.47,"FarRange":356}],"sig":[{"t":"0-1","s":"","d":{"X":-0.84,"Y":0.45}},{"t":"1-1","s":"","d":{"X":0.15,"Y":-0.1}},{"t":"3-2","s":"","d":{"X":0.03,"Y":0.55}},{"t":"4-2","s":"","d":{"X":-0.42,"Y":-0.14}},{"t":"5-2","s":"","d":{"X":0.4,"Y":-0.73}},{"t":"6-3","s":"","d":{"X":0.49,"Y":0.5}},{"t":"7-2","s":"","d":{"X":-0.94,"Y":0.01}},{"t":"7-1","s":"","d":{"X":-0.86,"Y":-0.5}},{"t":"8-2","s":"","d":{"X":-0.62,"Y":0.23}},{"t":"9-1","s":"","d":{"X":0.05,"Y":0.19}},{"t":"9-2","s":"","d":{"X":0.23,"Y":0.58}},{"t":"10-1","s":"","d":{"X":-0.36,"Y":0.39}},{"t":"10-2","s":"","d":{"X":-0.41,"Y":-0.14}},{"t":"11-1","s":"","d":{"X":-0.34,"Y":0.12}},{"t":"12-4","s":"","d":{"X":0.03,"Y":0.91}},{"t":"13-1","s":"","d":{"X":0.07,"Y":-0.45}},{"t":"13-2","s":"","d":{"X":0.73,"Y":0.02}},{"t":"X11","s":"","d":{"X":0.217,"Y":-0.579}},{"t":"X13","s":"","d":{"X":-0.298,"Y":-0.751}},{"t":"X25","s":"","d":{"X":-0.403,"Y":0.737}}],"clr":{"R":249,"G":224,"B":204,"A":255}},"JY1-623":{"pid":"JY1-S","orb":1576.47,"per":26.27,"t":"GASPLANET","sp":"GASPLANET-35","s":157.3,"m":37843.34,"gd":262.17,"wic":{},"woc":{},"wgc":{},"emm":[{"Type":"19","MainRange":375,"MainValue":1.76,"FarRange":1198},{"Type":"3","MainRange":244,"MainValue":1.74,"FarRange":592},{"Type":"2","MainRange":383,"MainValue":1.61,"FarRange":1292}],"sig":[{"t":"0-2","s":"","d":{"X":0.77,"Y":0.54}},{"t":"1-3","s":"","d":{"X":-0.95,"Y":-0.1}},{"t":"3-1","s":"","d":{"X":0.63,"Y":-0.06}},{"t":"6-3","s":"","d":{"X":-0.94,"Y":-0.32}},{"t":"7-3","s":"","d":{"X":-0.15,"Y":0.78}},{"t":"8-2","s":"","d":{"X":0.22,"Y":0.38}},{"t":"10-2","s":"","d":{"X":0.26,"Y":-0.43}},{"t":"11-1","s":"","d":{"X":-0.33,"Y":-0.85}},{"t":"X19","s":"","d":{"X":0.455,"Y":-0.479}},{"t":"X3","s":"","d":{"X":-0.09,"Y":0.586}},{"t":"X2","s":"","d":{"X":-0.579,"Y":-0.547}}],"clr":{"R":254,"G":217,"B":233,"A":255}},"JY1-863":{"pid":"JY1-S","orb":889.36,"per":14.82,"t":"HARDPLANET","sp":"HARDPLANET-30","s":51.21,"m":7834.05,"gd":146.33,"wic":{},"woc":{},"wgc":{},"mi":[4],"emm":[{"Type":"20","MainRange":159,"MainValue":1.65,"FarRange":614}],"sig":[{"t":"0-3","s":"","d":{"X":-0.79,"Y":-0.42}},{"t":"1-3","s":"","d":{"X":0.2,"Y":-0.3}},{"t":"7-2","s":"","d":{"X":0.66,"Y":-0.65}},{"t":"7-3","s":"","d":{"X":-0.01,"Y":-0.58}},{"t":"8-1","s":"","d":{"X":0.43,"Y":-0.64}},{"t":"8-2","s":"","d":{"X":-0.08,"Y":-0.3}},{"t":"9-1","s":"","d":{"X":-0.39,"Y":-0.41}},{"t":"9-2","s":"","d":{"X":0.06,"Y":0.62}},{"t":"10-1","s":"","d":{"X":0.68,"Y":-0.54}},{"t":"10-2","s":"","d":{"X":-0.73,"Y":-0.37}},{"t":"11-1","s":"","d":{"X":-0.65,"Y":0.33}},{"t":"12-1","s":"","d":{"X":-0.58,"Y":0.42}},{"t":"13-1","s":"","d":{"X":-0.35,"Y":0.65}},{"t":"13-2","s":"","d":{"X":-0.18,"Y":0.2}},{"t":"X20","s":"","d":{"X":-0.88,"Y":0.456}}],"clr":{"R":253,"G":188,"B":170,"A":255}},"JY1-911":{"pid":"JY1-S","orb":2795.13,"per":46.58,"t":"GASPLANET","sp":"GASPLANET-17","s":225.82,"m":111967.84,"gd":376.37,"wic":{},"woc":{},"wgc":{},"emm":[{"Type":"15","MainRange":725,"MainValue":1.29,"FarRange":1230}],"sig":[{"t":"0-2","s":"","d":{"X":0.69,"Y":-0.26}},{"t":"1-3","s":"","d":{"X":-0.56,"Y":0.44}},{"t":"3-1","s":"","d":{"X":0.39,"Y":-0.66}},{"t":"6-2","s":"","d":{"X":-0.98,"Y":0.18}},{"t":"7-3","s":"","d":{"X":-0.46,"Y":-0.5}},{"t":"8-1","s":"","d":{"X":-0.47,"Y":-0.5}},{"t":"8-2","s":"","d":{"X":0.08,"Y":0.48}},{"t":"10-1","s":"","d":{"X":-0.56,"Y":0.3}},{"t":"10-2","s":"","d":{"X":-0.31,"Y":-0.93}},{"t":"11-1","s":"","d":{"X":-0.52,"Y":-0.72}},{"t":"X15","s":"","d":{"X":-0.162,"Y":-0.297}}],"clr":{"R":245,"G":241,"B":218,"A":255}},"JY1-S":{"t":"STAR","sp":"STAR-12","s":411.47,"m":3870540.72,"gd":1371.59,"wic":{},"woc":{},"wgc":{},"emm":[{"Type":"2","MainRange":1200,"MainValue":3.78,"FarRange":3284}],"sig":[{"t":"X2","s":"","d":{"X":0.376,"Y":-0.29}}],"clr":{"R":242,"G":231,"B":251,"A":255}}}}