{"SpawnDistance":5172.75,"Points":{"GK8-0-0":{"pid":"GK8-S","orb":1443.28,"per":24.05,"ang":128.81,"t":"ASTEROID","sp":"ASTEROID-1","s":33.4,"m":517.63,"gd":55.67,"wic":{},"woc":{},"wgc":{},"emm":[{"Type":"1","MainRange":23,"MainValue":0.14,"FarRange":133}],"sig":[{"t":"9-1","s":"","d":{"X":0.56,"Y":-0.09}},{"t":"X1","s":"","d":{"X":0.125,"Y":0.482}}],"clr":{"R":253,"G":207,"B":245,"A":255}},"GK8-0-1":{"pid":"GK8-S","orb":1322.36,"per":22.03,"ang":217.66,"t":"ASTEROID","sp":"ASTEROID-3","s":20.8,"m":125.01,"gd":34.66,"wic":{},"woc":{},"wgc":{},"emm":[{"Type":"1","MainRange":58.5,"MainValue":0.33,"FarRange":65}],"sig":[{"t":"9-1","s":"","d":{"X":0.48,"Y":0.54}},{"t":"X1","s":"","d":{"X":-0.633,"Y":-0.696}}],"clr":{"R":254,"G":246,"B":244,"A":255}},"GK8-0-10":{"pid":"GK8-S","orb":1285.57,"per":21.42,"ang":126.95,"t":"ASTEROID","sp":"ASTEROID-5","s":32.91,"m":495.23,"gd":54.85,"wic":{},"woc":{},"wgc":{},"emm":[{"Type":"1","MainRange":49,"MainValue":0.22,"FarRange":130},{"Type":"3","MainRange":23,"MainValue":0.25,"FarRange":172},{"Type":"11","MainRange":53,"MainValue":0.24,"FarRange":196},{"Type":"16","MainRange":48,"MainValue":0.15,"FarRange":138}],"sig":[{"t":"9-1","s":"","d":{"X":-0.37,"Y":-0.5}},{"t":"X1","s":"","d":{"X":-0.058,"Y":0.801}},{"t":"X3","s":"","d":{"X":-0.266,"Y":-0.221}},{"t":"X11","s":"","d":{"X":-0.502,"Y":-0.299}},{"t":"X16","s":"","d":{"X":0.676,"Y":-0.297}}],"clr":{"R":253,"G":234,"B":236,"A":255}},"GK8-0-11":{"pid":"GK8-S","orb":1282.7,"per":21.37,"ang":182.56,"t":"ASTEROID","sp":"ASTEROID-1","s":18.11,"m":82.56,"gd":30.19,"wic":{},"woc":{},"wgc":{},"emm":[{"Type":"1","MainRange":46,"MainValue":0.06,"FarRange":142}],"sig":[{"t":"9-1","s":"","d":{"X":-0.06,"Y":-0.77}},{"t":"X1","s":"","d":{"X":-0.405,"Y":-0.217}}],"clr":{"R":201,"G":232,"B":245,"A":255}},"GK8-0-12":{"pid":"GK8-S","orb":1267.48,"per":21.12,"ang":221.72,"t":"ASTEROID","sp":"ASTEROID-4","s":12.7,"m":28.46,"gd":21.17,"wic":{},"woc":{},"wgc":{},"emm":[{"Type":"1","MainRange":38,"MainValue":0.08,"FarRange":103}],"sig":[{"t":"9-1","s":"","d":{"X":0.42,"Y":0.02}},{"t":"X1","s":"","d":{"X":-0.973,"Y":-0.228}}],"clr":{"R":234,"G":248,"B":239,"A":255}},"GK8-0-13":{"pid":"GK8-S","orb":1391.82,"per":23.19,"ang":8.47,"t":"ASTEROID","sp":"ASTEROID-2","s":18.24,"m":84.29,"gd":30.4,"wic":{},"woc":{},"wgc":{},"emm":[{"Type":"1","MainRange":47,"MainValue":0.26,"FarRange":151},{"Type":"18","MainRange":56,"MainValue":0.13,"FarRange":114},{"Type":"12","MainRange":58,"MainValue":0.29,"FarRange":129}],"sig":[{"t":"9-1","s":"","d":{"X":-0.04,"Y":-0.94}},{"t":"X1","s":"","d":{"X":-0.307,"Y":0.55}},{"t":"X18","s":"","d":{"X":0.214,"Y":-0.197}},{"t":"X12","s":"","d":{"X":-0.027,"Y":0.69}}],"clr":{"R":251,"G":236,"B":249,"A":255}},"GK8-0-14":{"pid":"GK8-S","orb":1414.94,"per":23.58,"ang":65.79,"t":"ASTEROID","sp":"ASTEROID-3","s":10.86,"m":17.82,"gd":18.11,"wic":{},"woc":{},"wgc":{},"emm":[{"Type":"1","MainRange":53,"MainValue":0.16,"FarRange":198}],"sig":[{"t":"9-1","s":"","d":{"X":0.3,"Y":0.48}},{"t":"X1","s":"","d":{"X":-0.23,"Y":0.154}}],"clr":{"R":186,"G":248,"B":191,"A":255}},"GK8-0-15":{"pid":"GK8-S","orb":1291.1,"per":21.51,"ang":24.62,"t":"ASTEROID","sp":"ASTEROID-1","s":20.93,"m":127.37,"gd":34.88,"wic":{},"woc":{},"wgc":{},"emm":[{"Type":"1","MainRange":39,"MainValue":0.32,"FarRange":160}],"sig":[{"t":"9-1","s":"","d":{"X":0.42,"Y":-0.72}},{"t":"X1","s":"","d":{"X":-0.046,"Y":0.683}}],"clr":{"R":223,"G":249,"B":186,"A":255}},"GK8-0-16":{"pid":"GK8-S","orb":1507.89,"per":25.13,"ang":29.74,"t":"ASTEROID","sp":"ASTEROID-4","s":20.05,"m":112.06,"gd":33.42,"wic":{},"woc":{},"wgc":{},"emm":[{"Type":"1","MainRange":77,"MainValue":0.26,"FarRange":228}],"sig":[{"t":"9-1","s":"","d":{"X":0.48,"Y":0.49}},{"t":"X1","s":"","d":{"X":0.669,"Y":0.714}}],"clr":{"R":203,"G":249,"B":242,"A":255}},"GK8-0-17":{"pid":"GK8-S","orb":1082.88,"per":18.04,"ang":338.27,"t":"ASTEROID","sp":"ASTEROID-1","s":11.39,"m":20.54,"gd":18.99,"wic":{},"woc":{},"wgc":{},"emm":[{"Type":"1","MainRange":62,"MainValue":0.13,"FarRange":230}],"sig":[{"t":"9-1","s":"","d":{"X":0.07,"Y":-0.88}},{"t":"X1","s":"","d":{"X":-0.812,"Y":-0.36}}],"clr":{"R":218,"G":246,"B":237,"A":255}},"GK8-0-18":{"pid":"GK8-S","orb":1346.43,"per":22.44,"ang":346.29,"t":"ASTEROID","sp":"ASTEROID-3","s":13.18,"m":31.83,"gd":21.97,"wic":{},"woc":{},"wgc":{},"emm":[{"Type":"1","MainRange":31,"MainValue":0.07,"FarRange":98}],"sig":[{"t":"9-1","s":"","d":{"X":0.38,"Y":-0.39}},{"t":"X1","s":"","d":{"X":0.343,"Y":0.526}}],"clr":{"R":253,"G":221,"B":253,"A":255}},"GK8-0-19":{"pid":"GK8-S","orb":1137.37,"per":18.95,"ang":272.74,"t":"ASTEROID","sp":"ASTEROID-5","s":14.54,"m":42.75,"gd":24.24,"wic":{},"woc":{},"wgc":{},"emm":[{"Type":"1","MainRange":35,"MainValue":0.17,"FarRange":102}],"sig":[{"t":"9-1","s":"","d":{"X":-0.1,"Y":0.46}},{"t":"X1","s":"","d":{"X":0.127,"Y":0.371}}],"clr":{"R":252,"G":251,"B":241,"A":255}},"GK8-0-2":{"pid":"GK8-S","orb":1435.38,"per":23.92,"ang":260.36,"t":"ASTEROID","sp":"ASTEROID-5","s":17.56,"m":75.23,"gd":29.27,"wic":{},"woc":{},"wgc":{},"emm":[{"Type":"1","MainRange":49,"MainValue":0.31,"FarRange":155}],"sig":[{"t":"9-1","s":"","d":{"X":0.6,"Y":-0.65}},{"t":"X1","s":"","d":{"X":0.2,"Y":0.873}}],"clr":{"R":246,"G":236,"B":251,"A":255}},"GK8-0-20":{"pid":"GK8-S","orb":1255.18,"per":20.91,"ang":300.05,"t":"ASTEROID","sp":"ASTEROID-5","s":13.93,"m":37.57,"gd":23.22,"wic":{},"woc":{},"wgc":{},"emm":[{"Type":"1","MainRange":51,"MainValue":0.12,"FarRange":124}],"sig":[{"t":"9-1","s":"","d":{"X":0.49,"Y":0.24}},{"t":"X1","s":"","d":{"X":0.372,"Y":-0.523}}],"clr":{"R":234,"G":251,"B":252,"A":255}},"GK8-0-21":{"pid":"GK8-S","orb":1346.29,"per":22.43,"ang":53.2,"t":"ASTEROID","sp":"ASTEROID-4","s":12.67,"m":28.25,"gd":21.11,"wic":{},"woc":{},"wgc":{},"emm":[{"Type":"1","MainRange":77,"MainValue":0.21,"FarRange":100}],"sig":[{"t":"9-1","s":"","d":{"X":-0.52,"Y":-0.02}},{"t":"X1","s":"","d":{"X":0.353,"Y":-0.46}}],"clr":{"R":190,"G":237,"B":214,"A":255}},"GK8-0-22":{"pid":"GK8-S","orb":1490.63,"per":24.84,"ang":245.75,"t":"ASTEROID","sp":"ASTEROID-1","s":16.82,"m":66.11,"gd":28.03,"wic":{},"woc":{},"wgc":{},"emm":[{"Type":"1","MainRange":63,"MainValue":0.22,"FarRange":160}],"sig":[{"t":"9-1","s":"","d":{"X":0.2,"Y":-0.84}},{"t":"X1","s":"","d":{"X":-0.488,"Y":0.543}}],"clr":{"R":219,"G":242,"B":243,"A":255}},"GK8-0-23":{"pid":"GK8-S","orb":1269.5,"per":21.15,"ang":39.15,"t":"ASTEROID","sp":"ASTEROID-3","s":18.29,"m":85.11,"gd":30.49,"wic":{},"woc":{},"wgc":{},"emm":[{"Type":"1","MainRange":48,"MainValue":0.24,"FarRange":189}],"sig":[{"t":"9-1","s":"","d":{"X":-0.26,"Y":-0.19}},{"t":"X1","s":"","d":{"X":-0.837,"Y":0.062}}],"clr":{"R":251,"G":210,"B":226,"A":255}},"GK8-0-24":{"pid":"GK8-S","orb":1423.79,"per":23.72,"ang":223.58,"t":"ASTEROID","sp":"ASTEROID-1","s":29.28,"m":348.81,"gd":48.8,"wic":{},"woc":{},"wgc":{},"emm":[{"Type":"1","MainRange":51,"MainValue":0.15,"FarRange":148}],"sig":[{"t":"9-1","s":"","d":{"X":0.15,"Y":0.43}},{"t":"X1","s":"","d":{"X":0.162,"Y":-0.707}}],"clr":{"R":238,"G":185,"B":192,"A":255}},"GK8-0-3":{"pid":"GK8-S","orb":1297.37,"per":21.62,"ang":16.6,"t":"ASTEROID","sp":"ASTEROID-3","s":18.16,"m":83.24,"gd":30.27,"wic":{},"woc":{},"wgc":{},"emm":[{"Type":"1","MainRange":31,"MainValue":0.21,"FarRange":204}],"sig":[{"t":"9-1","s":"","d":{"X":-0.79,"Y":0.42}},{"t":"X1","s":"","d":{"X":-0.003,"Y":-0.655}}],"clr":{"R":245,"G":252,"B":253,"A":255}},"GK8-0-4":{"pid":"GK8-S","orb":1384.41,"per":23.07,"ang":118.73,"t":"ASTEROID","sp":"ASTEROID-3","s":12.75,"m":28.79,"gd":21.25,"wic":{},"woc":{},"wgc":{},"emm":[{"Type":"1","MainRange":50,"MainValue":0.2,"FarRange":104}],"sig":[{"t":"9-1","s":"","d":{"X":0.59,"Y":-0.51}},{"t":"X1","s":"","d":{"X":-0.546,"Y":0.093}}],"clr":{"R":188,"G":249,"B":192,"A":255}},"GK8-0-5":{"pid":"GK8-S","orb":1286.54,"per":21.44,"ang":279.35,"t":"ASTEROID","sp":"ASTEROID-2","s":20.94,"m":127.64,"gd":34.91,"wic":{},"woc":{},"wgc":{},"emm":[{"Type":"1","MainRange":54,"MainValue":0.19,"FarRange":222}],"sig":[{"t":"9-1","s":"","d":{"X":-0.26,"Y":0.46}},{"t":"X1","s":"","d":{"X":-0.384,"Y":0.43}}],"clr":{"R":252,"G":239,"B":248,"A":255}},"GK8-0-6":{"pid":"GK8-S","orb":1284.59,"per":21.4,"ang":289.78,"t":"ASTEROID","sp":"ASTEROID-5","s":25.08,"m":219.19,"gd":41.8,"wic":{},"woc":{},"wgc":{},"emm":[{"Type":"1","MainRange":64,"MainValue":0.18,"FarRange":180}],"sig":[{"t":"9-1","s":"","d":{"X":0.4,"Y":-0.18}},{"t":"X1","s":"","d":{"X":0.684,"Y":-0.22}}],"clr":{"R":252,"G":230,"B":225,"A":255}},"GK8-0-7":{"pid":"GK8-S","orb":1239.97,"per":20.66,"ang":251.89,"t":"ASTEROID","sp":"ASTEROID-1","s":14.56,"m":42.93,"gd":24.27,"wic":{},"woc":{},"wgc":{},"emm":[{"Type":"1","MainRange":45,"MainValue":0.23,"FarRange":117}],"sig":[{"t":"9-1","s":"","d":{"X":-0.77,"Y":0.56}},{"t":"X1","s":"","d":{"X":0.531,"Y":0.054}}],"clr":{"R":249,"G":183,"B":234,"A":255}},"GK8-0-8":{"pid":"GK8-S","orb":1252.9,"per":20.88,"ang":277.57,"t":"ASTEROID","sp":"ASTEROID-4","s":23.78,"m":186.88,"gd":39.64,"wic":{},"woc":{},"wgc":{},"emm":[{"Type":"1","MainRange":63,"MainValue":0.14,"FarRange":191}],"sig":[{"t":"9-1","s":"","d":{"X":-0.35,"Y":0.03}},{"t":"X1","s":"","d":{"X":0.23,"Y":0.489}}],"clr":{"R":188,"G":245,"B":217,"A":255}},"GK8-0-9":{"pid":"GK8-S","orb":1308.09,"per":21.8,"ang":250.59,"t":"ASTEROID","sp":"ASTEROID-5","s":24.82,"m":212.54,"gd":41.37,"wic":{},"woc":{},"wgc":{},"emm":[{"Type":"1","MainRange":52,"MainValue":0.28,"FarRange":206}],"sig":[{"t":"9-1","s":"","d":{"X":-0.2,"Y":0.42}},{"t":"X1","s":"","d":{"X":-0.12,"Y":0.715}}],"clr":{"R":242,"G":231,"B":216,"A":255}},"GK8-404":{"pid":"GK8-S","orb":4702.5,"per":78.37,"t":"GASPLANET","sp":"GASPLANET-14","s":130.92,"m":21820.68,"gd":218.21,"wic":{},"woc":{},"wgc":{},"sig":[{"t":"0-3","s":"","d":{"X":0.47,"Y":-0.43}},{"t":"1-3","s":"","d":{"X":0.02,"Y":-0.56}},{"t":"3-1","s":"","d":{"X":0.61,"Y":-0.31}},{"t":"6-3","s":"","d":{"X":0.58,"Y":0.01}},{"t":"7-3","s":"","d":{"X":-0.56,"Y":-0.14}},{"t":"8-1","s":"","d":{"X":-0.29,"Y":0.85}},{"t":"10-1","s":"","d":{"X":0.53,"Y":0.09}},{"t":"11-1","s":"","d":{"X":-0.7,"Y":0.58}}],"clr":{"R":253,"G":249,"B":251,"A":255}},"GK8-477":{"pid":"GK8-S","orb":2931.78,"per":48.86,"t":"GASPLANET","sp":"GASPLANET-39","s":206.81,"m":86001.9,"gd":344.69,"wic":{},"woc":{},"wgc":{},"sig":[{"t":"0-3","s":"","d":{"X":-0.27,"Y":0.72}},{"t":"1-3","s":"","d":{"X":-0.87,"Y":-0.09}},{"t":"3-1","s":"","d":{"X":-0.46,"Y":-0.76}},{"t":"6-3","s":"","d":{"X":0.34,"Y":0.02}},{"t":"7-3","s":"","d":{"X":0.38,"Y":0.18}},{"t":"8-1","s":"","d":{"X":0.8,"Y":-0.31}},{"t":"11-1","s":"","d":{"X":-0.55,"Y":0.05}}],"clr":{"R":211,"G":212,"B":250,"A":255}},"GK8-S":{"t":"STAR","sp":"STAR-7","s":387.99,"m":3244999.23,"gd":1293.32,"wic":{},"woc":{},"wgc":{},"emm":[{"Type":"2","MainRange":270,"MainValue":5.07,"FarRange":300}],"sig":[{"t":"X2","s":"","d":{"X":-0.2,"Y":-0.268}}],"clr":{"R":239,"G":242,"B":251,"A":255}}}}