{"SpawnDistance":3087.304,"Points":{"CU4-0-0":{"pid":"CU4-S","orb":1598.65,"per":26.64,"ang":125.73,"t":"ASTEROID","sp":"ASTEROID-1","s":16.85,"m":66.45,"gd":28.08,"wic":{},"woc":{},"wgc":{},"emm":[{"Type":"1","MainRange":58,"MainValue":0.11,"FarRange":141}],"sig":[{"t":"9-1","s":"","d":{"X":0.52,"Y":0.83}},{"t":"X1","s":"","d":{"X":-0.296,"Y":0.522}}],"clr":{"R":199,"G":253,"B":178,"A":255}},"CU4-0-1":{"pid":"CU4-S","orb":1603.02,"per":26.71,"ang":135.42,"t":"ASTEROID","sp":"ASTEROID-5","s":15.76,"m":54.4,"gd":26.27,"wic":{},"woc":{},"wgc":{},"emm":[{"Type":"1","MainRange":47,"MainValue":0.21,"FarRange":151}],"sig":[{"t":"9-1","s":"","d":{"X":0.63,"Y":0.37}},{"t":"X1","s":"","d":{"X":-0.763,"Y":0.279}}],"clr":{"R":193,"G":218,"B":240,"A":255}},"CU4-0-10":{"pid":"CU4-S","orb":1733.27,"per":28.88,"ang":49.59,"t":"ASTEROID","sp":"ASTEROID-1","s":20.81,"m":125.19,"gd":34.68,"wic":{},"woc":{},"wgc":{},"emm":[{"Type":"1","MainRange":35,"MainValue":0.11,"FarRange":186}],"sig":[{"t":"9-1","s":"","d":{"X":-0.24,"Y":0.68}},{"t":"X1","s":"","d":{"X":-0.103,"Y":0.891}}],"clr":{"R":223,"G":253,"B":201,"A":255}},"CU4-0-11":{"pid":"CU4-S","orb":1449.51,"per":24.15,"ang":305.16,"t":"ASTEROID","sp":"ASTEROID-3","s":25,"m":217.15,"gd":41.67,"wic":{},"woc":{},"wgc":{},"emm":[{"Type":"1","MainRange":70,"MainValue":0.21,"FarRange":120}],"sig":[{"t":"9-1","s":"","d":{"X":-0.04,"Y":0.82}},{"t":"X1","s":"","d":{"X":-0.612,"Y":0.425}}],"clr":{"R":183,"G":200,"B":233,"A":255}},"CU4-0-12":{"pid":"CU4-S","orb":1824.32,"per":30.4,"ang":319.11,"t":"ASTEROID","sp":"ASTEROID-1","s":13.34,"m":32.99,"gd":22.23,"wic":{},"woc":{},"wgc":{},"emm":[{"Type":"1","MainRange":41,"MainValue":0.19,"FarRange":200}],"sig":[{"t":"9-1","s":"","d":{"X":-0.52,"Y":-0.57}},{"t":"X1","s":"","d":{"X":-0.552,"Y":-0.668}}],"clr":{"R":254,"G":218,"B":244,"A":255}},"CU4-0-13":{"pid":"CU4-S","orb":1739.63,"per":28.99,"ang":118.49,"t":"ASTEROID","sp":"ASTEROID-5","s":13.01,"m":30.62,"gd":21.69,"wic":{},"woc":{},"wgc":{},"emm":[{"Type":"1","MainRange":60,"MainValue":0.25,"FarRange":106}],"sig":[{"t":"9-1","s":"","d":{"X":0.72,"Y":0.52}},{"t":"X1","s":"","d":{"X":0.362,"Y":-0.188}}],"clr":{"R":247,"G":219,"B":208,"A":255}},"CU4-0-14":{"pid":"CU4-S","orb":1448.15,"per":24.13,"ang":357.49,"t":"ASTEROID","sp":"ASTEROID-5","s":25.25,"m":223.67,"gd":42.08,"wic":{},"woc":{},"wgc":{},"emm":[{"Type":"1","MainRange":48,"MainValue":0.2,"FarRange":175}],"sig":[{"t":"9-1","s":"","d":{"X":-0.42,"Y":-0.84}},{"t":"X1","s":"","d":{"X":-0.677,"Y":0.043}}],"clr":{"R":241,"G":253,"B":242,"A":255}},"CU4-0-15":{"pid":"CU4-S","orb":1731.28,"per":28.85,"ang":301.67,"t":"ASTEROID","sp":"ASTEROID-5","s":17.94,"m":80.31,"gd":29.91,"wic":{},"woc":{},"wgc":{},"emm":[{"Type":"1","MainRange":53,"MainValue":0.32,"FarRange":156}],"sig":[{"t":"9-1","s":"","d":{"X":0.61,"Y":0.6}},{"t":"X1","s":"","d":{"X":-0.351,"Y":-0.644}}],"clr":{"R":208,"G":247,"B":192,"A":255}},"CU4-0-16":{"pid":"CU4-S","orb":1810.74,"per":30.17,"ang":352.1,"t":"ASTEROID","sp":"ASTEROID-5","s":26.34,"m":253.87,"gd":43.9,"wic":{},"woc":{},"wgc":{},"emm":[{"Type":"1","MainRange":41,"MainValue":0.19,"FarRange":192}],"sig":[{"t":"9-1","s":"","d":{"X":-0.48,"Y":0.54}},{"t":"X1","s":"","d":{"X":-0.387,"Y":0.441}}],"clr":{"R":254,"G":254,"B":252,"A":255}},"CU4-0-17":{"pid":"CU4-S","orb":2016.15,"per":33.6,"ang":112.6,"t":"ASTEROID","sp":"ASTEROID-3","s":20.54,"m":120.43,"gd":34.24,"wic":{},"woc":{},"wgc":{},"emm":[{"Type":"1","MainRange":17,"MainValue":0.02,"FarRange":217}],"sig":[{"t":"9-1","s":"","d":{"X":0.07,"Y":0.57}},{"t":"X1","s":"","d":{"X":-0.904,"Y":0.288}}],"clr":{"R":250,"G":183,"B":195,"A":255}},"CU4-0-18":{"pid":"CU4-S","orb":1811.71,"per":30.19,"ang":182.02,"t":"ASTEROID","sp":"ASTEROID-5","s":13.91,"m":37.41,"gd":23.19,"wic":{},"woc":{},"wgc":{},"emm":[{"Type":"1","MainRange":58,"MainValue":0.16,"FarRange":114}],"sig":[{"t":"9-1","s":"","d":{"X":-0.13,"Y":-0.59}},{"t":"X1","s":"","d":{"X":0.279,"Y":0.119}}],"clr":{"R":249,"G":162,"B":222,"A":255}},"CU4-0-19":{"pid":"CU4-S","orb":1580.65,"per":26.34,"ang":132.57,"t":"ASTEROID","sp":"ASTEROID-5","s":27.16,"m":278.48,"gd":45.27,"wic":{},"woc":{},"wgc":{},"emm":[{"Type":"1","MainRange":47,"MainValue":0.01,"FarRange":144}],"sig":[{"t":"9-1","s":"","d":{"X":-0.89,"Y":-0.48}},{"t":"X1","s":"","d":{"X":-0.174,"Y":0.646}}],"clr":{"R":227,"G":244,"B":247,"A":255}},"CU4-0-2":{"pid":"CU4-S","orb":1593.41,"per":26.55,"ang":277.46,"t":"ASTEROID","sp":"ASTEROID-2","s":19.37,"m":101.08,"gd":32.29,"wic":{},"woc":{},"wgc":{},"emm":[{"Type":"1","MainRange":67,"MainValue":0.2,"FarRange":133}],"sig":[{"t":"9-1","s":"","d":{"X":0.71,"Y":-0.13}},{"t":"X1","s":"","d":{"X":-0.279,"Y":0.028}}],"clr":{"R":249,"G":226,"B":245,"A":255}},"CU4-0-20":{"pid":"CU4-S","orb":1804.74,"per":30.07,"ang":24.11,"t":"ASTEROID","sp":"ASTEROID-4","s":24.55,"m":205.64,"gd":40.92,"wic":{},"woc":{},"wgc":{},"emm":[{"Type":"1","MainRange":49,"MainValue":0.26,"FarRange":179}],"sig":[{"t":"9-1","s":"","d":{"X":-0.24,"Y":-0.64}},{"t":"X1","s":"","d":{"X":-0.954,"Y":-0.215}}],"clr":{"R":229,"G":248,"B":231,"A":255}},"CU4-0-21":{"pid":"CU4-S","orb":1517.09,"per":25.28,"ang":58.1,"t":"ASTEROID","sp":"ASTEROID-1","s":27.69,"m":295.14,"gd":46.16,"wic":{},"woc":{},"wgc":{},"emm":[{"Type":"1","MainRange":37,"MainValue":0.12,"FarRange":206}],"sig":[{"t":"9-1","s":"","d":{"X":0.2,"Y":0.2}},{"t":"X1","s":"","d":{"X":0.176,"Y":-0.603}}],"clr":{"R":228,"G":212,"B":241,"A":255}},"CU4-0-22":{"pid":"CU4-S","orb":1633.73,"per":27.22,"ang":28.52,"t":"ASTEROID","sp":"ASTEROID-4","s":16.63,"m":63.89,"gd":27.71,"wic":{},"woc":{},"wgc":{},"emm":[{"Type":"1","MainRange":62,"MainValue":0.2,"FarRange":197}],"sig":[{"t":"9-1","s":"","d":{"X":0.18,"Y":-0.15}},{"t":"X1","s":"","d":{"X":0.612,"Y":-0.528}}],"clr":{"R":248,"G":249,"B":253,"A":255}},"CU4-0-23":{"pid":"CU4-S","orb":1747.89,"per":29.13,"ang":53.81,"t":"ASTEROID","sp":"ASTEROID-1","s":22.69,"m":162.28,"gd":37.82,"wic":{},"woc":{},"wgc":{},"emm":[{"Type":"1","MainRange":35,"MainValue":0.32,"FarRange":132},{"Type":"2","MainRange":66,"MainValue":0.18,"FarRange":100},{"Type":"18","MainRange":66,"MainValue":0.08,"FarRange":102}],"sig":[{"t":"9-1","s":"","d":{"X":-0.05,"Y":0.95}},{"t":"X1","s":"","d":{"X":0.992,"Y":0.018}},{"t":"X2","s":"","d":{"X":-0.242,"Y":-0.439}},{"t":"X18","s":"","d":{"X":-0.095,"Y":0.295}}],"clr":{"R":200,"G":241,"B":189,"A":255}},"CU4-0-24":{"pid":"CU4-S","orb":1583.79,"per":26.39,"ang":112.14,"t":"ASTEROID","sp":"ASTEROID-1","s":13.79,"m":36.49,"gd":22.99,"wic":{},"woc":{},"wgc":{},"emm":[{"Type":"1","MainRange":67,"MainValue":0.29,"FarRange":75}],"sig":[{"t":"9-1","s":"","d":{"X":0.17,"Y":-0.73}},{"t":"X1","s":"","d":{"X":-0.24,"Y":-0.762}}],"clr":{"R":239,"G":254,"B":249,"A":255}},"CU4-0-25":{"pid":"CU4-S","orb":1462.2,"per":24.37,"ang":50.8,"t":"ASTEROID","sp":"ASTEROID-4","s":18.64,"m":90.03,"gd":31.07,"wic":{},"woc":{},"wgc":{},"emm":[{"Type":"1","MainRange":62,"MainValue":0.2,"FarRange":143}],"sig":[{"t":"9-1","s":"","d":{"X":0.27,"Y":0.26}},{"t":"X1","s":"","d":{"X":-0.088,"Y":-0.539}}],"clr":{"R":251,"G":254,"B":251,"A":255}},"CU4-0-26":{"pid":"CU4-S","orb":1810.93,"per":30.18,"ang":54.38,"t":"ASTEROID","sp":"ASTEROID-1","s":17.2,"m":70.74,"gd":28.67,"wic":{},"woc":{},"wgc":{},"emm":[{"Type":"1","MainRange":55,"MainValue":0.3,"FarRange":230}],"sig":[{"t":"9-1","s":"","d":{"X":-0.65,"Y":-0.64}},{"t":"X1","s":"","d":{"X":0.607,"Y":-0.086}}],"clr":{"R":211,"G":213,"B":247,"A":255}},"CU4-0-27":{"pid":"CU4-S","orb":1647.94,"per":27.46,"ang":279.36,"t":"ASTEROID","sp":"ASTEROID-2","s":21.04,"m":129.45,"gd":35.07,"wic":{},"woc":{},"wgc":{},"emm":[{"Type":"1","MainRange":56,"MainValue":0.38,"FarRange":189}],"sig":[{"t":"9-1","s":"","d":{"X":-0.15,"Y":0.1}},{"t":"X1","s":"","d":{"X":-0.613,"Y":0.491}}],"clr":{"R":185,"G":238,"B":201,"A":255}},"CU4-0-28":{"pid":"CU4-S","orb":2069.58,"per":34.49,"ang":125.46,"t":"ASTEROID","sp":"ASTEROID-1","s":28.69,"m":328.16,"gd":47.82,"wic":{},"woc":{},"wgc":{},"emm":[{"Type":"1","MainRange":56,"MainValue":0.21,"FarRange":177}],"sig":[{"t":"9-1","s":"","d":{"X":0.09,"Y":-0.38}},{"t":"X1","s":"","d":{"X":-0.525,"Y":0.15}}],"clr":{"R":181,"G":236,"B":189,"A":255}},"CU4-0-29":{"pid":"CU4-S","orb":1558.78,"per":25.97,"ang":100.22,"t":"ASTEROID","sp":"ASTEROID-5","s":20.97,"m":128.12,"gd":34.95,"wic":{},"woc":{},"wgc":{},"emm":[{"Type":"1","MainRange":43,"MainValue":0.19,"FarRange":158}],"sig":[{"t":"9-1","s":"","d":{"X":-0.09,"Y":0.71}},{"t":"X1","s":"","d":{"X":0.508,"Y":0.404}}],"clr":{"R":170,"G":218,"B":245,"A":255}},"CU4-0-3":{"pid":"CU4-S","orb":1577.98,"per":26.29,"ang":62.31,"t":"ASTEROID","sp":"ASTEROID-2","s":19.03,"m":95.72,"gd":31.71,"wic":{},"woc":{},"wgc":{},"emm":[{"Type":"1","MainRange":63.9,"MainValue":0.1,"FarRange":71}],"sig":[{"t":"9-1","s":"","d":{"X":0.91,"Y":0.32}},{"t":"X1","s":"","d":{"X":-0.169,"Y":-0.288}}],"clr":{"R":241,"G":204,"B":205,"A":255}},"CU4-0-30":{"pid":"CU4-S","orb":1692.12,"per":28.2,"ang":152.49,"t":"ASTEROID","sp":"ASTEROID-1","s":30.16,"m":381.07,"gd":50.26,"wic":{},"woc":{},"wgc":{},"emm":[{"Type":"1","MainRange":64,"MainValue":0.17,"FarRange":169}],"sig":[{"t":"9-1","s":"","d":{"X":-0.89,"Y":-0.04}},{"t":"X1","s":"","d":{"X":-0.31,"Y":-0.921}}],"clr":{"R":243,"G":210,"B":218,"A":255}},"CU4-0-31":{"pid":"CU4-S","orb":1903.99,"per":31.73,"ang":220.14,"t":"ASTEROID","sp":"ASTEROID-4","s":16.7,"m":64.74,"gd":27.84,"wic":{},"woc":{},"wgc":{},"emm":[{"Type":"1","MainRange":43,"MainValue":0.25,"FarRange":89}],"sig":[{"t":"9-1","s":"","d":{"X":-0.01,"Y":-0.53}},{"t":"X1","s":"","d":{"X":-0.628,"Y":0.067}}],"clr":{"R":217,"G":186,"B":232,"A":255}},"CU4-0-32":{"pid":"CU4-S","orb":1498.72,"per":24.97,"ang":145.02,"t":"ASTEROID","sp":"ASTEROID-2","s":18.93,"m":94.3,"gd":31.56,"wic":{},"woc":{},"wgc":{},"emm":[{"Type":"1","MainRange":42,"MainValue":0.15,"FarRange":141}],"sig":[{"t":"9-1","s":"","d":{"X":0.15,"Y":0.7}},{"t":"X1","s":"","d":{"X":0.508,"Y":0.317}}],"clr":{"R":220,"G":251,"B":175,"A":255}},"CU4-0-33":{"pid":"CU4-S","orb":1653.68,"per":27.56,"ang":115.86,"t":"ASTEROID","sp":"ASTEROID-2","s":15.36,"m":50.38,"gd":25.6,"wic":{},"woc":{},"wgc":{},"emm":[{"Type":"1","MainRange":36,"MainValue":0.15,"FarRange":129}],"sig":[{"t":"9-1","s":"","d":{"X":-0.3,"Y":0.9}},{"t":"X1","s":"","d":{"X":0.307,"Y":-0.347}}],"clr":{"R":246,"G":207,"B":208,"A":255}},"CU4-0-34":{"pid":"CU4-S","orb":1689.96,"per":28.16,"ang":123.59,"t":"ASTEROID","sp":"ASTEROID-4","s":22,"m":148.02,"gd":36.67,"wic":{},"woc":{},"wgc":{},"emm":[{"Type":"1","MainRange":61,"MainValue":0.24,"FarRange":153}],"sig":[{"t":"9-1","s":"","d":{"X":0.77,"Y":-0.32}},{"t":"X1","s":"","d":{"X":-0.74,"Y":0.65}}],"clr":{"R":196,"G":200,"B":242,"A":255}},"CU4-0-35":{"pid":"CU4-S","orb":1475.83,"per":24.59,"ang":223.41,"t":"ASTEROID","sp":"ASTEROID-2","s":19.86,"m":108.84,"gd":33.1,"wic":{},"woc":{},"wgc":{},"emm":[{"Type":"1","MainRange":34,"MainValue":0.1,"FarRange":209}],"sig":[{"t":"9-1","s":"","d":{"X":-0.61,"Y":0.63}},{"t":"X1","s":"","d":{"X":0.29,"Y":-0.13}}],"clr":{"R":244,"G":189,"B":230,"A":255}},"CU4-0-36":{"pid":"CU4-S","orb":1759.31,"per":29.32,"ang":247.04,"t":"ASTEROID","sp":"ASTEROID-4","s":24.77,"m":211.23,"gd":41.29,"wic":{},"woc":{},"wgc":{},"emm":[{"Type":"1","MainRange":48,"MainValue":0.17,"FarRange":157}],"sig":[{"t":"9-1","s":"","d":{"X":-0.09,"Y":-0.93}},{"t":"X1","s":"","d":{"X":0.037,"Y":-0.453}}],"clr":{"R":254,"G":251,"B":250,"A":255}},"CU4-0-37":{"pid":"CU4-S","orb":1368.79,"per":22.81,"ang":80.69,"t":"ASTEROID","sp":"ASTEROID-3","s":25.33,"m":225.82,"gd":42.22,"wic":{},"woc":{},"wgc":{},"emm":[{"Type":"1","MainRange":33,"MainValue":0.19,"FarRange":203}],"sig":[{"t":"9-1","s":"","d":{"X":-0.92,"Y":-0.17}},{"t":"X1","s":"","d":{"X":0.406,"Y":-0.222}}],"clr":{"R":228,"G":251,"B":233,"A":255}},"CU4-0-38":{"pid":"CU4-S","orb":1542.68,"per":25.71,"ang":11.42,"t":"ASTEROID","sp":"ASTEROID-1","s":13.78,"m":36.35,"gd":22.96,"wic":{},"woc":{},"wgc":{},"emm":[{"Type":"1","MainRange":47,"MainValue":0.21,"FarRange":199}],"sig":[{"t":"9-1","s":"","d":{"X":-0.82,"Y":-0.25}},{"t":"X1","s":"","d":{"X":-0.788,"Y":0.465}}],"clr":{"R":182,"G":228,"B":243,"A":255}},"CU4-0-39":{"pid":"CU4-S","orb":1791.38,"per":29.85,"ang":136.03,"t":"ASTEROID","sp":"ASTEROID-3","s":17.5,"m":74.44,"gd":29.16,"wic":{},"woc":{},"wgc":{},"emm":[{"Type":"1","MainRange":61,"MainValue":0.16,"FarRange":144}],"sig":[{"t":"9-1","s":"","d":{"X":0.77,"Y":-0.26}},{"t":"X1","s":"","d":{"X":-0.241,"Y":-0.658}}],"clr":{"R":253,"G":203,"B":224,"A":255}},"CU4-0-4":{"pid":"CU4-S","orb":1558.88,"per":25.98,"ang":94.84,"t":"ASTEROID","sp":"ASTEROID-1","s":20.9,"m":126.9,"gd":34.84,"wic":{},"woc":{},"wgc":{},"emm":[{"Type":"1","MainRange":55,"MainValue":0.22,"FarRange":214},{"Type":"27","MainRange":38,"MainValue":0.25,"FarRange":180}],"sig":[{"t":"9-1","s":"","d":{"X":0.67,"Y":0.22}},{"t":"X1","s":"","d":{"X":-0.711,"Y":0.22}},{"t":"X27","s":"","d":{"X":-0.287,"Y":-0.622}}],"clr":{"R":234,"G":249,"B":178,"A":255}},"CU4-0-40":{"pid":"CU4-S","orb":1751.33,"per":29.18,"ang":289.54,"t":"ASTEROID","sp":"ASTEROID-3","s":22.82,"m":165.18,"gd":38.04,"wic":{},"woc":{},"wgc":{},"emm":[{"Type":"1","MainRange":59,"MainValue":0.14,"FarRange":99}],"sig":[{"t":"9-1","s":"","d":{"X":-0.61,"Y":-0.03}},{"t":"X1","s":"","d":{"X":0.235,"Y":-0.97}}],"clr":{"R":238,"G":248,"B":188,"A":255}},"CU4-0-41":{"pid":"CU4-S","orb":1667.98,"per":27.79,"ang":196.78,"t":"ASTEROID","sp":"ASTEROID-5","s":13.95,"m":37.74,"gd":23.25,"wic":{},"woc":{},"wgc":{},"emm":[{"Type":"1","MainRange":30,"MainValue":0.26,"FarRange":146},{"Type":"2","MainRange":59,"MainValue":0.22,"FarRange":174}],"sig":[{"t":"9-1","s":"","d":{"X":0.07,"Y":0.47}},{"t":"X1","s":"","d":{"X":-0.316,"Y":0.937}},{"t":"X2","s":"","d":{"X":0.181,"Y":0.562}}],"clr":{"R":233,"G":247,"B":223,"A":255}},"CU4-0-42":{"pid":"CU4-S","orb":1839.48,"per":30.65,"ang":17.44,"t":"ASTEROID","sp":"ASTEROID-5","s":15.95,"m":56.43,"gd":26.59,"wic":{},"woc":{},"wgc":{},"emm":[{"Type":"1","MainRange":45,"MainValue":0.14,"FarRange":140}],"sig":[{"t":"9-1","s":"","d":{"X":-0.28,"Y":-0.79}},{"t":"X1","s":"","d":{"X":0.195,"Y":0.806}}],"clr":{"R":248,"G":233,"B":191,"A":255}},"CU4-0-43":{"pid":"CU4-S","orb":1925.63,"per":32.09,"ang":272.07,"t":"ASTEROID","sp":"ASTEROID-1","s":28.58,"m":324.39,"gd":47.64,"wic":{},"woc":{},"wgc":{},"emm":[{"Type":"1","MainRange":52,"MainValue":0.12,"FarRange":159}],"sig":[{"t":"9-1","s":"","d":{"X":-0.85,"Y":0.34}},{"t":"X1","s":"","d":{"X":0.416,"Y":-0.812}}],"clr":{"R":239,"G":232,"B":201,"A":255}},"CU4-0-44":{"pid":"CU4-S","orb":1876.41,"per":31.27,"ang":191.45,"t":"ASTEROID","sp":"ASTEROID-2","s":31.59,"m":438.02,"gd":52.65,"wic":{},"woc":{},"wgc":{},"emm":[{"Type":"1","MainRange":43,"MainValue":0.06,"FarRange":164}],"sig":[{"t":"9-1","s":"","d":{"X":-0.2,"Y":-0.6}},{"t":"X1","s":"","d":{"X":0.519,"Y":0.652}}],"clr":{"R":241,"G":178,"B":227,"A":255}},"CU4-0-45":{"pid":"CU4-S","orb":2137.74,"per":35.62,"ang":133.08,"t":"ASTEROID","sp":"ASTEROID-3","s":16.51,"m":62.6,"gd":27.53,"wic":{},"woc":{},"wgc":{},"emm":[{"Type":"1","MainRange":41,"MainValue":0.25,"FarRange":118}],"sig":[{"t":"9-1","s":"","d":{"X":-0.8,"Y":-0.16}},{"t":"X1","s":"","d":{"X":-0.405,"Y":0.04}}],"clr":{"R":247,"G":241,"B":224,"A":255}},"CU4-0-46":{"pid":"CU4-S","orb":1614.32,"per":26.9,"ang":139.61,"t":"ASTEROID","sp":"ASTEROID-2","s":23.17,"m":172.82,"gd":38.62,"wic":{},"woc":{},"wgc":{},"emm":[{"Type":"1","MainRange":45,"MainValue":0.25,"FarRange":136}],"sig":[{"t":"9-1","s":"","d":{"X":-0.05,"Y":0.63}},{"t":"X1","s":"","d":{"X":-0.661,"Y":0.195}}],"clr":{"R":249,"G":232,"B":249,"A":255}},"CU4-0-47":{"pid":"CU4-S","orb":1639.57,"per":27.32,"ang":86.74,"t":"ASTEROID","sp":"ASTEROID-2","s":24.29,"m":199.27,"gd":40.49,"wic":{},"woc":{},"wgc":{},"emm":[{"Type":"1","MainRange":29,"MainValue":0.24,"FarRange":173}],"sig":[{"t":"9-1","s":"","d":{"X":-0.33,"Y":0.27}},{"t":"X1","s":"","d":{"X":0.646,"Y":0.421}}],"clr":{"R":210,"G":218,"B":249,"A":255}},"CU4-0-48":{"pid":"CU4-S","orb":1618.21,"per":26.97,"ang":334.67,"t":"ASTEROID","sp":"ASTEROID-4","s":27.31,"m":283.01,"gd":45.52,"wic":{},"woc":{},"wgc":{},"emm":[{"Type":"1","MainRange":51,"MainValue":0.18,"FarRange":136}],"sig":[{"t":"9-1","s":"","d":{"X":-0.06,"Y":0.86}},{"t":"X1","s":"","d":{"X":0.062,"Y":0.212}}],"clr":{"R":224,"G":254,"B":214,"A":255}},"CU4-0-49":{"pid":"CU4-S","orb":1375.09,"per":22.91,"ang":114.63,"t":"ASTEROID","sp":"ASTEROID-3","s":17.57,"m":75.39,"gd":29.29,"wic":{},"woc":{},"wgc":{},"emm":[{"Type":"1","MainRange":44,"MainValue":0.2,"FarRange":204}],"sig":[{"t":"9-1","s":"","d":{"X":-0.55,"Y":-0.31}},{"t":"X1","s":"","d":{"X":-0.084,"Y":-0.357}}],"clr":{"R":191,"G":207,"B":238,"A":255}},"CU4-0-5":{"pid":"CU4-S","orb":1910.17,"per":31.83,"ang":357.38,"t":"ASTEROID","sp":"ASTEROID-1","s":30.01,"m":375.46,"gd":50.02,"wic":{},"woc":{},"wgc":{},"emm":[{"Type":"1","MainRange":33,"MainValue":0.13,"FarRange":211}],"sig":[{"t":"9-1","s":"","d":{"X":0.56,"Y":-0.03}},{"t":"X1","s":"","d":{"X":0.545,"Y":0.374}}],"clr":{"R":254,"G":239,"B":251,"A":255}},"CU4-0-50":{"pid":"CU4-S","orb":1589.35,"per":26.48,"ang":147.4,"t":"ASTEROID","sp":"ASTEROID-4","s":20.42,"m":118.33,"gd":34.04,"wic":{},"woc":{},"wgc":{},"emm":[{"Type":"1","MainRange":49,"MainValue":0.16,"FarRange":177}],"sig":[{"t":"9-1","s":"","d":{"X":0.66,"Y":-0.53}},{"t":"X1","s":"","d":{"X":-0.9,"Y":0.019}}],"clr":{"R":233,"G":254,"B":186,"A":255}},"CU4-0-51":{"pid":"CU4-S","orb":1534.56,"per":25.57,"ang":57.98,"t":"ASTEROID","sp":"ASTEROID-4","s":20.2,"m":114.5,"gd":33.66,"wic":{},"woc":{},"wgc":{},"emm":[{"Type":"1","MainRange":46,"MainValue":0.18,"FarRange":128}],"sig":[{"t":"9-1","s":"","d":{"X":0.24,"Y":-0.77}},{"t":"X1","s":"","d":{"X":0.051,"Y":0.871}}],"clr":{"R":188,"G":226,"B":235,"A":255}},"CU4-0-52":{"pid":"CU4-S","orb":1642.02,"per":27.36,"ang":308.33,"t":"ASTEROID","sp":"ASTEROID-2","s":14.72,"m":44.35,"gd":24.54,"wic":{},"woc":{},"wgc":{},"emm":[{"Type":"1","MainRange":66,"MainValue":0.2,"FarRange":84}],"sig":[{"t":"9-1","s":"","d":{"X":-0.41,"Y":0.32}},{"t":"X1","s":"","d":{"X":-0.861,"Y":-0.094}}],"clr":{"R":250,"G":236,"B":242,"A":255}},"CU4-0-53":{"pid":"CU4-S","orb":1433.02,"per":23.88,"ang":134.16,"t":"ASTEROID","sp":"ASTEROID-5","s":25.85,"m":240.03,"gd":43.09,"wic":{},"woc":{},"wgc":{},"emm":[{"Type":"1","MainRange":33,"MainValue":0.16,"FarRange":201}],"sig":[{"t":"9-1","s":"","d":{"X":0.13,"Y":-0.93}},{"t":"X1","s":"","d":{"X":0.801,"Y":0.44}}],"clr":{"R":238,"G":181,"B":251,"A":255}},"CU4-0-54":{"pid":"CU4-S","orb":1595.75,"per":26.59,"ang":290.29,"t":"ASTEROID","sp":"ASTEROID-5","s":21.13,"m":131.13,"gd":35.22,"wic":{},"woc":{},"wgc":{},"emm":[{"Type":"1","MainRange":61,"MainValue":0.11,"FarRange":171}],"sig":[{"t":"9-1","s":"","d":{"X":-0.17,"Y":0.59}},{"t":"X1","s":"","d":{"X":-0.989,"Y":-0.12}}],"clr":{"R":240,"G":247,"B":251,"A":255}},"CU4-0-55":{"pid":"CU4-S","orb":1699.86,"per":28.33,"ang":76.89,"t":"ASTEROID","sp":"ASTEROID-1","s":29.11,"m":342.63,"gd":48.51,"wic":{},"woc":{},"wgc":{},"emm":[{"Type":"1","MainRange":68,"MainValue":0.18,"FarRange":86}],"sig":[{"t":"9-1","s":"","d":{"X":0.24,"Y":-0.17}},{"t":"X1","s":"","d":{"X":-0.266,"Y":0.314}}],"clr":{"R":240,"G":250,"B":238,"A":255}},"CU4-0-56":{"pid":"CU4-S","orb":1584.97,"per":26.41,"ang":19.62,"t":"ASTEROID","sp":"ASTEROID-4","s":18.49,"m":87.85,"gd":30.82,"wic":{},"woc":{},"wgc":{},"emm":[{"Type":"1","MainRange":56,"MainValue":0.24,"FarRange":133}],"sig":[{"t":"9-1","s":"","d":{"X":0.66,"Y":-0.67}},{"t":"X1","s":"","d":{"X":0.923,"Y":-0.362}}],"clr":{"R":252,"G":248,"B":239,"A":255}},"CU4-0-57":{"pid":"CU4-S","orb":1905.98,"per":31.76,"ang":134.56,"t":"ASTEROID","sp":"ASTEROID-1","s":21.97,"m":147.29,"gd":36.61,"wic":{},"woc":{},"wgc":{},"emm":[{"Type":"1","MainRange":70,"MainValue":0.09,"FarRange":156}],"sig":[{"t":"9-1","s":"","d":{"X":0.31,"Y":-0.65}},{"t":"X1","s":"","d":{"X":-0.634,"Y":0.485}}],"clr":{"R":248,"G":223,"B":226,"A":255}},"CU4-0-58":{"pid":"CU4-S","orb":1645.6,"per":27.42,"ang":147.68,"t":"ASTEROID","sp":"ASTEROID-5","s":26.52,"m":259.06,"gd":44.2,"wic":{},"woc":{},"wgc":{},"emm":[{"Type":"1","MainRange":31,"MainValue":0.15,"FarRange":145}],"sig":[{"t":"9-1","s":"","d":{"X":0.63,"Y":0.47}},{"t":"X1","s":"","d":{"X":0.919,"Y":0.326}}],"clr":{"R":253,"G":242,"B":246,"A":255}},"CU4-0-59":{"pid":"CU4-S","orb":1751.09,"per":29.18,"ang":190.08,"t":"ASTEROID","sp":"ASTEROID-2","s":24.88,"m":214.04,"gd":41.47,"wic":{},"woc":{},"wgc":{},"emm":[{"Type":"1","MainRange":13.5,"MainValue":0.17,"FarRange":15}],"sig":[{"t":"9-1","s":"","d":{"X":0.28,"Y":0.39}},{"t":"X1","s":"","d":{"X":0.491,"Y":-0.2}}],"clr":{"R":177,"G":198,"B":238,"A":255}},"CU4-0-6":{"pid":"CU4-S","orb":1506.88,"per":25.11,"ang":332.71,"t":"ASTEROID","sp":"ASTEROID-2","s":22.3,"m":154.12,"gd":37.17,"wic":{},"woc":{},"wgc":{},"emm":[{"Type":"1","MainRange":26,"MainValue":0.31,"FarRange":140}],"sig":[{"t":"9-1","s":"","d":{"X":0.77,"Y":0.54}},{"t":"X1","s":"","d":{"X":-0.328,"Y":0.313}}],"clr":{"R":236,"G":242,"B":254,"A":255}},"CU4-0-60":{"pid":"CU4-S","orb":1887.9,"per":31.46,"ang":330.11,"t":"ASTEROID","sp":"ASTEROID-3","s":24.75,"m":210.59,"gd":41.25,"wic":{},"woc":{},"wgc":{},"emm":[{"Type":"1","MainRange":63,"MainValue":0.31,"FarRange":173}],"sig":[{"t":"9-1","s":"","d":{"X":0.36,"Y":-0.3}},{"t":"X1","s":"","d":{"X":0.255,"Y":-0.001}}],"clr":{"R":225,"G":250,"B":203,"A":255}},"CU4-0-61":{"pid":"CU4-S","orb":1567.39,"per":26.12,"ang":325.51,"t":"ASTEROID","sp":"ASTEROID-5","s":17.7,"m":77.11,"gd":29.51,"wic":{},"woc":{},"wgc":{},"emm":[{"Type":"1","MainRange":50,"MainValue":0.15,"FarRange":67}],"sig":[{"t":"9-1","s":"","d":{"X":-0.41,"Y":-0.63}},{"t":"X1","s":"","d":{"X":0.399,"Y":-0.871}}],"clr":{"R":192,"G":249,"B":239,"A":255}},"CU4-0-62":{"pid":"CU4-S","orb":1632.77,"per":27.21,"ang":73.09,"t":"ASTEROID","sp":"ASTEROID-2","s":16.08,"m":57.78,"gd":26.8,"wic":{},"woc":{},"wgc":{},"emm":[{"Type":"1","MainRange":21,"MainValue":0.22,"FarRange":135}],"sig":[{"t":"9-1","s":"","d":{"X":0.65,"Y":0.24}},{"t":"X1","s":"","d":{"X":-0.132,"Y":-0.5}}],"clr":{"R":197,"G":195,"B":249,"A":255}},"CU4-0-63":{"pid":"CU4-S","orb":1745.9,"per":29.09,"ang":192.29,"t":"ASTEROID","sp":"ASTEROID-5","s":18.89,"m":93.62,"gd":31.48,"wic":{},"woc":{},"wgc":{},"emm":[{"Type":"1","MainRange":15,"MainValue":0.23,"FarRange":177},{"Type":"12","MainRange":60,"MainValue":0.15,"FarRange":133}],"sig":[{"t":"9-1","s":"","d":{"X":-0.12,"Y":-0.46}},{"t":"X1","s":"","d":{"X":-0.396,"Y":0.263}},{"t":"X12","s":"","d":{"X":0.46,"Y":0.25}}],"clr":{"R":188,"G":232,"B":214,"A":255}},"CU4-0-64":{"pid":"CU4-S","orb":1583.76,"per":26.39,"ang":123.6,"t":"ASTEROID","sp":"ASTEROID-2","s":17.09,"m":69.36,"gd":28.48,"wic":{},"woc":{},"wgc":{},"emm":[{"Type":"1","MainRange":37,"MainValue":0.12,"FarRange":181}],"sig":[{"t":"9-1","s":"","d":{"X":0.01,"Y":0.48}},{"t":"X1","s":"","d":{"X":-0.198,"Y":0.076}}],"clr":{"R":226,"G":254,"B":234,"A":255}},"CU4-0-65":{"pid":"CU4-S","orb":1557.8,"per":25.96,"ang":333.31,"t":"ASTEROID","sp":"ASTEROID-3","s":27.71,"m":295.79,"gd":46.19,"wic":{},"woc":{},"wgc":{},"emm":[{"Type":"1","MainRange":26,"MainValue":0.31,"FarRange":176},{"Type":"5","MainRange":54,"MainValue":0.21,"FarRange":93},{"Type":"12","MainRange":65,"MainValue":0.34,"FarRange":124},{"Type":"27","MainRange":18,"MainValue":0.05,"FarRange":114},{"Type":"3","MainRange":45,"MainValue":0.1,"FarRange":85},{"Type":"17","MainRange":47,"MainValue":0.12,"FarRange":143},{"Type":"14","MainRange":37,"MainValue":0.22,"FarRange":109}],"sig":[{"t":"9-1","s":"","d":{"X":-0.1,"Y":-0.88}},{"t":"X1","s":"","d":{"X":0.403,"Y":-0.439}},{"t":"X5","s":"","d":{"X":-0.012,"Y":0.656}},{"t":"X12","s":"","d":{"X":-0.82,"Y":0.241}},{"t":"X27","s":"","d":{"X":0.486,"Y":0.751}},{"t":"X3","s":"","d":{"X":0.346,"Y":-0.575}},{"t":"X17","s":"","d":{"X":0.093,"Y":0.411}},{"t":"X14","s":"","d":{"X":0.054,"Y":-0.69}}],"clr":{"R":158,"G":252,"B":185,"A":255}},"CU4-0-66":{"pid":"CU4-S","orb":1597.1,"per":26.61,"ang":20.17,"t":"ASTEROID","sp":"ASTEROID-5","s":27.2,"m":279.67,"gd":45.34,"wic":{},"woc":{},"wgc":{},"emm":[{"Type":"1","MainRange":39,"MainValue":0.23,"FarRange":185}],"sig":[{"t":"9-1","s":"","d":{"X":0.43,"Y":0.41}},{"t":"X1","s":"","d":{"X":0.127,"Y":-0.078}}],"clr":{"R":252,"G":249,"B":242,"A":255}},"CU4-0-67":{"pid":"CU4-S","orb":1644.63,"per":27.41,"ang":112.65,"t":"ASTEROID","sp":"ASTEROID-2","s":19.59,"m":104.43,"gd":32.65,"wic":{},"woc":{},"wgc":{},"emm":[{"Type":"1","MainRange":53,"MainValue":0.16,"FarRange":169}],"sig":[{"t":"9-1","s":"","d":{"X":-0.37,"Y":-0.23}},{"t":"X1","s":"","d":{"X":0.159,"Y":0.727}}],"clr":{"R":176,"G":226,"B":254,"A":255}},"CU4-0-68":{"pid":"CU4-S","orb":1732.03,"per":28.86,"ang":312.36,"t":"ASTEROID","sp":"ASTEROID-3","s":7.79,"m":6.58,"gd":12.99,"wic":{},"woc":{},"wgc":{},"emm":[{"Type":"1","MainRange":26,"MainValue":0.11,"FarRange":89}],"sig":[{"t":"9-1","s":"","d":{"X":-0.82,"Y":0.5}},{"t":"X1","s":"","d":{"X":0.924,"Y":0.029}}],"clr":{"R":253,"G":250,"B":245,"A":255}},"CU4-0-69":{"pid":"CU4-S","orb":1554.56,"per":25.9,"ang":108.42,"t":"ASTEROID","sp":"ASTEROID-4","s":19.29,"m":99.72,"gd":32.15,"wic":{},"woc":{},"wgc":{},"emm":[{"Type":"1","MainRange":54,"MainValue":0.19,"FarRange":131}],"sig":[{"t":"9-1","s":"","d":{"X":0.62,"Y":0.75}},{"t":"X1","s":"","d":{"X":-0.785,"Y":-0.521}}],"clr":{"R":251,"G":242,"B":243,"A":255}},"CU4-0-7":{"pid":"CU4-S","orb":1727.65,"per":28.79,"ang":327.33,"t":"ASTEROID","sp":"ASTEROID-3","s":13.56,"m":34.69,"gd":22.61,"wic":{},"woc":{},"wgc":{},"emm":[{"Type":"1","MainRange":45,"MainValue":0.22,"FarRange":150}],"sig":[{"t":"9-1","s":"","d":{"X":0.89,"Y":0.2}},{"t":"X1","s":"","d":{"X":-0.574,"Y":-0.546}}],"clr":{"R":186,"G":180,"B":248,"A":255}},"CU4-0-70":{"pid":"CU4-S","orb":1756.33,"per":29.27,"ang":10.46,"t":"ASTEROID","sp":"ASTEROID-3","s":21.47,"m":137.51,"gd":35.78,"wic":{},"woc":{},"wgc":{},"emm":[{"Type":"1","MainRange":57,"MainValue":0.2,"FarRange":85}],"sig":[{"t":"9-1","s":"","d":{"X":0.58,"Y":-0.23}},{"t":"X1","s":"","d":{"X":-0.273,"Y":0.744}}],"clr":{"R":171,"G":214,"B":244,"A":255}},"CU4-0-71":{"pid":"CU4-S","orb":1624.74,"per":27.07,"ang":105.1,"t":"ASTEROID","sp":"ASTEROID-4","s":7.84,"m":6.7,"gd":13.07,"wic":{},"woc":{},"wgc":{},"emm":[{"Type":"1","MainRange":55,"MainValue":0.27,"FarRange":241}],"sig":[{"t":"9-1","s":"","d":{"X":0.36,"Y":-0.69}},{"t":"X1","s":"","d":{"X":-0.528,"Y":0.091}}],"clr":{"R":253,"G":238,"B":252,"A":255}},"CU4-0-72":{"pid":"CU4-S","orb":1663.62,"per":27.72,"ang":79.11,"t":"ASTEROID","sp":"ASTEROID-4","s":7.13,"m":5.04,"gd":11.88,"wic":{},"woc":{},"wgc":{},"emm":[{"Type":"1","MainRange":43,"MainValue":0.19,"FarRange":178},{"Type":"18","MainRange":51,"MainValue":0.19,"FarRange":96}],"sig":[{"t":"9-1","s":"","d":{"X":-0.49,"Y":-0.29}},{"t":"X1","s":"","d":{"X":-0.481,"Y":0.61}},{"t":"X18","s":"","d":{"X":0.137,"Y":-0.583}}],"clr":{"R":246,"G":164,"B":181,"A":255}},"CU4-0-8":{"pid":"CU4-S","orb":1640.38,"per":27.33,"ang":206.01,"t":"ASTEROID","sp":"ASTEROID-4","s":18.86,"m":93.27,"gd":31.44,"wic":{},"woc":{},"wgc":{},"emm":[{"Type":"1","MainRange":74,"MainValue":0.22,"FarRange":191}],"sig":[{"t":"9-1","s":"","d":{"X":0.05,"Y":0.97}},{"t":"X1","s":"","d":{"X":0.654,"Y":-0.672}}],"clr":{"R":190,"G":244,"B":238,"A":255}},"CU4-0-9":{"pid":"CU4-S","orb":1567.93,"per":26.13,"ang":82.47,"t":"ASTEROID","sp":"ASTEROID-3","s":19.08,"m":96.58,"gd":31.81,"wic":{},"woc":{},"wgc":{},"emm":[{"Type":"1","MainRange":50,"MainValue":0.24,"FarRange":140}],"sig":[{"t":"9-1","s":"","d":{"X":-0.76,"Y":0.14}},{"t":"X1","s":"","d":{"X":0.689,"Y":0.295}}],"clr":{"R":238,"G":248,"B":251,"A":255}},"CU4-057":{"pid":"CU4-S","orb":2806.64,"per":46.77,"t":"GASPLANET","sp":"GASPLANET-30","s":232.71,"m":122530.53,"gd":387.86,"wic":{},"woc":{},"wgc":{},"emm":[{"Type":"24","MainRange":552,"MainValue":1.25,"FarRange":836}],"sig":[{"t":"0-2","s":"","d":{"X":-0.6,"Y":0.46}},{"t":"1-3","s":"","d":{"X":-0.67,"Y":0.14}},{"t":"3-1","s":"","d":{"X":0.17,"Y":0.32}},{"t":"6-3","s":"","d":{"X":-0.88,"Y":0.03}},{"t":"11-1","s":"","d":{"X":0.57,"Y":-0.21}},{"t":"X24","s":"","d":{"X":-0.063,"Y":0.629}}],"clr":{"R":238,"G":239,"B":253,"A":255}},"CU4-057-0":{"pid":"CU4-057","orb":535.31,"per":8.92,"ang":262.51,"t":"ASTEROID","sp":"ASTEROID-4","s":24.28,"m":198.96,"gd":40.47,"wic":{},"woc":{},"wgc":{},"emm":[{"Type":"1","MainRange":46,"MainValue":0.25,"FarRange":90}],"sig":[{"t":"9-1","s":"","d":{"X":0.16,"Y":-0.51}},{"t":"X1","s":"","d":{"X":0.002,"Y":0.677}}],"clr":{"R":209,"G":226,"B":244,"A":255}},"CU4-057-1":{"pid":"CU4-057","orb":596.58,"per":9.94,"ang":142.44,"t":"ASTEROID","sp":"ASTEROID-5","s":17.89,"m":79.58,"gd":29.82,"wic":{},"woc":{},"wgc":{},"emm":[{"Type":"1","MainRange":83,"MainValue":0.18,"FarRange":195}],"sig":[{"t":"9-1","s":"","d":{"X":0.35,"Y":-0.79}},{"t":"X1","s":"","d":{"X":-0.702,"Y":-0.549}}],"clr":{"R":183,"G":232,"B":223,"A":255}},"CU4-057-10":{"pid":"CU4-057","orb":628.4,"per":10.47,"ang":22.1,"t":"ASTEROID","sp":"ASTEROID-5","s":18.98,"m":94.98,"gd":31.63,"wic":{},"woc":{},"wgc":{},"emm":[{"Type":"1","MainRange":76.5,"MainValue":0.22,"FarRange":85}],"sig":[{"t":"9-1","s":"","d":{"X":-0.81,"Y":0.27}},{"t":"X1","s":"","d":{"X":-0.59,"Y":0.263}}],"clr":{"R":240,"G":211,"B":226,"A":255}},"CU4-057-11":{"pid":"CU4-057","orb":606.93,"per":10.11,"ang":38.72,"t":"ASTEROID","sp":"ASTEROID-5","s":17.22,"m":71.03,"gd":28.71,"wic":{},"woc":{},"wgc":{},"emm":[{"Type":"1","MainRange":61,"MainValue":0.27,"FarRange":166}],"sig":[{"t":"9-1","s":"","d":{"X":0.43,"Y":0.14}},{"t":"X1","s":"","d":{"X":-0.678,"Y":-0.413}}],"clr":{"R":253,"G":254,"B":251,"A":255}},"CU4-057-12":{"pid":"CU4-057","orb":560.97,"per":9.34,"ang":303.79,"t":"ASTEROID","sp":"ASTEROID-3","s":17.3,"m":72.01,"gd":28.84,"wic":{},"woc":{},"wgc":{},"emm":[{"Type":"1","MainRange":64,"MainValue":0.17,"FarRange":109}],"sig":[{"t":"9-1","s":"","d":{"X":-0.29,"Y":-0.16}},{"t":"X1","s":"","d":{"X":0.648,"Y":-0.027}}],"clr":{"R":242,"G":183,"B":215,"A":255}},"CU4-057-13":{"pid":"CU4-057","orb":552.23,"per":9.2,"ang":88.67,"t":"ASTEROID","sp":"ASTEROID-1","s":17.22,"m":71.01,"gd":28.71,"wic":{},"woc":{},"wgc":{},"emm":[{"Type":"1","MainRange":51,"MainValue":0.28,"FarRange":211}],"sig":[{"t":"9-1","s":"","d":{"X":-0.64,"Y":-0.57}},{"t":"X1","s":"","d":{"X":-0.167,"Y":0.197}}],"clr":{"R":207,"G":254,"B":233,"A":255}},"CU4-057-14":{"pid":"CU4-057","orb":581.28,"per":9.68,"ang":102.29,"t":"ASTEROID","sp":"ASTEROID-1","s":22.35,"m":155.11,"gd":37.25,"wic":{},"woc":{},"wgc":{},"emm":[{"Type":"1","MainRange":25,"MainValue":0.19,"FarRange":159}],"sig":[{"t":"9-1","s":"","d":{"X":0.63,"Y":0.7}},{"t":"X1","s":"","d":{"X":0.401,"Y":0.07}}],"clr":{"R":241,"G":206,"B":169,"A":255}},"CU4-057-15":{"pid":"CU4-057","orb":550.77,"per":9.17,"ang":337.55,"t":"ASTEROID","sp":"ASTEROID-4","s":16.54,"m":62.91,"gd":27.57,"wic":{},"woc":{},"wgc":{},"emm":[{"Type":"1","MainRange":40,"MainValue":0.27,"FarRange":150}],"sig":[{"t":"9-1","s":"","d":{"X":-0.83,"Y":-0.48}},{"t":"X1","s":"","d":{"X":-0.797,"Y":-0.596}}],"clr":{"R":234,"G":251,"B":213,"A":255}},"CU4-057-16":{"pid":"CU4-057","orb":594.57,"per":9.9,"ang":226.3,"t":"ASTEROID","sp":"ASTEROID-4","s":24.82,"m":212.46,"gd":41.37,"wic":{},"woc":{},"wgc":{},"emm":[{"Type":"1","MainRange":50,"MainValue":0.14,"FarRange":176},{"Type":"25","MainRange":66,"MainValue":0.17,"FarRange":188},{"Type":"5","MainRange":73,"MainValue":0.14,"FarRange":195}],"sig":[{"t":"9-1","s":"","d":{"X":-0.17,"Y":-0.32}},{"t":"X1","s":"","d":{"X":-0.464,"Y":0.209}},{"t":"X25","s":"","d":{"X":0.211,"Y":0.646}},{"t":"X5","s":"","d":{"X":0.896,"Y":-0.439}}],"clr":{"R":200,"G":253,"B":205,"A":255}},"CU4-057-17":{"pid":"CU4-057","orb":552,"per":9.2,"ang":341.9,"t":"ASTEROID","sp":"ASTEROID-4","s":14.22,"m":40.02,"gd":23.71,"wic":{},"woc":{},"wgc":{},"emm":[{"Type":"1","MainRange":66,"MainValue":0.22,"FarRange":285}],"sig":[{"t":"9-1","s":"","d":{"X":-0.64,"Y":0.39}},{"t":"X1","s":"","d":{"X":0.469,"Y":0.16}}],"clr":{"R":243,"G":211,"B":252,"A":255}},"CU4-057-18":{"pid":"CU4-057","orb":676.95,"per":11.28,"ang":40.45,"t":"ASTEROID","sp":"ASTEROID-4","s":29.37,"m":351.86,"gd":48.95,"wic":{},"woc":{},"wgc":{},"emm":[{"Type":"1","MainRange":54,"MainValue":0.13,"FarRange":138}],"sig":[{"t":"9-1","s":"","d":{"X":0.13,"Y":-0.8}},{"t":"X1","s":"","d":{"X":0.032,"Y":0.544}}],"clr":{"R":250,"G":253,"B":251,"A":255}},"CU4-057-19":{"pid":"CU4-057","orb":604.36,"per":10.07,"ang":86.14,"t":"ASTEROID","sp":"ASTEROID-1","s":21.64,"m":140.85,"gd":36.07,"wic":{},"woc":{},"wgc":{},"emm":[{"Type":"1","MainRange":69,"MainValue":0.18,"FarRange":143}],"sig":[{"t":"9-1","s":"","d":{"X":0.66,"Y":0.49}},{"t":"X1","s":"","d":{"X":-0.416,"Y":-0.02}}],"clr":{"R":254,"G":254,"B":254,"A":255}},"CU4-057-2":{"pid":"CU4-057","orb":535.86,"per":8.93,"ang":44.15,"t":"ASTEROID","sp":"ASTEROID-2","s":17.3,"m":72.01,"gd":28.84,"wic":{},"woc":{},"wgc":{},"emm":[{"Type":"1","MainRange":11,"MainValue":0.14,"FarRange":171}],"sig":[{"t":"9-1","s":"","d":{"X":0.05,"Y":0.41}},{"t":"X1","s":"","d":{"X":0.082,"Y":0.797}}],"clr":{"R":248,"G":251,"B":253,"A":255}},"CU4-057-20":{"pid":"CU4-057","orb":539.42,"per":8.99,"ang":309.73,"t":"ASTEROID","sp":"ASTEROID-2","s":13.49,"m":34.16,"gd":22.49,"wic":{},"woc":{},"wgc":{},"emm":[{"Type":"1","MainRange":41,"MainValue":0.23,"FarRange":191}],"sig":[{"t":"9-1","s":"","d":{"X":-0.48,"Y":0.45}},{"t":"X1","s":"","d":{"X":-0.838,"Y":0.484}}],"clr":{"R":254,"G":244,"B":239,"A":255}},"CU4-057-21":{"pid":"CU4-057","orb":530.42,"per":8.84,"ang":168.12,"t":"ASTEROID","sp":"ASTEROID-4","s":17.03,"m":68.69,"gd":28.39,"wic":{},"woc":{},"wgc":{},"emm":[{"Type":"1","MainRange":65,"MainValue":0.18,"FarRange":137}],"sig":[{"t":"9-1","s":"","d":{"X":0.82,"Y":-0.05}},{"t":"X1","s":"","d":{"X":0.152,"Y":-0.044}}],"clr":{"R":211,"G":202,"B":249,"A":255}},"CU4-057-22":{"pid":"CU4-057","orb":491.32,"per":8.18,"ang":298.5,"t":"ASTEROID","sp":"ASTEROID-1","s":17.88,"m":79.51,"gd":29.81,"wic":{},"woc":{},"wgc":{},"emm":[{"Type":"1","MainRange":73,"MainValue":0.2,"FarRange":157}],"sig":[{"t":"9-1","s":"","d":{"X":0.13,"Y":0.28}},{"t":"X1","s":"","d":{"X":0.792,"Y":-0.26}}],"clr":{"R":229,"G":213,"B":248,"A":255}},"CU4-057-23":{"pid":"CU4-057","orb":615.7,"per":10.26,"ang":132.58,"t":"ASTEROID","sp":"ASTEROID-4","s":19.37,"m":101.01,"gd":32.29,"wic":{},"woc":{},"wgc":{},"emm":[{"Type":"1","MainRange":64,"MainValue":0.17,"FarRange":98}],"sig":[{"t":"9-1","s":"","d":{"X":0.91,"Y":0.26}},{"t":"X1","s":"","d":{"X":0.076,"Y":-0.321}}],"clr":{"R":227,"G":253,"B":224,"A":255}},"CU4-057-24":{"pid":"CU4-057","orb":551.77,"per":9.19,"ang":164.75,"t":"ASTEROID","sp":"ASTEROID-1","s":18.34,"m":85.8,"gd":30.58,"wic":{},"woc":{},"wgc":{},"emm":[{"Type":"1","MainRange":46,"MainValue":0.13,"FarRange":164}],"sig":[{"t":"9-1","s":"","d":{"X":-0.23,"Y":-0.11}},{"t":"X1","s":"","d":{"X":0.525,"Y":0.839}}],"clr":{"R":238,"G":251,"B":223,"A":255}},"CU4-057-25":{"pid":"CU4-057","orb":640.6,"per":10.67,"ang":183.42,"t":"ASTEROID","sp":"ASTEROID-4","s":20.89,"m":126.71,"gd":34.82,"wic":{},"woc":{},"wgc":{},"emm":[{"Type":"1","MainRange":31,"MainValue":0.14,"FarRange":110}],"sig":[{"t":"9-1","s":"","d":{"X":0.16,"Y":-0.93}},{"t":"X1","s":"","d":{"X":-0.266,"Y":0.374}}],"clr":{"R":227,"G":222,"B":254,"A":255}},"CU4-057-26":{"pid":"CU4-057","orb":588.35,"per":9.8,"ang":133.18,"t":"ASTEROID","sp":"ASTEROID-1","s":28.27,"m":313.88,"gd":47.12,"wic":{},"woc":{},"wgc":{},"emm":[{"Type":"1","MainRange":60,"MainValue":0.19,"FarRange":112}],"sig":[{"t":"9-1","s":"","d":{"X":-0.44,"Y":-0.44}},{"t":"X1","s":"","d":{"X":0.454,"Y":0.202}}],"clr":{"R":245,"G":183,"B":254,"A":255}},"CU4-057-27":{"pid":"CU4-057","orb":549.07,"per":9.15,"ang":68.22,"t":"ASTEROID","sp":"ASTEROID-5","s":28.63,"m":326.11,"gd":47.72,"wic":{},"woc":{},"wgc":{},"emm":[{"Type":"1","MainRange":70,"MainValue":0.21,"FarRange":179}],"sig":[{"t":"9-1","s":"","d":{"X":0.65,"Y":0.32}},{"t":"X1","s":"","d":{"X":-0.275,"Y":-0.169}}],"clr":{"R":216,"G":239,"B":250,"A":255}},"CU4-057-28":{"pid":"CU4-057","orb":496.35,"per":8.27,"ang":231.04,"t":"ASTEROID","sp":"ASTEROID-4","s":21.9,"m":146.02,"gd":36.51,"wic":{},"woc":{},"wgc":{},"emm":[{"Type":"1","MainRange":42,"MainValue":0.21,"FarRange":118}],"sig":[{"t":"9-1","s":"","d":{"X":-0.25,"Y":0.49}},{"t":"X1","s":"","d":{"X":0.245,"Y":0.773}}],"clr":{"R":187,"G":236,"B":212,"A":255}},"CU4-057-29":{"pid":"CU4-057","orb":613.01,"per":10.21,"ang":68.66,"t":"ASTEROID","sp":"ASTEROID-4","s":24.84,"m":212.94,"gd":41.4,"wic":{},"woc":{},"wgc":{},"emm":[{"Type":"1","MainRange":29,"MainValue":0.24,"FarRange":62}],"sig":[{"t":"9-1","s":"","d":{"X":0.02,"Y":-0.44}},{"t":"X1","s":"","d":{"X":0.365,"Y":0.199}}],"clr":{"R":194,"G":228,"B":252,"A":255}},"CU4-057-3":{"pid":"CU4-057","orb":521.87,"per":8.69,"ang":263.29,"t":"ASTEROID","sp":"ASTEROID-4","s":27.35,"m":284.28,"gd":45.59,"wic":{},"woc":{},"wgc":{},"emm":[{"Type":"1","MainRange":68.4,"MainValue":0.25,"FarRange":76}],"sig":[{"t":"9-1","s":"","d":{"X":0.63,"Y":-0.36}},{"t":"X1","s":"","d":{"X":-0.448,"Y":0.891}}],"clr":{"R":199,"G":240,"B":222,"A":255}},"CU4-057-30":{"pid":"CU4-057","orb":482.68,"per":8.04,"ang":279.69,"t":"ASTEROID","sp":"ASTEROID-1","s":7.74,"m":6.45,"gd":12.9,"wic":{},"woc":{},"wgc":{},"emm":[{"Type":"1","MainRange":46,"MainValue":0.14,"FarRange":97}],"sig":[{"t":"9-1","s":"","d":{"X":0.55,"Y":-0.13}},{"t":"X1","s":"","d":{"X":0.405,"Y":0.819}}],"clr":{"R":251,"G":209,"B":197,"A":255}},"CU4-057-31":{"pid":"CU4-057","orb":589.76,"per":9.82,"ang":109.37,"t":"ASTEROID","sp":"ASTEROID-3","s":19.31,"m":100.05,"gd":32.18,"wic":{},"woc":{},"wgc":{},"emm":[{"Type":"1","MainRange":31,"MainValue":0.14,"FarRange":232}],"sig":[{"t":"9-1","s":"","d":{"X":0.02,"Y":-0.24}},{"t":"X1","s":"","d":{"X":0.311,"Y":-0.075}}],"clr":{"R":205,"G":220,"B":239,"A":255}},"CU4-057-32":{"pid":"CU4-057","orb":610.15,"per":10.16,"ang":148.5,"t":"ASTEROID","sp":"ASTEROID-4","s":21.67,"m":141.51,"gd":36.13,"wic":{},"woc":{},"wgc":{},"emm":[{"Type":"1","MainRange":16,"MainValue":0.18,"FarRange":182}],"sig":[{"t":"9-1","s":"","d":{"X":0.76,"Y":0.2}},{"t":"X1","s":"","d":{"X":0.075,"Y":-0.918}}],"clr":{"R":239,"G":251,"B":243,"A":255}},"CU4-057-33":{"pid":"CU4-057","orb":590.45,"per":9.84,"ang":281.16,"t":"ASTEROID","sp":"ASTEROID-5","s":37.09,"m":708.83,"gd":61.82,"wic":{},"woc":{},"wgc":{},"emm":[{"Type":"1","MainRange":66,"MainValue":0.21,"FarRange":184}],"sig":[{"t":"9-1","s":"","d":{"X":-0.13,"Y":0.6}},{"t":"X1","s":"","d":{"X":0.576,"Y":0.382}}],"clr":{"R":177,"G":247,"B":251,"A":255}},"CU4-057-34":{"pid":"CU4-057","orb":552.87,"per":9.21,"ang":202.92,"t":"ASTEROID","sp":"ASTEROID-1","s":16.25,"m":59.68,"gd":27.09,"wic":{},"woc":{},"wgc":{},"emm":[{"Type":"1","MainRange":60,"MainValue":0.2,"FarRange":182}],"sig":[{"t":"9-1","s":"","d":{"X":0.07,"Y":-0.63}},{"t":"X1","s":"","d":{"X":-0.382,"Y":-0.051}}],"clr":{"R":252,"G":254,"B":249,"A":255}},"CU4-057-35":{"pid":"CU4-057","orb":535.28,"per":8.92,"ang":149.33,"t":"ASTEROID","sp":"ASTEROID-3","s":22.56,"m":159.63,"gd":37.61,"wic":{},"woc":{},"wgc":{},"emm":[{"Type":"1","MainRange":68,"MainValue":0.17,"FarRange":202}],"sig":[{"t":"9-1","s":"","d":{"X":-0.42,"Y":0.46}},{"t":"X1","s":"","d":{"X":-0.246,"Y":0.729}}],"clr":{"R":253,"G":254,"B":252,"A":255}},"CU4-057-36":{"pid":"CU4-057","orb":607.41,"per":10.12,"ang":304.25,"t":"ASTEROID","sp":"ASTEROID-4","s":18.26,"m":84.69,"gd":30.44,"wic":{},"woc":{},"wgc":{},"emm":[{"Type":"1","MainRange":62,"MainValue":0.19,"FarRange":197}],"sig":[{"t":"9-1","s":"","d":{"X":0.54,"Y":0.04}},{"t":"X1","s":"","d":{"X":0.263,"Y":0.436}}],"clr":{"R":221,"G":254,"B":195,"A":255}},"CU4-057-37":{"pid":"CU4-057","orb":502.09,"per":8.36,"ang":162.32,"t":"ASTEROID","sp":"ASTEROID-5","s":14.17,"m":39.57,"gd":23.62,"wic":{},"woc":{},"wgc":{},"emm":[{"Type":"1","MainRange":60,"MainValue":0.15,"FarRange":123}],"sig":[{"t":"9-1","s":"","d":{"X":0.13,"Y":-0.4}},{"t":"X1","s":"","d":{"X":-0.099,"Y":-0.756}}],"clr":{"R":239,"G":206,"B":225,"A":255}},"CU4-057-38":{"pid":"CU4-057","orb":504.85,"per":8.41,"ang":357.79,"t":"ASTEROID","sp":"ASTEROID-4","s":14.99,"m":46.83,"gd":24.99,"wic":{},"woc":{},"wgc":{},"emm":[{"Type":"1","MainRange":57,"MainValue":0.27,"FarRange":160}],"sig":[{"t":"9-1","s":"","d":{"X":0.74,"Y":-0.38}},{"t":"X1","s":"","d":{"X":0.506,"Y":0.367}}],"clr":{"R":218,"G":157,"B":252,"A":255}},"CU4-057-39":{"pid":"CU4-057","orb":567.15,"per":9.45,"ang":20.72,"t":"ASTEROID","sp":"ASTEROID-2","s":25.35,"m":226.45,"gd":42.26,"wic":{},"woc":{},"wgc":{},"emm":[{"Type":"1","MainRange":55,"MainValue":0.27,"FarRange":83}],"sig":[{"t":"9-1","s":"","d":{"X":-0.06,"Y":-0.71}},{"t":"X1","s":"","d":{"X":-0.554,"Y":0.164}}],"clr":{"R":214,"G":242,"B":224,"A":255}},"CU4-057-4":{"pid":"CU4-057","orb":631.74,"per":10.52,"ang":217.54,"t":"ASTEROID","sp":"ASTEROID-1","s":22.72,"m":162.94,"gd":37.87,"wic":{},"woc":{},"wgc":{},"emm":[{"Type":"1","MainRange":68,"MainValue":0.23,"FarRange":105}],"sig":[{"t":"9-1","s":"","d":{"X":0.17,"Y":0.06}},{"t":"X1","s":"","d":{"X":0.815,"Y":-0.291}}],"clr":{"R":219,"G":166,"B":249,"A":255}},"CU4-057-40":{"pid":"CU4-057","orb":662.31,"per":11.03,"ang":164.99,"t":"ASTEROID","sp":"ASTEROID-3","s":27.69,"m":295,"gd":46.15,"wic":{},"woc":{},"wgc":{},"emm":[{"Type":"1","MainRange":69,"MainValue":0.09,"FarRange":145},{"Type":"19","MainRange":80,"MainValue":0.12,"FarRange":133}],"sig":[{"t":"9-1","s":"","d":{"X":-0.65,"Y":0.1}},{"t":"X1","s":"","d":{"X":-0.517,"Y":-0.834}},{"t":"X19","s":"","d":{"X":-0.29,"Y":0.68}}],"clr":{"R":236,"G":254,"B":229,"A":255}},"CU4-057-41":{"pid":"CU4-057","orb":576.08,"per":9.6,"ang":128.33,"t":"ASTEROID","sp":"ASTEROID-2","s":21.78,"m":143.58,"gd":36.3,"wic":{},"woc":{},"wgc":{},"emm":[{"Type":"1","MainRange":49,"MainValue":0.19,"FarRange":86}],"sig":[{"t":"9-1","s":"","d":{"X":-0.86,"Y":0.38}},{"t":"X1","s":"","d":{"X":-0.107,"Y":0.493}}],"clr":{"R":212,"G":254,"B":233,"A":255}},"CU4-057-42":{"pid":"CU4-057","orb":587.18,"per":9.78,"ang":274.63,"t":"ASTEROID","sp":"ASTEROID-1","s":32.14,"m":461.12,"gd":53.56,"wic":{},"woc":{},"wgc":{},"emm":[{"Type":"1","MainRange":40,"MainValue":0.23,"FarRange":87}],"sig":[{"t":"9-1","s":"","d":{"X":-0.06,"Y":-0.92}},{"t":"X1","s":"","d":{"X":0.276,"Y":0.739}}],"clr":{"R":228,"G":241,"B":249,"A":255}},"CU4-057-43":{"pid":"CU4-057","orb":513.55,"per":8.55,"ang":224.13,"t":"ASTEROID","sp":"ASTEROID-4","s":14.09,"m":38.89,"gd":23.49,"wic":{},"woc":{},"wgc":{},"emm":[{"Type":"1","MainRange":55,"MainValue":0.2,"FarRange":188},{"Type":"2","MainRange":42,"MainValue":0.28,"FarRange":138},{"Type":"16","MainRange":48,"MainValue":0.1,"FarRange":173},{"Type":"17","MainRange":55,"MainValue":0.24,"FarRange":179}],"sig":[{"t":"9-1","s":"","d":{"X":-0.27,"Y":-0.93}},{"t":"X1","s":"","d":{"X":0.64,"Y":-0.305}},{"t":"X2","s":"","d":{"X":-0.266,"Y":0.908}},{"t":"X16","s":"","d":{"X":0.394,"Y":-0.489}},{"t":"X17","s":"","d":{"X":0.114,"Y":-0.213}}],"clr":{"R":239,"G":241,"B":253,"A":255}},"CU4-057-44":{"pid":"CU4-057","orb":509.7,"per":8.49,"ang":187.82,"t":"ASTEROID","sp":"ASTEROID-3","s":18.78,"m":92.12,"gd":31.31,"wic":{},"woc":{},"wgc":{},"emm":[{"Type":"1","MainRange":63,"MainValue":0.29,"FarRange":196},{"Type":"13","MainRange":50,"MainValue":0.18,"FarRange":100},{"Type":"27","MainRange":35,"MainValue":0.14,"FarRange":145}],"sig":[{"t":"9-1","s":"","d":{"X":0.27,"Y":-0.02}},{"t":"X1","s":"","d":{"X":0.242,"Y":0.917}},{"t":"X13","s":"","d":{"X":0.277,"Y":-0.12}},{"t":"X27","s":"","d":{"X":0.118,"Y":0.145}}],"clr":{"R":254,"G":253,"B":243,"A":255}},"CU4-057-5":{"pid":"CU4-057","orb":577.19,"per":9.61,"ang":49.63,"t":"ASTEROID","sp":"ASTEROID-4","s":16.29,"m":60.04,"gd":27.15,"wic":{},"woc":{},"wgc":{},"emm":[{"Type":"1","MainRange":53.1,"MainValue":0.24,"FarRange":59}],"sig":[{"t":"9-1","s":"","d":{"X":-0.51,"Y":-0.43}},{"t":"X1","s":"","d":{"X":0.508,"Y":-0.598}}],"clr":{"R":254,"G":235,"B":234,"A":255}},"CU4-057-6":{"pid":"CU4-057","orb":534.76,"per":8.91,"ang":88.61,"t":"ASTEROID","sp":"ASTEROID-5","s":17.97,"m":80.6,"gd":29.95,"wic":{},"woc":{},"wgc":{},"emm":[{"Type":"1","MainRange":82,"MainValue":0.2,"FarRange":165}],"sig":[{"t":"9-1","s":"","d":{"X":-0.79,"Y":-0.61}},{"t":"X1","s":"","d":{"X":-0.51,"Y":-0.373}}],"clr":{"R":233,"G":200,"B":242,"A":255}},"CU4-057-7":{"pid":"CU4-057","orb":554.11,"per":9.23,"ang":135.99,"t":"ASTEROID","sp":"ASTEROID-1","s":13.85,"m":36.9,"gd":23.08,"wic":{},"woc":{},"wgc":{},"emm":[{"Type":"1","MainRange":41,"MainValue":0.18,"FarRange":143}],"sig":[{"t":"9-1","s":"","d":{"X":0.23,"Y":-0.7}},{"t":"X1","s":"","d":{"X":-0.617,"Y":-0.134}}],"clr":{"R":186,"G":248,"B":193,"A":255}},"CU4-057-8":{"pid":"CU4-057","orb":618.88,"per":10.31,"ang":236.67,"t":"ASTEROID","sp":"ASTEROID-5","s":13.33,"m":32.96,"gd":22.23,"wic":{},"woc":{},"wgc":{},"emm":[{"Type":"1","MainRange":58,"MainValue":0.25,"FarRange":102}],"sig":[{"t":"9-1","s":"","d":{"X":-0.7,"Y":-0.13}},{"t":"X1","s":"","d":{"X":0.269,"Y":0.18}}],"clr":{"R":249,"G":253,"B":170,"A":255}},"CU4-057-9":{"pid":"CU4-057","orb":515.67,"per":8.59,"ang":77.85,"t":"ASTEROID","sp":"ASTEROID-5","s":14.62,"m":43.48,"gd":24.38,"wic":{},"woc":{},"wgc":{},"emm":[{"Type":"1","MainRange":61,"MainValue":0.22,"FarRange":162}],"sig":[{"t":"9-1","s":"","d":{"X":0.18,"Y":-0.51}},{"t":"X1","s":"","d":{"X":-0.599,"Y":-0.255}}],"clr":{"R":186,"G":209,"B":236,"A":255}},"CU4-S":{"t":"STAR","sp":"STAR-6","s":522.82,"m":7939702.48,"gd":1742.76,"wic":{},"woc":{},"wgc":{},"emm":[{"Type":"2","MainRange":1356,"MainValue":4.57,"FarRange":2738},{"Type":"25","MainRange":1057,"MainValue":6.67,"FarRange":3730}],"sig":[{"t":"X2","s":"","d":{"X":0.524,"Y":-0.633}},{"t":"X25","s":"","d":{"X":-0.679,"Y":-0.16}}],"clr":{"R":208,"G":238,"B":247,"A":255}}}}