{"SpawnDistance":6769.191000000001,"Points":{"FH1-0-0":{"pid":"FH1-S","orb":1530.47,"per":25.5,"ang":191.53,"t":"ASTEROID","sp":"ASTEROID-1","s":14.45,"m":41.93,"gd":24.08,"wic":{},"woc":{},"wgc":{},"emm":[{"Type":"1","MainRange":46,"MainValue":0.13,"FarRange":268}],"sig":[{"t":"9-1","s":"","d":{"X":-0.73,"Y":-0.14}},{"t":"X1","s":"","d":{"X":-0.565,"Y":-0.051}}],"clr":{"R":251,"G":245,"B":253,"A":255}},"FH1-0-1":{"pid":"FH1-S","orb":1582.51,"per":26.37,"ang":46.2,"t":"ASTEROID","sp":"ASTEROID-3","s":21.02,"m":129.04,"gd":35.03,"wic":{},"woc":{},"wgc":{},"emm":[{"Type":"1","MainRange":32,"MainValue":0.19,"FarRange":124}],"sig":[{"t":"9-1","s":"","d":{"X":0.57,"Y":-0.27}},{"t":"X1","s":"","d":{"X":-0.468,"Y":0.47}}],"clr":{"R":199,"G":213,"B":238,"A":255}},"FH1-0-10":{"pid":"FH1-S","orb":1829.23,"per":30.48,"ang":223,"t":"ASTEROID","sp":"ASTEROID-5","s":19.77,"m":107.41,"gd":32.95,"wic":{},"woc":{},"wgc":{},"emm":[{"Type":"1","MainRange":55,"MainValue":0.13,"FarRange":110}],"sig":[{"t":"9-1","s":"","d":{"X":0.27,"Y":-0.62}},{"t":"X1","s":"","d":{"X":0.937,"Y":0.097}}],"clr":{"R":187,"G":214,"B":253,"A":255}},"FH1-0-11":{"pid":"FH1-S","orb":1525.95,"per":25.43,"ang":255.09,"t":"ASTEROID","sp":"ASTEROID-1","s":20.08,"m":112.59,"gd":33.48,"wic":{},"woc":{},"wgc":{},"emm":[{"Type":"1","MainRange":62,"MainValue":0.19,"FarRange":168}],"sig":[{"t":"9-1","s":"","d":{"X":-0.74,"Y":-0.57}},{"t":"X1","s":"","d":{"X":-0.722,"Y":0.028}}],"clr":{"R":251,"G":244,"B":253,"A":255}},"FH1-0-12":{"pid":"FH1-S","orb":1251.65,"per":20.86,"ang":330.54,"t":"ASTEROID","sp":"ASTEROID-4","s":16.06,"m":57.57,"gd":26.77,"wic":{},"woc":{},"wgc":{},"emm":[{"Type":"1","MainRange":47,"MainValue":0.16,"FarRange":79}],"sig":[{"t":"9-1","s":"","d":{"X":0.86,"Y":0.36}},{"t":"X1","s":"","d":{"X":-0.491,"Y":0.013}}],"clr":{"R":232,"G":244,"B":252,"A":255}},"FH1-0-13":{"pid":"FH1-S","orb":1515.32,"per":25.25,"ang":49.72,"t":"ASTEROID","sp":"ASTEROID-4","s":23.46,"m":179.55,"gd":39.11,"wic":{},"woc":{},"wgc":{},"emm":[{"Type":"1","MainRange":47,"MainValue":0.23,"FarRange":132}],"sig":[{"t":"9-1","s":"","d":{"X":-0.9,"Y":0.42}},{"t":"X1","s":"","d":{"X":0.018,"Y":0.339}}],"clr":{"R":238,"G":241,"B":215,"A":255}},"FH1-0-14":{"pid":"FH1-S","orb":1472.37,"per":24.53,"ang":5.02,"t":"ASTEROID","sp":"ASTEROID-5","s":34.57,"m":574.13,"gd":57.62,"wic":{},"woc":{},"wgc":{},"emm":[{"Type":"1","MainRange":52,"MainValue":0.27,"FarRange":169},{"Type":"20","MainRange":92,"MainValue":0.26,"FarRange":112}],"sig":[{"t":"9-1","s":"","d":{"X":0.11,"Y":0.7}},{"t":"X1","s":"","d":{"X":-0.282,"Y":0.365}},{"t":"X20","s":"","d":{"X":0.167,"Y":0.384}}],"clr":{"R":237,"G":240,"B":250,"A":255}},"FH1-0-15":{"pid":"FH1-S","orb":1493.38,"per":24.88,"ang":353.56,"t":"ASTEROID","sp":"ASTEROID-4","s":31.56,"m":436.6,"gd":52.6,"wic":{},"woc":{},"wgc":{},"emm":[{"Type":"1","MainRange":31,"MainValue":0.23,"FarRange":64}],"sig":[{"t":"9-1","s":"","d":{"X":-0.01,"Y":0.37}},{"t":"X1","s":"","d":{"X":-0.111,"Y":-0.184}}],"clr":{"R":174,"G":225,"B":243,"A":255}},"FH1-0-16":{"pid":"FH1-S","orb":1338.63,"per":22.31,"ang":146.51,"t":"ASTEROID","sp":"ASTEROID-2","s":19.16,"m":97.72,"gd":31.93,"wic":{},"woc":{},"wgc":{},"emm":[{"Type":"1","MainRange":22.5,"MainValue":0.2,"FarRange":25}],"sig":[{"t":"9-1","s":"","d":{"X":-0.39,"Y":0.8}},{"t":"X1","s":"","d":{"X":0.912,"Y":-0.342}}],"clr":{"R":207,"G":198,"B":242,"A":255}},"FH1-0-17":{"pid":"FH1-S","orb":1564.89,"per":26.08,"ang":173.27,"t":"ASTEROID","sp":"ASTEROID-1","s":23.8,"m":187.33,"gd":39.67,"wic":{},"woc":{},"wgc":{},"emm":[{"Type":"1","MainRange":29,"MainValue":0.11,"FarRange":184}],"sig":[{"t":"9-1","s":"","d":{"X":-0.27,"Y":0.52}},{"t":"X1","s":"","d":{"X":0.258,"Y":-0.234}}],"clr":{"R":224,"G":244,"B":246,"A":255}},"FH1-0-18":{"pid":"FH1-S","orb":1684.04,"per":28.06,"ang":60.18,"t":"ASTEROID","sp":"ASTEROID-4","s":28.17,"m":310.8,"gd":46.96,"wic":{},"woc":{},"wgc":{},"emm":[{"Type":"1","MainRange":44,"MainValue":0.23,"FarRange":168}],"sig":[{"t":"9-1","s":"","d":{"X":-0.35,"Y":0.72}},{"t":"X1","s":"","d":{"X":-0.152,"Y":-0.694}}],"clr":{"R":227,"G":179,"B":246,"A":255}},"FH1-0-19":{"pid":"FH1-S","orb":1147.26,"per":19.12,"ang":252.69,"t":"ASTEROID","sp":"ASTEROID-5","s":10.94,"m":18.2,"gd":18.24,"wic":{},"woc":{},"wgc":{},"emm":[{"Type":"1","MainRange":51,"MainValue":0.15,"FarRange":199}],"sig":[{"t":"9-1","s":"","d":{"X":0.3,"Y":0.16}},{"t":"X1","s":"","d":{"X":0.567,"Y":0.46}}],"clr":{"R":226,"G":237,"B":247,"A":255}},"FH1-0-2":{"pid":"FH1-S","orb":1439.72,"per":23.99,"ang":58.03,"t":"ASTEROID","sp":"ASTEROID-3","s":17.78,"m":78.19,"gd":29.64,"wic":{},"woc":{},"wgc":{},"emm":[{"Type":"1","MainRange":39,"MainValue":0.24,"FarRange":238}],"sig":[{"t":"9-1","s":"","d":{"X":-0.76,"Y":-0.12}},{"t":"X1","s":"","d":{"X":0.208,"Y":0.117}}],"clr":{"R":232,"G":251,"B":251,"A":255}},"FH1-0-20":{"pid":"FH1-S","orb":1607.81,"per":26.79,"ang":356.71,"t":"ASTEROID","sp":"ASTEROID-5","s":30.9,"m":409.78,"gd":51.5,"wic":{},"woc":{},"wgc":{},"emm":[{"Type":"1","MainRange":51,"MainValue":0.13,"FarRange":102}],"sig":[{"t":"9-1","s":"","d":{"X":0.55,"Y":0.76}},{"t":"X1","s":"","d":{"X":0.205,"Y":0.194}}],"clr":{"R":252,"G":250,"B":246,"A":255}},"FH1-0-21":{"pid":"FH1-S","orb":1578.22,"per":26.3,"ang":130.06,"t":"ASTEROID","sp":"ASTEROID-1","s":13.83,"m":36.78,"gd":23.05,"wic":{},"woc":{},"wgc":{},"emm":[{"Type":"1","MainRange":78,"MainValue":0.22,"FarRange":155},{"Type":"2","MainRange":41,"MainValue":0.17,"FarRange":110},{"Type":"5","MainRange":51,"MainValue":0.2,"FarRange":127}],"sig":[{"t":"9-1","s":"","d":{"X":-0.67,"Y":0.08}},{"t":"X1","s":"","d":{"X":0.579,"Y":0.234}},{"t":"X2","s":"","d":{"X":-0.294,"Y":-0.58}},{"t":"X5","s":"","d":{"X":0.134,"Y":-0.837}}],"clr":{"R":188,"G":250,"B":223,"A":255}},"FH1-0-22":{"pid":"FH1-S","orb":1594.78,"per":26.57,"ang":189.62,"t":"ASTEROID","sp":"ASTEROID-4","s":23.74,"m":185.95,"gd":39.57,"wic":{},"woc":{},"wgc":{},"emm":[{"Type":"1","MainRange":36,"MainValue":0.19,"FarRange":84}],"sig":[{"t":"9-1","s":"","d":{"X":-0.08,"Y":0.71}},{"t":"X1","s":"","d":{"X":0.084,"Y":0.455}}],"clr":{"R":217,"G":189,"B":238,"A":255}},"FH1-0-23":{"pid":"FH1-S","orb":1632.54,"per":27.2,"ang":96.69,"t":"ASTEROID","sp":"ASTEROID-3","s":20.89,"m":126.61,"gd":34.81,"wic":{},"woc":{},"wgc":{},"emm":[{"Type":"1","MainRange":18,"MainValue":0.14,"FarRange":112}],"sig":[{"t":"9-1","s":"","d":{"X":-0.62,"Y":-0.18}},{"t":"X1","s":"","d":{"X":-0.122,"Y":0.647}}],"clr":{"R":217,"G":218,"B":245,"A":255}},"FH1-0-24":{"pid":"FH1-S","orb":1571.78,"per":26.19,"ang":192.97,"t":"ASTEROID","sp":"ASTEROID-1","s":20.25,"m":115.48,"gd":33.76,"wic":{},"woc":{},"wgc":{},"emm":[{"Type":"1","MainRange":50,"MainValue":0.28,"FarRange":129}],"sig":[{"t":"9-1","s":"","d":{"X":-0.05,"Y":0.01}},{"t":"X1","s":"","d":{"X":0.011,"Y":-0.451}}],"clr":{"R":252,"G":249,"B":232,"A":255}},"FH1-0-25":{"pid":"FH1-S","orb":1711.46,"per":28.52,"ang":245.98,"t":"ASTEROID","sp":"ASTEROID-1","s":14.81,"m":45.16,"gd":24.69,"wic":{},"woc":{},"wgc":{},"emm":[{"Type":"1","MainRange":55,"MainValue":0.25,"FarRange":271}],"sig":[{"t":"9-1","s":"","d":{"X":0.58,"Y":0.5}},{"t":"X1","s":"","d":{"X":-0.213,"Y":-0.647}}],"clr":{"R":244,"G":165,"B":197,"A":255}},"FH1-0-26":{"pid":"FH1-S","orb":1473.12,"per":24.55,"ang":0.81,"t":"ASTEROID","sp":"ASTEROID-4","s":16.33,"m":60.56,"gd":27.22,"wic":{},"woc":{},"wgc":{},"emm":[{"Type":"1","MainRange":46,"MainValue":0.23,"FarRange":131}],"sig":[{"t":"9-1","s":"","d":{"X":-0.68,"Y":-0.38}},{"t":"X1","s":"","d":{"X":0.009,"Y":-0.728}}],"clr":{"R":251,"G":234,"B":184,"A":255}},"FH1-0-27":{"pid":"FH1-S","orb":1478.57,"per":24.64,"ang":294.71,"t":"ASTEROID","sp":"ASTEROID-3","s":25.24,"m":223.41,"gd":42.07,"wic":{},"woc":{},"wgc":{},"emm":[{"Type":"1","MainRange":49,"MainValue":0.14,"FarRange":147}],"sig":[{"t":"9-1","s":"","d":{"X":-0.36,"Y":0.64}},{"t":"X1","s":"","d":{"X":0.364,"Y":-0.811}}],"clr":{"R":204,"G":238,"B":200,"A":255}},"FH1-0-28":{"pid":"FH1-S","orb":1641.09,"per":27.35,"ang":350.41,"t":"ASTEROID","sp":"ASTEROID-1","s":21.03,"m":129.24,"gd":35.05,"wic":{},"woc":{},"wgc":{},"emm":[{"Type":"1","MainRange":55,"MainValue":0.17,"FarRange":169}],"sig":[{"t":"9-1","s":"","d":{"X":0.42,"Y":0.6}},{"t":"X1","s":"","d":{"X":-0.018,"Y":-0.14}}],"clr":{"R":225,"G":234,"B":252,"A":255}},"FH1-0-29":{"pid":"FH1-S","orb":1644.65,"per":27.41,"ang":220.93,"t":"ASTEROID","sp":"ASTEROID-1","s":14.42,"m":41.72,"gd":24.04,"wic":{},"woc":{},"wgc":{},"emm":[{"Type":"1","MainRange":47,"MainValue":0.16,"FarRange":86}],"sig":[{"t":"9-1","s":"","d":{"X":0.47,"Y":-0.44}},{"t":"X1","s":"","d":{"X":0.244,"Y":-0.006}}],"clr":{"R":252,"G":239,"B":252,"A":255}},"FH1-0-3":{"pid":"FH1-S","orb":1680.84,"per":28.01,"ang":111.13,"t":"ASTEROID","sp":"ASTEROID-3","s":15.9,"m":55.91,"gd":26.51,"wic":{},"woc":{},"wgc":{},"emm":[{"Type":"1","MainRange":59,"MainValue":0.25,"FarRange":131}],"sig":[{"t":"9-1","s":"","d":{"X":0.25,"Y":-0.25}},{"t":"X1","s":"","d":{"X":0.47,"Y":0.758}}],"clr":{"R":214,"G":235,"B":241,"A":255}},"FH1-0-30":{"pid":"FH1-S","orb":1389.88,"per":23.16,"ang":337.08,"t":"ASTEROID","sp":"ASTEROID-3","s":8.18,"m":7.61,"gd":13.63,"wic":{},"woc":{},"wgc":{},"emm":[{"Type":"1","MainRange":59,"MainValue":0.22,"FarRange":199}],"sig":[{"t":"9-1","s":"","d":{"X":0.39,"Y":0.23}},{"t":"X1","s":"","d":{"X":0.775,"Y":0.403}}],"clr":{"R":244,"G":250,"B":254,"A":255}},"FH1-0-31":{"pid":"FH1-S","orb":1129.66,"per":18.82,"ang":228.94,"t":"ASTEROID","sp":"ASTEROID-2","s":15.74,"m":54.26,"gd":26.24,"wic":{},"woc":{},"wgc":{},"emm":[{"Type":"1","MainRange":43,"MainValue":0.23,"FarRange":117},{"Type":"3","MainRange":71,"MainValue":0.16,"FarRange":87},{"Type":"17","MainRange":51,"MainValue":0.14,"FarRange":194},{"Type":"27","MainRange":71.10000000000001,"MainValue":0.14,"FarRange":79}],"sig":[{"t":"7-2","s":"","d":{"X":0.37,"Y":-0.62}},{"t":"8-1","s":"","d":{"X":0.54,"Y":0.5}},{"t":"9-1","s":"","d":{"X":-0.45,"Y":0.3}},{"t":"X1","s":"","d":{"X":0.788,"Y":0.085}},{"t":"X3","s":"","d":{"X":0.732,"Y":0.269}},{"t":"X17","s":"","d":{"X":-0.332,"Y":0.388}},{"t":"X27","s":"","d":{"X":0.947,"Y":0.169}}],"clr":{"R":227,"G":231,"B":247,"A":255}},"FH1-0-32":{"pid":"FH1-S","orb":1093.04,"per":18.21,"ang":319.6,"t":"ASTEROID","sp":"ASTEROID-2","s":15.63,"m":53.08,"gd":26.05,"wic":{},"woc":{},"wgc":{},"emm":[{"Type":"1","MainRange":52,"MainValue":0.2,"FarRange":155}],"sig":[{"t":"7-2","s":"","d":{"X":-0.46,"Y":-0.66}},{"t":"8-1","s":"","d":{"X":-0.79,"Y":0.43}},{"t":"9-1","s":"","d":{"X":0.11,"Y":0.26}},{"t":"X1","s":"","d":{"X":-0.36,"Y":0.837}}],"clr":{"R":221,"G":227,"B":250,"A":255}},"FH1-0-33":{"pid":"FH1-S","orb":1187.22,"per":19.78,"ang":30.3,"t":"ASTEROID","sp":"ASTEROID-4","s":17.9,"m":79.66,"gd":29.83,"wic":{},"woc":{},"wgc":{},"emm":[{"Type":"1","MainRange":75,"MainValue":0.21,"FarRange":146}],"sig":[{"t":"7-2","s":"","d":{"X":-0.6,"Y":-0.25}},{"t":"8-1","s":"","d":{"X":0.06,"Y":0.46}},{"t":"9-1","s":"","d":{"X":0.35,"Y":0.66}},{"t":"X1","s":"","d":{"X":0.801,"Y":0.248}}],"clr":{"R":243,"G":192,"B":222,"A":255}},"FH1-0-34":{"pid":"FH1-S","orb":946.53,"per":15.77,"ang":348.74,"t":"ASTEROID","sp":"ASTEROID-4","s":19.53,"m":103.51,"gd":32.55,"wic":{},"woc":{},"wgc":{},"emm":[{"Type":"1","MainRange":46,"MainValue":0.08,"FarRange":139}],"sig":[{"t":"7-2","s":"","d":{"X":0.06,"Y":-0.06}},{"t":"8-1","s":"","d":{"X":0.85,"Y":0.24}},{"t":"9-1","s":"","d":{"X":-0.9,"Y":0.09}},{"t":"X1","s":"","d":{"X":-0.052,"Y":0.372}}],"clr":{"R":233,"G":249,"B":204,"A":255}},"FH1-0-35":{"pid":"FH1-S","orb":1150.46,"per":19.17,"ang":2.71,"t":"ASTEROID","sp":"ASTEROID-2","s":24.39,"m":201.59,"gd":40.65,"wic":{},"woc":{},"wgc":{},"emm":[{"Type":"1","MainRange":47,"MainValue":0.31,"FarRange":135}],"sig":[{"t":"7-2","s":"","d":{"X":0.02,"Y":0.95}},{"t":"8-1","s":"","d":{"X":0.57,"Y":0.04}},{"t":"9-1","s":"","d":{"X":-0.64,"Y":0.17}},{"t":"X1","s":"","d":{"X":-0.078,"Y":0.726}}],"clr":{"R":237,"G":248,"B":250,"A":255}},"FH1-0-36":{"pid":"FH1-S","orb":1094.19,"per":18.23,"ang":58.98,"t":"ASTEROID","sp":"ASTEROID-5","s":15.3,"m":49.76,"gd":25.5,"wic":{},"woc":{},"wgc":{},"emm":[{"Type":"1","MainRange":40,"MainValue":0.17,"FarRange":90}],"sig":[{"t":"7-2","s":"","d":{"X":0.36,"Y":0.37}},{"t":"8-1","s":"","d":{"X":-0.02,"Y":0.96}},{"t":"9-1","s":"","d":{"X":0.27,"Y":0.36}},{"t":"X1","s":"","d":{"X":0.663,"Y":0.101}}],"clr":{"R":179,"G":243,"B":195,"A":255}},"FH1-0-37":{"pid":"FH1-S","orb":1000.84,"per":16.68,"ang":11.81,"t":"ASTEROID","sp":"ASTEROID-5","s":16.59,"m":63.52,"gd":27.66,"wic":{},"woc":{},"wgc":{},"emm":[{"Type":"1","MainRange":61,"MainValue":0.16,"FarRange":112}],"sig":[{"t":"7-2","s":"","d":{"X":0.62,"Y":-0.37}},{"t":"8-1","s":"","d":{"X":0.34,"Y":-0.25}},{"t":"9-1","s":"","d":{"X":-0.31,"Y":0.52}},{"t":"X1","s":"","d":{"X":-0.216,"Y":0.138}}],"clr":{"R":196,"G":237,"B":211,"A":255}},"FH1-0-38":{"pid":"FH1-S","orb":1094.7,"per":18.24,"ang":230.89,"t":"ASTEROID","sp":"ASTEROID-2","s":19.4,"m":101.45,"gd":32.33,"wic":{},"woc":{},"wgc":{},"emm":[{"Type":"1","MainRange":38,"MainValue":0.13,"FarRange":95}],"sig":[{"t":"7-2","s":"","d":{"X":-0.39,"Y":-0.37}},{"t":"8-1","s":"","d":{"X":0.64,"Y":-0.4}},{"t":"9-1","s":"","d":{"X":0.14,"Y":-0.3}},{"t":"X1","s":"","d":{"X":-0.351,"Y":-0.871}}],"clr":{"R":251,"G":238,"B":247,"A":255}},"FH1-0-39":{"pid":"FH1-S","orb":1144.04,"per":19.06,"ang":161.02,"t":"ASTEROID","sp":"ASTEROID-2","s":26.73,"m":265.45,"gd":44.56,"wic":{},"woc":{},"wgc":{},"emm":[{"Type":"1","MainRange":33,"MainValue":0.27,"FarRange":92}],"sig":[{"t":"7-2","s":"","d":{"X":0.23,"Y":0.32}},{"t":"8-1","s":"","d":{"X":0.13,"Y":0.79}},{"t":"9-1","s":"","d":{"X":-0.42,"Y":0.08}},{"t":"X1","s":"","d":{"X":-0.032,"Y":-0.7}}],"clr":{"R":226,"G":251,"B":201,"A":255}},"FH1-0-4":{"pid":"FH1-S","orb":1410.65,"per":23.51,"ang":309.88,"t":"ASTEROID","sp":"ASTEROID-1","s":28.32,"m":315.63,"gd":47.2,"wic":{},"woc":{},"wgc":{},"emm":[{"Type":"1","MainRange":71,"MainValue":0.24,"FarRange":115}],"sig":[{"t":"9-1","s":"","d":{"X":-0.14,"Y":-0.51}},{"t":"X1","s":"","d":{"X":-0.29,"Y":-0.251}}],"clr":{"R":229,"G":239,"B":253,"A":255}},"FH1-0-40":{"pid":"FH1-S","orb":954.11,"per":15.9,"ang":34.73,"t":"ASTEROID","sp":"ASTEROID-3","s":22.34,"m":155,"gd":37.24,"wic":{},"woc":{},"wgc":{},"emm":[{"Type":"1","MainRange":57,"MainValue":0.32,"FarRange":67}],"sig":[{"t":"7-2","s":"","d":{"X":0.36,"Y":-0.89}},{"t":"8-1","s":"","d":{"X":0.8,"Y":0.23}},{"t":"9-1","s":"","d":{"X":0.18,"Y":-0.96}},{"t":"X1","s":"","d":{"X":0.427,"Y":0.683}}],"clr":{"R":249,"G":210,"B":160,"A":255}},"FH1-0-41":{"pid":"FH1-S","orb":1052.38,"per":17.53,"ang":181.17,"t":"ASTEROID","sp":"ASTEROID-4","s":20.23,"m":115.14,"gd":33.73,"wic":{},"woc":{},"wgc":{},"emm":[{"Type":"1","MainRange":33,"MainValue":0.19,"FarRange":107}],"sig":[{"t":"7-2","s":"","d":{"X":-0.18,"Y":-0.62}},{"t":"8-1","s":"","d":{"X":0.53,"Y":0.16}},{"t":"9-1","s":"","d":{"X":-0.27,"Y":0.84}},{"t":"X1","s":"","d":{"X":0.378,"Y":-0.218}}],"clr":{"R":196,"G":200,"B":239,"A":255}},"FH1-0-42":{"pid":"FH1-S","orb":1136.51,"per":18.94,"ang":68.13,"t":"ASTEROID","sp":"ASTEROID-1","s":16.3,"m":60.2,"gd":27.17,"wic":{},"woc":{},"wgc":{},"emm":[{"Type":"1","MainRange":52,"MainValue":0.26,"FarRange":67}],"sig":[{"t":"7-2","s":"","d":{"X":0.75,"Y":-0.6}},{"t":"8-1","s":"","d":{"X":-0.55,"Y":-0.62}},{"t":"9-1","s":"","d":{"X":-0.26,"Y":0.05}},{"t":"X1","s":"","d":{"X":-0.269,"Y":0.478}}],"clr":{"R":237,"G":171,"B":248,"A":255}},"FH1-0-43":{"pid":"FH1-S","orb":900.23,"per":15,"ang":78.68,"t":"ASTEROID","sp":"ASTEROID-5","s":16.22,"m":59.28,"gd":27.03,"wic":{},"woc":{},"wgc":{},"emm":[{"Type":"1","MainRange":34,"MainValue":0.16,"FarRange":196}],"sig":[{"t":"7-2","s":"","d":{"X":-0.57,"Y":-0.55}},{"t":"8-1","s":"","d":{"X":0.17,"Y":-0.67}},{"t":"9-1","s":"","d":{"X":-0.56,"Y":0.5}},{"t":"X1","s":"","d":{"X":0.406,"Y":-0.283}}],"clr":{"R":249,"G":205,"B":244,"A":255}},"FH1-0-44":{"pid":"FH1-S","orb":841.49,"per":14.02,"ang":119.58,"t":"ASTEROID","sp":"ASTEROID-2","s":10.49,"m":16.03,"gd":17.48,"wic":{},"woc":{},"wgc":{},"emm":[{"Type":"1","MainRange":56,"MainValue":0.12,"FarRange":141}],"sig":[{"t":"7-2","s":"","d":{"X":-0.87,"Y":0.18}},{"t":"8-1","s":"","d":{"X":-0.91,"Y":0.19}},{"t":"9-1","s":"","d":{"X":0.15,"Y":-0.07}},{"t":"X1","s":"","d":{"X":0.342,"Y":0.573}}],"clr":{"R":228,"G":204,"B":242,"A":255}},"FH1-0-45":{"pid":"FH1-S","orb":1101.37,"per":18.35,"ang":154.78,"t":"ASTEROID","sp":"ASTEROID-2","s":32.56,"m":479.43,"gd":54.26,"wic":{},"woc":{},"wgc":{},"emm":[{"Type":"1","MainRange":51,"MainValue":0.14,"FarRange":71}],"sig":[{"t":"7-2","s":"","d":{"X":0.63,"Y":-0.33}},{"t":"8-1","s":"","d":{"X":0.27,"Y":-0.46}},{"t":"9-1","s":"","d":{"X":-0.49,"Y":0.07}},{"t":"X1","s":"","d":{"X":0.308,"Y":0.61}}],"clr":{"R":247,"G":212,"B":194,"A":255}},"FH1-0-46":{"pid":"FH1-S","orb":997.26,"per":16.62,"ang":194.7,"t":"ASTEROID","sp":"ASTEROID-4","s":11.46,"m":20.94,"gd":19.11,"wic":{},"woc":{},"wgc":{},"emm":[{"Type":"1","MainRange":55,"MainValue":0.15,"FarRange":142}],"sig":[{"t":"7-2","s":"","d":{"Y":-0.51}},{"t":"8-1","s":"","d":{"X":0.34,"Y":0.73}},{"t":"9-1","s":"","d":{"X":0.26,"Y":-0.44}},{"t":"X1","s":"","d":{"X":0.839,"Y":0.039}}],"clr":{"R":247,"G":232,"B":246,"A":255}},"FH1-0-47":{"pid":"FH1-S","orb":1071.37,"per":17.85,"ang":265.96,"t":"ASTEROID","sp":"ASTEROID-3","s":13.87,"m":37.07,"gd":23.11,"wic":{},"woc":{},"wgc":{},"emm":[{"Type":"1","MainRange":33,"MainValue":0.14,"FarRange":115}],"sig":[{"t":"7-2","s":"","d":{"X":-0.23,"Y":0.18}},{"t":"8-1","s":"","d":{"X":0.45,"Y":-0.78}},{"t":"9-1","s":"","d":{"X":0.31,"Y":0.07}},{"t":"X1","s":"","d":{"X":0.136,"Y":0.474}}],"clr":{"R":244,"G":180,"B":201,"A":255}},"FH1-0-48":{"pid":"FH1-S","orb":1032.98,"per":17.21,"ang":88.1,"t":"ASTEROID","sp":"ASTEROID-2","s":15.46,"m":51.33,"gd":25.76,"wic":{},"woc":{},"wgc":{},"emm":[{"Type":"1","MainRange":55,"MainValue":0.21,"FarRange":173}],"sig":[{"t":"7-2","s":"","d":{"X":0.78,"Y":-0.03}},{"t":"8-1","s":"","d":{"X":0.25,"Y":0.07}},{"t":"9-1","s":"","d":{"X":-0.16,"Y":-0.95}},{"t":"X1","s":"","d":{"X":-0.155,"Y":-0.921}}],"clr":{"R":254,"G":233,"B":254,"A":255}},"FH1-0-49":{"pid":"FH1-S","orb":1028.51,"per":17.14,"ang":105.91,"t":"ASTEROID","sp":"ASTEROID-4","s":14.56,"m":42.95,"gd":24.28,"wic":{},"woc":{},"wgc":{},"emm":[{"Type":"1","MainRange":34,"MainValue":0.2,"FarRange":165},{"Type":"10","MainRange":63,"MainValue":0.18,"FarRange":106}],"sig":[{"t":"7-2","s":"","d":{"X":-0.11,"Y":0.73}},{"t":"8-1","s":"","d":{"X":0.31,"Y":-0.62}},{"t":"9-1","s":"","d":{"X":0.14,"Y":0.39}},{"t":"X1","s":"","d":{"X":0.83,"Y":0.36}},{"t":"X10","s":"","d":{"X":0.17,"Y":0.204}}],"clr":{"R":231,"G":200,"B":249,"A":255}},"FH1-0-5":{"pid":"FH1-S","orb":1546.96,"per":25.78,"ang":96.63,"t":"ASTEROID","sp":"ASTEROID-5","s":18.57,"m":89.02,"gd":30.95,"wic":{},"woc":{},"wgc":{},"emm":[{"Type":"1","MainRange":57,"MainValue":0.25,"FarRange":151},{"Type":"27","MainRange":48,"MainValue":0.3,"FarRange":144}],"sig":[{"t":"9-1","s":"","d":{"X":-0.52,"Y":-0.39}},{"t":"X1","s":"","d":{"X":0.043,"Y":-0.558}},{"t":"X27","s":"","d":{"X":-0.545,"Y":0.386}}],"clr":{"R":247,"G":247,"B":231,"A":255}},"FH1-0-50":{"pid":"FH1-S","orb":1135.6,"per":18.92,"ang":36.42,"t":"ASTEROID","sp":"ASTEROID-2","s":19.24,"m":98.92,"gd":32.06,"wic":{},"woc":{},"wgc":{},"emm":[{"Type":"1","MainRange":40,"MainValue":0.19,"FarRange":216}],"sig":[{"t":"7-2","s":"","d":{"X":-0.67,"Y":0.26}},{"t":"8-1","s":"","d":{"X":0.1,"Y":0.04}},{"t":"9-1","s":"","d":{"X":-0.25,"Y":-0.96}},{"t":"X1","s":"","d":{"X":-0.684,"Y":-0.213}}],"clr":{"R":248,"G":214,"B":224,"A":255}},"FH1-0-51":{"pid":"FH1-S","orb":977.64,"per":16.29,"ang":117.06,"t":"ASTEROID","sp":"ASTEROID-4","s":39.58,"m":861.76,"gd":65.98,"wic":{},"woc":{},"wgc":{},"emm":[{"Type":"1","MainRange":58,"MainValue":0.18,"FarRange":156}],"sig":[{"t":"7-2","s":"","d":{"X":-0.19,"Y":-0.72}},{"t":"8-1","s":"","d":{"X":-0.67,"Y":-0.56}},{"t":"9-1","s":"","d":{"X":0.72,"Y":-0.53}},{"t":"X1","s":"","d":{"X":-0.582,"Y":0.632}}],"clr":{"R":204,"G":189,"B":248,"A":255}},"FH1-0-52":{"pid":"FH1-S","orb":1017.58,"per":16.95,"ang":231.92,"t":"ASTEROID","sp":"ASTEROID-4","s":12.12,"m":24.76,"gd":20.21,"wic":{},"woc":{},"wgc":{},"emm":[{"Type":"1","MainRange":58,"MainValue":0.19,"FarRange":194}],"sig":[{"t":"7-2","s":"","d":{"X":-0.44,"Y":0.72}},{"t":"8-1","s":"","d":{"X":-0.77,"Y":-0.51}},{"t":"9-1","s":"","d":{"X":0.57,"Y":0.8}},{"t":"X1","s":"","d":{"X":0.359,"Y":-0.746}}],"clr":{"R":245,"G":244,"B":252,"A":255}},"FH1-0-53":{"pid":"FH1-S","orb":1066.54,"per":17.77,"ang":144.88,"t":"ASTEROID","sp":"ASTEROID-5","s":19.74,"m":106.94,"gd":32.91,"wic":{},"woc":{},"wgc":{},"emm":[{"Type":"1","MainRange":45,"MainValue":0.25,"FarRange":128}],"sig":[{"t":"7-2","s":"","d":{"X":0.18,"Y":-0.26}},{"t":"8-1","s":"","d":{"X":0.17,"Y":0.39}},{"t":"9-1","s":"","d":{"X":0.08,"Y":-0.39}},{"t":"X1","s":"","d":{"X":-0.748,"Y":-0.482}}],"clr":{"R":253,"G":249,"B":250,"A":255}},"FH1-0-6":{"pid":"FH1-S","orb":1458.92,"per":24.31,"ang":226.41,"t":"ASTEROID","sp":"ASTEROID-2","s":15.1,"m":47.85,"gd":25.17,"wic":{},"woc":{},"wgc":{},"emm":[{"Type":"1","MainRange":59,"MainValue":0.15,"FarRange":187}],"sig":[{"t":"9-1","s":"","d":{"X":0.04,"Y":0.46}},{"t":"X1","s":"","d":{"X":-0.361,"Y":0.69}}],"clr":{"R":211,"G":243,"B":173,"A":255}},"FH1-0-7":{"pid":"FH1-S","orb":1422.29,"per":23.7,"ang":214.92,"t":"ASTEROID","sp":"ASTEROID-3","s":19.71,"m":106.47,"gd":32.86,"wic":{},"woc":{},"wgc":{},"emm":[{"Type":"1","MainRange":18,"MainValue":0.01,"FarRange":108}],"sig":[{"t":"9-1","s":"","d":{"X":-0.54,"Y":0.47}},{"t":"X1","s":"","d":{"X":0.669,"Y":-0.456}}],"clr":{"R":229,"G":253,"B":224,"A":255}},"FH1-0-8":{"pid":"FH1-S","orb":1820.87,"per":30.34,"ang":261.09,"t":"ASTEROID","sp":"ASTEROID-1","s":25.83,"m":239.56,"gd":43.06,"wic":{},"woc":{},"wgc":{},"emm":[{"Type":"1","MainRange":49,"MainValue":0.27,"FarRange":156}],"sig":[{"t":"9-1","s":"","d":{"X":0.94,"Y":-0.17}},{"t":"X1","s":"","d":{"X":0.023,"Y":0.182}}],"clr":{"R":253,"G":216,"B":224,"A":255}},"FH1-0-9":{"pid":"FH1-S","orb":1552.3,"per":25.87,"ang":77.02,"t":"ASTEROID","sp":"ASTEROID-2","s":16.46,"m":61.96,"gd":27.43,"wic":{},"woc":{},"wgc":{},"emm":[{"Type":"1","MainRange":57,"MainValue":0.18,"FarRange":156}],"sig":[{"t":"9-1","s":"","d":{"X":-0.81,"Y":0.31}},{"t":"X1","s":"","d":{"X":-0.538,"Y":-0.438}}],"clr":{"R":238,"G":236,"B":178,"A":255}},"FH1-082":{"pid":"FH1-S","orb":6153.81,"per":102.56,"t":"GASPLANET","sp":"GASPLANET-44","s":53.86,"m":1519.23,"gd":89.77,"wic":{},"woc":{},"wgc":{},"sig":[{"t":"0-2","s":"","d":{"X":-0.79,"Y":-0.08}},{"t":"1-3","s":"","d":{"X":-0.64,"Y":0.24}},{"t":"3-1","s":"","d":{"X":0.4,"Y":0.78}},{"t":"6-2","s":"","d":{"X":0.38,"Y":-0.21}},{"t":"7-2","s":"","d":{"X":-0.37,"Y":-0.22}},{"t":"7-3","s":"","d":{"X":0.1,"Y":-0.49}},{"t":"8-1","s":"","d":{"X":0.18,"Y":0.5}},{"t":"10-1","s":"","d":{"X":0.26,"Y":-0.83}},{"t":"11-1","s":"","d":{"X":0.73,"Y":0.24}}],"clr":{"R":254,"G":233,"B":252,"A":255}},"FH1-082-0":{"pid":"FH1-082","orb":1076.99,"per":17.94,"ang":95.75,"t":"ASTEROID","sp":"ASTEROID-5","s":23.04,"m":169.87,"gd":38.4,"wic":{},"woc":{},"wgc":{},"emm":[{"Type":"1","MainRange":64,"MainValue":0.25,"FarRange":181}],"sig":[{"t":"9-1","s":"","d":{"X":-0.74,"Y":0.3}},{"t":"X1","s":"","d":{"X":-0.818,"Y":-0.447}}],"clr":{"R":246,"G":230,"B":221,"A":255}},"FH1-082-1":{"pid":"FH1-082","orb":1213.93,"per":20.23,"ang":335.29,"t":"ASTEROID","sp":"ASTEROID-1","s":13.86,"m":36.98,"gd":23.1,"wic":{},"woc":{},"wgc":{},"emm":[{"Type":"1","MainRange":51,"MainValue":0.18,"FarRange":108}],"sig":[{"t":"9-1","s":"","d":{"X":-0.39,"Y":0.48}},{"t":"X1","s":"","d":{"X":0.274,"Y":0.118}}],"clr":{"R":235,"G":200,"B":187,"A":255}},"FH1-082-10":{"pid":"FH1-082","orb":862.59,"per":14.37,"ang":9.91,"t":"ASTEROID","sp":"ASTEROID-2","s":22.31,"m":154.4,"gd":37.19,"wic":{},"woc":{},"wgc":{},"emm":[{"Type":"1","MainRange":47,"MainValue":0.15,"FarRange":192}],"sig":[{"t":"9-1","s":"","d":{"X":-0.51,"Y":0.8}},{"t":"X1","s":"","d":{"X":0.209,"Y":-0.898}}],"clr":{"R":249,"G":235,"B":254,"A":255}},"FH1-082-11":{"pid":"FH1-082","orb":982.29,"per":16.37,"ang":135.36,"t":"ASTEROID","sp":"ASTEROID-3","s":21.92,"m":146.34,"gd":36.53,"wic":{},"woc":{},"wgc":{},"emm":[{"Type":"1","MainRange":62,"MainValue":0.26,"FarRange":151}],"sig":[{"t":"9-1","s":"","d":{"X":-0.58,"Y":0.57}},{"t":"X1","s":"","d":{"X":-0.494,"Y":0.245}}],"clr":{"R":223,"G":236,"B":250,"A":255}},"FH1-082-12":{"pid":"FH1-082","orb":1136.49,"per":18.94,"ang":309.05,"t":"ASTEROID","sp":"ASTEROID-4","s":18.2,"m":83.81,"gd":30.34,"wic":{},"woc":{},"wgc":{},"emm":[{"Type":"1","MainRange":42,"MainValue":0.25,"FarRange":177}],"sig":[{"t":"9-1","s":"","d":{"X":0.57,"Y":-0.4}},{"t":"X1","s":"","d":{"X":-0.666,"Y":0.484}}],"clr":{"R":245,"G":169,"B":170,"A":255}},"FH1-082-13":{"pid":"FH1-082","orb":1298.09,"per":21.63,"ang":165.65,"t":"ASTEROID","sp":"ASTEROID-1","s":11.58,"m":21.6,"gd":19.31,"wic":{},"woc":{},"wgc":{},"emm":[{"Type":"1","MainRange":39,"MainValue":0.2,"FarRange":110}],"sig":[{"t":"9-1","s":"","d":{"X":0.98,"Y":0.14}},{"t":"X1","s":"","d":{"X":-0.603,"Y":-0.326}}],"clr":{"R":254,"G":253,"B":250,"A":255}},"FH1-082-14":{"pid":"FH1-082","orb":812.02,"per":13.53,"ang":9.57,"t":"ASTEROID","sp":"ASTEROID-4","s":27.26,"m":281.37,"gd":45.43,"wic":{},"woc":{},"wgc":{},"emm":[{"Type":"1","MainRange":48,"MainValue":0.2,"FarRange":113}],"sig":[{"t":"9-1","s":"","d":{"X":-0.21,"Y":-0.76}},{"t":"X1","s":"","d":{"X":0.281,"Y":0.769}}],"clr":{"R":212,"G":210,"B":240,"A":255}},"FH1-082-15":{"pid":"FH1-082","orb":1156.41,"per":19.27,"ang":97.56,"t":"ASTEROID","sp":"ASTEROID-2","s":29.76,"m":366.13,"gd":49.6,"wic":{},"woc":{},"wgc":{},"emm":[{"Type":"1","MainRange":62,"MainValue":0.14,"FarRange":86},{"Type":"2","MainRange":54,"MainValue":0.26,"FarRange":97}],"sig":[{"t":"9-1","s":"","d":{"X":-0.49,"Y":0.37}},{"t":"X1","s":"","d":{"X":-0.688,"Y":0.108}},{"t":"X2","s":"","d":{"X":-0.26,"Y":0.347}}],"clr":{"R":249,"G":229,"B":220,"A":255}},"FH1-082-16":{"pid":"FH1-082","orb":1128.7,"per":18.81,"ang":10.23,"t":"ASTEROID","sp":"ASTEROID-3","s":15.45,"m":51.29,"gd":25.76,"wic":{},"woc":{},"wgc":{},"emm":[{"Type":"1","MainRange":37,"MainValue":0.31,"FarRange":112}],"sig":[{"t":"9-1","s":"","d":{"X":0.77,"Y":0.57}},{"t":"X1","s":"","d":{"X":0.255,"Y":0.444}}],"clr":{"R":241,"G":239,"B":182,"A":255}},"FH1-082-17":{"pid":"FH1-082","orb":854.39,"per":14.23,"ang":299.26,"t":"ASTEROID","sp":"ASTEROID-2","s":18.67,"m":90.42,"gd":31.12,"wic":{},"woc":{},"wgc":{},"emm":[{"Type":"1","MainRange":32,"MainValue":0.25,"FarRange":113}],"sig":[{"t":"9-1","s":"","d":{"X":-0.53,"Y":-0.29}},{"t":"X1","s":"","d":{"X":-0.273,"Y":0.663}}],"clr":{"R":254,"G":252,"B":254,"A":255}},"FH1-082-18":{"pid":"FH1-082","orb":1010.86,"per":16.84,"ang":288.3,"t":"ASTEROID","sp":"ASTEROID-2","s":20.77,"m":124.55,"gd":34.62,"wic":{},"woc":{},"wgc":{},"emm":[{"Type":"1","MainRange":44,"MainValue":0.18,"FarRange":131}],"sig":[{"t":"9-1","s":"","d":{"X":0.17,"Y":0.33}},{"t":"X1","s":"","d":{"X":-0.15,"Y":0.546}}],"clr":{"R":208,"G":207,"B":241,"A":255}},"FH1-082-19":{"pid":"FH1-082","orb":1052.26,"per":17.53,"ang":302.87,"t":"ASTEROID","sp":"ASTEROID-2","s":22.81,"m":165,"gd":38.02,"wic":{},"woc":{},"wgc":{},"emm":[{"Type":"1","MainRange":50,"MainValue":0.28,"FarRange":189}],"sig":[{"t":"9-1","s":"","d":{"X":-0.72,"Y":-0.65}},{"t":"X1","s":"","d":{"X":-0.655,"Y":-0.044}}],"clr":{"R":254,"G":231,"B":241,"A":255}},"FH1-082-2":{"pid":"FH1-082","orb":932.9,"per":15.54,"ang":110.64,"t":"ASTEROID","sp":"ASTEROID-3","s":27.92,"m":302.3,"gd":46.53,"wic":{},"woc":{},"wgc":{},"emm":[{"Type":"1","MainRange":58,"MainValue":0.27,"FarRange":155}],"sig":[{"t":"9-1","s":"","d":{"X":0.31,"Y":-0.64}},{"t":"X1","s":"","d":{"X":-0.593,"Y":0.076}}],"clr":{"R":245,"G":219,"B":227,"A":255}},"FH1-082-20":{"pid":"FH1-082","orb":1275.63,"per":21.26,"ang":290.1,"t":"ASTEROID","sp":"ASTEROID-3","s":19.1,"m":96.79,"gd":31.83,"wic":{},"woc":{},"wgc":{},"emm":[{"Type":"1","MainRange":42,"MainValue":0.18,"FarRange":142},{"Type":"5","MainRange":53,"MainValue":0.13,"FarRange":236},{"Type":"19","MainRange":44,"MainValue":0.11,"FarRange":146},{"Type":"10","MainRange":29,"MainValue":0.26,"FarRange":113},{"Type":"24","MainRange":40,"MainValue":0.22,"FarRange":265}],"sig":[{"t":"9-1","s":"","d":{"X":0.33,"Y":0.16}},{"t":"X1","s":"","d":{"X":-0.489,"Y":0.225}},{"t":"X5","s":"","d":{"X":-0.117,"Y":-0.688}},{"t":"X19","s":"","d":{"X":-0.605,"Y":0.444}},{"t":"X10","s":"","d":{"X":-0.055,"Y":-0.893}},{"t":"X24","s":"","d":{"X":-0.847,"Y":-0.195}}],"clr":{"R":190,"G":210,"B":234,"A":255}},"FH1-082-21":{"pid":"FH1-082","orb":939.16,"per":15.65,"ang":47.93,"t":"ASTEROID","sp":"ASTEROID-5","s":19.3,"m":99.92,"gd":32.17,"wic":{},"woc":{},"wgc":{},"emm":[{"Type":"1","MainRange":30,"MainValue":0.22,"FarRange":137},{"Type":"19","MainRange":73,"MainValue":0.17,"FarRange":132}],"sig":[{"t":"9-1","s":"","d":{"X":-0.69,"Y":0.08}},{"t":"X1","s":"","d":{"X":-0.603,"Y":-0.526}},{"t":"X19","s":"","d":{"X":-0.726,"Y":-0.278}}],"clr":{"R":214,"G":236,"B":245,"A":255}},"FH1-082-22":{"pid":"FH1-082","orb":1165.31,"per":19.42,"ang":231.67,"t":"ASTEROID","sp":"ASTEROID-1","s":24.17,"m":196.2,"gd":40.29,"wic":{},"woc":{},"wgc":{},"emm":[{"Type":"1","MainRange":29,"MainValue":0.15,"FarRange":114}],"sig":[{"t":"9-1","s":"","d":{"X":0.28,"Y":0.12}},{"t":"X1","s":"","d":{"X":0.183,"Y":0.91}}],"clr":{"R":231,"G":254,"B":229,"A":255}},"FH1-082-23":{"pid":"FH1-082","orb":1055.82,"per":17.59,"ang":236.11,"t":"ASTEROID","sp":"ASTEROID-4","s":19.81,"m":108.1,"gd":33.03,"wic":{},"woc":{},"wgc":{},"emm":[{"Type":"1","MainRange":55,"MainValue":0.23,"FarRange":84}],"sig":[{"t":"9-1","s":"","d":{"X":0.66,"Y":-0.02}},{"t":"X1","s":"","d":{"X":-0.038,"Y":0.585}}],"clr":{"R":173,"G":238,"B":251,"A":255}},"FH1-082-24":{"pid":"FH1-082","orb":1077.83,"per":17.96,"ang":284.81,"t":"ASTEROID","sp":"ASTEROID-2","s":23.7,"m":185.06,"gd":39.51,"wic":{},"woc":{},"wgc":{},"emm":[{"Type":"1","MainRange":34,"MainValue":0.18,"FarRange":201}],"sig":[{"t":"9-1","s":"","d":{"X":0.49,"Y":0.65}},{"t":"X1","s":"","d":{"X":0.349,"Y":-0.454}}],"clr":{"R":194,"G":245,"B":166,"A":255}},"FH1-082-25":{"pid":"FH1-082","orb":1053.75,"per":17.56,"ang":278.62,"t":"ASTEROID","sp":"ASTEROID-4","s":19.59,"m":104.48,"gd":32.65,"wic":{},"woc":{},"wgc":{},"emm":[{"Type":"1","MainRange":76,"MainValue":0.12,"FarRange":213}],"sig":[{"t":"9-1","s":"","d":{"X":-0.85,"Y":0.16}},{"t":"X1","s":"","d":{"X":0.477,"Y":0.017}}],"clr":{"R":200,"G":216,"B":247,"A":255}},"FH1-082-26":{"pid":"FH1-082","orb":889.86,"per":14.83,"ang":250.85,"t":"ASTEROID","sp":"ASTEROID-5","s":20.46,"m":119.04,"gd":34.1,"wic":{},"woc":{},"wgc":{},"emm":[{"Type":"1","MainRange":45,"MainValue":0.21,"FarRange":156}],"sig":[{"t":"9-1","s":"","d":{"X":-0.93,"Y":-0.05}},{"t":"X1","s":"","d":{"X":0.306,"Y":-0.942}}],"clr":{"R":242,"G":245,"B":170,"A":255}},"FH1-082-27":{"pid":"FH1-082","orb":1044.2,"per":17.4,"ang":323.54,"t":"ASTEROID","sp":"ASTEROID-3","s":16.77,"m":65.52,"gd":27.95,"wic":{},"woc":{},"wgc":{},"emm":[{"Type":"1","MainRange":51,"MainValue":0.32,"FarRange":146}],"sig":[{"t":"9-1","s":"","d":{"X":-0.42,"Y":0.89}},{"t":"X1","s":"","d":{"X":-0.386,"Y":0.08}}],"clr":{"R":235,"G":239,"B":181,"A":255}},"FH1-082-28":{"pid":"FH1-082","orb":1017.2,"per":16.95,"ang":209.27,"t":"ASTEROID","sp":"ASTEROID-4","s":11.67,"m":22.09,"gd":19.45,"wic":{},"woc":{},"wgc":{},"emm":[{"Type":"1","MainRange":49,"MainValue":0.2,"FarRange":150}],"sig":[{"t":"9-1","s":"","d":{"X":0.25,"Y":-0.89}},{"t":"X1","s":"","d":{"X":-0.742,"Y":0.63}}],"clr":{"R":245,"G":253,"B":244,"A":255}},"FH1-082-29":{"pid":"FH1-082","orb":1116.27,"per":18.6,"ang":10.61,"t":"ASTEROID","sp":"ASTEROID-1","s":29.31,"m":350.01,"gd":48.86,"wic":{},"woc":{},"wgc":{},"emm":[{"Type":"1","MainRange":52,"MainValue":0.13,"FarRange":148}],"sig":[{"t":"9-1","s":"","d":{"X":-0.33,"Y":0.82}},{"t":"X1","s":"","d":{"X":0.787,"Y":0.243}}],"clr":{"R":250,"G":254,"B":229,"A":255}},"FH1-082-3":{"pid":"FH1-082","orb":1031.56,"per":17.19,"ang":245.79,"t":"ASTEROID","sp":"ASTEROID-4","s":32.04,"m":457,"gd":53.4,"wic":{},"woc":{},"wgc":{},"emm":[{"Type":"1","MainRange":57,"MainValue":0.21,"FarRange":149},{"Type":"25","MainRange":68,"MainValue":0.14,"FarRange":216}],"sig":[{"t":"9-1","s":"","d":{"X":0.84,"Y":0.31}},{"t":"X1","s":"","d":{"X":-0.25,"Y":-0.297}},{"t":"X25","s":"","d":{"X":0.294,"Y":-0.909}}],"clr":{"R":248,"G":254,"B":246,"A":255}},"FH1-082-30":{"pid":"FH1-082","orb":1146.69,"per":19.11,"ang":99.11,"t":"ASTEROID","sp":"ASTEROID-5","s":13.62,"m":35.09,"gd":22.7,"wic":{},"woc":{},"wgc":{},"emm":[{"Type":"1","MainRange":58,"MainValue":0.16,"FarRange":141}],"sig":[{"t":"9-1","s":"","d":{"X":0.57,"Y":0.7}},{"t":"X1","s":"","d":{"X":0.194,"Y":0.25}}],"clr":{"R":169,"G":226,"B":254,"A":255}},"FH1-082-31":{"pid":"FH1-082","orb":940.52,"per":15.67,"ang":33.86,"t":"ASTEROID","sp":"ASTEROID-5","s":25.38,"m":227.26,"gd":42.31,"wic":{},"woc":{},"wgc":{},"emm":[{"Type":"1","MainRange":78,"MainValue":0.25,"FarRange":136}],"sig":[{"t":"9-1","s":"","d":{"X":-0.57,"Y":0.64}},{"t":"X1","s":"","d":{"X":-0.625,"Y":0.47}}],"clr":{"R":215,"G":247,"B":232,"A":255}},"FH1-082-32":{"pid":"FH1-082","orb":1071.98,"per":17.86,"ang":7.05,"t":"ASTEROID","sp":"ASTEROID-3","s":10.83,"m":17.67,"gd":18.06,"wic":{},"woc":{},"wgc":{},"emm":[{"Type":"1","MainRange":42,"MainValue":0.26,"FarRange":55}],"sig":[{"t":"9-1","s":"","d":{"X":-0.31,"Y":-0.8}},{"t":"X1","s":"","d":{"X":0.278,"Y":-0.334}}],"clr":{"R":245,"G":206,"B":243,"A":255}},"FH1-082-33":{"pid":"FH1-082","orb":1153.37,"per":19.22,"ang":82.7,"t":"ASTEROID","sp":"ASTEROID-2","s":34.34,"m":562.52,"gd":57.23,"wic":{},"woc":{},"wgc":{},"emm":[{"Type":"1","MainRange":49,"MainValue":0.11,"FarRange":149}],"sig":[{"t":"9-1","s":"","d":{"X":0.72,"Y":-0.31}},{"t":"X1","s":"","d":{"X":0.368,"Y":0.136}}],"clr":{"R":239,"G":249,"B":238,"A":255}},"FH1-082-34":{"pid":"FH1-082","orb":1108.08,"per":18.46,"ang":86.94,"t":"ASTEROID","sp":"ASTEROID-2","s":13.7,"m":35.75,"gd":22.84,"wic":{},"woc":{},"wgc":{},"emm":[{"Type":"1","MainRange":53,"MainValue":0.12,"FarRange":160}],"sig":[{"t":"9-1","s":"","d":{"X":-0.05,"Y":0.72}},{"t":"X1","s":"","d":{"X":-0.371,"Y":-0.284}}],"clr":{"R":248,"G":229,"B":237,"A":255}},"FH1-082-35":{"pid":"FH1-082","orb":1032.4,"per":17.2,"ang":49.16,"t":"ASTEROID","sp":"ASTEROID-3","s":22.45,"m":157.17,"gd":37.41,"wic":{},"woc":{},"wgc":{},"emm":[{"Type":"1","MainRange":13.5,"MainValue":0.2,"FarRange":15}],"sig":[{"t":"9-1","s":"","d":{"X":0.78,"Y":-0.34}},{"t":"X1","s":"","d":{"X":0.38,"Y":-0.886}}],"clr":{"R":219,"G":243,"B":254,"A":255}},"FH1-082-36":{"pid":"FH1-082","orb":1076.25,"per":17.93,"ang":177.01,"t":"ASTEROID","sp":"ASTEROID-5","s":27.5,"m":288.91,"gd":45.83,"wic":{},"woc":{},"wgc":{},"emm":[{"Type":"1","MainRange":61,"MainValue":0.16,"FarRange":155}],"sig":[{"t":"9-1","s":"","d":{"X":0.47,"Y":0.01}},{"t":"X1","s":"","d":{"X":0.457,"Y":0.878}}],"clr":{"R":219,"G":205,"B":253,"A":255}},"FH1-082-37":{"pid":"FH1-082","orb":1072.22,"per":17.87,"ang":128.2,"t":"ASTEROID","sp":"ASTEROID-3","s":23.11,"m":171.62,"gd":38.53,"wic":{},"woc":{},"wgc":{},"emm":[{"Type":"1","MainRange":80,"MainValue":0.27,"FarRange":119}],"sig":[{"t":"9-1","s":"","d":{"X":0.01,"Y":0.17}},{"t":"X1","s":"","d":{"X":-0.515,"Y":-0.635}}],"clr":{"R":254,"G":249,"B":227,"A":255}},"FH1-082-38":{"pid":"FH1-082","orb":1097.83,"per":18.29,"ang":358.81,"t":"ASTEROID","sp":"ASTEROID-1","s":12.34,"m":26.11,"gd":20.56,"wic":{},"woc":{},"wgc":{},"emm":[{"Type":"1","MainRange":32,"MainValue":0.23,"FarRange":119}],"sig":[{"t":"9-1","s":"","d":{"X":0.21,"Y":0.09}},{"t":"X1","s":"","d":{"X":-0.606,"Y":-0.762}}],"clr":{"R":239,"G":251,"B":214,"A":255}},"FH1-082-39":{"pid":"FH1-082","orb":1010.8,"per":16.84,"ang":14.07,"t":"ASTEROID","sp":"ASTEROID-3","s":25.75,"m":237.14,"gd":42.91,"wic":{},"woc":{},"wgc":{},"emm":[{"Type":"1","MainRange":50,"MainValue":0.18,"FarRange":132}],"sig":[{"t":"9-1","s":"","d":{"X":-0.24,"Y":0.18}},{"t":"X1","s":"","d":{"X":-0.145,"Y":0.128}}],"clr":{"R":241,"G":225,"B":190,"A":255}},"FH1-082-4":{"pid":"FH1-082","orb":1009.91,"per":16.83,"ang":347.76,"t":"ASTEROID","sp":"ASTEROID-1","s":22.68,"m":162.23,"gd":37.81,"wic":{},"woc":{},"wgc":{},"emm":[{"Type":"1","MainRange":44,"MainValue":0.15,"FarRange":179}],"sig":[{"t":"9-1","s":"","d":{"X":-0.93,"Y":0.09}},{"t":"X1","s":"","d":{"X":0.217,"Y":0.187}}],"clr":{"R":246,"G":254,"B":252,"A":255}},"FH1-082-40":{"pid":"FH1-082","orb":1117.31,"per":18.62,"ang":39.36,"t":"ASTEROID","sp":"ASTEROID-3","s":17.81,"m":78.48,"gd":29.68,"wic":{},"woc":{},"wgc":{},"emm":[{"Type":"1","MainRange":62,"MainValue":0.22,"FarRange":203}],"sig":[{"t":"9-1","s":"","d":{"X":0.42,"Y":-0.36}},{"t":"X1","s":"","d":{"X":0.986,"Y":-0.128}}],"clr":{"R":198,"G":216,"B":237,"A":255}},"FH1-082-41":{"pid":"FH1-082","orb":929.46,"per":15.49,"ang":114.64,"t":"ASTEROID","sp":"ASTEROID-1","s":24.56,"m":205.99,"gd":40.94,"wic":{},"woc":{},"wgc":{},"emm":[{"Type":"1","MainRange":38,"MainValue":0.19,"FarRange":172}],"sig":[{"t":"9-1","s":"","d":{"X":0.34,"Y":-0.79}},{"t":"X1","s":"","d":{"X":0.169,"Y":-0.778}}],"clr":{"R":241,"G":254,"B":233,"A":255}},"FH1-082-42":{"pid":"FH1-082","orb":1106.8,"per":18.44,"ang":246.99,"t":"ASTEROID","sp":"ASTEROID-3","s":18.19,"m":83.63,"gd":30.32,"wic":{},"woc":{},"wgc":{},"emm":[{"Type":"1","MainRange":32,"MainValue":0.24,"FarRange":192}],"sig":[{"t":"9-1","s":"","d":{"X":0.72,"Y":0.52}},{"t":"X1","s":"","d":{"X":0.695,"Y":-0.189}}],"clr":{"R":179,"G":242,"B":190,"A":255}},"FH1-082-43":{"pid":"FH1-082","orb":1170.59,"per":19.5,"ang":51.6,"t":"ASTEROID","sp":"ASTEROID-3","s":26.05,"m":245.55,"gd":43.41,"wic":{},"woc":{},"wgc":{},"emm":[{"Type":"1","MainRange":30,"MainValue":0.13,"FarRange":192},{"Type":"17","MainRange":70,"MainValue":0.25,"FarRange":208}],"sig":[{"t":"9-1","s":"","d":{"X":0.68,"Y":-0.48}},{"t":"X1","s":"","d":{"X":-0.665,"Y":0.61}},{"t":"X17","s":"","d":{"X":0.137,"Y":0.232}}],"clr":{"R":247,"G":231,"B":203,"A":255}},"FH1-082-44":{"pid":"FH1-082","orb":1147.62,"per":19.12,"ang":135.8,"t":"ASTEROID","sp":"ASTEROID-5","s":17.58,"m":75.57,"gd":29.31,"wic":{},"woc":{},"wgc":{},"emm":[{"Type":"1","MainRange":46,"MainValue":0.25,"FarRange":190}],"sig":[{"t":"9-1","s":"","d":{"X":0.12,"Y":0.03}},{"t":"X1","s":"","d":{"X":-0.73,"Y":-0.297}}],"clr":{"R":222,"G":214,"B":245,"A":255}},"FH1-082-45":{"pid":"FH1-082","orb":969.15,"per":16.15,"ang":303.9,"t":"ASTEROID","sp":"ASTEROID-3","s":25.12,"m":220.29,"gd":41.87,"wic":{},"woc":{},"wgc":{},"emm":[{"Type":"1","MainRange":37,"MainValue":0.21,"FarRange":118}],"sig":[{"t":"9-1","s":"","d":{"X":-0.46,"Y":0.27}},{"t":"X1","s":"","d":{"X":-0.871,"Y":0.438}}],"clr":{"R":202,"G":233,"B":182,"A":255}},"FH1-082-5":{"pid":"FH1-082","orb":1038.39,"per":17.3,"ang":49.78,"t":"ASTEROID","sp":"ASTEROID-4","s":18.47,"m":87.63,"gd":30.79,"wic":{},"woc":{},"wgc":{},"emm":[{"Type":"1","MainRange":76,"MainValue":0.18,"FarRange":168}],"sig":[{"t":"9-1","s":"","d":{"X":-0.14,"Y":0.12}},{"t":"X1","s":"","d":{"X":0.955,"Y":-0.023}}],"clr":{"R":242,"G":191,"B":201,"A":255}},"FH1-082-6":{"pid":"FH1-082","orb":1128.98,"per":18.81,"ang":173.23,"t":"ASTEROID","sp":"ASTEROID-5","s":13.67,"m":35.51,"gd":22.79,"wic":{},"woc":{},"wgc":{},"emm":[{"Type":"1","MainRange":50,"MainValue":0.15,"FarRange":65}],"sig":[{"t":"9-1","s":"","d":{"X":0.66,"Y":-0.21}},{"t":"X1","s":"","d":{"X":-0.335,"Y":0.453}}],"clr":{"R":251,"G":254,"B":252,"A":255}},"FH1-082-7":{"pid":"FH1-082","orb":1115.26,"per":18.58,"ang":274.01,"t":"ASTEROID","sp":"ASTEROID-2","s":12.43,"m":26.67,"gd":20.71,"wic":{},"woc":{},"wgc":{},"emm":[{"Type":"1","MainRange":58,"MainValue":0.2,"FarRange":166}],"sig":[{"t":"9-1","s":"","d":{"X":0.26,"Y":0.46}},{"t":"X1","s":"","d":{"X":0.148,"Y":0.405}}],"clr":{"R":222,"G":252,"B":239,"A":255}},"FH1-082-8":{"pid":"FH1-082","orb":1253.7,"per":20.89,"ang":127.37,"t":"ASTEROID","sp":"ASTEROID-2","s":14.82,"m":45.21,"gd":24.7,"wic":{},"woc":{},"wgc":{},"emm":[{"Type":"1","MainRange":44,"MainValue":0.16,"FarRange":122}],"sig":[{"t":"9-1","s":"","d":{"X":0.42,"Y":-0.36}},{"t":"X1","s":"","d":{"X":0.422,"Y":0.144}}],"clr":{"R":221,"G":252,"B":236,"A":255}},"FH1-082-9":{"pid":"FH1-082","orb":937.66,"per":15.62,"ang":138.94,"t":"ASTEROID","sp":"ASTEROID-3","s":14.22,"m":39.97,"gd":23.7,"wic":{},"woc":{},"wgc":{},"emm":[{"Type":"1","MainRange":31,"MainValue":0.28,"FarRange":171}],"sig":[{"t":"9-1","s":"","d":{"X":-0.41,"Y":-0.2}},{"t":"X1","s":"","d":{"X":-0.214,"Y":-0.251}}],"clr":{"R":254,"G":212,"B":233,"A":255}},"FH1-103":{"pid":"FH1-S","orb":4254.47,"per":70.9,"t":"GASPLANET","sp":"GASPLANET-3","s":150.07,"m":32860.56,"gd":250.12,"wic":{},"woc":{},"wgc":{},"sig":[{"t":"0-2","s":"","d":{"X":0.59,"Y":-0.65}},{"t":"1-3","s":"","d":{"X":-0.13,"Y":0.58}},{"t":"3-1","s":"","d":{"X":0.3,"Y":0.57}},{"t":"6-3","s":"","d":{"X":-0.71,"Y":0.27}},{"t":"7-2","s":"","d":{"X":0.81,"Y":-0.12}},{"t":"7-3","s":"","d":{"X":-0.65,"Y":0.34}},{"t":"8-1","s":"","d":{"X":-0.35,"Y":-0.53}},{"t":"10-1","s":"","d":{"X":0.1,"Y":0.42}},{"t":"11-1","s":"","d":{"X":0.83,"Y":-0.23}}],"clr":{"R":212,"G":251,"B":235,"A":255}},"FH1-691":{"pid":"FH1-S","orb":2728.65,"per":45.47,"t":"GASPLANET","sp":"GASPLANET-33","s":266.32,"m":183658.41,"gd":443.87,"wic":{},"woc":{},"wgc":{},"sig":[{"t":"0-2","s":"","d":{"X":-0.24,"Y":-0.9}},{"t":"1-3","s":"","d":{"X":0.15,"Y":-0.4}},{"t":"3-1","s":"","d":{"X":-0.35,"Y":-0.79}},{"t":"6-2","s":"","d":{"X":-0.48,"Y":0.68}},{"t":"7-2","s":"","d":{"X":0.14,"Y":-0.9}},{"t":"7-3","s":"","d":{"X":0.24,"Y":-0.41}},{"t":"8-1","s":"","d":{"X":0.77,"Y":0.27}},{"t":"10-1","s":"","d":{"X":0.52,"Y":0.35}},{"t":"11-1","s":"","d":{"X":0.38,"Y":-0.07}}],"clr":{"R":249,"G":231,"B":160,"A":255}},"FH1-S":{"t":"STAR","sp":"STAR-10","s":301.29,"m":1519574.72,"gd":1004.33,"wic":{},"woc":{},"wgc":{},"emm":[{"Type":"2","MainRange":1327,"MainValue":6.67,"FarRange":3793}],"sig":[{"t":"X2","s":"","d":{"X":0.551,"Y":0.153}}],"clr":{"R":202,"G":250,"B":228,"A":255}}}}