{"SpawnDistance":32086.197000000004,"Points":{"IS2-1-0":{"pid":"IS2-sv","orb":7516.48,"per":38.5,"ang":246.02,"t":"ASTEROID","sp":"ASTEROID-3","s":21.24,"m":133.21,"gd":35.41,"wic":{},"woc":{},"wgc":{},"emm":[{"Type":"1","MainRange":41,"MainValue":0.05,"FarRange":189}],"sig":[{"t":"9-1","s":"","d":{"X":-0.73,"Y":-0.05}},{"t":"9-2","s":"","d":{"X":0.62,"Y":-0.57}},{"t":"X1","s":"","d":{"X":0.071,"Y":0.939}}],"clr":{"R":254,"G":245,"B":253,"A":255}},"IS2-1-1":{"pid":"IS2-sv","orb":6828.34,"per":34.98,"ang":44.83,"t":"ASTEROID","sp":"ASTEROID-4","s":16.16,"m":58.69,"gd":26.94,"wic":{},"woc":{},"wgc":{},"emm":[{"Type":"1","MainRange":37,"MainValue":0.17,"FarRange":140}],"sig":[{"t":"9-1","s":"","d":{"X":-0.3,"Y":0.25}},{"t":"9-2","s":"","d":{"X":-0.7,"Y":-0.35}},{"t":"X1","s":"","d":{"X":0.126,"Y":-0.291}}],"clr":{"R":250,"G":239,"B":245,"A":255}},"IS2-1-10":{"pid":"IS2-sv","orb":6466.29,"per":33.12,"ang":82.37,"t":"ASTEROID","sp":"ASTEROID-3","s":21.76,"m":143.19,"gd":36.27,"wic":{},"woc":{},"wgc":{},"emm":[{"Type":"1","MainRange":36,"MainValue":0.17,"FarRange":146}],"sig":[{"t":"9-1","s":"","d":{"X":-0.69,"Y":0.66}},{"t":"9-2","s":"","d":{"X":0.01,"Y":0.47}},{"t":"X1","s":"","d":{"X":-0.358,"Y":-0.457}}],"clr":{"R":249,"G":167,"B":254,"A":255}},"IS2-1-11":{"pid":"IS2-sv","orb":7125.91,"per":36.5,"ang":354.07,"t":"ASTEROID","sp":"ASTEROID-1","s":22.97,"m":168.37,"gd":38.28,"wic":{},"woc":{},"wgc":{},"emm":[{"Type":"1","MainRange":52,"MainValue":0.19,"FarRange":74}],"sig":[{"t":"9-1","s":"","d":{"X":0.1,"Y":-0.48}},{"t":"9-2","s":"","d":{"X":0.11,"Y":-0.32}},{"t":"X1","s":"","d":{"X":0.148,"Y":0.106}}],"clr":{"R":251,"G":248,"B":243,"A":255}},"IS2-1-12":{"pid":"IS2-sv","orb":6022.73,"per":30.85,"ang":333.34,"t":"ASTEROID","sp":"ASTEROID-1","s":9.67,"m":12.59,"gd":16.13,"wic":{},"woc":{},"wgc":{},"emm":[{"Type":"1","MainRange":51,"MainValue":0.25,"FarRange":250}],"sig":[{"t":"9-1","s":"","d":{"X":-0.54,"Y":-0.53}},{"t":"9-2","s":"","d":{"X":0.38,"Y":0.17}},{"t":"X1","s":"","d":{"X":0.513,"Y":-0.617}}],"clr":{"R":223,"G":243,"B":212,"A":255}},"IS2-1-13":{"pid":"IS2-sv","orb":7211.1,"per":36.94,"ang":207.59,"t":"ASTEROID","sp":"ASTEROID-5","s":16.6,"m":63.53,"gd":27.66,"wic":{},"woc":{},"wgc":{},"emm":[{"Type":"1","MainRange":30,"MainValue":0.14,"FarRange":263}],"sig":[{"t":"9-1","s":"","d":{"X":0.52,"Y":0.78}},{"t":"9-2","s":"","d":{"X":0.54,"Y":0.07}},{"t":"X1","s":"","d":{"X":0.6,"Y":-0.096}}],"clr":{"R":249,"G":208,"B":221,"A":255}},"IS2-1-14":{"pid":"IS2-sv","orb":6765.4,"per":34.65,"ang":25.77,"t":"ASTEROID","sp":"ASTEROID-2","s":28.2,"m":311.58,"gd":47,"wic":{},"woc":{},"wgc":{},"emm":[{"Type":"1","MainRange":48,"MainValue":0.14,"FarRange":170}],"sig":[{"t":"9-1","s":"","d":{"X":0.5,"Y":0.29}},{"t":"9-2","s":"","d":{"X":-0.68,"Y":0.07}},{"t":"X1","s":"","d":{"X":-0.298,"Y":0.786}}],"clr":{"R":254,"G":253,"B":253,"A":255}},"IS2-1-15":{"pid":"IS2-sv","orb":6420.7,"per":32.89,"ang":72.21,"t":"ASTEROID","sp":"ASTEROID-3","s":28.68,"m":327.98,"gd":47.81,"wic":{},"woc":{},"wgc":{},"emm":[{"Type":"1","MainRange":37,"MainValue":0.17,"FarRange":147}],"sig":[{"t":"9-1","s":"","d":{"X":0.08}},{"t":"9-2","s":"","d":{"X":-0.01,"Y":-0.91}},{"t":"X1","s":"","d":{"X":0.436,"Y":0.432}}],"clr":{"R":253,"G":246,"B":250,"A":255}},"IS2-1-16":{"pid":"IS2-sv","orb":6494.99,"per":33.27,"ang":279.88,"t":"ASTEROID","sp":"ASTEROID-1","s":8.86,"m":9.67,"gd":14.77,"wic":{},"woc":{},"wgc":{},"emm":[{"Type":"1","MainRange":53,"MainValue":0.15,"FarRange":151},{"Type":"10","MainRange":48,"MainValue":0.15,"FarRange":172},{"Type":"14","MainRange":74,"MainValue":0.19,"FarRange":167},{"Type":"27","MainRange":55,"MainValue":0.29,"FarRange":215}],"sig":[{"t":"9-1","s":"","d":{"X":0.56,"Y":0.04}},{"t":"9-2","s":"","d":{"X":0.05,"Y":-0.8}},{"t":"X1","s":"","d":{"X":-0.936,"Y":-0.18}},{"t":"X10","s":"","d":{"X":-0.067,"Y":0.496}},{"t":"X14","s":"","d":{"X":-0.729,"Y":-0.296}},{"t":"X27","s":"","d":{"X":0.48,"Y":-0.195}}],"clr":{"R":207,"G":238,"B":244,"A":255}},"IS2-1-17":{"pid":"IS2-sv","orb":8163.44,"per":41.82,"ang":157.33,"t":"ASTEROID","sp":"ASTEROID-3","s":19.14,"m":97.38,"gd":31.9,"wic":{},"woc":{},"wgc":{},"emm":[{"Type":"1","MainRange":42,"MainValue":0.17,"FarRange":138}],"sig":[{"t":"9-1","s":"","d":{"X":-0.23,"Y":0.11}},{"t":"9-2","s":"","d":{"X":-0.47,"Y":-0.5}},{"t":"X1","s":"","d":{"X":0.003,"Y":0.975}}],"clr":{"R":190,"G":244,"B":222,"A":255}},"IS2-1-18":{"pid":"IS2-sv","orb":7014.58,"per":35.93,"ang":168.45,"t":"ASTEROID","sp":"ASTEROID-4","s":25.86,"m":240.39,"gd":43.11,"wic":{},"woc":{},"wgc":{},"emm":[{"Type":"1","MainRange":31,"MainValue":0.19,"FarRange":178}],"sig":[{"t":"9-1","s":"","d":{"X":-0.47,"Y":-0.18}},{"t":"9-2","s":"","d":{"X":0.77,"Y":0.33}},{"t":"X1","s":"","d":{"X":-0.183,"Y":-0.241}}],"clr":{"R":253,"G":240,"B":241,"A":255}},"IS2-1-19":{"pid":"IS2-sv","orb":6253.83,"per":32.03,"ang":161.12,"t":"ASTEROID","sp":"ASTEROID-4","s":17.82,"m":78.68,"gd":29.71,"wic":{},"woc":{},"wgc":{},"emm":[{"Type":"1","MainRange":67,"MainValue":0.3,"FarRange":114}],"sig":[{"t":"9-1","s":"","d":{"X":0.88,"Y":0.1}},{"t":"9-2","s":"","d":{"X":0.86,"Y":0.31}},{"t":"X1","s":"","d":{"X":0.173,"Y":0.074}}],"clr":{"R":198,"G":252,"B":243,"A":255}},"IS2-1-2":{"pid":"IS2-sv","orb":7728.96,"per":39.59,"ang":85.52,"t":"ASTEROID","sp":"ASTEROID-5","s":16.65,"m":64.17,"gd":27.75,"wic":{},"woc":{},"wgc":{},"emm":[{"Type":"1","MainRange":42,"MainValue":0.25,"FarRange":167}],"sig":[{"t":"9-1","s":"","d":{"X":-0.65,"Y":0.43}},{"t":"9-2","s":"","d":{"X":-0.76,"Y":-0.46}},{"t":"X1","s":"","d":{"X":-0.09,"Y":-0.475}}],"clr":{"R":244,"G":248,"B":164,"A":255}},"IS2-1-20":{"pid":"IS2-sv","orb":6564.79,"per":33.63,"ang":192.83,"t":"ASTEROID","sp":"ASTEROID-5","s":22.37,"m":155.47,"gd":37.28,"wic":{},"woc":{},"wgc":{},"emm":[{"Type":"1","MainRange":29,"MainValue":0.27,"FarRange":136}],"sig":[{"t":"9-1","s":"","d":{"X":0.95,"Y":-0.07}},{"t":"9-2","s":"","d":{"X":0.13,"Y":0.19}},{"t":"X1","s":"","d":{"X":-0.184,"Y":-0.742}}],"clr":{"R":248,"G":224,"B":216,"A":255}},"IS2-1-21":{"pid":"IS2-sv","orb":7883.26,"per":40.38,"ang":114.38,"t":"ASTEROID","sp":"ASTEROID-3","s":13.94,"m":37.64,"gd":23.23,"wic":{},"woc":{},"wgc":{},"emm":[{"Type":"1","MainRange":45,"MainValue":0.24,"FarRange":160}],"sig":[{"t":"9-1","s":"","d":{"X":0.87,"Y":-0.16}},{"t":"9-2","s":"","d":{"X":0.13,"Y":0.19}},{"t":"X1","s":"","d":{"X":-0.876,"Y":-0.23}}],"clr":{"R":190,"G":188,"B":248,"A":255}},"IS2-1-22":{"pid":"IS2-sv","orb":6825.53,"per":34.96,"ang":49.58,"t":"ASTEROID","sp":"ASTEROID-3","s":15.54,"m":52.16,"gd":25.9,"wic":{},"woc":{},"wgc":{},"emm":[{"Type":"1","MainRange":39,"MainValue":0.31,"FarRange":185}],"sig":[{"t":"9-1","s":"","d":{"X":-0.33,"Y":-0.21}},{"t":"9-2","s":"","d":{"X":0.24,"Y":-0.78}},{"t":"X1","s":"","d":{"X":0.833,"Y":-0.275}}],"clr":{"R":217,"G":244,"B":247,"A":255}},"IS2-1-23":{"pid":"IS2-sv","orb":7295.51,"per":37.37,"ang":272.75,"t":"ASTEROID","sp":"ASTEROID-4","s":18.23,"m":84.26,"gd":30.39,"wic":{},"woc":{},"wgc":{},"emm":[{"Type":"1","MainRange":39,"MainValue":0.19,"FarRange":113}],"sig":[{"t":"9-1","s":"","d":{"X":0.3,"Y":-0.13}},{"t":"9-2","s":"","d":{"X":-0.48,"Y":-0.26}},{"t":"X1","s":"","d":{"X":0.144,"Y":-0.568}}],"clr":{"R":231,"G":250,"B":235,"A":255}},"IS2-1-24":{"pid":"IS2-sv","orb":6388.89,"per":32.73,"ang":196.36,"t":"ASTEROID","sp":"ASTEROID-4","s":21.23,"m":133.05,"gd":35.39,"wic":{},"woc":{},"wgc":{},"emm":[{"Type":"1","MainRange":25,"MainValue":0.1,"FarRange":166}],"sig":[{"t":"9-1","s":"","d":{"X":0.8,"Y":-0.15}},{"t":"9-2","s":"","d":{"X":0.98,"Y":-0.03}},{"t":"X1","s":"","d":{"X":-0.843,"Y":-0.063}}],"clr":{"R":253,"G":254,"B":252,"A":255}},"IS2-1-25":{"pid":"IS2-sv","orb":7059.82,"per":36.16,"ang":359.39,"t":"ASTEROID","sp":"ASTEROID-4","s":16.17,"m":58.74,"gd":26.95,"wic":{},"woc":{},"wgc":{},"emm":[{"Type":"1","MainRange":66,"MainValue":0.2,"FarRange":127}],"sig":[{"t":"9-1","s":"","d":{"X":-0.56,"Y":-0.11}},{"t":"9-2","s":"","d":{"X":0.17,"Y":-0.69}},{"t":"X1","s":"","d":{"X":0.326,"Y":0.278}}],"clr":{"R":253,"G":229,"B":194,"A":255}},"IS2-1-26":{"pid":"IS2-sv","orb":6638.15,"per":34,"ang":309.33,"t":"ASTEROID","sp":"ASTEROID-4","s":32.42,"m":473.46,"gd":54.04,"wic":{},"woc":{},"wgc":{},"emm":[{"Type":"1","MainRange":43,"MainValue":0.29,"FarRange":206}],"sig":[{"t":"9-1","s":"","d":{"X":-0.72,"Y":-0.1}},{"t":"9-2","s":"","d":{"X":-0.87,"Y":0.34}},{"t":"X1","s":"","d":{"X":0.013,"Y":0.327}}],"clr":{"R":254,"G":237,"B":228,"A":255}},"IS2-1-27":{"pid":"IS2-sv","orb":6582.79,"per":33.72,"ang":200.32,"t":"ASTEROID","sp":"ASTEROID-5","s":19.91,"m":109.64,"gd":33.18,"wic":{},"woc":{},"wgc":{},"emm":[{"Type":"1","MainRange":35,"MainValue":0.1,"FarRange":173}],"sig":[{"t":"9-1","s":"","d":{"X":0.32,"Y":-0.65}},{"t":"9-2","s":"","d":{"X":-0.1,"Y":-0.16}},{"t":"X1","s":"","d":{"X":-0.964,"Y":0.19}}],"clr":{"R":205,"G":191,"B":242,"A":255}},"IS2-1-28":{"pid":"IS2-sv","orb":5968.5,"per":30.57,"ang":69.88,"t":"ASTEROID","sp":"ASTEROID-4","s":26.92,"m":271.09,"gd":44.87,"wic":{},"woc":{},"wgc":{},"emm":[{"Type":"1","MainRange":59,"MainValue":0.15,"FarRange":155},{"Type":"12","MainRange":41,"MainValue":0.11,"FarRange":198}],"sig":[{"t":"9-1","s":"","d":{"X":0.4,"Y":-0.61}},{"t":"9-2","s":"","d":{"X":-0.93,"Y":0.06}},{"t":"X1","s":"","d":{"X":-0.572,"Y":0.78}},{"t":"X12","s":"","d":{"X":0.026,"Y":0.629}}],"clr":{"R":203,"G":223,"B":247,"A":255}},"IS2-1-29":{"pid":"IS2-sv","orb":7554.06,"per":38.7,"ang":139.68,"t":"ASTEROID","sp":"ASTEROID-2","s":14.41,"m":41.62,"gd":24.02,"wic":{},"woc":{},"wgc":{},"emm":[{"Type":"1","MainRange":17,"MainValue":0.12,"FarRange":109}],"sig":[{"t":"9-1","s":"","d":{"X":0.14,"Y":0.74}},{"t":"9-2","s":"","d":{"X":0.28,"Y":-0.55}},{"t":"X1","s":"","d":{"X":0.21,"Y":0.504}}],"clr":{"R":248,"G":242,"B":228,"A":255}},"IS2-1-3":{"pid":"IS2-sv","orb":6316.11,"per":32.35,"ang":45.14,"t":"ASTEROID","sp":"ASTEROID-5","s":18.86,"m":93.19,"gd":31.43,"wic":{},"woc":{},"wgc":{},"emm":[{"Type":"1","MainRange":34,"MainValue":0.12,"FarRange":285}],"sig":[{"t":"9-1","s":"","d":{"X":0.36,"Y":0.55}},{"t":"9-2","s":"","d":{"X":0.12,"Y":0.87}},{"t":"X1","s":"","d":{"X":0.106,"Y":-0.032}}],"clr":{"R":250,"G":254,"B":254,"A":255}},"IS2-1-30":{"pid":"IS2-sv","orb":6463.76,"per":33.11,"ang":170.17,"t":"ASTEROID","sp":"ASTEROID-3","s":16.05,"m":57.52,"gd":26.76,"wic":{},"woc":{},"wgc":{},"emm":[{"Type":"1","MainRange":56,"MainValue":0.19,"FarRange":171}],"sig":[{"t":"9-1","s":"","d":{"X":-0.19,"Y":-0.08}},{"t":"9-2","s":"","d":{"X":0.49,"Y":-0.24}},{"t":"X1","s":"","d":{"X":0.502,"Y":-0.168}}],"clr":{"R":184,"G":249,"B":208,"A":255}},"IS2-1-31":{"pid":"IS2-sv","orb":6453.97,"per":33.06,"ang":306.45,"t":"ASTEROID","sp":"ASTEROID-1","s":20.18,"m":114.27,"gd":33.64,"wic":{},"woc":{},"wgc":{},"emm":[{"Type":"1","MainRange":65,"MainValue":0.24,"FarRange":179}],"sig":[{"t":"9-1","s":"","d":{"X":0.23,"Y":-0.59}},{"t":"9-2","s":"","d":{"X":0.12,"Y":-0.17}},{"t":"X1","s":"","d":{"X":-0.563,"Y":-0.776}}],"clr":{"R":248,"G":253,"B":252,"A":255}},"IS2-1-32":{"pid":"IS2-sv","orb":6328.6,"per":32.42,"ang":154.55,"t":"ASTEROID","sp":"ASTEROID-2","s":13.38,"m":33.28,"gd":22.3,"wic":{},"woc":{},"wgc":{},"emm":[{"Type":"1","MainRange":52,"MainValue":0.21,"FarRange":125}],"sig":[{"t":"9-1","s":"","d":{"X":0.81,"Y":-0.04}},{"t":"9-2","s":"","d":{"X":0.15,"Y":-0.08}},{"t":"X1","s":"","d":{"X":0.063,"Y":-0.398}}],"clr":{"R":231,"G":223,"B":250,"A":255}},"IS2-1-33":{"pid":"IS2-sv","orb":6491.37,"per":33.25,"ang":278.83,"t":"ASTEROID","sp":"ASTEROID-2","s":12.46,"m":26.89,"gd":20.77,"wic":{},"woc":{},"wgc":{},"emm":[{"Type":"1","MainRange":36,"MainValue":0.19,"FarRange":191}],"sig":[{"t":"9-1","s":"","d":{"X":-0.39,"Y":0.55}},{"t":"9-2","s":"","d":{"X":0.29,"Y":0.65}},{"t":"X1","s":"","d":{"X":-0.052,"Y":-0.928}}],"clr":{"R":248,"G":228,"B":252,"A":255}},"IS2-1-34":{"pid":"IS2-sv","orb":6294.04,"per":32.24,"ang":109.15,"t":"ASTEROID","sp":"ASTEROID-1","s":22.42,"m":156.56,"gd":37.37,"wic":{},"woc":{},"wgc":{},"emm":[{"Type":"1","MainRange":28,"MainValue":0.17,"FarRange":113}],"sig":[{"t":"9-1","s":"","d":{"X":-0.25,"Y":-0.35}},{"t":"9-2","s":"","d":{"X":-0.49,"Y":0.31}},{"t":"X1","s":"","d":{"X":0.904,"Y":0.284}}],"clr":{"R":237,"G":224,"B":201,"A":255}},"IS2-1-35":{"pid":"IS2-sv","orb":6256.06,"per":32.05,"ang":217.87,"t":"ASTEROID","sp":"ASTEROID-5","s":29.04,"m":340.33,"gd":48.4,"wic":{},"woc":{},"wgc":{},"emm":[{"Type":"1","MainRange":57,"MainValue":0.24,"FarRange":133}],"sig":[{"t":"9-1","s":"","d":{"X":-0.18,"Y":-0.2}},{"t":"9-2","s":"","d":{"X":-0.48,"Y":0.67}},{"t":"X1","s":"","d":{"X":-0.186,"Y":0.255}}],"clr":{"R":239,"G":247,"B":251,"A":255}},"IS2-1-4":{"pid":"IS2-sv","orb":5526.44,"per":28.31,"ang":67.08,"t":"ASTEROID","sp":"ASTEROID-1","s":18.57,"m":88.97,"gd":30.95,"wic":{},"woc":{},"wgc":{},"emm":[{"Type":"1","MainRange":53,"MainValue":0.15,"FarRange":197}],"sig":[{"t":"9-1","s":"","d":{"X":-0.22,"Y":-0.59}},{"t":"9-2","s":"","d":{"X":-0.58,"Y":-0.22}},{"t":"X1","s":"","d":{"X":-0.407,"Y":0.827}}],"clr":{"R":242,"G":220,"B":200,"A":255}},"IS2-1-5":{"pid":"IS2-sv","orb":7247.24,"per":37.12,"ang":264.84,"t":"ASTEROID","sp":"ASTEROID-5","s":21.45,"m":137.24,"gd":35.76,"wic":{},"woc":{},"wgc":{},"emm":[{"Type":"1","MainRange":20,"MainValue":0.08,"FarRange":78}],"sig":[{"t":"9-1","s":"","d":{"X":-0.9,"Y":-0.24}},{"t":"9-2","s":"","d":{"X":-0.87,"Y":-0.46}},{"t":"X1","s":"","d":{"X":0.297,"Y":0.306}}],"clr":{"R":248,"G":254,"B":251,"A":255}},"IS2-1-6":{"pid":"IS2-sv","orb":7082.71,"per":36.28,"ang":12.61,"t":"ASTEROID","sp":"ASTEROID-2","s":14.59,"m":43.18,"gd":24.32,"wic":{},"woc":{},"wgc":{},"emm":[{"Type":"1","MainRange":61,"MainValue":0.19,"FarRange":150}],"sig":[{"t":"9-1","s":"","d":{"X":0.67,"Y":0.23}},{"t":"9-2","s":"","d":{"X":0.13,"Y":-0.52}},{"t":"X1","s":"","d":{"X":0.717,"Y":0.022}}],"clr":{"R":216,"G":196,"B":251,"A":255}},"IS2-1-7":{"pid":"IS2-sv","orb":6943.24,"per":35.57,"ang":208.91,"t":"ASTEROID","sp":"ASTEROID-1","s":18.19,"m":83.71,"gd":30.33,"wic":{},"woc":{},"wgc":{},"emm":[{"Type":"1","MainRange":42,"MainValue":0.16,"FarRange":130}],"sig":[{"t":"9-1","s":"","d":{"Y":0.51}},{"t":"9-2","s":"","d":{"X":-0.09,"Y":0.17}},{"t":"X1","s":"","d":{"X":-0.498,"Y":0.677}}],"clr":{"R":240,"G":246,"B":177,"A":255}},"IS2-1-8":{"pid":"IS2-sv","orb":7839.64,"per":40.16,"ang":319.6,"t":"ASTEROID","sp":"ASTEROID-5","s":15.93,"m":56.24,"gd":26.56,"wic":{},"woc":{},"wgc":{},"emm":[{"Type":"1","MainRange":55,"MainValue":0.21,"FarRange":213}],"sig":[{"t":"9-1","s":"","d":{"X":-0.19,"Y":-0.41}},{"t":"9-2","s":"","d":{"X":0.7,"Y":-0.32}},{"t":"X1","s":"","d":{"X":-0.06,"Y":0.728}}],"clr":{"R":252,"G":246,"B":235,"A":255}},"IS2-1-9":{"pid":"IS2-sv","orb":6077.54,"per":31.13,"ang":294.93,"t":"ASTEROID","sp":"ASTEROID-4","s":19.98,"m":110.85,"gd":33.3,"wic":{},"woc":{},"wgc":{},"emm":[{"Type":"1","MainRange":62.1,"MainValue":0.15,"FarRange":69}],"sig":[{"t":"9-1","s":"","d":{"X":0.21,"Y":0.32}},{"t":"9-2","s":"","d":{"X":-0.13,"Y":-0.62}},{"t":"X1","s":"","d":{"X":-0.484,"Y":0.143}}],"clr":{"R":203,"G":180,"B":248,"A":255}},"IS2-192":{"pid":"IS2-sv","orb":20830.53,"per":106.71,"t":"HARDPLANET","sp":"HARDPLANET-7","s":9.03,"m":43.04,"gd":25.82,"wic":{},"woc":{},"wgc":{},"mi":[4],"sig":[{"t":"0-1","s":"","d":{"X":0.9,"Y":-0.27}},{"t":"1-1","s":"","d":{"X":-0.05,"Y":-0.73}},{"t":"3-2","s":"","d":{"X":0.9,"Y":-0.2}},{"t":"5-1","s":"","d":{"X":-0.3,"Y":0.66}},{"t":"6-3","s":"","d":{"X":-0.69,"Y":-0.36}},{"t":"7-4","s":"","d":{"X":-0.63,"Y":-0.3}},{"t":"9-1","s":"","d":{"X":0.15,"Y":-0.24}},{"t":"9-2","s":"","d":{"X":-0.82,"Y":0.15}},{"t":"10-1","s":"","d":{"X":0.61,"Y":-0.69}},{"t":"10-2","s":"","d":{"X":-0.31,"Y":-0.14}},{"t":"11-1","s":"","d":{"X":-0.03,"Y":-0.96}},{"t":"12-2","s":"","d":{"X":0.65,"Y":-0.02}},{"t":"13-1","s":"","d":{"X":-0.29,"Y":-0.4}},{"t":"13-2","s":"","d":{"X":0.14,"Y":-0.87}}],"clr":{"R":246,"G":251,"B":252,"A":255}},"IS2-2-0":{"pid":"IS2-sv","orb":14994.82,"per":76.82,"ang":132.25,"t":"ASTEROID","sp":"ASTEROID-4","s":29.03,"m":339.89,"gd":48.38,"wic":{},"woc":{},"wgc":{},"emm":[{"Type":"1","MainRange":46,"MainValue":0.29,"FarRange":215}],"sig":[{"t":"7-2","s":"","d":{"X":-0.02,"Y":-0.64}},{"t":"8-2","s":"","d":{"X":-0.76,"Y":0.48}},{"t":"9-1","s":"","d":{"X":0.24,"Y":0.28}},{"t":"9-2","s":"","d":{"X":-0.56,"Y":0.55}},{"t":"X1","s":"","d":{"X":0.119,"Y":0.841}}],"clr":{"R":221,"G":235,"B":249,"A":255}},"IS2-2-1":{"pid":"IS2-sv","orb":15321.31,"per":78.49,"ang":144.55,"t":"ASTEROID","sp":"ASTEROID-3","s":34.24,"m":557.78,"gd":57.07,"wic":{},"woc":{},"wgc":{},"emm":[{"Type":"1","MainRange":72,"MainValue":0.23,"FarRange":124}],"sig":[{"t":"7-2","s":"","d":{"X":-0.36,"Y":0.5}},{"t":"8-2","s":"","d":{"X":-0.25,"Y":-0.34}},{"t":"9-1","s":"","d":{"X":0.71}},{"t":"9-2","s":"","d":{"X":0.42,"Y":0.88}},{"t":"X1","s":"","d":{"X":-0.579,"Y":0.359}}],"clr":{"R":241,"G":173,"B":182,"A":255}},"IS2-2-10":{"pid":"IS2-sv","orb":15722.1,"per":80.54,"ang":310.35,"t":"ASTEROID","sp":"ASTEROID-5","s":18.85,"m":93.1,"gd":31.42,"wic":{},"woc":{},"wgc":{},"emm":[{"Type":"1","MainRange":64,"MainValue":0.16,"FarRange":225}],"sig":[{"t":"7-2","s":"","d":{"X":0.53,"Y":-0.37}},{"t":"8-2","s":"","d":{"X":-0.78,"Y":-0.47}},{"t":"9-1","s":"","d":{"X":-0.62,"Y":-0.19}},{"t":"9-2","s":"","d":{"X":-0.65,"Y":-0.71}},{"t":"X1","s":"","d":{"X":0.104,"Y":0.788}}],"clr":{"R":248,"G":252,"B":210,"A":255}},"IS2-2-11":{"pid":"IS2-sv","orb":15053.21,"per":77.11,"ang":35.75,"t":"ASTEROID","sp":"ASTEROID-2","s":11.63,"m":21.89,"gd":19.39,"wic":{},"woc":{},"wgc":{},"emm":[{"Type":"1","MainRange":65,"MainValue":0.27,"FarRange":198}],"sig":[{"t":"7-2","s":"","d":{"X":-0.64,"Y":-0.46}},{"t":"8-2","s":"","d":{"X":-0.73,"Y":0.51}},{"t":"9-1","s":"","d":{"X":-0.39,"Y":0.79}},{"t":"9-2","s":"","d":{"X":0.05,"Y":0.68}},{"t":"X1","s":"","d":{"X":-0.499,"Y":-0.188}}],"clr":{"R":217,"G":232,"B":183,"A":255}},"IS2-2-12":{"pid":"IS2-sv","orb":16478.75,"per":84.42,"ang":242.52,"t":"ASTEROID","sp":"ASTEROID-3","s":26.73,"m":265.47,"gd":44.56,"wic":{},"woc":{},"wgc":{},"emm":[{"Type":"1","MainRange":36,"MainValue":0.18,"FarRange":221}],"sig":[{"t":"7-2","s":"","d":{"X":0.75,"Y":0.36}},{"t":"8-2","s":"","d":{"X":0.28,"Y":0.2}},{"t":"9-1","s":"","d":{"X":-0.32,"Y":0.01}},{"t":"9-2","s":"","d":{"X":0.21,"Y":0.4}},{"t":"X1","s":"","d":{"X":-0.071,"Y":0.941}}],"clr":{"R":235,"G":193,"B":181,"A":255}},"IS2-2-13":{"pid":"IS2-sv","orb":13546.17,"per":69.39,"ang":313.54,"t":"ASTEROID","sp":"ASTEROID-1","s":11.98,"m":23.88,"gd":19.96,"wic":{},"woc":{},"wgc":{},"emm":[{"Type":"1","MainRange":52,"MainValue":0.27,"FarRange":75}],"sig":[{"t":"7-2","s":"","d":{"X":-0.6,"Y":0.25}},{"t":"8-2","s":"","d":{"X":0.74,"Y":-0.25}},{"t":"9-1","s":"","d":{"X":0.48,"Y":-0.07}},{"t":"9-2","s":"","d":{"X":0.62,"Y":0.5}},{"t":"X1","s":"","d":{"X":-0.953,"Y":0.279}}],"clr":{"R":251,"G":226,"B":200,"A":255}},"IS2-2-14":{"pid":"IS2-sv","orb":12492.57,"per":64,"ang":215.23,"t":"ASTEROID","sp":"ASTEROID-2","s":11.58,"m":21.6,"gd":19.31,"wic":{},"woc":{},"wgc":{},"emm":[{"Type":"1","MainRange":57,"MainValue":0.2,"FarRange":167}],"sig":[{"t":"7-2","s":"","d":{"X":0.1,"Y":-0.35}},{"t":"8-2","s":"","d":{"X":0.73,"Y":0.45}},{"t":"9-1","s":"","d":{"X":-0.79,"Y":-0.5}},{"t":"9-2","s":"","d":{"X":-0.32,"Y":-0.39}},{"t":"X1","s":"","d":{"X":0.253,"Y":-0.399}}],"clr":{"R":253,"G":247,"B":233,"A":255}},"IS2-2-15":{"pid":"IS2-sv","orb":14822.98,"per":75.93,"ang":65.6,"t":"ASTEROID","sp":"ASTEROID-4","s":15.06,"m":47.53,"gd":25.11,"wic":{},"woc":{},"wgc":{},"emm":[{"Type":"1","MainRange":32,"MainValue":0.17,"FarRange":220}],"sig":[{"t":"7-2","s":"","d":{"X":-0.48,"Y":0.09}},{"t":"8-2","s":"","d":{"X":-0.22,"Y":-0.6}},{"t":"9-1","s":"","d":{"X":-0.48,"Y":0.38}},{"t":"9-2","s":"","d":{"X":-0.64,"Y":0.06}},{"t":"X1","s":"","d":{"X":-0.383,"Y":-0.749}}],"clr":{"R":248,"G":187,"B":198,"A":255}},"IS2-2-16":{"pid":"IS2-sv","orb":15194.31,"per":77.84,"ang":64.15,"t":"ASTEROID","sp":"ASTEROID-2","s":24.13,"m":195.31,"gd":40.22,"wic":{},"woc":{},"wgc":{},"emm":[{"Type":"1","MainRange":30,"MainValue":0.15,"FarRange":123}],"sig":[{"t":"7-2","s":"","d":{"X":0.24,"Y":0.57}},{"t":"8-2","s":"","d":{"X":-0.06,"Y":-0.27}},{"t":"9-1","s":"","d":{"X":0.77,"Y":0.15}},{"t":"9-2","s":"","d":{"Y":0.91}},{"t":"X1","s":"","d":{"X":-0.447,"Y":0.471}}],"clr":{"R":215,"G":182,"B":234,"A":255}},"IS2-2-17":{"pid":"IS2-sv","orb":15895.3,"per":81.43,"ang":147.13,"t":"ASTEROID","sp":"ASTEROID-2","s":16.77,"m":65.51,"gd":27.95,"wic":{},"woc":{},"wgc":{},"emm":[{"Type":"1","MainRange":58,"MainValue":0.3,"FarRange":162}],"sig":[{"t":"7-2","s":"","d":{"X":-0.24,"Y":0.06}},{"t":"8-2","s":"","d":{"X":-0.09,"Y":-0.14}},{"t":"9-1","s":"","d":{"X":0.36,"Y":-0.4}},{"t":"9-2","s":"","d":{"X":-0.25,"Y":-0.31}},{"t":"X1","s":"","d":{"X":-0.89,"Y":-0.079}}],"clr":{"R":176,"G":205,"B":231,"A":255}},"IS2-2-18":{"pid":"IS2-sv","orb":12969.49,"per":66.44,"ang":252.72,"t":"ASTEROID","sp":"ASTEROID-4","s":16.66,"m":64.25,"gd":27.77,"wic":{},"woc":{},"wgc":{},"emm":[{"Type":"1","MainRange":45,"MainValue":0.37,"FarRange":234}],"sig":[{"t":"7-2","s":"","d":{"X":-0.68,"Y":-0.24}},{"t":"8-2","s":"","d":{"X":-0.54,"Y":0.5}},{"t":"9-1","s":"","d":{"X":0.44,"Y":0.43}},{"t":"9-2","s":"","d":{"X":-0.27,"Y":-0.49}},{"t":"X1","s":"","d":{"X":0.206,"Y":-0.065}}],"clr":{"R":174,"G":236,"B":252,"A":255}},"IS2-2-19":{"pid":"IS2-sv","orb":13224.36,"per":67.75,"ang":12.45,"t":"ASTEROID","sp":"ASTEROID-3","s":19.41,"m":101.62,"gd":32.35,"wic":{},"woc":{},"wgc":{},"emm":[{"Type":"1","MainRange":57,"MainValue":0.14,"FarRange":168}],"sig":[{"t":"7-2","s":"","d":{"X":-0.29,"Y":-0.05}},{"t":"8-2","s":"","d":{"X":-0.67,"Y":0.54}},{"t":"9-1","s":"","d":{"X":0.21,"Y":-0.03}},{"t":"9-2","s":"","d":{"X":0.75,"Y":-0.16}},{"t":"X1","s":"","d":{"X":0.523,"Y":0.313}}],"clr":{"R":254,"G":251,"B":252,"A":255}},"IS2-2-2":{"pid":"IS2-sv","orb":14450.64,"per":74.03,"ang":22.33,"t":"ASTEROID","sp":"ASTEROID-4","s":20.75,"m":124.15,"gd":34.58,"wic":{},"woc":{},"wgc":{},"emm":[{"Type":"1","MainRange":58,"MainValue":0.2,"FarRange":179}],"sig":[{"t":"7-2","s":"","d":{"X":-0.49,"Y":-0.66}},{"t":"8-2","s":"","d":{"X":-0.17,"Y":-0.02}},{"t":"9-1","s":"","d":{"X":0.2,"Y":0.85}},{"t":"9-2","s":"","d":{"X":-0.21,"Y":0.03}},{"t":"X1","s":"","d":{"X":0.39,"Y":0.758}}],"clr":{"R":180,"G":179,"B":231,"A":255}},"IS2-2-20":{"pid":"IS2-sv","orb":12398.6,"per":63.51,"ang":122.89,"t":"ASTEROID","sp":"ASTEROID-1","s":18.55,"m":88.72,"gd":30.92,"wic":{},"woc":{},"wgc":{},"emm":[{"Type":"1","MainRange":56,"MainValue":0.1,"FarRange":171}],"sig":[{"t":"7-2","s":"","d":{"X":0.94,"Y":0.16}},{"t":"8-2","s":"","d":{"X":0.89,"Y":-0.3}},{"t":"9-1","s":"","d":{"X":0.47,"Y":0.21}},{"t":"9-2","s":"","d":{"X":-0.87,"Y":-0.23}},{"t":"X1","s":"","d":{"X":-0.296,"Y":-0.76}}],"clr":{"R":251,"G":178,"B":224,"A":255}},"IS2-2-21":{"pid":"IS2-sv","orb":14659.12,"per":75.1,"ang":137.02,"t":"ASTEROID","sp":"ASTEROID-4","s":8.33,"m":8.04,"gd":13.89,"wic":{},"woc":{},"wgc":{},"emm":[{"Type":"1","MainRange":42,"MainValue":0.19,"FarRange":135}],"sig":[{"t":"7-2","s":"","d":{"X":0.42,"Y":-0.68}},{"t":"8-2","s":"","d":{"X":-0.36,"Y":-0.86}},{"t":"9-1","s":"","d":{"X":0.01,"Y":0.27}},{"t":"9-2","s":"","d":{"X":0.62,"Y":0.31}},{"t":"X1","s":"","d":{"X":0.128,"Y":-0.706}}],"clr":{"R":218,"G":242,"B":214,"A":255}},"IS2-2-22":{"pid":"IS2-sv","orb":12197.23,"per":62.48,"ang":210.95,"t":"ASTEROID","sp":"ASTEROID-3","s":14.5,"m":42.38,"gd":24.17,"wic":{},"woc":{},"wgc":{},"emm":[{"Type":"1","MainRange":29,"MainValue":0.22,"FarRange":186},{"Type":"3","MainRange":36,"MainValue":0.19,"FarRange":140},{"Type":"2","MainRange":56,"MainValue":0.2,"FarRange":134},{"Type":"11","MainRange":63,"MainValue":0.29,"FarRange":139},{"Type":"20","MainRange":34,"MainValue":0.15,"FarRange":197},{"Type":"13","MainRange":53,"MainValue":0.17,"FarRange":111}],"sig":[{"t":"7-2","s":"","d":{"X":-0.77,"Y":0.32}},{"t":"8-2","s":"","d":{"X":0.27,"Y":0.41}},{"t":"9-1","s":"","d":{"X":0.01,"Y":0.35}},{"t":"9-2","s":"","d":{"X":-0.51,"Y":-0.23}},{"t":"X1","s":"","d":{"X":-0.293,"Y":0.556}},{"t":"X3","s":"","d":{"X":0.344,"Y":0.464}},{"t":"X2","s":"","d":{"X":0.409,"Y":0.615}},{"t":"X11","s":"","d":{"X":-0.377,"Y":-0.08}},{"t":"X20","s":"","d":{"X":0.076,"Y":-0.987}},{"t":"X13","s":"","d":{"X":0.296,"Y":0.774}}],"clr":{"R":236,"G":244,"B":202,"A":255}},"IS2-2-23":{"pid":"IS2-sv","orb":13777.51,"per":70.58,"ang":152.29,"t":"ASTEROID","sp":"ASTEROID-1","s":9.55,"m":12.12,"gd":15.92,"wic":{},"woc":{},"wgc":{},"emm":[{"Type":"1","MainRange":68,"MainValue":0.22,"FarRange":167}],"sig":[{"t":"7-2","s":"","d":{"X":0.35,"Y":-0.86}},{"t":"8-2","s":"","d":{"X":0.78,"Y":0.12}},{"t":"9-1","s":"","d":{"X":0.13,"Y":0.84}},{"t":"9-2","s":"","d":{"X":-0.45}},{"t":"X1","s":"","d":{"X":0.195,"Y":0.317}}],"clr":{"R":237,"G":226,"B":251,"A":255}},"IS2-2-24":{"pid":"IS2-sv","orb":16070.94,"per":82.33,"ang":289.36,"t":"ASTEROID","sp":"ASTEROID-4","s":19.41,"m":101.62,"gd":32.35,"wic":{},"woc":{},"wgc":{},"emm":[{"Type":"1","MainRange":60,"MainValue":0.23,"FarRange":172},{"Type":"3","MainRange":47,"MainValue":0.2,"FarRange":157},{"Type":"25","MainRange":51,"MainValue":0.12,"FarRange":156},{"Type":"27","MainRange":46,"MainValue":0.22,"FarRange":102}],"sig":[{"t":"7-2","s":"","d":{"X":0.52,"Y":-0.73}},{"t":"8-2","s":"","d":{"X":0.22,"Y":-0.43}},{"t":"9-1","s":"","d":{"X":0.09,"Y":-0.93}},{"t":"9-2","s":"","d":{"X":-0.63,"Y":0.27}},{"t":"X1","s":"","d":{"X":0.421,"Y":-0.765}},{"t":"X3","s":"","d":{"X":0.859,"Y":-0.051}},{"t":"X25","s":"","d":{"X":0.151,"Y":-0.797}},{"t":"X27","s":"","d":{"X":0.746,"Y":0.64}}],"clr":{"R":240,"G":243,"B":210,"A":255}},"IS2-2-25":{"pid":"IS2-sv","orb":15561.99,"per":79.72,"ang":329.02,"t":"ASTEROID","sp":"ASTEROID-3","s":24.45,"m":203.17,"gd":40.76,"wic":{},"woc":{},"wgc":{},"emm":[{"Type":"1","MainRange":46,"MainValue":0.2,"FarRange":212}],"sig":[{"t":"7-2","s":"","d":{"X":-0.4,"Y":-0.38}},{"t":"8-2","s":"","d":{"X":0.15,"Y":-0.26}},{"t":"9-1","s":"","d":{"X":0.39,"Y":0.03}},{"t":"9-2","s":"","d":{"X":-0.29,"Y":-0.54}},{"t":"X1","s":"","d":{"X":-0.187,"Y":0.013}}],"clr":{"R":181,"G":229,"B":252,"A":255}},"IS2-2-26":{"pid":"IS2-sv","orb":15266.37,"per":78.21,"ang":318.84,"t":"ASTEROID","sp":"ASTEROID-5","s":24.36,"m":200.89,"gd":40.6,"wic":{},"woc":{},"wgc":{},"emm":[{"Type":"1","MainRange":75,"MainValue":0.22,"FarRange":154}],"sig":[{"t":"7-2","s":"","d":{"X":0.52,"Y":-0.46}},{"t":"8-2","s":"","d":{"X":-0.03,"Y":0.78}},{"t":"9-1","s":"","d":{"X":0.38,"Y":-0.02}},{"t":"9-2","s":"","d":{"X":-0.95,"Y":0.03}},{"t":"X1","s":"","d":{"X":0.417,"Y":0.706}}],"clr":{"R":254,"G":252,"B":250,"A":255}},"IS2-2-27":{"pid":"IS2-sv","orb":13941.19,"per":71.42,"ang":29.36,"t":"ASTEROID","sp":"ASTEROID-1","s":18.89,"m":93.65,"gd":31.48,"wic":{},"woc":{},"wgc":{},"emm":[{"Type":"1","MainRange":51,"MainValue":0.26,"FarRange":179}],"sig":[{"t":"7-2","s":"","d":{"X":-0.29,"Y":-0.77}},{"t":"8-2","s":"","d":{"X":-0.28,"Y":0.3}},{"t":"9-1","s":"","d":{"X":0.33,"Y":0.68}},{"t":"9-2","s":"","d":{"X":-0.81,"Y":0.27}},{"t":"X1","s":"","d":{"X":-0.796,"Y":0.438}}],"clr":{"R":252,"G":224,"B":248,"A":255}},"IS2-2-28":{"pid":"IS2-sv","orb":14255.26,"per":73.03,"ang":140.53,"t":"ASTEROID","sp":"ASTEROID-3","s":10.02,"m":14,"gd":16.71,"wic":{},"woc":{},"wgc":{},"emm":[{"Type":"1","MainRange":48.6,"MainValue":0.29,"FarRange":54}],"sig":[{"t":"7-2","s":"","d":{"X":0.23,"Y":0.75}},{"t":"8-2","s":"","d":{"X":0.77,"Y":-0.56}},{"t":"9-1","s":"","d":{"X":-0.41,"Y":-0.25}},{"t":"9-2","s":"","d":{"X":0.83,"Y":-0.49}},{"t":"X1","s":"","d":{"X":-0.154,"Y":-0.697}}],"clr":{"R":247,"G":240,"B":225,"A":255}},"IS2-2-3":{"pid":"IS2-sv","orb":15566.18,"per":79.74,"ang":105.41,"t":"ASTEROID","sp":"ASTEROID-4","s":15.73,"m":54.15,"gd":26.23,"wic":{},"woc":{},"wgc":{},"emm":[{"Type":"1","MainRange":47,"MainValue":0.21,"FarRange":190}],"sig":[{"t":"7-2","s":"","d":{"X":-0.53,"Y":-0.74}},{"t":"8-2","s":"","d":{"X":0.51}},{"t":"9-1","s":"","d":{"X":-0.01,"Y":0.52}},{"t":"9-2","s":"","d":{"X":0.46,"Y":-0.05}},{"t":"X1","s":"","d":{"X":0.472,"Y":-0.672}}],"clr":{"R":251,"G":253,"B":234,"A":255}},"IS2-2-4":{"pid":"IS2-sv","orb":16684.83,"per":85.47,"ang":29.61,"t":"ASTEROID","sp":"ASTEROID-3","s":9.48,"m":11.84,"gd":15.8,"wic":{},"woc":{},"wgc":{},"emm":[{"Type":"1","MainRange":78,"MainValue":0.21,"FarRange":145}],"sig":[{"t":"7-2","s":"","d":{"X":0.52,"Y":0.14}},{"t":"8-2","s":"","d":{"X":0.41,"Y":-0.86}},{"t":"9-1","s":"","d":{"X":-0.8,"Y":0.26}},{"t":"9-2","s":"","d":{"X":0.86,"Y":0.17}},{"t":"X1","s":"","d":{"X":-0.63,"Y":-0.516}}],"clr":{"R":247,"G":221,"B":241,"A":255}},"IS2-2-5":{"pid":"IS2-sv","orb":13344.49,"per":68.36,"ang":186.36,"t":"ASTEROID","sp":"ASTEROID-1","s":17.99,"m":80.99,"gd":29.99,"wic":{},"woc":{},"wgc":{},"emm":[{"Type":"1","MainRange":48,"MainValue":0.21,"FarRange":140}],"sig":[{"t":"7-2","s":"","d":{"X":0.15,"Y":-0.44}},{"t":"8-2","s":"","d":{"X":0.01,"Y":-0.75}},{"t":"9-1","s":"","d":{"X":0.35,"Y":0.57}},{"t":"9-2","s":"","d":{"Y":-0.73}},{"t":"X1","s":"","d":{"X":0.389,"Y":-0.42}}],"clr":{"R":191,"G":254,"B":211,"A":255}},"IS2-2-6":{"pid":"IS2-sv","orb":15092.86,"per":77.32,"ang":173.81,"t":"ASTEROID","sp":"ASTEROID-3","s":16.18,"m":58.86,"gd":26.97,"wic":{},"woc":{},"wgc":{},"emm":[{"Type":"1","MainRange":13.5,"MainValue":0.05,"FarRange":15}],"sig":[{"t":"7-2","s":"","d":{"X":-0.97,"Y":-0.17}},{"t":"8-2","s":"","d":{"X":-0.95,"Y":-0.2}},{"t":"9-1","s":"","d":{"X":-0.69,"Y":-0.32}},{"t":"9-2","s":"","d":{"X":-0.68}},{"t":"X1","s":"","d":{"X":0.306,"Y":0.946}}],"clr":{"R":253,"G":246,"B":247,"A":255}},"IS2-2-7":{"pid":"IS2-sv","orb":11692.34,"per":59.9,"ang":264.19,"t":"ASTEROID","sp":"ASTEROID-4","s":15.73,"m":54.13,"gd":26.22,"wic":{},"woc":{},"wgc":{},"emm":[{"Type":"1","MainRange":47,"MainValue":0.27,"FarRange":192}],"sig":[{"t":"7-2","s":"","d":{"X":-0.61,"Y":-0.01}},{"t":"8-2","s":"","d":{"X":-0.28,"Y":-0.37}},{"t":"9-1","s":"","d":{"X":0.86,"Y":0.27}},{"t":"9-2","s":"","d":{"X":0.14,"Y":-0.98}},{"t":"X1","s":"","d":{"X":0.871,"Y":0.462}}],"clr":{"R":250,"G":161,"B":227,"A":255}},"IS2-2-8":{"pid":"IS2-sv","orb":16525.35,"per":84.66,"ang":11.06,"t":"ASTEROID","sp":"ASTEROID-4","s":14.9,"m":45.94,"gd":24.83,"wic":{},"woc":{},"wgc":{},"emm":[{"Type":"1","MainRange":35,"MainValue":0.24,"FarRange":192}],"sig":[{"t":"7-2","s":"","d":{"X":-0.28,"Y":0.04}},{"t":"8-2","s":"","d":{"X":0.56,"Y":-0.4}},{"t":"9-1","s":"","d":{"X":-0.05,"Y":0.51}},{"t":"9-2","s":"","d":{"X":0.72,"Y":-0.03}},{"t":"X1","s":"","d":{"X":0.393,"Y":-0.492}}],"clr":{"R":172,"G":254,"B":194,"A":255}},"IS2-2-9":{"pid":"IS2-sv","orb":13228.45,"per":67.77,"ang":17.01,"t":"ASTEROID","sp":"ASTEROID-1","s":21.54,"m":138.93,"gd":35.91,"wic":{},"woc":{},"wgc":{},"emm":[{"Type":"1","MainRange":50,"MainValue":0.21,"FarRange":275}],"sig":[{"t":"7-2","s":"","d":{"X":-0.06,"Y":-0.85}},{"t":"8-2","s":"","d":{"X":-0.01}},{"t":"9-1","s":"","d":{"X":0.68,"Y":0.37}},{"t":"9-2","s":"","d":{"X":-0.11,"Y":-0.26}},{"t":"X1","s":"","d":{"X":0.077,"Y":0.762}}],"clr":{"R":252,"G":213,"B":244,"A":255}},"IS2-594":{"pid":"IS2-sv","orb":12206.66,"per":62.53,"t":"HARDPLANET","sp":"HARDPLANET-65","s":74.51,"m":24121.02,"gd":212.88,"wic":{},"woc":{},"wgc":{},"sig":[{"t":"3-2","s":"","d":{"X":-0.01,"Y":0.15}},{"t":"4-2","s":"","d":{"X":-0.01,"Y":0.68}},{"t":"5-2","s":"","d":{"X":-0.42,"Y":0.1}},{"t":"6-2","s":"","d":{"X":0.11,"Y":0.12}},{"t":"7-4","s":"","d":{"X":-0.71,"Y":0.4}},{"t":"9-1","s":"","d":{"X":-0.05,"Y":0.38}},{"t":"9-2","s":"","d":{"X":0.72,"Y":-0.12}},{"t":"10-1","s":"","d":{"X":0.55,"Y":-0.6}},{"t":"10-2","s":"","d":{"X":0.22,"Y":0.66}},{"t":"11-2","s":"","d":{"X":0.86,"Y":-0.49}},{"t":"12-1","s":"","d":{"X":0.13,"Y":-0.11}},{"t":"13-1","s":"","d":{"X":-0.36,"Y":0.52}},{"t":"13-2","s":"","d":{"X":-0.77,"Y":0.6}}],"clr":{"R":226,"G":216,"B":248,"A":255}},"IS2-612":{"pid":"IS2-sv","orb":13976.09,"per":71.6,"t":"GASPLANET","sp":"GASPLANET-53","s":211.92,"m":92541.53,"gd":353.21,"wic":{},"woc":{},"wgc":{},"sig":[{"t":"0-3","s":"","d":{"X":-0.83,"Y":0.1}},{"t":"1-3","s":"","d":{"X":0.12,"Y":-0.14}},{"t":"3-1","s":"","d":{"X":-0.39,"Y":-0.72}},{"t":"6-2","s":"","d":{"X":-0.05,"Y":0.63}},{"t":"7-3","s":"","d":{"X":0.67,"Y":-0.49}},{"t":"8-1","s":"","d":{"X":-0.24,"Y":-0.35}},{"t":"8-2","s":"","d":{"X":0.71,"Y":0.65}},{"t":"10-1","s":"","d":{"X":-0.28,"Y":0.8}},{"t":"10-2","s":"","d":{"X":-0.15,"Y":-0.12}},{"t":"11-1","s":"","d":{"X":-0.04,"Y":0.86}}],"clr":{"R":205,"G":243,"B":202,"A":255}},"IS2-743":{"pid":"IS2-sv","orb":4879.69,"per":24.99,"t":"HARDPLANET","sp":"HARDPLANET-62","s":104.48,"m":66511.47,"gd":298.52,"wic":{},"woc":{},"wgc":{},"mi":[4],"sig":[{"t":"7-2","s":"","d":{"X":0.62,"Y":0.59}},{"t":"8-1","s":"","d":{"X":0.84,"Y":0.09}},{"t":"8-2","s":"","d":{"X":-1,"Y":0.1}},{"t":"9-1","s":"","d":{"X":-0.31,"Y":-0.37}},{"t":"9-2","s":"","d":{"X":0.31,"Y":0.62}},{"t":"10-1","s":"","d":{"X":-0.18,"Y":-0.31}},{"t":"10-2","s":"","d":{"X":0.1,"Y":0.05}},{"t":"11-2","s":"","d":{"X":-0.05,"Y":-0.84}},{"t":"12-4","s":"","d":{"X":0.06,"Y":0.01}},{"t":"13-1","s":"","d":{"X":-0.96,"Y":0.14}},{"t":"13-2","s":"","d":{"X":-0.07,"Y":-0.71}}],"clr":{"R":234,"G":241,"B":251,"A":255}},"IS2-866":{"pid":"IS2-sv","orb":29169.27,"per":149.43,"t":"GASPLANET","sp":"GASPLANET-17","s":195.53,"m":72688.09,"gd":325.89,"wic":{},"woc":{},"wgc":{},"sig":[{"t":"0-2","s":"","d":{"X":0.22,"Y":0.16}},{"t":"1-3","s":"","d":{"X":-0.26,"Y":0.71}},{"t":"3-1","s":"","d":{"X":-0.41,"Y":0.14}},{"t":"6-2","s":"","d":{"X":-0.35,"Y":0.23}},{"t":"7-3","s":"","d":{"X":-0.43,"Y":0.03}},{"t":"8-1","s":"","d":{"X":0.92,"Y":0.24}},{"t":"8-2","s":"","d":{"X":0.37,"Y":-0.26}},{"t":"10-1","s":"","d":{"X":-0.46,"Y":0.84}},{"t":"10-2","s":"","d":{"X":0.52,"Y":0.84}},{"t":"11-1","s":"","d":{"X":-0.05,"Y":-0.93}}],"clr":{"R":254,"G":254,"B":254,"A":255}},"IS2-967":{"pid":"IS2-sv","orb":15425.72,"per":79.02,"t":"GASPLANET","sp":"GASPLANET-14","s":105.78,"m":11509.57,"gd":176.31,"wic":{},"woc":{},"wgc":{},"sig":[{"t":"0-2","s":"","d":{"X":0.59,"Y":0.32}},{"t":"1-3","s":"","d":{"X":0.76,"Y":-0.36}},{"t":"3-1","s":"","d":{"X":0.17,"Y":0.36}},{"t":"6-3","s":"","d":{"X":0.62,"Y":0.38}},{"t":"7-2","s":"","d":{"X":0.32,"Y":-0.04}},{"t":"7-3","s":"","d":{"X":0.62,"Y":0.24}},{"t":"8-1","s":"","d":{"X":-0.58,"Y":0.8}},{"t":"8-2","s":"","d":{"X":0.29,"Y":-0.17}},{"t":"10-2","s":"","d":{"X":0.07,"Y":0.28}},{"t":"11-1","s":"","d":{"X":0.35,"Y":-0.83}}],"clr":{"R":254,"G":252,"B":223,"A":255}},"IS2-967-0":{"pid":"IS2-967","orb":3552.02,"per":18.19,"ang":215.6,"t":"ASTEROID","sp":"ASTEROID-4","s":16.82,"m":66.17,"gd":28.04,"wic":{},"woc":{},"wgc":{},"emm":[{"Type":"1","MainRange":49,"MainValue":0.32,"FarRange":154}],"sig":[{"t":"9-1","s":"","d":{"X":0.52,"Y":0.05}},{"t":"9-2","s":"","d":{"X":-0.78,"Y":-0.2}},{"t":"X1","s":"","d":{"X":-0.489,"Y":-0.359}}],"clr":{"R":240,"G":208,"B":224,"A":255}},"IS2-967-1":{"pid":"IS2-967","orb":3662.96,"per":18.76,"ang":90.37,"t":"ASTEROID","sp":"ASTEROID-3","s":22.25,"m":153.1,"gd":37.09,"wic":{},"woc":{},"wgc":{},"emm":[{"Type":"1","MainRange":84,"MainValue":0.13,"FarRange":117}],"sig":[{"t":"9-1","s":"","d":{"X":0.13,"Y":-0.23}},{"t":"9-2","s":"","d":{"X":-0.22,"Y":0.28}},{"t":"X1","s":"","d":{"X":0.563,"Y":0.22}}],"clr":{"R":183,"G":246,"B":210,"A":255}},"IS2-967-10":{"pid":"IS2-967","orb":3610.16,"per":18.49,"ang":298.02,"t":"ASTEROID","sp":"ASTEROID-3","s":27.95,"m":303.26,"gd":46.58,"wic":{},"woc":{},"wgc":{},"emm":[{"Type":"1","MainRange":66,"MainValue":0.25,"FarRange":152}],"sig":[{"t":"9-1","s":"","d":{"X":-0.3,"Y":-0.5}},{"t":"9-2","s":"","d":{"X":0.32,"Y":-0.47}},{"t":"X1","s":"","d":{"X":0.103,"Y":0.983}}],"clr":{"R":209,"G":240,"B":241,"A":255}},"IS2-967-11":{"pid":"IS2-967","orb":3419.75,"per":17.51,"ang":276.57,"t":"ASTEROID","sp":"ASTEROID-3","s":27.06,"m":275.37,"gd":45.1,"wic":{},"woc":{},"wgc":{},"emm":[{"Type":"1","MainRange":52,"MainValue":0.15,"FarRange":174}],"sig":[{"t":"9-1","s":"","d":{"X":-0.38,"Y":0.48}},{"t":"9-2","s":"","d":{"X":-0.4,"Y":0.88}},{"t":"X1","s":"","d":{"X":-0.7,"Y":0.561}}],"clr":{"R":180,"G":172,"B":247,"A":255}},"IS2-967-12":{"pid":"IS2-967","orb":3707.67,"per":18.99,"ang":76.12,"t":"ASTEROID","sp":"ASTEROID-4","s":20.97,"m":128.15,"gd":34.95,"wic":{},"woc":{},"wgc":{},"emm":[{"Type":"1","MainRange":57,"MainValue":0.07,"FarRange":196}],"sig":[{"t":"9-1","s":"","d":{"X":0.28,"Y":-0.93}},{"t":"9-2","s":"","d":{"X":0.44,"Y":-0.68}},{"t":"X1","s":"","d":{"X":0.483,"Y":0.735}}],"clr":{"R":247,"G":254,"B":244,"A":255}},"IS2-967-13":{"pid":"IS2-967","orb":3356,"per":17.19,"ang":119.16,"t":"ASTEROID","sp":"ASTEROID-1","s":21.07,"m":130.01,"gd":35.12,"wic":{},"woc":{},"wgc":{},"emm":[{"Type":"1","MainRange":44,"MainValue":0.22,"FarRange":131}],"sig":[{"t":"9-1","s":"","d":{"X":0.08,"Y":0.27}},{"t":"9-2","s":"","d":{"X":0.33,"Y":0.79}},{"t":"X1","s":"","d":{"X":0.676,"Y":0.401}}],"clr":{"R":245,"G":252,"B":249,"A":255}},"IS2-967-14":{"pid":"IS2-967","orb":3572.39,"per":18.3,"ang":280.37,"t":"ASTEROID","sp":"ASTEROID-2","s":21.13,"m":131.07,"gd":35.22,"wic":{},"woc":{},"wgc":{},"emm":[{"Type":"1","MainRange":36,"MainValue":0.21,"FarRange":196}],"sig":[{"t":"9-1","s":"","d":{"X":-0.89,"Y":0.12}},{"t":"9-2","s":"","d":{"X":0.08,"Y":0.51}},{"t":"X1","s":"","d":{"X":-0.293,"Y":0.514}}],"clr":{"R":251,"G":231,"B":252,"A":255}},"IS2-967-15":{"pid":"IS2-967","orb":3628.67,"per":18.59,"ang":358.97,"t":"ASTEROID","sp":"ASTEROID-2","s":17.07,"m":69.16,"gd":28.46,"wic":{},"woc":{},"wgc":{},"emm":[{"Type":"1","MainRange":50,"MainValue":0.19,"FarRange":128}],"sig":[{"t":"9-1","s":"","d":{"X":-0.37,"Y":-0.32}},{"t":"9-2","s":"","d":{"X":0.54,"Y":-0.6}},{"t":"X1","s":"","d":{"X":-0.374,"Y":-0.926}}],"clr":{"R":201,"G":204,"B":240,"A":255}},"IS2-967-16":{"pid":"IS2-967","orb":3286.59,"per":16.83,"ang":261.83,"t":"ASTEROID","sp":"ASTEROID-3","s":20.17,"m":114.12,"gd":33.63,"wic":{},"woc":{},"wgc":{},"emm":[{"Type":"1","MainRange":70,"MainValue":0.15,"FarRange":100}],"sig":[{"t":"9-1","s":"","d":{"X":0.07,"Y":0.02}},{"t":"9-2","s":"","d":{"X":-0.96,"Y":-0.15}},{"t":"X1","s":"","d":{"X":0.899,"Y":-0.274}}],"clr":{"R":253,"G":237,"B":254,"A":255}},"IS2-967-17":{"pid":"IS2-967","orb":3442.97,"per":17.63,"ang":167.12,"t":"ASTEROID","sp":"ASTEROID-5","s":33.78,"m":535.46,"gd":56.3,"wic":{},"woc":{},"wgc":{},"emm":[{"Type":"1","MainRange":86,"MainValue":0.19,"FarRange":236}],"sig":[{"t":"9-1","s":"","d":{"X":-0.94,"Y":0.12}},{"t":"9-2","s":"","d":{"X":-0.88,"Y":0.13}},{"t":"X1","s":"","d":{"X":-0.581,"Y":0.006}}],"clr":{"R":249,"G":247,"B":253,"A":255}},"IS2-967-18":{"pid":"IS2-967","orb":3628.34,"per":18.58,"ang":340.59,"t":"ASTEROID","sp":"ASTEROID-2","s":11.21,"m":19.59,"gd":18.69,"wic":{},"woc":{},"wgc":{},"emm":[{"Type":"1","MainRange":49,"MainValue":0.23,"FarRange":144}],"sig":[{"t":"9-1","s":"","d":{"X":0.75,"Y":0.12}},{"t":"9-2","s":"","d":{"Y":-0.8}},{"t":"X1","s":"","d":{"X":-0.732,"Y":0.101}}],"clr":{"R":202,"G":201,"B":237,"A":255}},"IS2-967-19":{"pid":"IS2-967","orb":3509.02,"per":17.97,"ang":359.15,"t":"ASTEROID","sp":"ASTEROID-4","s":29.77,"m":366.48,"gd":49.61,"wic":{},"woc":{},"wgc":{},"emm":[{"Type":"1","MainRange":52,"MainValue":0.3,"FarRange":198}],"sig":[{"t":"9-1","s":"","d":{"X":0.29,"Y":-0.69}},{"t":"9-2","s":"","d":{"X":-0.57,"Y":-0.52}},{"t":"X1","s":"","d":{"X":-0.755,"Y":0.585}}],"clr":{"R":240,"G":185,"B":189,"A":255}},"IS2-967-2":{"pid":"IS2-967","orb":3874.58,"per":19.84,"ang":325.89,"t":"ASTEROID","sp":"ASTEROID-4","s":31.17,"m":420.66,"gd":51.95,"wic":{},"woc":{},"wgc":{},"emm":[{"Type":"1","MainRange":72,"MainValue":0.15,"FarRange":212}],"sig":[{"t":"9-1","s":"","d":{"X":-0.64,"Y":-0.35}},{"t":"9-2","s":"","d":{"X":-0.06,"Y":-0.51}},{"t":"X1","s":"","d":{"X":0.287,"Y":-0.156}}],"clr":{"R":254,"G":251,"B":250,"A":255}},"IS2-967-20":{"pid":"IS2-967","orb":3763.5,"per":19.28,"ang":77.52,"t":"ASTEROID","sp":"ASTEROID-4","s":22.45,"m":157.19,"gd":37.42,"wic":{},"woc":{},"wgc":{},"emm":[{"Type":"1","MainRange":50,"MainValue":0.19,"FarRange":131}],"sig":[{"t":"9-1","s":"","d":{"X":0.38,"Y":-0.35}},{"t":"9-2","s":"","d":{"X":-0.73,"Y":0.6}},{"t":"X1","s":"","d":{"X":-0.749,"Y":-0.438}}],"clr":{"R":184,"G":250,"B":243,"A":255}},"IS2-967-21":{"pid":"IS2-967","orb":3504.18,"per":17.95,"ang":14.27,"t":"ASTEROID","sp":"ASTEROID-3","s":16.46,"m":61.95,"gd":27.43,"wic":{},"woc":{},"wgc":{},"emm":[{"Type":"1","MainRange":82.8,"MainValue":0.16,"FarRange":92}],"sig":[{"t":"9-1","s":"","d":{"X":-0.77,"Y":0.41}},{"t":"9-2","s":"","d":{"X":0.63,"Y":-0.44}},{"t":"X1","s":"","d":{"X":-0.086,"Y":0.147}}],"clr":{"R":244,"G":219,"B":216,"A":255}},"IS2-967-22":{"pid":"IS2-967","orb":3341.26,"per":17.11,"ang":129.88,"t":"ASTEROID","sp":"ASTEROID-4","s":14.27,"m":40.42,"gd":23.79,"wic":{},"woc":{},"wgc":{},"emm":[{"Type":"1","MainRange":28,"MainValue":0.13,"FarRange":254}],"sig":[{"t":"9-1","s":"","d":{"X":-0.28,"Y":0.75}},{"t":"9-2","s":"","d":{"X":0.29,"Y":0.08}},{"t":"X1","s":"","d":{"X":0.759,"Y":0.578}}],"clr":{"R":222,"G":252,"B":242,"A":255}},"IS2-967-23":{"pid":"IS2-967","orb":3837.98,"per":19.66,"ang":261.73,"t":"ASTEROID","sp":"ASTEROID-3","s":20.7,"m":123.29,"gd":34.5,"wic":{},"woc":{},"wgc":{},"emm":[{"Type":"1","MainRange":51,"MainValue":0.19,"FarRange":162}],"sig":[{"t":"9-1","s":"","d":{"X":-0.3,"Y":-0.01}},{"t":"9-2","s":"","d":{"X":-0.83,"Y":0.19}},{"t":"X1","s":"","d":{"X":0.885,"Y":-0.245}}],"clr":{"R":251,"G":222,"B":215,"A":255}},"IS2-967-24":{"pid":"IS2-967","orb":4149.14,"per":21.25,"ang":97.18,"t":"ASTEROID","sp":"ASTEROID-5","s":16.52,"m":62.69,"gd":27.54,"wic":{},"woc":{},"wgc":{},"emm":[{"Type":"1","MainRange":42,"MainValue":0.18,"FarRange":141}],"sig":[{"t":"9-1","s":"","d":{"X":0.19,"Y":-0.97}},{"t":"9-2","s":"","d":{"X":-0.54,"Y":0.35}},{"t":"X1","s":"","d":{"X":-0.939,"Y":-0.146}}],"clr":{"R":249,"G":253,"B":241,"A":255}},"IS2-967-25":{"pid":"IS2-967","orb":3556.86,"per":18.22,"ang":151.77,"t":"ASTEROID","sp":"ASTEROID-2","s":15.16,"m":48.48,"gd":25.28,"wic":{},"woc":{},"wgc":{},"emm":[{"Type":"1","MainRange":46,"MainValue":0.11,"FarRange":242}],"sig":[{"t":"9-1","s":"","d":{"X":0.89,"Y":0.03}},{"t":"9-2","s":"","d":{"X":-0.81,"Y":-0.53}},{"t":"X1","s":"","d":{"X":0.028,"Y":-0.931}}],"clr":{"R":199,"G":233,"B":181,"A":255}},"IS2-967-26":{"pid":"IS2-967","orb":3661.23,"per":18.75,"ang":182.19,"t":"ASTEROID","sp":"ASTEROID-4","s":10.72,"m":17.12,"gd":17.87,"wic":{},"woc":{},"wgc":{},"emm":[{"Type":"1","MainRange":56,"MainValue":0.16,"FarRange":200}],"sig":[{"t":"9-1","s":"","d":{"X":-0.37,"Y":0.4}},{"t":"9-2","s":"","d":{"X":0.61,"Y":-0.63}},{"t":"X1","s":"","d":{"X":-0.504,"Y":-0.509}}],"clr":{"R":248,"G":251,"B":236,"A":255}},"IS2-967-27":{"pid":"IS2-967","orb":3333.75,"per":17.07,"ang":332.16,"t":"ASTEROID","sp":"ASTEROID-3","s":14.35,"m":41.07,"gd":23.92,"wic":{},"woc":{},"wgc":{},"emm":[{"Type":"1","MainRange":63,"MainValue":0.31,"FarRange":96},{"Type":"2","MainRange":63,"MainValue":0.17,"FarRange":169},{"Type":"3","MainRange":50,"MainValue":0.2,"FarRange":134},{"Type":"19","MainRange":59.4,"MainValue":0.14,"FarRange":66}],"sig":[{"t":"9-1","s":"","d":{"X":-0.07,"Y":0.25}},{"t":"9-2","s":"","d":{"X":0.14,"Y":-0.95}},{"t":"X1","s":"","d":{"X":-0.877,"Y":-0.299}},{"t":"X2","s":"","d":{"X":0.454,"Y":-0.887}},{"t":"X3","s":"","d":{"X":-0.663,"Y":0.065}},{"t":"X19","s":"","d":{"X":0.12,"Y":-0.389}}],"clr":{"R":231,"G":244,"B":218,"A":255}},"IS2-967-28":{"pid":"IS2-967","orb":3460.16,"per":17.72,"ang":158.28,"t":"ASTEROID","sp":"ASTEROID-2","s":20.51,"m":119.97,"gd":34.19,"wic":{},"woc":{},"wgc":{},"emm":[{"Type":"1","MainRange":44,"MainValue":0.16,"FarRange":131}],"sig":[{"t":"9-1","s":"","d":{"X":-0.78,"Y":0.51}},{"t":"9-2","s":"","d":{"X":0.68,"Y":0.7}},{"t":"X1","s":"","d":{"X":-0.048,"Y":0.546}}],"clr":{"R":238,"G":250,"B":237,"A":255}},"IS2-967-29":{"pid":"IS2-967","orb":3301.7,"per":16.91,"ang":298.4,"t":"ASTEROID","sp":"ASTEROID-5","s":21.88,"m":145.53,"gd":36.47,"wic":{},"woc":{},"wgc":{},"emm":[{"Type":"1","MainRange":54,"MainValue":0.28,"FarRange":191}],"sig":[{"t":"9-1","s":"","d":{"X":-0.12,"Y":-0.15}},{"t":"9-2","s":"","d":{"X":0.41,"Y":-0.67}},{"t":"X1","s":"","d":{"X":-0.903,"Y":0.151}}],"clr":{"R":249,"G":234,"B":193,"A":255}},"IS2-967-3":{"pid":"IS2-967","orb":3321.4,"per":17.01,"ang":155.68,"t":"ASTEROID","sp":"ASTEROID-5","s":29.99,"m":374.75,"gd":49.98,"wic":{},"woc":{},"wgc":{},"emm":[{"Type":"1","MainRange":79,"MainValue":0.13,"FarRange":155}],"sig":[{"t":"9-1","s":"","d":{"X":0.78,"Y":0.52}},{"t":"9-2","s":"","d":{"X":-0.49,"Y":-0.3}},{"t":"X1","s":"","d":{"X":-0.382,"Y":0.464}}],"clr":{"R":229,"G":180,"B":233,"A":255}},"IS2-967-30":{"pid":"IS2-967","orb":4625.82,"per":23.69,"ang":135.59,"t":"ASTEROID","sp":"ASTEROID-1","s":15.07,"m":47.58,"gd":25.12,"wic":{},"woc":{},"wgc":{},"emm":[{"Type":"1","MainRange":57,"MainValue":0.16,"FarRange":208}],"sig":[{"t":"9-1","s":"","d":{"X":-0.98,"Y":0.09}},{"t":"9-2","s":"","d":{"X":-0.12,"Y":0.84}},{"t":"X1","s":"","d":{"X":0.898,"Y":-0.28}}],"clr":{"R":242,"G":233,"B":187,"A":255}},"IS2-967-31":{"pid":"IS2-967","orb":3502.54,"per":17.94,"ang":17.54,"t":"ASTEROID","sp":"ASTEROID-1","s":24.41,"m":202.12,"gd":40.69,"wic":{},"woc":{},"wgc":{},"emm":[{"Type":"1","MainRange":55,"MainValue":0.23,"FarRange":132}],"sig":[{"t":"9-1","s":"","d":{"X":0.9,"Y":-0.21}},{"t":"9-2","s":"","d":{"X":0.32,"Y":0.06}},{"t":"X1","s":"","d":{"X":0.14,"Y":0.839}}],"clr":{"R":182,"G":253,"B":169,"A":255}},"IS2-967-32":{"pid":"IS2-967","orb":3092.99,"per":15.84,"ang":51.11,"t":"ASTEROID","sp":"ASTEROID-2","s":26.56,"m":260.38,"gd":44.27,"wic":{},"woc":{},"wgc":{},"emm":[{"Type":"1","MainRange":65,"MainValue":0.27,"FarRange":92}],"sig":[{"t":"9-1","s":"","d":{"X":0.06,"Y":0.01}},{"t":"9-2","s":"","d":{"X":-0.77,"Y":0.17}},{"t":"X1","s":"","d":{"X":0.901,"Y":-0.065}}],"clr":{"R":214,"G":252,"B":212,"A":255}},"IS2-967-33":{"pid":"IS2-967","orb":3452.49,"per":17.68,"ang":89.12,"t":"ASTEROID","sp":"ASTEROID-5","s":12.33,"m":26.08,"gd":20.56,"wic":{},"woc":{},"wgc":{},"emm":[{"Type":"1","MainRange":16,"MainValue":0.25,"FarRange":132}],"sig":[{"t":"9-1","s":"","d":{"X":0.71,"Y":0.17}},{"t":"9-2","s":"","d":{"X":-0.52,"Y":-0.59}},{"t":"X1","s":"","d":{"X":0.502,"Y":0.798}}],"clr":{"R":196,"G":251,"B":243,"A":255}},"IS2-967-34":{"pid":"IS2-967","orb":3721.71,"per":19.06,"ang":33.47,"t":"ASTEROID","sp":"ASTEROID-2","s":15.75,"m":54.33,"gd":26.26,"wic":{},"woc":{},"wgc":{},"emm":[{"Type":"1","MainRange":49,"MainValue":0.22,"FarRange":136}],"sig":[{"t":"9-1","s":"","d":{"X":0.95,"Y":0.02}},{"t":"9-2","s":"","d":{"X":0.51,"Y":0.14}},{"t":"X1","s":"","d":{"X":-0.213,"Y":-0.302}}],"clr":{"R":193,"G":254,"B":247,"A":255}},"IS2-967-35":{"pid":"IS2-967","orb":3805.34,"per":19.49,"ang":128.33,"t":"ASTEROID","sp":"ASTEROID-5","s":23.17,"m":172.83,"gd":38.62,"wic":{},"woc":{},"wgc":{},"emm":[{"Type":"1","MainRange":35,"MainValue":0.27,"FarRange":171}],"sig":[{"t":"9-1","s":"","d":{"X":-0.26,"Y":0.27}},{"t":"9-2","s":"","d":{"X":-0.13,"Y":0.01}},{"t":"X1","s":"","d":{"X":-0.019,"Y":0.268}}],"clr":{"R":219,"G":233,"B":180,"A":255}},"IS2-967-36":{"pid":"IS2-967","orb":3410.34,"per":17.47,"ang":143.95,"t":"ASTEROID","sp":"ASTEROID-3","s":12.52,"m":27.27,"gd":20.87,"wic":{},"woc":{},"wgc":{},"emm":[{"Type":"1","MainRange":72,"MainValue":0.11,"FarRange":182}],"sig":[{"t":"9-1","s":"","d":{"X":0.78,"Y":-0.07}},{"t":"9-2","s":"","d":{"X":-0.73,"Y":0.21}},{"t":"X1","s":"","d":{"X":-0.141,"Y":-0.946}}],"clr":{"R":180,"G":183,"B":248,"A":255}},"IS2-967-37":{"pid":"IS2-967","orb":3749.93,"per":19.21,"ang":222.32,"t":"ASTEROID","sp":"ASTEROID-4","s":21.02,"m":129.01,"gd":35.03,"wic":{},"woc":{},"wgc":{},"emm":[{"Type":"1","MainRange":71,"MainValue":0.21,"FarRange":92},{"Type":"11","MainRange":75,"MainValue":0.27,"FarRange":181},{"Type":"18","MainRange":25,"MainValue":0.26,"FarRange":130}],"sig":[{"t":"9-1","s":"","d":{"Y":-0.16}},{"t":"9-2","s":"","d":{"X":0.32,"Y":0.86}},{"t":"X1","s":"","d":{"X":0.579,"Y":-0.299}},{"t":"X11","s":"","d":{"X":0.475,"Y":0.603}},{"t":"X18","s":"","d":{"X":0.012,"Y":-0.272}}],"clr":{"R":248,"G":251,"B":254,"A":255}},"IS2-967-38":{"pid":"IS2-967","orb":3745.49,"per":19.18,"ang":124.49,"t":"ASTEROID","sp":"ASTEROID-1","s":20.6,"m":121.57,"gd":34.34,"wic":{},"woc":{},"wgc":{},"emm":[{"Type":"1","MainRange":68,"MainValue":0.13,"FarRange":218}],"sig":[{"t":"9-1","s":"","d":{"X":-0.94}},{"t":"9-2","s":"","d":{"X":0.6,"Y":-0.24}},{"t":"X1","s":"","d":{"X":-0.485,"Y":-0.671}}],"clr":{"R":234,"G":247,"B":191,"A":255}},"IS2-967-39":{"pid":"IS2-967","orb":3858.38,"per":19.76,"ang":135.31,"t":"ASTEROID","sp":"ASTEROID-4","s":19.94,"m":110.27,"gd":33.24,"wic":{},"woc":{},"wgc":{},"emm":[{"Type":"1","MainRange":36,"MainValue":0.11,"FarRange":63}],"sig":[{"t":"9-1","s":"","d":{"X":-0.45,"Y":-0.03}},{"t":"9-2","s":"","d":{"X":0.3,"Y":-0.75}},{"t":"X1","s":"","d":{"X":0.47,"Y":0.856}}],"clr":{"R":241,"G":185,"B":166,"A":255}},"IS2-967-4":{"pid":"IS2-967","orb":4012.53,"per":20.55,"ang":3.25,"t":"ASTEROID","sp":"ASTEROID-4","s":21.21,"m":132.7,"gd":35.36,"wic":{},"woc":{},"wgc":{},"emm":[{"Type":"1","MainRange":44,"MainValue":0.28,"FarRange":101}],"sig":[{"t":"9-1","s":"","d":{"X":-0.63,"Y":0.19}},{"t":"9-2","s":"","d":{"X":-0.28,"Y":0.75}},{"t":"X1","s":"","d":{"X":0.193,"Y":0.584}}],"clr":{"R":250,"G":254,"B":249,"A":255}},"IS2-967-40":{"pid":"IS2-967","orb":4126.7,"per":21.14,"ang":358.51,"t":"ASTEROID","sp":"ASTEROID-4","s":29.53,"m":357.88,"gd":49.22,"wic":{},"woc":{},"wgc":{},"emm":[{"Type":"1","MainRange":51,"MainValue":0.22,"FarRange":190}],"sig":[{"t":"9-1","s":"","d":{"X":0.43,"Y":0.27}},{"t":"9-2","s":"","d":{"X":0.26,"Y":0.16}},{"t":"X1","s":"","d":{"X":0.155,"Y":0.413}}],"clr":{"R":252,"G":233,"B":215,"A":255}},"IS2-967-41":{"pid":"IS2-967","orb":4375.62,"per":22.41,"ang":230.04,"t":"ASTEROID","sp":"ASTEROID-4","s":26.59,"m":261.3,"gd":44.32,"wic":{},"woc":{},"wgc":{},"emm":[{"Type":"1","MainRange":47,"MainValue":0.25,"FarRange":136}],"sig":[{"t":"9-1","s":"","d":{"X":0.26,"Y":0.71}},{"t":"9-2","s":"","d":{"X":-0.66,"Y":-0.62}},{"t":"X1","s":"","d":{"X":-0.679,"Y":-0.538}}],"clr":{"R":189,"G":233,"B":181,"A":255}},"IS2-967-42":{"pid":"IS2-967","orb":3195.89,"per":16.37,"ang":49.56,"t":"ASTEROID","sp":"ASTEROID-5","s":19.5,"m":103.01,"gd":32.5,"wic":{},"woc":{},"wgc":{},"emm":[{"Type":"1","MainRange":35,"MainValue":0.19,"FarRange":136}],"sig":[{"t":"9-1","s":"","d":{"X":0.56,"Y":0.17}},{"t":"9-2","s":"","d":{"X":0.31,"Y":0.75}},{"t":"X1","s":"","d":{"X":0.478,"Y":0.397}}],"clr":{"R":253,"G":181,"B":166,"A":255}},"IS2-967-43":{"pid":"IS2-967","orb":3518.23,"per":18.02,"ang":291.73,"t":"ASTEROID","sp":"ASTEROID-1","s":15.14,"m":48.28,"gd":25.24,"wic":{},"woc":{},"wgc":{},"emm":[{"Type":"1","MainRange":44,"MainValue":0.12,"FarRange":215}],"sig":[{"t":"9-1","s":"","d":{"X":0.34,"Y":0.31}},{"t":"9-2","s":"","d":{"X":-0.15,"Y":-0.73}},{"t":"X1","s":"","d":{"X":0.038,"Y":-0.409}}],"clr":{"R":254,"G":247,"B":244,"A":255}},"IS2-967-44":{"pid":"IS2-967","orb":3698.3,"per":18.94,"ang":173.86,"t":"ASTEROID","sp":"ASTEROID-1","s":20.81,"m":125.25,"gd":34.69,"wic":{},"woc":{},"wgc":{},"emm":[{"Type":"1","MainRange":40,"MainValue":0.15,"FarRange":113}],"sig":[{"t":"9-1","s":"","d":{"X":-0.79,"Y":0.12}},{"t":"9-2","s":"","d":{"X":-0.56,"Y":0.2}},{"t":"X1","s":"","d":{"X":-0.4,"Y":-0.232}}],"clr":{"R":237,"G":252,"B":218,"A":255}},"IS2-967-45":{"pid":"IS2-967","orb":3110.22,"per":15.93,"ang":224.69,"t":"ASTEROID","sp":"ASTEROID-5","s":15.53,"m":52.07,"gd":25.89,"wic":{},"woc":{},"wgc":{},"emm":[{"Type":"1","MainRange":48,"MainValue":0.15,"FarRange":212}],"sig":[{"t":"9-1","s":"","d":{"X":-0.3,"Y":-0.71}},{"t":"9-2","s":"","d":{"X":-0.06,"Y":0.33}},{"t":"X1","s":"","d":{"X":0.588,"Y":0.286}}],"clr":{"R":250,"G":249,"B":232,"A":255}},"IS2-967-46":{"pid":"IS2-967","orb":3784.79,"per":19.38,"ang":146.48,"t":"ASTEROID","sp":"ASTEROID-3","s":19.56,"m":104.08,"gd":32.61,"wic":{},"woc":{},"wgc":{},"emm":[{"Type":"1","MainRange":34,"MainValue":0.11,"FarRange":96}],"sig":[{"t":"9-1","s":"","d":{"X":-0.07,"Y":-0.51}},{"t":"9-2","s":"","d":{"X":0.71,"Y":0.57}},{"t":"X1","s":"","d":{"X":-0.326,"Y":0.883}}],"clr":{"R":245,"G":211,"B":187,"A":255}},"IS2-967-47":{"pid":"IS2-967","orb":3944.39,"per":20.2,"ang":65.08,"t":"ASTEROID","sp":"ASTEROID-4","s":15.9,"m":55.87,"gd":26.5,"wic":{},"woc":{},"wgc":{},"emm":[{"Type":"1","MainRange":57,"MainValue":0.24,"FarRange":87}],"sig":[{"t":"9-1","s":"","d":{"X":-0.82,"Y":0.31}},{"t":"9-2","s":"","d":{"X":-0.4}},{"t":"X1","s":"","d":{"X":0.523,"Y":0.741}}],"clr":{"R":200,"G":211,"B":254,"A":255}},"IS2-967-48":{"pid":"IS2-967","orb":3570.25,"per":18.29,"ang":87.89,"t":"ASTEROID","sp":"ASTEROID-2","s":25.69,"m":235.72,"gd":42.83,"wic":{},"woc":{},"wgc":{},"emm":[{"Type":"1","MainRange":32,"MainValue":0.22,"FarRange":63}],"sig":[{"t":"9-1","s":"","d":{"X":0.42,"Y":0.22}},{"t":"9-2","s":"","d":{"X":0.3,"Y":-0.7}},{"t":"X1","s":"","d":{"X":-0.503,"Y":0.333}}],"clr":{"R":241,"G":253,"B":241,"A":255}},"IS2-967-49":{"pid":"IS2-967","orb":3712.6,"per":19.02,"ang":39.04,"t":"ASTEROID","sp":"ASTEROID-2","s":22.54,"m":159.22,"gd":37.58,"wic":{},"woc":{},"wgc":{},"emm":[{"Type":"1","MainRange":46,"MainValue":0.25,"FarRange":126}],"sig":[{"t":"9-1","s":"","d":{"X":0.4,"Y":-0.85}},{"t":"9-2","s":"","d":{"X":-0.56,"Y":-0.46}},{"t":"X1","s":"","d":{"X":-0.606,"Y":-0.205}}],"clr":{"R":253,"G":238,"B":206,"A":255}},"IS2-967-5":{"pid":"IS2-967","orb":3027.51,"per":15.51,"ang":268.27,"t":"ASTEROID","sp":"ASTEROID-4","s":16.59,"m":63.49,"gd":27.66,"wic":{},"woc":{},"wgc":{},"emm":[{"Type":"1","MainRange":33,"MainValue":0.04,"FarRange":172}],"sig":[{"t":"9-1","s":"","d":{"X":0.74,"Y":0.35}},{"t":"9-2","s":"","d":{"X":-0.63,"Y":-0.22}},{"t":"X1","s":"","d":{"X":0.144,"Y":-0.714}}],"clr":{"R":250,"G":235,"B":231,"A":255}},"IS2-967-50":{"pid":"IS2-967","orb":3302.05,"per":16.91,"ang":348.94,"t":"ASTEROID","sp":"ASTEROID-1","s":19.38,"m":101.2,"gd":32.31,"wic":{},"woc":{},"wgc":{},"emm":[{"Type":"1","MainRange":62,"MainValue":0.28,"FarRange":128}],"sig":[{"t":"9-1","s":"","d":{"X":-0.07,"Y":0.37}},{"t":"9-2","s":"","d":{"X":-0.32,"Y":0.17}},{"t":"X1","s":"","d":{"X":-0.856,"Y":0.164}}],"clr":{"R":241,"G":217,"B":204,"A":255}},"IS2-967-51":{"pid":"IS2-967","orb":3480.04,"per":17.82,"ang":315.49,"t":"ASTEROID","sp":"ASTEROID-4","s":12,"m":24.05,"gd":20.01,"wic":{},"woc":{},"wgc":{},"emm":[{"Type":"1","MainRange":45,"MainValue":0.14,"FarRange":210}],"sig":[{"t":"9-1","s":"","d":{"X":0.18,"Y":-0.07}},{"t":"9-2","s":"","d":{"X":-0.53,"Y":-0.8}},{"t":"X1","s":"","d":{"X":0.067,"Y":-0.812}}],"clr":{"R":246,"G":202,"B":204,"A":255}},"IS2-967-52":{"pid":"IS2-967","orb":2930.73,"per":15.01,"ang":158.21,"t":"ASTEROID","sp":"ASTEROID-2","s":13.65,"m":35.33,"gd":22.75,"wic":{},"woc":{},"wgc":{},"emm":[{"Type":"1","MainRange":41,"MainValue":0.21,"FarRange":152}],"sig":[{"t":"9-1","s":"","d":{"X":-0.91,"Y":0.02}},{"t":"9-2","s":"","d":{"X":-0.05,"Y":0.07}},{"t":"X1","s":"","d":{"X":-0.031,"Y":0.452}}],"clr":{"R":178,"G":229,"B":225,"A":255}},"IS2-967-6":{"pid":"IS2-967","orb":3974.15,"per":20.36,"ang":136.45,"t":"ASTEROID","sp":"ASTEROID-2","s":19.39,"m":101.31,"gd":32.32,"wic":{},"woc":{},"wgc":{},"emm":[{"Type":"1","MainRange":33.300000000000004,"MainValue":0.1,"FarRange":37}],"sig":[{"t":"9-1","s":"","d":{"X":0.6,"Y":-0.59}},{"t":"9-2","s":"","d":{"X":-0.66,"Y":0.72}},{"t":"X1","s":"","d":{"X":-0.162,"Y":-0.648}}],"clr":{"R":250,"G":226,"B":226,"A":255}},"IS2-967-7":{"pid":"IS2-967","orb":3452.92,"per":17.68,"ang":193.55,"t":"ASTEROID","sp":"ASTEROID-5","s":14.91,"m":46.06,"gd":24.85,"wic":{},"woc":{},"wgc":{},"emm":[{"Type":"1","MainRange":56,"MainValue":0.24,"FarRange":171},{"Type":"15","MainRange":54,"MainValue":0.14,"FarRange":177},{"Type":"19","MainRange":46,"MainValue":0.29,"FarRange":230}],"sig":[{"t":"9-1","s":"","d":{"X":0.36,"Y":0.72}},{"t":"9-2","s":"","d":{"X":-0.71,"Y":0.53}},{"t":"X1","s":"","d":{"X":0.565,"Y":-0.521}},{"t":"X15","s":"","d":{"X":-0.476,"Y":-0.018}},{"t":"X19","s":"","d":{"X":0.609,"Y":-0.061}}],"clr":{"R":250,"G":207,"B":234,"A":255}},"IS2-967-8":{"pid":"IS2-967","orb":3916.12,"per":20.06,"ang":122.88,"t":"ASTEROID","sp":"ASTEROID-3","s":16.65,"m":64.14,"gd":27.75,"wic":{},"woc":{},"wgc":{},"emm":[{"Type":"1","MainRange":51,"MainValue":0.12,"FarRange":117}],"sig":[{"t":"9-1","s":"","d":{"X":0.14,"Y":0.26}},{"t":"9-2","s":"","d":{"X":0.84,"Y":0.03}},{"t":"X1","s":"","d":{"X":0.309,"Y":0.373}}],"clr":{"R":220,"G":242,"B":198,"A":255}},"IS2-967-9":{"pid":"IS2-967","orb":3490.96,"per":17.88,"ang":8.93,"t":"ASTEROID","sp":"ASTEROID-4","s":33.16,"m":506.43,"gd":55.26,"wic":{},"woc":{},"wgc":{},"emm":[{"Type":"1","MainRange":72,"MainValue":0.18,"FarRange":99}],"sig":[{"t":"9-1","s":"","d":{"X":0.83,"Y":0.42}},{"t":"9-2","s":"","d":{"X":0.64,"Y":-0.06}},{"t":"X1","s":"","d":{"X":0.139,"Y":-0.487}}],"clr":{"R":244,"G":253,"B":236,"A":255}},"IS2-S1":{"pid":"IS2-sv","orb":1375.16,"per":14.46,"t":"STAR","sp":"STAR-4","s":468.83,"m":5725270.12,"gd":1562.79,"wic":{},"woc":{},"wgc":{},"emm":[{"Type":"2","MainRange":719,"MainValue":5.5,"FarRange":2159}],"sig":[{"t":"X2","s":"","d":{"X":-0.669,"Y":-0.132}}],"clr":{"R":251,"G":221,"B":253,"A":255}},"IS2-S2":{"pid":"IS2-sv","orb":2703.87,"per":14.46,"ang":180,"t":"STAR","sp":"STAR-12","s":213.12,"m":537842.08,"gd":710.42,"wic":{},"woc":{},"wgc":{},"emm":[{"Type":"2","MainRange":1406,"MainValue":5.81,"FarRange":1906}],"sig":[{"t":"X2","s":"","d":{"X":0.214,"Y":0.319}}],"clr":{"R":248,"G":237,"B":252,"A":255}},"IS2-sv":{"iv":true,"wic":{},"woc":{},"wgc":{},"clr":{}}}}