{"SpawnDistance":5653.8460000000005,"Points":{"IV6-1-0":{"pid":"IV6-S","orb":4288.24,"per":71.47,"ang":287.19,"t":"ASTEROID","sp":"ASTEROID-2","s":12,"m":24,"gd":20,"wic":{},"woc":{},"wgc":{},"emm":[{"Type":"1","MainRange":34,"MainValue":0.27,"FarRange":169}],"sig":[{"t":"9-1","s":"","d":{"X":0.21,"Y":0.87}},{"t":"X1","s":"","d":{"X":0.55,"Y":-0.299}}],"clr":{"R":226,"G":198,"B":236,"A":255}},"IV6-1-1":{"pid":"IV6-S","orb":3651.5,"per":60.85,"ang":33.53,"t":"ASTEROID","sp":"ASTEROID-2","s":19.4,"m":101.54,"gd":32.34,"wic":{},"woc":{},"wgc":{},"emm":[{"Type":"1","MainRange":50,"MainValue":0.09,"FarRange":101}],"sig":[{"t":"9-1","s":"","d":{"X":-0.18,"Y":0.69}},{"t":"X1","s":"","d":{"X":-0.65,"Y":-0.243}}],"clr":{"R":232,"G":254,"B":241,"A":255}},"IV6-1-10":{"pid":"IV6-S","orb":4206.68,"per":70.11,"ang":47.52,"t":"ASTEROID","sp":"ASTEROID-2","s":13.96,"m":37.8,"gd":23.26,"wic":{},"woc":{},"wgc":{},"emm":[{"Type":"1","MainRange":25,"MainValue":0.25,"FarRange":119}],"sig":[{"t":"9-1","s":"","d":{"X":-0.56,"Y":0.14}},{"t":"X1","s":"","d":{"X":-0.605,"Y":-0.18}}],"clr":{"R":240,"G":231,"B":189,"A":255}},"IV6-1-11":{"pid":"IV6-S","orb":5112.84,"per":85.21,"ang":279.58,"t":"ASTEROID","sp":"ASTEROID-2","s":25.16,"m":221.26,"gd":41.93,"wic":{},"woc":{},"wgc":{},"emm":[{"Type":"1","MainRange":67,"MainValue":0.2,"FarRange":181}],"sig":[{"t":"9-1","s":"","d":{"X":-0.11,"Y":-0.68}},{"t":"X1","s":"","d":{"X":0.216,"Y":0.305}}],"clr":{"R":203,"G":205,"B":253,"A":255}},"IV6-1-12":{"pid":"IV6-S","orb":5139.86,"per":85.66,"ang":143.79,"t":"ASTEROID","sp":"ASTEROID-1","s":18.79,"m":92.14,"gd":31.31,"wic":{},"woc":{},"wgc":{},"emm":[{"Type":"1","MainRange":54,"MainValue":0.18,"FarRange":137}],"sig":[{"t":"9-1","s":"","d":{"X":-0.23,"Y":-0.79}},{"t":"X1","s":"","d":{"X":0.405,"Y":-0.024}}],"clr":{"R":207,"G":227,"B":253,"A":255}},"IV6-1-13":{"pid":"IV6-S","orb":4270.64,"per":71.17,"ang":297.8,"t":"ASTEROID","sp":"ASTEROID-4","s":15.02,"m":47.13,"gd":25.04,"wic":{},"woc":{},"wgc":{},"emm":[{"Type":"1","MainRange":38,"MainValue":0.16,"FarRange":141}],"sig":[{"t":"9-1","s":"","d":{"X":-0.07,"Y":-0.42}},{"t":"X1","s":"","d":{"X":0.21,"Y":-0.506}}],"clr":{"R":252,"G":254,"B":240,"A":255}},"IV6-1-14":{"pid":"IV6-S","orb":4467.26,"per":74.45,"ang":289.05,"t":"ASTEROID","sp":"ASTEROID-1","s":17.02,"m":68.53,"gd":28.37,"wic":{},"woc":{},"wgc":{},"emm":[{"Type":"1","MainRange":70,"MainValue":0.14,"FarRange":130}],"sig":[{"t":"9-1","s":"","d":{"X":0.01,"Y":-0.79}},{"t":"X1","s":"","d":{"X":-0.237,"Y":-0.051}}],"clr":{"R":254,"G":248,"B":247,"A":255}},"IV6-1-15":{"pid":"IV6-S","orb":4414.79,"per":73.57,"ang":111.94,"t":"ASTEROID","sp":"ASTEROID-3","s":12.98,"m":30.41,"gd":21.64,"wic":{},"woc":{},"wgc":{},"emm":[{"Type":"1","MainRange":52,"MainValue":0.21,"FarRange":185}],"sig":[{"t":"9-1","s":"","d":{"X":0.08,"Y":-0.76}},{"t":"X1","s":"","d":{"X":-0.337,"Y":0.299}}],"clr":{"R":249,"G":226,"B":222,"A":255}},"IV6-1-16":{"pid":"IV6-S","orb":3802.85,"per":63.38,"ang":114.46,"t":"ASTEROID","sp":"ASTEROID-3","s":25.39,"m":227.48,"gd":42.32,"wic":{},"woc":{},"wgc":{},"emm":[{"Type":"1","MainRange":43,"MainValue":0.18,"FarRange":188},{"Type":"11","MainRange":59,"MainValue":0.17,"FarRange":147},{"Type":"3","MainRange":27,"MainValue":0.18,"FarRange":140}],"sig":[{"t":"9-1","s":"","d":{"X":-0.73,"Y":-0.37}},{"t":"X1","s":"","d":{"X":-0.39,"Y":0.811}},{"t":"X11","s":"","d":{"X":-0.219,"Y":0.652}},{"t":"X3","s":"","d":{"X":-0.21,"Y":-0.345}}],"clr":{"R":254,"G":252,"B":246,"A":255}},"IV6-1-17":{"pid":"IV6-S","orb":4082.4,"per":68.04,"ang":279.73,"t":"ASTEROID","sp":"ASTEROID-1","s":13.08,"m":31.08,"gd":21.8,"wic":{},"woc":{},"wgc":{},"emm":[{"Type":"1","MainRange":53,"MainValue":0.21,"FarRange":78}],"sig":[{"t":"9-1","s":"","d":{"X":0.39,"Y":0.13}},{"t":"X1","s":"","d":{"X":0.441,"Y":0.134}}],"clr":{"R":251,"G":232,"B":230,"A":255}},"IV6-1-18":{"pid":"IV6-S","orb":4260.04,"per":71,"ang":69.31,"t":"ASTEROID","sp":"ASTEROID-5","s":22.83,"m":165.3,"gd":38.05,"wic":{},"woc":{},"wgc":{},"emm":[{"Type":"1","MainRange":37,"MainValue":0.19,"FarRange":116},{"Type":"10","MainRange":71,"MainValue":0.33,"FarRange":233}],"sig":[{"t":"9-1","s":"","d":{"X":-0.8,"Y":0.32}},{"t":"X1","s":"","d":{"X":-0.037,"Y":-0.65}},{"t":"X10","s":"","d":{"X":0.447,"Y":-0.741}}],"clr":{"R":202,"G":220,"B":241,"A":255}},"IV6-1-19":{"pid":"IV6-S","orb":4100.38,"per":68.33,"ang":253.65,"t":"ASTEROID","sp":"ASTEROID-3","s":15.59,"m":52.62,"gd":25.98,"wic":{},"woc":{},"wgc":{},"emm":[{"Type":"1","MainRange":59,"MainValue":0.22,"FarRange":97}],"sig":[{"t":"9-1","s":"","d":{"Y":-0.06}},{"t":"X1","s":"","d":{"X":-0.508,"Y":-0.509}}],"clr":{"R":251,"G":253,"B":254,"A":255}},"IV6-1-2":{"pid":"IV6-S","orb":4405.33,"per":73.42,"ang":338.38,"t":"ASTEROID","sp":"ASTEROID-1","s":19.34,"m":100.59,"gd":32.24,"wic":{},"woc":{},"wgc":{},"emm":[{"Type":"1","MainRange":77,"MainValue":0.16,"FarRange":154},{"Type":"20","MainRange":42,"MainValue":0.15,"FarRange":206}],"sig":[{"t":"9-1","s":"","d":{"X":0.54,"Y":-0.82}},{"t":"X1","s":"","d":{"X":0.407,"Y":0.897}},{"t":"X20","s":"","d":{"X":-0.495,"Y":-0.346}}],"clr":{"R":254,"G":240,"B":220,"A":255}},"IV6-1-20":{"pid":"IV6-S","orb":4741.32,"per":79.02,"ang":186.48,"t":"ASTEROID","sp":"ASTEROID-2","s":22.01,"m":148.28,"gd":36.69,"wic":{},"woc":{},"wgc":{},"emm":[{"Type":"1","MainRange":46,"MainValue":0.15,"FarRange":177}],"sig":[{"t":"9-1","s":"","d":{"X":-0.37,"Y":-0.91}},{"t":"X1","s":"","d":{"X":-0.908,"Y":-0.389}}],"clr":{"R":179,"G":242,"B":183,"A":255}},"IV6-1-21":{"pid":"IV6-S","orb":3764.2,"per":62.73,"ang":78.8,"t":"ASTEROID","sp":"ASTEROID-5","s":11.77,"m":22.7,"gd":19.63,"wic":{},"woc":{},"wgc":{},"emm":[{"Type":"1","MainRange":41,"MainValue":0.2,"FarRange":146},{"Type":"12","MainRange":60,"MainValue":0.14,"FarRange":122}],"sig":[{"t":"9-1","s":"","d":{"X":0.22,"Y":0.44}},{"t":"X1","s":"","d":{"X":0.223,"Y":0.721}},{"t":"X12","s":"","d":{"X":-0.523,"Y":0.117}}],"clr":{"R":248,"G":195,"B":202,"A":255}},"IV6-1-22":{"pid":"IV6-S","orb":4488.86,"per":74.81,"ang":128.58,"t":"ASTEROID","sp":"ASTEROID-3","s":20.25,"m":115.45,"gd":33.76,"wic":{},"woc":{},"wgc":{},"emm":[{"Type":"1","MainRange":36,"MainValue":0.18,"FarRange":162}],"sig":[{"t":"9-1","s":"","d":{"X":-0.86,"Y":0.09}},{"t":"X1","s":"","d":{"X":-0.665,"Y":0.646}}],"clr":{"R":232,"G":231,"B":251,"A":255}},"IV6-1-23":{"pid":"IV6-S","orb":4773.69,"per":79.56,"ang":13.95,"t":"ASTEROID","sp":"ASTEROID-2","s":32.4,"m":472.75,"gd":54.01,"wic":{},"woc":{},"wgc":{},"emm":[{"Type":"1","MainRange":45,"MainValue":0.15,"FarRange":200}],"sig":[{"t":"9-1","s":"","d":{"X":-0.78,"Y":0.17}},{"t":"X1","s":"","d":{"X":-0.325,"Y":0.811}}],"clr":{"R":197,"G":241,"B":246,"A":255}},"IV6-1-24":{"pid":"IV6-S","orb":3936.43,"per":65.6,"ang":48.1,"t":"ASTEROID","sp":"ASTEROID-3","s":11.22,"m":19.63,"gd":18.7,"wic":{},"woc":{},"wgc":{},"emm":[{"Type":"1","MainRange":52,"MainValue":0.25,"FarRange":114}],"sig":[{"t":"9-1","s":"","d":{"X":-0.44,"Y":0.8}},{"t":"X1","s":"","d":{"X":0.064,"Y":-0.148}}],"clr":{"R":240,"G":253,"B":241,"A":255}},"IV6-1-25":{"pid":"IV6-S","orb":4572.67,"per":76.21,"ang":255.43,"t":"ASTEROID","sp":"ASTEROID-2","s":23.45,"m":179.18,"gd":39.08,"wic":{},"woc":{},"wgc":{},"emm":[{"Type":"1","MainRange":44,"MainValue":0.21,"FarRange":158}],"sig":[{"t":"9-1","s":"","d":{"X":-0.51,"Y":0.73}},{"t":"X1","s":"","d":{"X":-0.271,"Y":-0.159}}],"clr":{"R":253,"G":253,"B":254,"A":255}},"IV6-1-26":{"pid":"IV6-S","orb":4242.25,"per":70.7,"ang":51.57,"t":"ASTEROID","sp":"ASTEROID-1","s":17.12,"m":69.78,"gd":28.54,"wic":{},"woc":{},"wgc":{},"emm":[{"Type":"1","MainRange":32,"MainValue":0.3,"FarRange":125}],"sig":[{"t":"9-1","s":"","d":{"X":-0.36,"Y":-0.7}},{"t":"X1","s":"","d":{"X":0.48,"Y":-0.345}}],"clr":{"R":212,"G":251,"B":250,"A":255}},"IV6-1-27":{"pid":"IV6-S","orb":4190.88,"per":69.84,"ang":136.07,"t":"ASTEROID","sp":"ASTEROID-2","s":17.88,"m":79.46,"gd":29.8,"wic":{},"woc":{},"wgc":{},"emm":[{"Type":"1","MainRange":39,"MainValue":0.2,"FarRange":216}],"sig":[{"t":"9-1","s":"","d":{"X":-0.35,"Y":0.91}},{"t":"X1","s":"","d":{"X":-0.797,"Y":-0.298}}],"clr":{"R":240,"G":251,"B":228,"A":255}},"IV6-1-28":{"pid":"IV6-S","orb":4696.49,"per":78.27,"ang":211.18,"t":"ASTEROID","sp":"ASTEROID-2","s":27.27,"m":281.96,"gd":45.46,"wic":{},"woc":{},"wgc":{},"emm":[{"Type":"1","MainRange":49,"MainValue":0.16,"FarRange":111}],"sig":[{"t":"9-1","s":"","d":{"X":0.2,"Y":0.1}},{"t":"X1","s":"","d":{"X":-0.462,"Y":0.737}}],"clr":{"R":242,"G":212,"B":233,"A":255}},"IV6-1-29":{"pid":"IV6-S","orb":4387.61,"per":73.12,"ang":113.13,"t":"ASTEROID","sp":"ASTEROID-5","s":15.12,"m":48.07,"gd":25.21,"wic":{},"woc":{},"wgc":{},"emm":[{"Type":"1","MainRange":48,"MainValue":0.19,"FarRange":97}],"sig":[{"t":"9-1","s":"","d":{"X":-0.52,"Y":-0.19}},{"t":"X1","s":"","d":{"X":0.509,"Y":-0.179}}],"clr":{"R":186,"G":233,"B":201,"A":255}},"IV6-1-3":{"pid":"IV6-S","orb":4632.4,"per":77.2,"ang":258.3,"t":"ASTEROID","sp":"ASTEROID-4","s":25.2,"m":222.35,"gd":42,"wic":{},"woc":{},"wgc":{},"emm":[{"Type":"1","MainRange":34,"MainValue":0.21,"FarRange":203}],"sig":[{"t":"9-1","s":"","d":{"X":-0.98,"Y":-0.06}},{"t":"X1","s":"","d":{"X":-0.497,"Y":-0.453}}],"clr":{"R":239,"G":192,"B":230,"A":255}},"IV6-1-30":{"pid":"IV6-S","orb":3888.93,"per":64.81,"ang":103.02,"t":"ASTEROID","sp":"ASTEROID-5","s":10.43,"m":15.79,"gd":17.39,"wic":{},"woc":{},"wgc":{},"emm":[{"Type":"1","MainRange":34,"MainValue":0.23,"FarRange":122}],"sig":[{"t":"9-1","s":"","d":{"X":-0.48,"Y":-0.66}},{"t":"X1","s":"","d":{"X":0.005,"Y":0.265}}],"clr":{"R":247,"G":198,"B":254,"A":255}},"IV6-1-31":{"pid":"IV6-S","orb":4203.25,"per":70.05,"ang":57.38,"t":"ASTEROID","sp":"ASTEROID-5","s":17.33,"m":72.32,"gd":28.88,"wic":{},"woc":{},"wgc":{},"emm":[{"Type":"1","MainRange":36,"MainValue":0.24,"FarRange":108}],"sig":[{"t":"9-1","s":"","d":{"X":-0.01,"Y":0.65}},{"t":"X1","s":"","d":{"X":-0.865,"Y":0.307}}],"clr":{"R":253,"G":254,"B":254,"A":255}},"IV6-1-32":{"pid":"IV6-S","orb":4139.07,"per":68.98,"ang":30.35,"t":"ASTEROID","sp":"ASTEROID-3","s":20.27,"m":115.83,"gd":33.79,"wic":{},"woc":{},"wgc":{},"emm":[{"Type":"1","MainRange":62,"MainValue":0.26,"FarRange":169}],"sig":[{"t":"9-1","s":"","d":{"X":0.56,"Y":0.78}},{"t":"X1","s":"","d":{"X":-0.227,"Y":0.691}}],"clr":{"R":214,"G":242,"B":226,"A":255}},"IV6-1-33":{"pid":"IV6-S","orb":3607.68,"per":60.12,"ang":47.74,"t":"ASTEROID","sp":"ASTEROID-3","s":18.83,"m":92.87,"gd":31.39,"wic":{},"woc":{},"wgc":{},"emm":[{"Type":"1","MainRange":51,"MainValue":0.21,"FarRange":82}],"sig":[{"t":"9-1","s":"","d":{"X":-0.21,"Y":0.33}},{"t":"X1","s":"","d":{"X":0.347,"Y":0.022}}],"clr":{"R":222,"G":239,"B":194,"A":255}},"IV6-1-34":{"pid":"IV6-S","orb":3872.88,"per":64.54,"ang":290.69,"t":"ASTEROID","sp":"ASTEROID-1","s":18.67,"m":90.41,"gd":31.11,"wic":{},"woc":{},"wgc":{},"emm":[{"Type":"1","MainRange":25,"MainValue":0.15,"FarRange":244}],"sig":[{"t":"9-1","s":"","d":{"X":0.76,"Y":0.48}},{"t":"X1","s":"","d":{"X":0.086,"Y":-0.918}}],"clr":{"R":253,"G":226,"B":235,"A":255}},"IV6-1-35":{"pid":"IV6-S","orb":4453.34,"per":74.22,"ang":352.89,"t":"ASTEROID","sp":"ASTEROID-4","s":19.8,"m":107.86,"gd":33,"wic":{},"woc":{},"wgc":{},"emm":[{"Type":"1","MainRange":63,"MainValue":0.23,"FarRange":124}],"sig":[{"t":"9-1","s":"","d":{"X":-0.37,"Y":0.44}},{"t":"X1","s":"","d":{"X":0.091,"Y":-0.874}}],"clr":{"R":171,"G":252,"B":248,"A":255}},"IV6-1-36":{"pid":"IV6-S","orb":4303.07,"per":71.71,"ang":284.19,"t":"ASTEROID","sp":"ASTEROID-5","s":33.68,"m":530.66,"gd":56.13,"wic":{},"woc":{},"wgc":{},"emm":[{"Type":"1","MainRange":58,"MainValue":0.13,"FarRange":96}],"sig":[{"t":"9-1","s":"","d":{"X":-0.01,"Y":0.1}},{"t":"X1","s":"","d":{"X":-0.747,"Y":0.34}}],"clr":{"R":245,"G":236,"B":197,"A":255}},"IV6-1-37":{"pid":"IV6-S","orb":4643.97,"per":77.39,"ang":116.67,"t":"ASTEROID","sp":"ASTEROID-3","s":22.72,"m":163.07,"gd":37.88,"wic":{},"woc":{},"wgc":{},"emm":[{"Type":"1","MainRange":68,"MainValue":0.26,"FarRange":190}],"sig":[{"t":"9-1","s":"","d":{"X":-0.67,"Y":-0.12}},{"t":"X1","s":"","d":{"X":0.332,"Y":0.927}}],"clr":{"R":254,"G":254,"B":254,"A":255}},"IV6-1-38":{"pid":"IV6-S","orb":3670.91,"per":61.18,"ang":350.63,"t":"ASTEROID","sp":"ASTEROID-4","s":30.34,"m":388.02,"gd":50.57,"wic":{},"woc":{},"wgc":{},"emm":[{"Type":"1","MainRange":68,"MainValue":0.19,"FarRange":225}],"sig":[{"t":"9-1","s":"","d":{"X":0.29,"Y":-0.08}},{"t":"X1","s":"","d":{"X":0.45,"Y":-0.577}}],"clr":{"R":240,"G":249,"B":230,"A":255}},"IV6-1-39":{"pid":"IV6-S","orb":4548.25,"per":75.8,"ang":167.1,"t":"ASTEROID","sp":"ASTEROID-1","s":11.71,"m":22.32,"gd":19.52,"wic":{},"woc":{},"wgc":{},"emm":[{"Type":"1","MainRange":48,"MainValue":0.31,"FarRange":175}],"sig":[{"t":"9-1","s":"","d":{"X":0.11,"Y":0.17}},{"t":"X1","s":"","d":{"X":-0.274,"Y":0.045}}],"clr":{"R":254,"G":239,"B":237,"A":255}},"IV6-1-4":{"pid":"IV6-S","orb":4825.77,"per":80.42,"ang":124.58,"t":"ASTEROID","sp":"ASTEROID-5","s":21.65,"m":141.03,"gd":36.09,"wic":{},"woc":{},"wgc":{},"emm":[{"Type":"1","MainRange":47,"MainValue":0.12,"FarRange":170}],"sig":[{"t":"9-1","s":"","d":{"X":-0.18,"Y":-0.07}},{"t":"X1","s":"","d":{"X":-0.872,"Y":-0.2}}],"clr":{"R":243,"G":249,"B":230,"A":255}},"IV6-1-40":{"pid":"IV6-S","orb":4135.27,"per":68.92,"ang":319.35,"t":"ASTEROID","sp":"ASTEROID-2","s":21.87,"m":145.32,"gd":36.45,"wic":{},"woc":{},"wgc":{},"emm":[{"Type":"1","MainRange":51,"MainValue":0.17,"FarRange":149}],"sig":[{"t":"9-1","s":"","d":{"X":0.34,"Y":-0.85}},{"t":"X1","s":"","d":{"X":0.145,"Y":-0.257}}],"clr":{"R":223,"G":192,"B":251,"A":255}},"IV6-1-41":{"pid":"IV6-S","orb":4208.19,"per":70.13,"ang":252.79,"t":"ASTEROID","sp":"ASTEROID-2","s":23.99,"m":191.96,"gd":39.99,"wic":{},"woc":{},"wgc":{},"emm":[{"Type":"1","MainRange":66,"MainValue":0.15,"FarRange":185}],"sig":[{"t":"9-1","s":"","d":{"X":0.32,"Y":-0.17}},{"t":"X1","s":"","d":{"X":-0.978,"Y":0.026}}],"clr":{"R":203,"G":203,"B":247,"A":255}},"IV6-1-42":{"pid":"IV6-S","orb":3880.24,"per":64.67,"ang":132.32,"t":"ASTEROID","sp":"ASTEROID-4","s":13.2,"m":31.95,"gd":22,"wic":{},"woc":{},"wgc":{},"emm":[{"Type":"1","MainRange":68,"MainValue":0.25,"FarRange":81}],"sig":[{"t":"9-1","s":"","d":{"X":0.18,"Y":-0.67}},{"t":"X1","s":"","d":{"X":-0.516,"Y":-0.423}}],"clr":{"R":218,"G":252,"B":228,"A":255}},"IV6-1-43":{"pid":"IV6-S","orb":3985.32,"per":66.42,"ang":19.63,"t":"ASTEROID","sp":"ASTEROID-4","s":23.24,"m":174.49,"gd":38.74,"wic":{},"woc":{},"wgc":{},"emm":[{"Type":"1","MainRange":54,"MainValue":0.18,"FarRange":137}],"sig":[{"t":"9-1","s":"","d":{"X":0.44,"Y":0.81}},{"t":"X1","s":"","d":{"X":-0.782,"Y":0.289}}],"clr":{"R":210,"G":240,"B":233,"A":255}},"IV6-1-44":{"pid":"IV6-S","orb":4136.17,"per":68.93,"ang":73.05,"t":"ASTEROID","sp":"ASTEROID-1","s":15.45,"m":51.22,"gd":25.75,"wic":{},"woc":{},"wgc":{},"emm":[{"Type":"1","MainRange":76,"MainValue":0.18,"FarRange":127},{"Type":"3","MainRange":86,"MainValue":0.06,"FarRange":145},{"Type":"26","MainRange":63,"MainValue":0.23,"FarRange":161},{"Type":"27","MainRange":46,"MainValue":0.16,"FarRange":98},{"Type":"16","MainRange":55,"MainValue":0.26,"FarRange":149},{"Type":"20","MainRange":58,"MainValue":0.2,"FarRange":163},{"Type":"19","MainRange":49,"MainValue":0.06,"FarRange":186}],"sig":[{"t":"9-1","s":"","d":{"X":0.08,"Y":-0.62}},{"t":"X1","s":"","d":{"X":-0.707,"Y":-0.633}},{"t":"X3","s":"","d":{"X":0.038,"Y":0.053}},{"t":"X26","s":"","d":{"X":-0.196,"Y":-0.341}},{"t":"X27","s":"","d":{"X":-0.716,"Y":-0.221}},{"t":"X16","s":"","d":{"X":0.825,"Y":-0.222}},{"t":"X20","s":"","d":{"X":0.143,"Y":-0.894}},{"t":"X19","s":"","d":{"X":-0.552,"Y":0.529}}],"clr":{"R":253,"G":253,"B":250,"A":255}},"IV6-1-45":{"pid":"IV6-S","orb":3808.72,"per":63.47,"ang":47.3,"t":"ASTEROID","sp":"ASTEROID-3","s":18.33,"m":85.63,"gd":30.56,"wic":{},"woc":{},"wgc":{},"emm":[{"Type":"1","MainRange":62,"MainValue":0.26,"FarRange":168}],"sig":[{"t":"9-1","s":"","d":{"X":0.63,"Y":0.52}},{"t":"X1","s":"","d":{"X":0.115,"Y":-0.982}}],"clr":{"R":250,"G":237,"B":236,"A":255}},"IV6-1-46":{"pid":"IV6-S","orb":3932.05,"per":65.53,"ang":205.31,"t":"ASTEROID","sp":"ASTEROID-4","s":19.44,"m":102.16,"gd":32.41,"wic":{},"woc":{},"wgc":{},"emm":[{"Type":"1","MainRange":46,"MainValue":0.26,"FarRange":164}],"sig":[{"t":"9-1","s":"","d":{"X":-0.1,"Y":-0.94}},{"t":"X1","s":"","d":{"X":-0.539,"Y":0.506}}],"clr":{"R":191,"G":188,"B":243,"A":255}},"IV6-1-47":{"pid":"IV6-S","orb":4366.32,"per":72.77,"ang":167.38,"t":"ASTEROID","sp":"ASTEROID-1","s":22.97,"m":168.42,"gd":38.29,"wic":{},"woc":{},"wgc":{},"emm":[{"Type":"1","MainRange":57,"MainValue":0.06,"FarRange":131},{"Type":"16","MainRange":43,"MainValue":0.24,"FarRange":255},{"Type":"13","MainRange":48,"MainValue":0.16,"FarRange":205}],"sig":[{"t":"9-1","s":"","d":{"X":0.29,"Y":-0.52}},{"t":"X1","s":"","d":{"X":0.845,"Y":-0.183}},{"t":"X16","s":"","d":{"X":-0.066,"Y":-0.729}},{"t":"X13","s":"","d":{"X":-0.505,"Y":-0.539}}],"clr":{"R":246,"G":254,"B":200,"A":255}},"IV6-1-48":{"pid":"IV6-S","orb":4166.26,"per":69.43,"ang":187.39,"t":"ASTEROID","sp":"ASTEROID-4","s":28.22,"m":312.14,"gd":47.03,"wic":{},"woc":{},"wgc":{},"emm":[{"Type":"1","MainRange":52,"MainValue":0.2,"FarRange":137}],"sig":[{"t":"9-1","s":"","d":{"X":-0.58,"Y":0.67}},{"t":"X1","s":"","d":{"X":0.459,"Y":0.344}}],"clr":{"R":211,"G":228,"B":242,"A":255}},"IV6-1-49":{"pid":"IV6-S","orb":4932.68,"per":82.21,"ang":326.48,"t":"ASTEROID","sp":"ASTEROID-4","s":14.19,"m":39.73,"gd":23.66,"wic":{},"woc":{},"wgc":{},"emm":[{"Type":"1","MainRange":56,"MainValue":0.19,"FarRange":101}],"sig":[{"t":"9-1","s":"","d":{"X":0.36,"Y":-0.92}},{"t":"X1","s":"","d":{"X":0.046,"Y":0.052}}],"clr":{"R":243,"G":246,"B":252,"A":255}},"IV6-1-5":{"pid":"IV6-S","orb":4374.59,"per":72.9,"ang":129.04,"t":"ASTEROID","sp":"ASTEROID-3","s":18.71,"m":91.1,"gd":31.19,"wic":{},"woc":{},"wgc":{},"emm":[{"Type":"1","MainRange":72,"MainValue":0.14,"FarRange":190}],"sig":[{"t":"9-1","s":"","d":{"X":0.5,"Y":-0.51}},{"t":"X1","s":"","d":{"X":-0.033,"Y":0.243}}],"clr":{"R":209,"G":204,"B":239,"A":255}},"IV6-1-50":{"pid":"IV6-S","orb":4741.3,"per":79.02,"ang":329.16,"t":"ASTEROID","sp":"ASTEROID-5","s":15.1,"m":47.84,"gd":25.17,"wic":{},"woc":{},"wgc":{},"emm":[{"Type":"1","MainRange":54,"MainValue":0.26,"FarRange":64}],"sig":[{"t":"9-1","s":"","d":{"X":0.09,"Y":-0.8}},{"t":"X1","s":"","d":{"X":-0.421,"Y":0.45}}],"clr":{"R":248,"G":186,"B":185,"A":255}},"IV6-1-51":{"pid":"IV6-S","orb":4306.12,"per":71.76,"ang":280.59,"t":"ASTEROID","sp":"ASTEROID-4","s":15.02,"m":47.08,"gd":25.03,"wic":{},"woc":{},"wgc":{},"emm":[{"Type":"1","MainRange":45,"MainValue":0.19,"FarRange":102}],"sig":[{"t":"9-1","s":"","d":{"X":-0.91,"Y":0.03}},{"t":"X1","s":"","d":{"X":0.467,"Y":0.529}}],"clr":{"R":226,"G":246,"B":218,"A":255}},"IV6-1-52":{"pid":"IV6-S","orb":3702.97,"per":61.71,"ang":244.48,"t":"ASTEROID","sp":"ASTEROID-5","s":16.03,"m":57.26,"gd":26.72,"wic":{},"woc":{},"wgc":{},"emm":[{"Type":"1","MainRange":45,"MainValue":0.12,"FarRange":141}],"sig":[{"t":"9-1","s":"","d":{"X":-0.71,"Y":-0.24}},{"t":"X1","s":"","d":{"X":-0.111,"Y":0.289}}],"clr":{"R":241,"G":240,"B":198,"A":255}},"IV6-1-53":{"pid":"IV6-S","orb":3621.47,"per":60.35,"ang":330.5,"t":"ASTEROID","sp":"ASTEROID-4","s":26.8,"m":267.41,"gd":44.67,"wic":{},"woc":{},"wgc":{},"emm":[{"Type":"1","MainRange":76,"MainValue":0.2,"FarRange":88}],"sig":[{"t":"9-1","s":"","d":{"X":-0.11,"Y":0.91}},{"t":"X1","s":"","d":{"X":0.684,"Y":-0.3}}],"clr":{"R":217,"G":251,"B":204,"A":255}},"IV6-1-54":{"pid":"IV6-S","orb":4077.64,"per":67.96,"ang":306.49,"t":"ASTEROID","sp":"ASTEROID-2","s":13.9,"m":37.35,"gd":23.17,"wic":{},"woc":{},"wgc":{},"emm":[{"Type":"1","MainRange":64,"MainValue":0.32,"FarRange":88}],"sig":[{"t":"9-1","s":"","d":{"X":-0.53,"Y":-0.14}},{"t":"X1","s":"","d":{"X":-0.093,"Y":-0.793}}],"clr":{"R":240,"G":251,"B":231,"A":255}},"IV6-1-55":{"pid":"IV6-S","orb":3620.18,"per":60.33,"ang":273.11,"t":"ASTEROID","sp":"ASTEROID-4","s":19.84,"m":108.58,"gd":33.07,"wic":{},"woc":{},"wgc":{},"emm":[{"Type":"1","MainRange":60,"MainValue":0.23,"FarRange":201}],"sig":[{"t":"9-1","s":"","d":{"X":-0.58,"Y":0.16}},{"t":"X1","s":"","d":{"X":-0.546,"Y":0.29}}],"clr":{"R":208,"G":242,"B":211,"A":255}},"IV6-1-56":{"pid":"IV6-S","orb":4666.71,"per":77.77,"ang":325.78,"t":"ASTEROID","sp":"ASTEROID-2","s":15.86,"m":55.5,"gd":26.44,"wic":{},"woc":{},"wgc":{},"emm":[{"Type":"1","MainRange":66,"MainValue":0.24,"FarRange":136}],"sig":[{"t":"9-1","s":"","d":{"X":0.88,"Y":0.39}},{"t":"X1","s":"","d":{"X":-0.096,"Y":-0.411}}],"clr":{"R":246,"G":173,"B":248,"A":255}},"IV6-1-57":{"pid":"IV6-S","orb":4159.86,"per":69.33,"ang":60.07,"t":"ASTEROID","sp":"ASTEROID-4","s":19.6,"m":104.6,"gd":32.66,"wic":{},"woc":{},"wgc":{},"emm":[{"Type":"1","MainRange":59,"MainValue":0.32,"FarRange":224}],"sig":[{"t":"9-1","s":"","d":{"X":0.4,"Y":0.73}},{"t":"X1","s":"","d":{"X":0.749,"Y":0.184}}],"clr":{"R":254,"G":244,"B":228,"A":255}},"IV6-1-58":{"pid":"IV6-S","orb":4398.76,"per":73.31,"ang":292.02,"t":"ASTEROID","sp":"ASTEROID-3","s":6.59,"m":3.97,"gd":10.98,"wic":{},"woc":{},"wgc":{},"emm":[{"Type":"1","MainRange":45,"MainValue":0.17,"FarRange":185}],"sig":[{"t":"9-1","s":"","d":{"X":-0.36,"Y":-0.5}},{"t":"X1","s":"","d":{"X":0.146,"Y":-0.389}}],"clr":{"R":215,"G":252,"B":181,"A":255}},"IV6-1-59":{"pid":"IV6-S","orb":4739.45,"per":78.99,"ang":267.79,"t":"ASTEROID","sp":"ASTEROID-1","s":20.74,"m":123.94,"gd":34.56,"wic":{},"woc":{},"wgc":{},"emm":[{"Type":"1","MainRange":54,"MainValue":0.15,"FarRange":161}],"sig":[{"t":"9-1","s":"","d":{"X":-0.19,"Y":0.43}},{"t":"X1","s":"","d":{"X":-0.27,"Y":0.92}}],"clr":{"R":240,"G":246,"B":220,"A":255}},"IV6-1-6":{"pid":"IV6-S","orb":3251.4,"per":54.19,"ang":210.18,"t":"ASTEROID","sp":"ASTEROID-5","s":25.06,"m":218.71,"gd":41.77,"wic":{},"woc":{},"wgc":{},"emm":[{"Type":"1","MainRange":54,"MainValue":0.23,"FarRange":97}],"sig":[{"t":"9-1","s":"","d":{"X":-0.79,"Y":0.41}},{"t":"X1","s":"","d":{"X":0.706,"Y":0.578}}],"clr":{"R":254,"G":252,"B":239,"A":255}},"IV6-1-60":{"pid":"IV6-S","orb":4495.6,"per":74.92,"ang":339.54,"t":"ASTEROID","sp":"ASTEROID-5","s":20.54,"m":120.49,"gd":34.24,"wic":{},"woc":{},"wgc":{},"emm":[{"Type":"1","MainRange":30,"MainValue":0.22,"FarRange":100}],"sig":[{"t":"9-1","s":"","d":{"X":-0.29,"Y":0.58}},{"t":"X1","s":"","d":{"X":0.901,"Y":-0.07}}],"clr":{"R":174,"G":248,"B":168,"A":255}},"IV6-1-61":{"pid":"IV6-S","orb":3857.23,"per":64.28,"ang":115.75,"t":"ASTEROID","sp":"ASTEROID-5","s":16.32,"m":60.41,"gd":27.2,"wic":{},"woc":{},"wgc":{},"emm":[{"Type":"1","MainRange":61,"MainValue":0.28,"FarRange":131}],"sig":[{"t":"9-1","s":"","d":{"X":0.5,"Y":0.58}},{"t":"X1","s":"","d":{"X":-0.65,"Y":-0.279}}],"clr":{"R":231,"G":179,"B":214,"A":255}},"IV6-1-62":{"pid":"IV6-S","orb":3957.94,"per":65.96,"ang":339.71,"t":"ASTEROID","sp":"ASTEROID-2","s":22.28,"m":153.75,"gd":37.14,"wic":{},"woc":{},"wgc":{},"emm":[{"Type":"1","MainRange":54,"MainValue":0.1,"FarRange":149}],"sig":[{"t":"9-1","s":"","d":{"X":-0.74,"Y":-0.06}},{"t":"X1","s":"","d":{"X":-0.56,"Y":-0.798}}],"clr":{"R":253,"G":188,"B":235,"A":255}},"IV6-1-63":{"pid":"IV6-S","orb":4970.19,"per":82.83,"ang":165.2,"t":"ASTEROID","sp":"ASTEROID-2","s":17.19,"m":70.57,"gd":28.65,"wic":{},"woc":{},"wgc":{},"emm":[{"Type":"1","MainRange":58,"MainValue":0.29,"FarRange":179}],"sig":[{"t":"9-1","s":"","d":{"X":-0.16,"Y":-0.06}},{"t":"X1","s":"","d":{"X":-0.068,"Y":0.29}}],"clr":{"R":246,"G":221,"B":212,"A":255}},"IV6-1-64":{"pid":"IV6-S","orb":3988.42,"per":66.47,"ang":297.35,"t":"ASTEROID","sp":"ASTEROID-1","s":27.67,"m":294.29,"gd":46.11,"wic":{},"woc":{},"wgc":{},"emm":[{"Type":"1","MainRange":39,"MainValue":0.15,"FarRange":188},{"Type":"6","MainRange":53,"MainValue":0.15,"FarRange":97},{"Type":"17","MainRange":41,"MainValue":0.1,"FarRange":128},{"Type":"2","MainRange":59,"MainValue":0.15,"FarRange":92}],"sig":[{"t":"9-1","s":"","d":{"X":0.56,"Y":0.49}},{"t":"X1","s":"","d":{"X":-0.05,"Y":-0.199}},{"t":"X6","s":"","d":{"X":0.64,"Y":-0.442}},{"t":"X17","s":"","d":{"X":-0.562,"Y":0.823}},{"t":"X2","s":"","d":{"X":0.332,"Y":0.823}}],"clr":{"R":218,"G":216,"B":254,"A":255}},"IV6-1-65":{"pid":"IV6-S","orb":4261.74,"per":71.02,"ang":54.91,"t":"ASTEROID","sp":"ASTEROID-2","s":26.91,"m":270.89,"gd":44.86,"wic":{},"woc":{},"wgc":{},"emm":[{"Type":"1","MainRange":39,"MainValue":0.21,"FarRange":147}],"sig":[{"t":"9-1","s":"","d":{"X":0.23,"Y":0.81}},{"t":"X1","s":"","d":{"X":0.181,"Y":-0.065}}],"clr":{"R":253,"G":235,"B":252,"A":255}},"IV6-1-66":{"pid":"IV6-S","orb":4367.73,"per":72.79,"ang":29.16,"t":"ASTEROID","sp":"ASTEROID-2","s":19.44,"m":102.19,"gd":32.41,"wic":{},"woc":{},"wgc":{},"emm":[{"Type":"1","MainRange":17,"MainValue":0.2,"FarRange":128}],"sig":[{"t":"9-1","s":"","d":{"X":0.6,"Y":-0.23}},{"t":"X1","s":"","d":{"X":-0.174,"Y":0.883}}],"clr":{"R":205,"G":180,"B":230,"A":255}},"IV6-1-67":{"pid":"IV6-S","orb":3990.91,"per":66.51,"ang":230.39,"t":"ASTEROID","sp":"ASTEROID-2","s":16.6,"m":63.62,"gd":27.67,"wic":{},"woc":{},"wgc":{},"emm":[{"Type":"1","MainRange":41,"MainValue":0.29,"FarRange":119}],"sig":[{"t":"9-1","s":"","d":{"X":0.12,"Y":0.48}},{"t":"X1","s":"","d":{"X":0.55,"Y":-0.062}}],"clr":{"R":249,"G":185,"B":197,"A":255}},"IV6-1-68":{"pid":"IV6-S","orb":3936.34,"per":65.6,"ang":277.86,"t":"ASTEROID","sp":"ASTEROID-1","s":15.16,"m":48.45,"gd":25.27,"wic":{},"woc":{},"wgc":{},"emm":[{"Type":"1","MainRange":20,"MainValue":0.14,"FarRange":151}],"sig":[{"t":"9-1","s":"","d":{"X":-0.32,"Y":-0.38}},{"t":"X1","s":"","d":{"X":-0.567,"Y":-0.332}}],"clr":{"R":249,"G":242,"B":209,"A":255}},"IV6-1-69":{"pid":"IV6-S","orb":4236.63,"per":70.61,"ang":168.75,"t":"ASTEROID","sp":"ASTEROID-3","s":27.29,"m":282.48,"gd":45.49,"wic":{},"woc":{},"wgc":{},"emm":[{"Type":"1","MainRange":13.5,"MainValue":0.14,"FarRange":15}],"sig":[{"t":"9-1","s":"","d":{"X":-0.03,"Y":0.2}},{"t":"X1","s":"","d":{"X":-0.659,"Y":0.196}}],"clr":{"R":248,"G":213,"B":229,"A":255}},"IV6-1-7":{"pid":"IV6-S","orb":4190.23,"per":69.83,"ang":313.13,"t":"ASTEROID","sp":"ASTEROID-4","s":16.17,"m":58.73,"gd":26.95,"wic":{},"woc":{},"wgc":{},"emm":[{"Type":"1","MainRange":40,"MainValue":0.13,"FarRange":70}],"sig":[{"t":"9-1","s":"","d":{"X":0.86,"Y":0.17}},{"t":"X1","s":"","d":{"X":0.789,"Y":0.58}}],"clr":{"R":230,"G":235,"B":180,"A":255}},"IV6-1-70":{"pid":"IV6-S","orb":4674.88,"per":77.91,"ang":17.41,"t":"ASTEROID","sp":"ASTEROID-5","s":21.59,"m":139.87,"gd":35.99,"wic":{},"woc":{},"wgc":{},"emm":[{"Type":"1","MainRange":35,"MainValue":0.15,"FarRange":181}],"sig":[{"t":"9-1","s":"","d":{"X":0.14,"Y":-0.07}},{"t":"X1","s":"","d":{"X":0.804,"Y":0.535}}],"clr":{"R":213,"G":247,"B":239,"A":255}},"IV6-1-71":{"pid":"IV6-S","orb":4241.29,"per":70.68,"ang":165.41,"t":"ASTEROID","sp":"ASTEROID-5","s":26.34,"m":253.81,"gd":43.9,"wic":{},"woc":{},"wgc":{},"emm":[{"Type":"1","MainRange":41,"MainValue":0.26,"FarRange":101}],"sig":[{"t":"9-1","s":"","d":{"X":-0.56,"Y":-0.32}},{"t":"X1","s":"","d":{"X":0.287,"Y":-0.239}}],"clr":{"R":201,"G":253,"B":251,"A":255}},"IV6-1-72":{"pid":"IV6-S","orb":4189.04,"per":69.81,"ang":119.43,"t":"ASTEROID","sp":"ASTEROID-3","s":11.75,"m":22.55,"gd":19.58,"wic":{},"woc":{},"wgc":{},"emm":[{"Type":"1","MainRange":67,"MainValue":0.26,"FarRange":128},{"Type":"20","MainRange":50,"MainValue":0.18,"FarRange":128}],"sig":[{"t":"9-1","s":"","d":{"X":-0.53,"Y":0.16}},{"t":"X1","s":"","d":{"X":-0.791,"Y":-0.034}},{"t":"X20","s":"","d":{"X":0.156,"Y":-0.093}}],"clr":{"R":227,"G":244,"B":213,"A":255}},"IV6-1-73":{"pid":"IV6-S","orb":4545.98,"per":75.76,"ang":306.05,"t":"ASTEROID","sp":"ASTEROID-5","s":17.42,"m":73.45,"gd":29.03,"wic":{},"woc":{},"wgc":{},"emm":[{"Type":"1","MainRange":53,"MainValue":0.17,"FarRange":175}],"sig":[{"t":"9-1","s":"","d":{"X":-0.54,"Y":-0.01}},{"t":"X1","s":"","d":{"X":-0.65,"Y":-0.718}}],"clr":{"R":250,"G":194,"B":203,"A":255}},"IV6-1-74":{"pid":"IV6-S","orb":3896.6,"per":64.94,"ang":223.35,"t":"ASTEROID","sp":"ASTEROID-3","s":17.59,"m":75.63,"gd":29.32,"wic":{},"woc":{},"wgc":{},"emm":[{"Type":"1","MainRange":60,"MainValue":0.17,"FarRange":140}],"sig":[{"t":"9-1","s":"","d":{"X":-0.62,"Y":0.45}},{"t":"X1","s":"","d":{"X":-0.208,"Y":-0.628}}],"clr":{"R":244,"G":169,"B":231,"A":255}},"IV6-1-75":{"pid":"IV6-S","orb":4845.2,"per":80.75,"ang":193.42,"t":"ASTEROID","sp":"ASTEROID-5","s":28.44,"m":319.51,"gd":47.4,"wic":{},"woc":{},"wgc":{},"emm":[{"Type":"1","MainRange":42,"MainValue":0.23,"FarRange":187}],"sig":[{"t":"9-1","s":"","d":{"X":-0.03,"Y":-0.93}},{"t":"X1","s":"","d":{"X":-0.332,"Y":-0.081}}],"clr":{"R":239,"G":232,"B":254,"A":255}},"IV6-1-76":{"pid":"IV6-S","orb":4549.7,"per":75.82,"ang":168.14,"t":"ASTEROID","sp":"ASTEROID-2","s":24.18,"m":196.37,"gd":40.3,"wic":{},"woc":{},"wgc":{},"emm":[{"Type":"1","MainRange":45,"MainValue":0.06,"FarRange":113},{"Type":"2","MainRange":58,"MainValue":0.16,"FarRange":195}],"sig":[{"t":"9-1","s":"","d":{"X":0.46,"Y":-0.45}},{"t":"X1","s":"","d":{"X":-0.514,"Y":0.233}},{"t":"X2","s":"","d":{"X":0.232,"Y":-0.151}}],"clr":{"R":211,"G":247,"B":189,"A":255}},"IV6-1-8":{"pid":"IV6-S","orb":3900.21,"per":65,"ang":58.3,"t":"ASTEROID","sp":"ASTEROID-1","s":30.22,"m":383.47,"gd":50.37,"wic":{},"woc":{},"wgc":{},"emm":[{"Type":"1","MainRange":52,"MainValue":0.17,"FarRange":62}],"sig":[{"t":"9-1","s":"","d":{"X":0.87,"Y":-0.1}},{"t":"X1","s":"","d":{"X":-0.327,"Y":0.739}}],"clr":{"R":252,"G":182,"B":156,"A":255}},"IV6-1-9":{"pid":"IV6-S","orb":4631.32,"per":77.18,"ang":232.27,"t":"ASTEROID","sp":"ASTEROID-5","s":13.55,"m":34.57,"gd":22.58,"wic":{},"woc":{},"wgc":{},"emm":[{"Type":"1","MainRange":42,"MainValue":0.16,"FarRange":174}],"sig":[{"t":"9-1","s":"","d":{"X":-0.82,"Y":0.01}},{"t":"X1","s":"","d":{"X":0.19,"Y":0.375}}],"clr":{"R":210,"G":217,"B":250,"A":255}},"IV6-225":{"pid":"IV6-S","orb":4319.16,"per":71.98,"t":"GASPLANET","sp":"GASPLANET-25","s":374.6,"m":511095.64,"gd":624.34,"wic":{},"woc":{},"wgc":{},"sig":[{"t":"0-2","s":"","d":{"X":0.2,"Y":-0.34}},{"t":"1-3","s":"","d":{"X":-0.78,"Y":0.47}},{"t":"3-1","s":"","d":{"X":0.21,"Y":0.84}},{"t":"6-3","s":"","d":{"X":-0.24,"Y":-0.05}},{"t":"7-2","s":"","d":{"X":-0.59,"Y":0.75}},{"t":"7-3","s":"","d":{"X":0.18,"Y":0.9}},{"t":"8-1","s":"","d":{"X":-0.44,"Y":-0.39}},{"t":"10-1","s":"","d":{"X":0.27,"Y":0.82}},{"t":"11-1","s":"","d":{"X":-0.4,"Y":-0.32}}],"clr":{"R":236,"G":230,"B":250,"A":255}},"IV6-468":{"pid":"IV6-S","orb":1689.68,"per":28.16,"t":"GASPLANET","sp":"GASPLANET-52","s":186.95,"m":63525.61,"gd":311.58,"wic":{},"woc":{},"wgc":{},"sig":[{"t":"0-2","s":"","d":{"X":0.43,"Y":-0.81}},{"t":"1-3","s":"","d":{"X":0.87,"Y":0.44}},{"t":"3-1","s":"","d":{"X":-0.58,"Y":0.63}},{"t":"6-2","s":"","d":{"X":0.27,"Y":-0.32}},{"t":"7-2","s":"","d":{"X":-0.66,"Y":0.15}},{"t":"7-3","s":"","d":{"X":-0.34,"Y":0.27}},{"t":"8-1","s":"","d":{"X":0.74,"Y":0.53}},{"t":"10-1","s":"","d":{"X":0.38,"Y":-0.24}},{"t":"11-1","s":"","d":{"X":-0.18,"Y":-0.12}}],"clr":{"R":254,"G":252,"B":254,"A":255}},"IV6-S":{"t":"STAR","sp":"STAR-12","s":316.78,"m":1766137.94,"gd":1055.95,"wic":{},"woc":{},"wgc":{},"emm":[{"Type":"2","MainRange":349,"MainValue":3.86,"FarRange":3605}],"sig":[{"t":"X2","s":"","d":{"X":0.116,"Y":0.265}}],"clr":{"R":249,"G":226,"B":215,"A":255}}}}