{"SpawnDistance":3958.7240000000006,"Points":{"GL2-0-0":{"pid":"GL2-S","orb":1084.13,"per":18.06,"ang":220.59,"t":"ASTEROID","sp":"ASTEROID-2","s":19.48,"m":102.69,"gd":32.46,"wic":{},"woc":{},"wgc":{},"emm":[{"Type":"1","MainRange":37,"MainValue":0.18,"FarRange":142}],"sig":[{"t":"9-1","s":"","d":{"X":-0.42,"Y":0.08}},{"t":"X1","s":"","d":{"X":0.662,"Y":-0.368}}],"clr":{"R":239,"G":206,"B":228,"A":255}},"GL2-0-1":{"pid":"GL2-S","orb":1322.71,"per":22.04,"ang":306.62,"t":"ASTEROID","sp":"ASTEROID-5","s":12.69,"m":28.42,"gd":21.15,"wic":{},"woc":{},"wgc":{},"emm":[{"Type":"1","MainRange":53,"MainValue":0.18,"FarRange":146}],"sig":[{"t":"9-1","s":"","d":{"X":-0.08,"Y":-0.7}},{"t":"X1","s":"","d":{"X":-0.906,"Y":0.307}}],"clr":{"R":236,"G":180,"B":194,"A":255}},"GL2-0-10":{"pid":"GL2-S","orb":1487.89,"per":24.79,"ang":191.06,"t":"ASTEROID","sp":"ASTEROID-3","s":9.46,"m":11.78,"gd":15.77,"wic":{},"woc":{},"wgc":{},"emm":[{"Type":"1","MainRange":45,"MainValue":0.2,"FarRange":122}],"sig":[{"t":"9-1","s":"","d":{"X":0.8,"Y":-0.47}},{"t":"X1","s":"","d":{"X":-0.016,"Y":-0.762}}],"clr":{"R":230,"G":226,"B":249,"A":255}},"GL2-0-11":{"pid":"GL2-S","orb":1608.23,"per":26.8,"ang":39.54,"t":"ASTEROID","sp":"ASTEROID-5","s":26.17,"m":248.98,"gd":43.62,"wic":{},"woc":{},"wgc":{},"emm":[{"Type":"1","MainRange":48,"MainValue":0.34,"FarRange":139}],"sig":[{"t":"9-1","s":"","d":{"X":-0.67,"Y":-0.22}},{"t":"X1","s":"","d":{"X":-0.932,"Y":0.21}}],"clr":{"R":239,"G":236,"B":182,"A":255}},"GL2-0-12":{"pid":"GL2-S","orb":1140.3,"per":19,"ang":121.6,"t":"ASTEROID","sp":"ASTEROID-4","s":20.65,"m":122.33,"gd":34.41,"wic":{},"woc":{},"wgc":{},"emm":[{"Type":"1","MainRange":40,"MainValue":0.14,"FarRange":75}],"sig":[{"t":"9-1","s":"","d":{"X":0.85,"Y":-0.37}},{"t":"X1","s":"","d":{"X":-0.038,"Y":0.801}}],"clr":{"R":245,"G":239,"B":193,"A":255}},"GL2-0-13":{"pid":"GL2-S","orb":1194.49,"per":19.9,"ang":335.18,"t":"ASTEROID","sp":"ASTEROID-3","s":23.53,"m":181.02,"gd":39.22,"wic":{},"woc":{},"wgc":{},"emm":[{"Type":"1","MainRange":36,"MainValue":0.11,"FarRange":140}],"sig":[{"t":"9-1","s":"","d":{"X":0.54,"Y":0.49}},{"t":"X1","s":"","d":{"X":-0.131,"Y":0.697}}],"clr":{"R":241,"G":198,"B":251,"A":255}},"GL2-0-14":{"pid":"GL2-S","orb":1340.08,"per":22.33,"ang":98.87,"t":"ASTEROID","sp":"ASTEROID-4","s":12.81,"m":29.24,"gd":21.36,"wic":{},"woc":{},"wgc":{},"emm":[{"Type":"1","MainRange":48,"MainValue":0.17,"FarRange":93}],"sig":[{"t":"9-1","s":"","d":{"X":-0.43,"Y":-0.78}},{"t":"X1","s":"","d":{"X":-0.724,"Y":-0.459}}],"clr":{"R":253,"G":239,"B":252,"A":255}},"GL2-0-15":{"pid":"GL2-S","orb":1242.21,"per":20.7,"ang":344.83,"t":"ASTEROID","sp":"ASTEROID-3","s":18.92,"m":94.08,"gd":31.53,"wic":{},"woc":{},"wgc":{},"emm":[{"Type":"1","MainRange":28,"MainValue":0.15,"FarRange":232}],"sig":[{"t":"9-1","s":"","d":{"X":-0.32,"Y":-0.43}},{"t":"X1","s":"","d":{"X":-0.214,"Y":0.242}}],"clr":{"R":202,"G":248,"B":224,"A":255}},"GL2-0-16":{"pid":"GL2-S","orb":1168.12,"per":19.46,"ang":7.32,"t":"ASTEROID","sp":"ASTEROID-2","s":18.27,"m":84.75,"gd":30.45,"wic":{},"woc":{},"wgc":{},"emm":[{"Type":"1","MainRange":49,"MainValue":0.22,"FarRange":174}],"sig":[{"t":"9-1","s":"","d":{"X":0.31,"Y":-0.13}},{"t":"X1","s":"","d":{"X":0.377,"Y":0.536}}],"clr":{"R":187,"G":237,"B":196,"A":255}},"GL2-0-17":{"pid":"GL2-S","orb":1345.33,"per":22.42,"ang":271.5,"t":"ASTEROID","sp":"ASTEROID-3","s":27.69,"m":295.14,"gd":46.16,"wic":{},"woc":{},"wgc":{},"emm":[{"Type":"1","MainRange":24,"MainValue":0.15,"FarRange":203}],"sig":[{"t":"9-1","s":"","d":{"X":0.53,"Y":0.82}},{"t":"X1","s":"","d":{"X":-0.597,"Y":0.318}}],"clr":{"R":194,"G":254,"B":217,"A":255}},"GL2-0-18":{"pid":"GL2-S","orb":1287.92,"per":21.46,"ang":59.84,"t":"ASTEROID","sp":"ASTEROID-4","s":18.47,"m":87.62,"gd":30.79,"wic":{},"woc":{},"wgc":{},"emm":[{"Type":"1","MainRange":29,"MainValue":0.16,"FarRange":175}],"sig":[{"t":"9-1","s":"","d":{"X":-0.25,"Y":-0.54}},{"t":"X1","s":"","d":{"X":0.894,"Y":-0.3}}],"clr":{"R":245,"G":224,"B":240,"A":255}},"GL2-0-19":{"pid":"GL2-S","orb":979.51,"per":16.32,"ang":347.22,"t":"ASTEROID","sp":"ASTEROID-4","s":26.5,"m":258.72,"gd":44.18,"wic":{},"woc":{},"wgc":{},"emm":[{"Type":"1","MainRange":56,"MainValue":0.17,"FarRange":213}],"sig":[{"t":"9-1","s":"","d":{"X":0.15,"Y":-0.87}},{"t":"X1","s":"","d":{"X":-0.142,"Y":0.105}}],"clr":{"R":233,"G":253,"B":229,"A":255}},"GL2-0-2":{"pid":"GL2-S","orb":1203.74,"per":20.06,"ang":338.24,"t":"ASTEROID","sp":"ASTEROID-5","s":15.18,"m":48.58,"gd":25.3,"wic":{},"woc":{},"wgc":{},"emm":[{"Type":"1","MainRange":80,"MainValue":0.09,"FarRange":110}],"sig":[{"t":"9-1","s":"","d":{"X":0.02,"Y":-0.36}},{"t":"X1","s":"","d":{"X":0.288,"Y":0.529}}],"clr":{"R":233,"G":167,"B":242,"A":255}},"GL2-0-20":{"pid":"GL2-S","orb":1348.88,"per":22.48,"ang":51.12,"t":"ASTEROID","sp":"ASTEROID-5","s":30.81,"m":406.56,"gd":51.36,"wic":{},"woc":{},"wgc":{},"emm":[{"Type":"1","MainRange":39,"MainValue":0.11,"FarRange":133}],"sig":[{"t":"9-1","s":"","d":{"X":0.87,"Y":0.12}},{"t":"X1","s":"","d":{"X":-0.211,"Y":0.528}}],"clr":{"R":200,"G":248,"B":163,"A":255}},"GL2-0-21":{"pid":"GL2-S","orb":1321.28,"per":22.02,"ang":60.9,"t":"ASTEROID","sp":"ASTEROID-2","s":30.18,"m":381.86,"gd":50.3,"wic":{},"woc":{},"wgc":{},"emm":[{"Type":"1","MainRange":55,"MainValue":0.16,"FarRange":179}],"sig":[{"t":"9-1","s":"","d":{"X":-0.8,"Y":-0.58}},{"t":"X1","s":"","d":{"X":0.686,"Y":-0.597}}],"clr":{"R":241,"G":247,"B":216,"A":255}},"GL2-0-22":{"pid":"GL2-S","orb":1221.48,"per":20.35,"ang":330.34,"t":"ASTEROID","sp":"ASTEROID-5","s":18.97,"m":94.92,"gd":31.62,"wic":{},"woc":{},"wgc":{},"emm":[{"Type":"1","MainRange":60,"MainValue":0.24,"FarRange":182}],"sig":[{"t":"9-1","s":"","d":{"X":0.01,"Y":0.29}},{"t":"X1","s":"","d":{"X":0.9,"Y":-0.044}}],"clr":{"R":205,"G":224,"B":246,"A":255}},"GL2-0-23":{"pid":"GL2-S","orb":1143.1,"per":19.05,"ang":164.32,"t":"ASTEROID","sp":"ASTEROID-1","s":25.91,"m":241.81,"gd":43.19,"wic":{},"woc":{},"wgc":{},"emm":[{"Type":"1","MainRange":80,"MainValue":0.22,"FarRange":160}],"sig":[{"t":"9-1","s":"","d":{"X":-0.71,"Y":-0.08}},{"t":"X1","s":"","d":{"X":-0.06,"Y":-0.496}}],"clr":{"R":227,"G":248,"B":250,"A":255}},"GL2-0-24":{"pid":"GL2-S","orb":1208.76,"per":20.14,"ang":207.57,"t":"ASTEROID","sp":"ASTEROID-1","s":15.02,"m":47.09,"gd":25.03,"wic":{},"woc":{},"wgc":{},"emm":[{"Type":"1","MainRange":40,"MainValue":0.19,"FarRange":157}],"sig":[{"t":"9-1","s":"","d":{"X":0.2,"Y":0.85}},{"t":"X1","s":"","d":{"X":-0.477,"Y":-0.245}}],"clr":{"R":249,"G":242,"B":254,"A":255}},"GL2-0-25":{"pid":"GL2-S","orb":999.96,"per":16.66,"ang":30.34,"t":"ASTEROID","sp":"ASTEROID-5","s":16.64,"m":64.07,"gd":27.74,"wic":{},"woc":{},"wgc":{},"emm":[{"Type":"1","MainRange":75,"MainValue":0.16,"FarRange":95},{"Type":"19","MainRange":50,"MainValue":0.21,"FarRange":221},{"Type":"13","MainRange":45,"MainValue":0.23,"FarRange":158}],"sig":[{"t":"9-1","s":"","d":{"X":-0.48,"Y":-0.18}},{"t":"X1","s":"","d":{"X":0.279,"Y":0.501}},{"t":"X19","s":"","d":{"X":-0.38,"Y":-0.658}},{"t":"X13","s":"","d":{"X":0.616,"Y":-0.653}}],"clr":{"R":235,"G":250,"B":230,"A":255}},"GL2-0-26":{"pid":"GL2-S","orb":1216.41,"per":20.27,"ang":169.48,"t":"ASTEROID","sp":"ASTEROID-5","s":18.15,"m":83.06,"gd":30.25,"wic":{},"woc":{},"wgc":{},"emm":[{"Type":"1","MainRange":45,"MainValue":0.21,"FarRange":167}],"sig":[{"t":"9-1","s":"","d":{"X":-0.07,"Y":0.42}},{"t":"X1","s":"","d":{"X":-0.39,"Y":0.148}}],"clr":{"R":239,"G":252,"B":241,"A":255}},"GL2-0-27":{"pid":"GL2-S","orb":1172.64,"per":19.54,"ang":102.35,"t":"ASTEROID","sp":"ASTEROID-4","s":9.64,"m":12.46,"gd":16.07,"wic":{},"woc":{},"wgc":{},"emm":[{"Type":"1","MainRange":49,"MainValue":0.07,"FarRange":83}],"sig":[{"t":"9-1","s":"","d":{"X":0.2,"Y":-0.44}},{"t":"X1","s":"","d":{"X":0.288,"Y":0.504}}],"clr":{"R":252,"G":207,"B":205,"A":255}},"GL2-0-28":{"pid":"GL2-S","orb":1222.92,"per":20.38,"ang":54,"t":"ASTEROID","sp":"ASTEROID-4","s":14.68,"m":43.95,"gd":24.46,"wic":{},"woc":{},"wgc":{},"emm":[{"Type":"1","MainRange":39,"MainValue":0.17,"FarRange":151}],"sig":[{"t":"9-1","s":"","d":{"X":-0.82,"Y":-0.28}},{"t":"X1","s":"","d":{"X":0.31,"Y":0.592}}],"clr":{"R":246,"G":254,"B":240,"A":255}},"GL2-0-29":{"pid":"GL2-S","orb":1311.21,"per":21.85,"ang":260.25,"t":"ASTEROID","sp":"ASTEROID-3","s":16.13,"m":58.35,"gd":26.89,"wic":{},"woc":{},"wgc":{},"emm":[{"Type":"1","MainRange":71,"MainValue":0.01,"FarRange":200}],"sig":[{"t":"9-1","s":"","d":{"X":0.16,"Y":0.11}},{"t":"X1","s":"","d":{"X":-0.293,"Y":0.613}}],"clr":{"R":246,"G":239,"B":192,"A":255}},"GL2-0-3":{"pid":"GL2-S","orb":1340.6,"per":22.34,"ang":65.92,"t":"ASTEROID","sp":"ASTEROID-4","s":18.74,"m":91.41,"gd":31.23,"wic":{},"woc":{},"wgc":{},"emm":[{"Type":"1","MainRange":63,"MainValue":0.23,"FarRange":175}],"sig":[{"t":"9-1","s":"","d":{"X":0.68,"Y":0.17}},{"t":"X1","s":"","d":{"X":0.353,"Y":-0.054}}],"clr":{"R":253,"G":244,"B":228,"A":255}},"GL2-0-30":{"pid":"GL2-S","orb":1412.84,"per":23.54,"ang":285.14,"t":"ASTEROID","sp":"ASTEROID-2","s":10.02,"m":13.99,"gd":16.71,"wic":{},"woc":{},"wgc":{},"emm":[{"Type":"1","MainRange":63,"MainValue":0.19,"FarRange":188}],"sig":[{"t":"9-1","s":"","d":{"X":-0.65,"Y":0.46}},{"t":"X1","s":"","d":{"X":-0.719,"Y":0.207}}],"clr":{"R":253,"G":253,"B":254,"A":255}},"GL2-0-31":{"pid":"GL2-S","orb":1259.57,"per":20.99,"ang":1.08,"t":"ASTEROID","sp":"ASTEROID-2","s":22.34,"m":154.89,"gd":37.23,"wic":{},"woc":{},"wgc":{},"emm":[{"Type":"1","MainRange":50,"MainValue":0.23,"FarRange":124}],"sig":[{"t":"9-1","s":"","d":{"X":0.53,"Y":-0.45}},{"t":"X1","s":"","d":{"X":0.166,"Y":0.528}}],"clr":{"R":240,"G":168,"B":168,"A":255}},"GL2-0-32":{"pid":"GL2-S","orb":1423.81,"per":23.73,"ang":38.78,"t":"ASTEROID","sp":"ASTEROID-5","s":13.82,"m":36.73,"gd":23.04,"wic":{},"woc":{},"wgc":{},"emm":[{"Type":"1","MainRange":37,"MainValue":0.18,"FarRange":142}],"sig":[{"t":"9-1","s":"","d":{"X":-0.2,"Y":0.78}},{"t":"X1","s":"","d":{"X":-0.853,"Y":0.03}}],"clr":{"R":195,"G":218,"B":248,"A":255}},"GL2-0-33":{"pid":"GL2-S","orb":1216.79,"per":20.27,"ang":78.98,"t":"ASTEROID","sp":"ASTEROID-2","s":14.32,"m":40.81,"gd":23.87,"wic":{},"woc":{},"wgc":{},"emm":[{"Type":"1","MainRange":60,"MainValue":0.24,"FarRange":99}],"sig":[{"t":"9-1","s":"","d":{"X":0.21,"Y":0.92}},{"t":"X1","s":"","d":{"X":0.126,"Y":0.404}}],"clr":{"R":252,"G":248,"B":248,"A":255}},"GL2-0-34":{"pid":"GL2-S","orb":1191.85,"per":19.86,"ang":234.86,"t":"ASTEROID","sp":"ASTEROID-3","s":38.14,"m":770.81,"gd":63.57,"wic":{},"woc":{},"wgc":{},"emm":[{"Type":"1","MainRange":55,"MainValue":0.23,"FarRange":120}],"sig":[{"t":"9-1","s":"","d":{"X":-0.18,"Y":-0.53}},{"t":"X1","s":"","d":{"X":-0.345,"Y":-0.144}}],"clr":{"R":197,"G":242,"B":209,"A":255}},"GL2-0-35":{"pid":"GL2-S","orb":1321.81,"per":22.03,"ang":31.24,"t":"ASTEROID","sp":"ASTEROID-4","s":26.02,"m":244.95,"gd":43.38,"wic":{},"woc":{},"wgc":{},"emm":[{"Type":"1","MainRange":52,"MainValue":0.2,"FarRange":120}],"sig":[{"t":"9-1","s":"","d":{"X":0.3,"Y":0.49}},{"t":"X1","s":"","d":{"X":-0.795,"Y":-0.535}}],"clr":{"R":203,"G":232,"B":177,"A":255}},"GL2-0-36":{"pid":"GL2-S","orb":1297.16,"per":21.61,"ang":222.32,"t":"ASTEROID","sp":"ASTEROID-4","s":16.31,"m":60.29,"gd":27.18,"wic":{},"woc":{},"wgc":{},"emm":[{"Type":"1","MainRange":30,"MainValue":0.11,"FarRange":109}],"sig":[{"t":"9-1","s":"","d":{"X":0.78,"Y":-0.23}},{"t":"X1","s":"","d":{"X":0.107,"Y":-0.902}}],"clr":{"R":254,"G":247,"B":248,"A":255}},"GL2-0-37":{"pid":"GL2-S","orb":993.97,"per":16.56,"ang":139.03,"t":"ASTEROID","sp":"ASTEROID-5","s":20.96,"m":128.04,"gd":34.94,"wic":{},"woc":{},"wgc":{},"emm":[{"Type":"1","MainRange":62,"MainValue":0.19,"FarRange":124}],"sig":[{"t":"9-1","s":"","d":{"X":0.22,"Y":-0.29}},{"t":"X1","s":"","d":{"X":-0.689,"Y":-0.08}}],"clr":{"R":226,"G":250,"B":249,"A":255}},"GL2-0-38":{"pid":"GL2-S","orb":1281.54,"per":21.35,"ang":65.05,"t":"ASTEROID","sp":"ASTEROID-2","s":14.56,"m":42.89,"gd":24.27,"wic":{},"woc":{},"wgc":{},"emm":[{"Type":"1","MainRange":25,"MainValue":0.13,"FarRange":171}],"sig":[{"t":"9-1","s":"","d":{"X":-0.58,"Y":0.69}},{"t":"X1","s":"","d":{"Y":-0.396}}],"clr":{"R":237,"G":231,"B":199,"A":255}},"GL2-0-39":{"pid":"GL2-S","orb":1331.91,"per":22.19,"ang":231.76,"t":"ASTEROID","sp":"ASTEROID-4","s":25.32,"m":225.57,"gd":42.2,"wic":{},"woc":{},"wgc":{},"emm":[{"Type":"1","MainRange":73,"MainValue":0.17,"FarRange":101}],"sig":[{"t":"9-1","s":"","d":{"X":-0.51,"Y":-0.2}},{"t":"X1","s":"","d":{"X":0.679,"Y":0.253}}],"clr":{"R":230,"G":237,"B":250,"A":255}},"GL2-0-4":{"pid":"GL2-S","orb":1343.33,"per":22.38,"ang":182.16,"t":"ASTEROID","sp":"ASTEROID-1","s":10.48,"m":16.01,"gd":17.47,"wic":{},"woc":{},"wgc":{},"emm":[{"Type":"1","MainRange":56,"MainValue":0.14,"FarRange":108}],"sig":[{"t":"9-1","s":"","d":{"X":0.21,"Y":0.68}},{"t":"X1","s":"","d":{"X":0.698,"Y":0.071}}],"clr":{"R":205,"G":248,"B":162,"A":255}},"GL2-0-40":{"pid":"GL2-S","orb":1153.65,"per":19.22,"ang":270,"t":"ASTEROID","sp":"ASTEROID-3","s":17.44,"m":73.74,"gd":29.07,"wic":{},"woc":{},"wgc":{},"emm":[{"Type":"1","MainRange":52,"MainValue":0.23,"FarRange":101}],"sig":[{"t":"9-1","s":"","d":{"X":-0.8,"Y":-0.07}},{"t":"X1","s":"","d":{"X":0.159,"Y":-0.252}}],"clr":{"R":236,"G":228,"B":248,"A":255}},"GL2-0-41":{"pid":"GL2-S","orb":1180.86,"per":19.68,"ang":292.71,"t":"ASTEROID","sp":"ASTEROID-4","s":10.32,"m":15.3,"gd":17.21,"wic":{},"woc":{},"wgc":{},"emm":[{"Type":"1","MainRange":56,"MainValue":0.14,"FarRange":136},{"Type":"20","MainRange":53,"MainValue":0.3,"FarRange":196},{"Type":"3","MainRange":52,"MainValue":0.2,"FarRange":266}],"sig":[{"t":"9-1","s":"","d":{"X":-0.1,"Y":0.82}},{"t":"X1","s":"","d":{"X":-0.904,"Y":-0.305}},{"t":"X20","s":"","d":{"X":0.244,"Y":-0.152}},{"t":"X3","s":"","d":{"X":0.546,"Y":0.612}}],"clr":{"R":246,"G":183,"B":228,"A":255}},"GL2-0-42":{"pid":"GL2-S","orb":1280.44,"per":21.34,"ang":46.63,"t":"ASTEROID","sp":"ASTEROID-5","s":12.47,"m":26.99,"gd":20.79,"wic":{},"woc":{},"wgc":{},"emm":[{"Type":"1","MainRange":37,"MainValue":0.17,"FarRange":135}],"sig":[{"t":"9-1","s":"","d":{"X":-0.08,"Y":-0.95}},{"t":"X1","s":"","d":{"X":-0.123,"Y":0.217}}],"clr":{"R":236,"G":249,"B":201,"A":255}},"GL2-0-43":{"pid":"GL2-S","orb":1176.7,"per":19.61,"ang":42.77,"t":"ASTEROID","sp":"ASTEROID-5","s":14.88,"m":45.79,"gd":24.8,"wic":{},"woc":{},"wgc":{},"emm":[{"Type":"1","MainRange":23,"MainValue":0.22,"FarRange":180}],"sig":[{"t":"9-1","s":"","d":{"X":-0.37,"Y":0.51}},{"t":"X1","s":"","d":{"X":0.192,"Y":0.334}}],"clr":{"R":249,"G":238,"B":165,"A":255}},"GL2-0-44":{"pid":"GL2-S","orb":1196.77,"per":19.94,"ang":28.21,"t":"ASTEROID","sp":"ASTEROID-3","s":25.53,"m":231.36,"gd":42.56,"wic":{},"woc":{},"wgc":{},"emm":[{"Type":"1","MainRange":63,"MainValue":0.15,"FarRange":107},{"Type":"5","MainRange":67,"MainValue":0.19,"FarRange":140}],"sig":[{"t":"9-1","s":"","d":{"X":0.75,"Y":0.6}},{"t":"X1","s":"","d":{"X":-0.567,"Y":-0.207}},{"t":"X5","s":"","d":{"X":0.382,"Y":0.815}}],"clr":{"R":222,"G":234,"B":247,"A":255}},"GL2-0-45":{"pid":"GL2-S","orb":1258.15,"per":20.96,"ang":308.59,"t":"ASTEROID","sp":"ASTEROID-2","s":21.63,"m":140.58,"gd":36.05,"wic":{},"woc":{},"wgc":{},"emm":[{"Type":"1","MainRange":35,"MainValue":0.15,"FarRange":138}],"sig":[{"t":"9-1","s":"","d":{"X":-0.55,"Y":-0.68}},{"t":"X1","s":"","d":{"X":-0.086,"Y":0.288}}],"clr":{"R":246,"G":249,"B":235,"A":255}},"GL2-0-5":{"pid":"GL2-S","orb":1235.17,"per":20.58,"ang":89.33,"t":"ASTEROID","sp":"ASTEROID-1","s":15.97,"m":56.6,"gd":26.62,"wic":{},"woc":{},"wgc":{},"emm":[{"Type":"1","MainRange":22,"MainValue":0.27,"FarRange":103},{"Type":"11","MainRange":47,"MainValue":0.12,"FarRange":135}],"sig":[{"t":"9-1","s":"","d":{"X":0.01,"Y":0.01}},{"t":"X1","s":"","d":{"X":0.523,"Y":-0.033}},{"t":"X11","s":"","d":{"X":0.051,"Y":-0.608}}],"clr":{"R":241,"G":254,"B":244,"A":255}},"GL2-0-6":{"pid":"GL2-S","orb":1226.07,"per":20.43,"ang":12.94,"t":"ASTEROID","sp":"ASTEROID-5","s":13.01,"m":30.58,"gd":21.68,"wic":{},"woc":{},"wgc":{},"emm":[{"Type":"1","MainRange":68,"MainValue":0.33,"FarRange":124}],"sig":[{"t":"9-1","s":"","d":{"X":-0.87,"Y":0.49}},{"t":"X1","s":"","d":{"X":0.037,"Y":0.663}}],"clr":{"R":204,"G":178,"B":235,"A":255}},"GL2-0-7":{"pid":"GL2-S","orb":1347.02,"per":22.45,"ang":113.89,"t":"ASTEROID","sp":"ASTEROID-5","s":19.88,"m":109.24,"gd":33.14,"wic":{},"woc":{},"wgc":{},"emm":[{"Type":"1","MainRange":62,"MainValue":0.18,"FarRange":124}],"sig":[{"t":"9-1","s":"","d":{"X":-0.37,"Y":0.43}},{"t":"X1","s":"","d":{"X":-0.223,"Y":-0.879}}],"clr":{"R":252,"G":245,"B":252,"A":255}},"GL2-0-8":{"pid":"GL2-S","orb":1290.93,"per":21.51,"ang":94.05,"t":"ASTEROID","sp":"ASTEROID-4","s":16.7,"m":64.74,"gd":27.84,"wic":{},"woc":{},"wgc":{},"emm":[{"Type":"1","MainRange":34,"MainValue":0.09,"FarRange":122}],"sig":[{"t":"9-1","s":"","d":{"X":-0.1,"Y":-0.35}},{"t":"X1","s":"","d":{"X":-0.154,"Y":-0.866}}],"clr":{"R":206,"G":211,"B":252,"A":255}},"GL2-0-9":{"pid":"GL2-S","orb":1156.51,"per":19.27,"ang":108.87,"t":"ASTEROID","sp":"ASTEROID-2","s":14.86,"m":45.59,"gd":24.77,"wic":{},"woc":{},"wgc":{},"emm":[{"Type":"1","MainRange":47,"MainValue":0.11,"FarRange":127}],"sig":[{"t":"9-1","s":"","d":{"X":0.07,"Y":0.19}},{"t":"X1","s":"","d":{"X":-0.547,"Y":0.818}}],"clr":{"R":250,"G":201,"B":191,"A":255}},"GL2-008":{"pid":"GL2-S","orb":3598.84,"per":59.98,"t":"GASPLANET","sp":"GASPLANET-48","s":264.57,"m":180048.51,"gd":440.95,"wic":{},"woc":{},"wgc":{},"emm":[{"Type":"12","MainRange":503,"MainValue":1.82,"FarRange":1154},{"Type":"1","MainRange":309,"MainValue":1.35,"FarRange":1270},{"Type":"13","MainRange":496,"MainValue":1.84,"FarRange":1285}],"sig":[{"t":"0-3","s":"","d":{"X":0.41,"Y":-0.29}},{"t":"1-3","s":"","d":{"X":0.37,"Y":0.21}},{"t":"3-1","s":"","d":{"X":0.4,"Y":-0.18}},{"t":"6-3","s":"","d":{"X":-0.31,"Y":0.8}},{"t":"7-2","s":"","d":{"X":-0.23,"Y":0.42}},{"t":"7-3","s":"","d":{"X":0.15,"Y":0.46}},{"t":"8-1","s":"","d":{"X":0.44,"Y":0.66}},{"t":"11-1","s":"","d":{"X":0.36,"Y":-0.23}},{"t":"X12","s":"","d":{"X":-0.73,"Y":-0.503}},{"t":"X1","s":"","d":{"X":-0.49,"Y":-0.007}},{"t":"X13","s":"","d":{"X":-0.74,"Y":-0.105}}],"clr":{"R":174,"G":235,"B":209,"A":255}},"GL2-008-0":{"pid":"GL2-008","orb":1081.75,"per":18.02,"ang":224.59,"t":"ASTEROID","sp":"ASTEROID-1","s":9.1,"m":10.48,"gd":15.17,"wic":{},"woc":{},"wgc":{},"emm":[{"Type":"1","MainRange":39,"MainValue":0.35,"FarRange":158}],"sig":[{"t":"9-1","s":"","d":{"X":-0.25,"Y":-0.62}},{"t":"X1","s":"","d":{"X":-0.17,"Y":-0.7}}],"clr":{"R":252,"G":254,"B":222,"A":255}},"GL2-008-1":{"pid":"GL2-008","orb":850.89,"per":14.18,"ang":44.51,"t":"ASTEROID","sp":"ASTEROID-2","s":20.8,"m":125.07,"gd":34.67,"wic":{},"woc":{},"wgc":{},"emm":[{"Type":"1","MainRange":45,"MainValue":0.22,"FarRange":191}],"sig":[{"t":"9-1","s":"","d":{"X":-0.72,"Y":-0.24}},{"t":"X1","s":"","d":{"X":0.261,"Y":0.688}}],"clr":{"R":233,"G":250,"B":251,"A":255}},"GL2-008-10":{"pid":"GL2-008","orb":923.36,"per":15.38,"ang":23.19,"t":"ASTEROID","sp":"ASTEROID-2","s":16.53,"m":62.81,"gd":27.56,"wic":{},"woc":{},"wgc":{},"emm":[{"Type":"1","MainRange":51,"MainValue":0.19,"FarRange":136}],"sig":[{"t":"9-1","s":"","d":{"X":-0.22,"Y":0.32}},{"t":"X1","s":"","d":{"X":0.2,"Y":-0.044}}],"clr":{"R":247,"G":253,"B":253,"A":255}},"GL2-008-11":{"pid":"GL2-008","orb":737.28,"per":12.28,"ang":152.15,"t":"ASTEROID","sp":"ASTEROID-2","s":18.08,"m":82.2,"gd":30.14,"wic":{},"woc":{},"wgc":{},"emm":[{"Type":"1","MainRange":19,"MainValue":0.13,"FarRange":117}],"sig":[{"t":"9-1","s":"","d":{"X":-0.18,"Y":0.21}},{"t":"X1","s":"","d":{"X":-0.32,"Y":0.477}}],"clr":{"R":254,"G":241,"B":220,"A":255}},"GL2-008-12":{"pid":"GL2-008","orb":699.44,"per":11.65,"ang":79.76,"t":"ASTEROID","sp":"ASTEROID-5","s":22.81,"m":164.94,"gd":38.02,"wic":{},"woc":{},"wgc":{},"emm":[{"Type":"1","MainRange":40,"MainValue":0.09,"FarRange":163}],"sig":[{"t":"9-1","s":"","d":{"X":-0.49,"Y":-0.22}},{"t":"X1","s":"","d":{"X":-0.451,"Y":-0.389}}],"clr":{"R":246,"G":207,"B":235,"A":255}},"GL2-008-13":{"pid":"GL2-008","orb":676.81,"per":11.28,"ang":310.15,"t":"ASTEROID","sp":"ASTEROID-2","s":26.45,"m":257.23,"gd":44.09,"wic":{},"woc":{},"wgc":{},"emm":[{"Type":"1","MainRange":40,"MainValue":0.22,"FarRange":207}],"sig":[{"t":"9-1","s":"","d":{"X":-0.64,"Y":-0.27}},{"t":"X1","s":"","d":{"X":-0.526,"Y":-0.153}}],"clr":{"R":252,"G":158,"B":206,"A":255}},"GL2-008-14":{"pid":"GL2-008","orb":714.58,"per":11.9,"ang":148.04,"t":"ASTEROID","sp":"ASTEROID-2","s":27.05,"m":275.06,"gd":45.09,"wic":{},"woc":{},"wgc":{},"emm":[{"Type":"1","MainRange":31,"MainValue":0.24,"FarRange":127}],"sig":[{"t":"9-1","s":"","d":{"X":-0.29,"Y":-0.07}},{"t":"X1","s":"","d":{"X":0.572,"Y":0.653}}],"clr":{"R":238,"G":190,"B":227,"A":255}},"GL2-008-15":{"pid":"GL2-008","orb":921.16,"per":15.35,"ang":315.64,"t":"ASTEROID","sp":"ASTEROID-3","s":17.65,"m":76.41,"gd":29.42,"wic":{},"woc":{},"wgc":{},"emm":[{"Type":"1","MainRange":33,"MainValue":0.2,"FarRange":126}],"sig":[{"t":"9-1","s":"","d":{"X":-0.88,"Y":-0.38}},{"t":"X1","s":"","d":{"X":0.066,"Y":-0.005}}],"clr":{"R":244,"G":252,"B":250,"A":255}},"GL2-008-16":{"pid":"GL2-008","orb":970.54,"per":16.17,"ang":278.16,"t":"ASTEROID","sp":"ASTEROID-5","s":17.98,"m":80.85,"gd":29.98,"wic":{},"woc":{},"wgc":{},"emm":[{"Type":"1","MainRange":36,"MainValue":0.28,"FarRange":171}],"sig":[{"t":"9-1","s":"","d":{"X":0.14,"Y":-0.72}},{"t":"X1","s":"","d":{"X":0.608,"Y":-0.794}}],"clr":{"R":236,"G":199,"B":254,"A":255}},"GL2-008-17":{"pid":"GL2-008","orb":717.65,"per":11.96,"ang":78.43,"t":"ASTEROID","sp":"ASTEROID-5","s":13.57,"m":34.71,"gd":22.61,"wic":{},"woc":{},"wgc":{},"emm":[{"Type":"1","MainRange":59,"MainValue":0.15,"FarRange":97},{"Type":"25","MainRange":38,"MainValue":0.19,"FarRange":162},{"Type":"15","MainRange":44,"MainValue":0.17,"FarRange":183},{"Type":"14","MainRange":73,"MainValue":0.16,"FarRange":103}],"sig":[{"t":"9-1","s":"","d":{"X":0.39,"Y":-0.46}},{"t":"X1","s":"","d":{"X":-0.669,"Y":0.627}},{"t":"X25","s":"","d":{"X":0.891,"Y":-0.137}},{"t":"X15","s":"","d":{"X":-0.327,"Y":0.855}},{"t":"X14","s":"","d":{"X":-0.369,"Y":0.18}}],"clr":{"R":248,"G":249,"B":222,"A":255}},"GL2-008-18":{"pid":"GL2-008","orb":893.12,"per":14.88,"ang":79.77,"t":"ASTEROID","sp":"ASTEROID-2","s":24.05,"m":193.23,"gd":40.08,"wic":{},"woc":{},"wgc":{},"emm":[{"Type":"1","MainRange":59,"MainValue":0.19,"FarRange":192}],"sig":[{"t":"9-1","s":"","d":{"X":0.77,"Y":-0.15}},{"t":"X1","s":"","d":{"X":0.154,"Y":0.174}}],"clr":{"R":226,"G":218,"B":247,"A":255}},"GL2-008-19":{"pid":"GL2-008","orb":831.59,"per":13.85,"ang":164.34,"t":"ASTEROID","sp":"ASTEROID-4","s":14.67,"m":43.86,"gd":24.45,"wic":{},"woc":{},"wgc":{},"emm":[{"Type":"1","MainRange":54,"MainValue":0.21,"FarRange":175}],"sig":[{"t":"9-1","s":"","d":{"X":0.35,"Y":0.05}},{"t":"X1","s":"","d":{"X":0.119,"Y":-0.901}}],"clr":{"R":222,"G":230,"B":250,"A":255}},"GL2-008-2":{"pid":"GL2-008","orb":987.03,"per":16.45,"ang":153.58,"t":"ASTEROID","sp":"ASTEROID-3","s":14.9,"m":45.96,"gd":24.83,"wic":{},"woc":{},"wgc":{},"emm":[{"Type":"1","MainRange":30,"MainValue":0.14,"FarRange":125},{"Type":"26","MainRange":56,"MainValue":0.26,"FarRange":177},{"Type":"11","MainRange":52,"MainValue":0.12,"FarRange":211},{"Type":"18","MainRange":25,"MainValue":0.21,"FarRange":94},{"Type":"3","MainRange":13,"MainValue":0.09,"FarRange":147}],"sig":[{"t":"9-1","s":"","d":{"X":-0.1,"Y":0.18}},{"t":"X1","s":"","d":{"X":0.683,"Y":-0.315}},{"t":"X26","s":"","d":{"X":0.019,"Y":-0.601}},{"t":"X11","s":"","d":{"X":0.325,"Y":0.897}},{"t":"X18","s":"","d":{"X":0.315,"Y":-0.94}},{"t":"X3","s":"","d":{"X":-0.95,"Y":0.212}}],"clr":{"R":230,"G":241,"B":186,"A":255}},"GL2-008-20":{"pid":"GL2-008","orb":860.29,"per":14.33,"ang":125.86,"t":"ASTEROID","sp":"ASTEROID-4","s":26.67,"m":263.72,"gd":44.46,"wic":{},"woc":{},"wgc":{},"emm":[{"Type":"1","MainRange":50,"MainValue":0.24,"FarRange":174}],"sig":[{"t":"9-1","s":"","d":{"X":-0.08,"Y":0.2}},{"t":"X1","s":"","d":{"X":-0.796,"Y":-0.339}}],"clr":{"R":237,"G":171,"B":212,"A":255}},"GL2-008-21":{"pid":"GL2-008","orb":896.5,"per":14.94,"ang":275.73,"t":"ASTEROID","sp":"ASTEROID-5","s":23.79,"m":187.19,"gd":39.66,"wic":{},"woc":{},"wgc":{},"emm":[{"Type":"1","MainRange":44,"MainValue":0.17,"FarRange":217}],"sig":[{"t":"9-1","s":"","d":{"X":0.49,"Y":-0.67}},{"t":"X1","s":"","d":{"X":0.66,"Y":0.72}}],"clr":{"R":242,"G":220,"B":210,"A":255}},"GL2-008-22":{"pid":"GL2-008","orb":907.16,"per":15.11,"ang":35.36,"t":"ASTEROID","sp":"ASTEROID-5","s":27.3,"m":282.78,"gd":45.51,"wic":{},"woc":{},"wgc":{},"emm":[{"Type":"1","MainRange":64,"MainValue":0.16,"FarRange":168}],"sig":[{"t":"9-1","s":"","d":{"X":-0.07,"Y":-0.47}},{"t":"X1","s":"","d":{"X":-0.326,"Y":-0.722}}],"clr":{"R":238,"G":251,"B":236,"A":255}},"GL2-008-23":{"pid":"GL2-008","orb":804.57,"per":13.4,"ang":343.14,"t":"ASTEROID","sp":"ASTEROID-3","s":20.92,"m":127.21,"gd":34.87,"wic":{},"woc":{},"wgc":{},"emm":[{"Type":"1","MainRange":47,"MainValue":0.14,"FarRange":128}],"sig":[{"t":"9-1","s":"","d":{"X":-0.94,"Y":-0.34}},{"t":"X1","s":"","d":{"X":-0.166,"Y":0.301}}],"clr":{"R":218,"G":243,"B":251,"A":255}},"GL2-008-24":{"pid":"GL2-008","orb":931.22,"per":15.52,"ang":57.04,"t":"ASTEROID","sp":"ASTEROID-1","s":20.65,"m":122.41,"gd":34.42,"wic":{},"woc":{},"wgc":{},"emm":[{"Type":"1","MainRange":48,"MainValue":0.13,"FarRange":151}],"sig":[{"t":"9-1","s":"","d":{"X":-0.44,"Y":-0.66}},{"t":"X1","s":"","d":{"X":0.587,"Y":-0.219}}],"clr":{"R":214,"G":215,"B":245,"A":255}},"GL2-008-25":{"pid":"GL2-008","orb":869.53,"per":14.49,"ang":271.34,"t":"ASTEROID","sp":"ASTEROID-3","s":28.35,"m":316.59,"gd":47.25,"wic":{},"woc":{},"wgc":{},"emm":[{"Type":"1","MainRange":46,"MainValue":0.14,"FarRange":146}],"sig":[{"t":"9-1","s":"","d":{"X":0.78,"Y":0.11}},{"t":"X1","s":"","d":{"X":0.441,"Y":-0.231}}],"clr":{"R":241,"G":182,"B":229,"A":255}},"GL2-008-26":{"pid":"GL2-008","orb":899.04,"per":14.98,"ang":88.68,"t":"ASTEROID","sp":"ASTEROID-3","s":23.9,"m":189.68,"gd":39.83,"wic":{},"woc":{},"wgc":{},"emm":[{"Type":"1","MainRange":38,"MainValue":0.12,"FarRange":158}],"sig":[{"t":"9-1","s":"","d":{"X":-0.71,"Y":-0.55}},{"t":"X1","s":"","d":{"X":-0.774,"Y":-0.014}}],"clr":{"R":231,"G":244,"B":207,"A":255}},"GL2-008-27":{"pid":"GL2-008","orb":814.86,"per":13.58,"ang":122.33,"t":"ASTEROID","sp":"ASTEROID-1","s":17.43,"m":73.63,"gd":29.06,"wic":{},"woc":{},"wgc":{},"emm":[{"Type":"1","MainRange":33,"MainValue":0.19,"FarRange":148}],"sig":[{"t":"9-1","s":"","d":{"X":0.18,"Y":-0.25}},{"t":"X1","s":"","d":{"X":-0.14,"Y":0.431}}],"clr":{"R":249,"G":188,"B":179,"A":255}},"GL2-008-28":{"pid":"GL2-008","orb":881.12,"per":14.68,"ang":121.45,"t":"ASTEROID","sp":"ASTEROID-1","s":22.25,"m":153.15,"gd":37.09,"wic":{},"woc":{},"wgc":{},"emm":[{"Type":"1","MainRange":52,"MainValue":0.25,"FarRange":85},{"Type":"25","MainRange":52,"MainValue":0.16,"FarRange":126}],"sig":[{"t":"9-1","s":"","d":{"X":0.87,"Y":0.44}},{"t":"X1","s":"","d":{"X":0.114,"Y":-0.437}},{"t":"X25","s":"","d":{"X":0.182,"Y":-0.211}}],"clr":{"R":249,"G":253,"B":254,"A":255}},"GL2-008-29":{"pid":"GL2-008","orb":1006.95,"per":16.78,"ang":96.11,"t":"ASTEROID","sp":"ASTEROID-3","s":17.82,"m":78.66,"gd":29.7,"wic":{},"woc":{},"wgc":{},"emm":[{"Type":"1","MainRange":41,"MainValue":0.07,"FarRange":148}],"sig":[{"t":"9-1","s":"","d":{"X":0.83,"Y":0.29}},{"t":"X1","s":"","d":{"X":-0.336,"Y":-0.296}}],"clr":{"R":249,"G":168,"B":203,"A":255}},"GL2-008-3":{"pid":"GL2-008","orb":893.56,"per":14.89,"ang":114.95,"t":"ASTEROID","sp":"ASTEROID-3","s":9.88,"m":13.42,"gd":16.47,"wic":{},"woc":{},"wgc":{},"emm":[{"Type":"1","MainRange":49,"MainValue":0.14,"FarRange":134}],"sig":[{"t":"9-1","s":"","d":{"X":0.27,"Y":-0.1}},{"t":"X1","s":"","d":{"X":0.52,"Y":-0.817}}],"clr":{"R":232,"G":230,"B":251,"A":255}},"GL2-008-30":{"pid":"GL2-008","orb":948.09,"per":15.8,"ang":86.79,"t":"ASTEROID","sp":"ASTEROID-1","s":19.82,"m":108.21,"gd":33.04,"wic":{},"woc":{},"wgc":{},"emm":[{"Type":"1","MainRange":27,"MainValue":0.3,"FarRange":143}],"sig":[{"t":"9-1","s":"","d":{"X":-0.63,"Y":-0.62}},{"t":"X1","s":"","d":{"X":0.241,"Y":0.527}}],"clr":{"R":197,"G":244,"B":187,"A":255}},"GL2-008-31":{"pid":"GL2-008","orb":877.69,"per":14.62,"ang":59,"t":"ASTEROID","sp":"ASTEROID-5","s":15.2,"m":48.82,"gd":25.34,"wic":{},"woc":{},"wgc":{},"emm":[{"Type":"1","MainRange":65,"MainValue":0.23,"FarRange":157}],"sig":[{"t":"9-1","s":"","d":{"X":0.05,"Y":-0.55}},{"t":"X1","s":"","d":{"X":-0.415,"Y":0.826}}],"clr":{"R":236,"G":233,"B":253,"A":255}},"GL2-008-32":{"pid":"GL2-008","orb":978.43,"per":16.3,"ang":162.52,"t":"ASTEROID","sp":"ASTEROID-5","s":13.6,"m":34.99,"gd":22.67,"wic":{},"woc":{},"wgc":{},"emm":[{"Type":"1","MainRange":77,"MainValue":0.29,"FarRange":169}],"sig":[{"t":"9-1","s":"","d":{"X":-0.21,"Y":0.08}},{"t":"X1","s":"","d":{"X":0.741,"Y":0.642}}],"clr":{"R":243,"G":212,"B":243,"A":255}},"GL2-008-33":{"pid":"GL2-008","orb":859.49,"per":14.32,"ang":62.58,"t":"ASTEROID","sp":"ASTEROID-5","s":22.53,"m":158.94,"gd":37.55,"wic":{},"woc":{},"wgc":{},"emm":[{"Type":"1","MainRange":58,"MainValue":0.16,"FarRange":153}],"sig":[{"t":"9-1","s":"","d":{"X":-0.4,"Y":-0.76}},{"t":"X1","s":"","d":{"X":0.17,"Y":0.928}}],"clr":{"R":240,"G":225,"B":191,"A":255}},"GL2-008-34":{"pid":"GL2-008","orb":756.52,"per":12.6,"ang":327.87,"t":"ASTEROID","sp":"ASTEROID-2","s":9.38,"m":11.46,"gd":15.63,"wic":{},"woc":{},"wgc":{},"emm":[{"Type":"1","MainRange":57,"MainValue":0.16,"FarRange":166}],"sig":[{"t":"9-1","s":"","d":{"X":0.6,"Y":0.62}},{"t":"X1","s":"","d":{"X":-0.238,"Y":0.195}}],"clr":{"R":247,"G":243,"B":211,"A":255}},"GL2-008-35":{"pid":"GL2-008","orb":1024.28,"per":17.07,"ang":58.9,"t":"ASTEROID","sp":"ASTEROID-4","s":17.92,"m":79.93,"gd":29.86,"wic":{},"woc":{},"wgc":{},"emm":[{"Type":"1","MainRange":56,"MainValue":0.27,"FarRange":172}],"sig":[{"t":"9-1","s":"","d":{"X":0.5,"Y":0.13}},{"t":"X1","s":"","d":{"X":0.042,"Y":-0.803}}],"clr":{"R":203,"G":227,"B":241,"A":255}},"GL2-008-36":{"pid":"GL2-008","orb":800.1,"per":13.33,"ang":232.42,"t":"ASTEROID","sp":"ASTEROID-5","s":28.35,"m":316.61,"gd":47.25,"wic":{},"woc":{},"wgc":{},"emm":[{"Type":"1","MainRange":47,"MainValue":0.18,"FarRange":61}],"sig":[{"t":"9-1","s":"","d":{"X":-0.48,"Y":0.87}},{"t":"X1","s":"","d":{"X":0.743,"Y":0.392}}],"clr":{"R":220,"G":250,"B":252,"A":255}},"GL2-008-37":{"pid":"GL2-008","orb":802.11,"per":13.36,"ang":130.25,"t":"ASTEROID","sp":"ASTEROID-1","s":26.69,"m":264.16,"gd":44.48,"wic":{},"woc":{},"wgc":{},"emm":[{"Type":"1","MainRange":69,"MainValue":0.19,"FarRange":102}],"sig":[{"t":"9-1","s":"","d":{"X":-0.25,"Y":-0.2}},{"t":"X1","s":"","d":{"X":0.798,"Y":-0.038}}],"clr":{"R":246,"G":217,"B":208,"A":255}},"GL2-008-38":{"pid":"GL2-008","orb":841.58,"per":14.02,"ang":88.12,"t":"ASTEROID","sp":"ASTEROID-1","s":30.78,"m":405.16,"gd":51.3,"wic":{},"woc":{},"wgc":{},"emm":[{"Type":"1","MainRange":61,"MainValue":0.18,"FarRange":108}],"sig":[{"t":"9-1","s":"","d":{"X":0.1,"Y":0.12}},{"t":"X1","s":"","d":{"X":0.195,"Y":-0.582}}],"clr":{"R":211,"G":246,"B":207,"A":255}},"GL2-008-39":{"pid":"GL2-008","orb":730.08,"per":12.16,"ang":181.04,"t":"ASTEROID","sp":"ASTEROID-4","s":21.62,"m":140.37,"gd":36.03,"wic":{},"woc":{},"wgc":{},"emm":[{"Type":"1","MainRange":49,"MainValue":0.19,"FarRange":175}],"sig":[{"t":"9-1","s":"","d":{"X":-0.78,"Y":-0.55}},{"t":"X1","s":"","d":{"X":-0.003,"Y":-0.99}}],"clr":{"R":233,"G":193,"B":188,"A":255}},"GL2-008-4":{"pid":"GL2-008","orb":819.2,"per":13.65,"ang":355.12,"t":"ASTEROID","sp":"ASTEROID-2","s":16.14,"m":58.49,"gd":26.91,"wic":{},"woc":{},"wgc":{},"emm":[{"Type":"1","MainRange":39,"MainValue":0.23,"FarRange":192}],"sig":[{"t":"9-1","s":"","d":{"X":-0.17,"Y":-0.03}},{"t":"X1","s":"","d":{"X":0.38,"Y":-0.234}}],"clr":{"R":191,"G":205,"B":243,"A":255}},"GL2-008-40":{"pid":"GL2-008","orb":959.85,"per":15.99,"ang":338.67,"t":"ASTEROID","sp":"ASTEROID-5","s":11.86,"m":23.2,"gd":19.77,"wic":{},"woc":{},"wgc":{},"emm":[{"Type":"1","MainRange":64,"MainValue":0.13,"FarRange":188}],"sig":[{"t":"9-1","s":"","d":{"X":-0.42,"Y":-0.52}},{"t":"X1","s":"","d":{"X":-0.77,"Y":-0.619}}],"clr":{"R":248,"G":251,"B":243,"A":255}},"GL2-008-41":{"pid":"GL2-008","orb":971.91,"per":16.19,"ang":215.56,"t":"ASTEROID","sp":"ASTEROID-1","s":13.57,"m":34.72,"gd":22.61,"wic":{},"woc":{},"wgc":{},"emm":[{"Type":"1","MainRange":55,"MainValue":0.19,"FarRange":184}],"sig":[{"t":"9-1","s":"","d":{"X":-0.24,"Y":0.86}},{"t":"X1","s":"","d":{"X":0.016,"Y":0.311}}],"clr":{"R":247,"G":186,"B":251,"A":255}},"GL2-008-42":{"pid":"GL2-008","orb":986.01,"per":16.43,"ang":277.38,"t":"ASTEROID","sp":"ASTEROID-5","s":16.52,"m":62.7,"gd":27.54,"wic":{},"woc":{},"wgc":{},"emm":[{"Type":"1","MainRange":41,"MainValue":0.25,"FarRange":183},{"Type":"15","MainRange":26,"MainValue":0.2,"FarRange":193},{"Type":"14","MainRange":40,"MainValue":0.27,"FarRange":88},{"Type":"18","MainRange":46,"MainValue":0.17,"FarRange":170},{"Type":"13","MainRange":56,"MainValue":0.28,"FarRange":191},{"Type":"5","MainRange":52,"MainValue":0.24,"FarRange":85},{"Type":"17","MainRange":81,"MainValue":0.25,"FarRange":157}],"sig":[{"t":"9-1","s":"","d":{"X":0.83,"Y":-0.37}},{"t":"X1","s":"","d":{"X":0.327,"Y":0.643}},{"t":"X15","s":"","d":{"X":0.447,"Y":-0.537}},{"t":"X14","s":"","d":{"X":0.256,"Y":-0.46}},{"t":"X18","s":"","d":{"X":0.384,"Y":0.141}},{"t":"X13","s":"","d":{"X":0.733,"Y":-0.102}},{"t":"X5","s":"","d":{"X":0.391,"Y":-0.398}},{"t":"X17","s":"","d":{"X":0.937,"Y":-0.249}}],"clr":{"R":249,"G":254,"B":245,"A":255}},"GL2-008-43":{"pid":"GL2-008","orb":831.32,"per":13.85,"ang":302.08,"t":"ASTEROID","sp":"ASTEROID-3","s":23.94,"m":190.71,"gd":39.91,"wic":{},"woc":{},"wgc":{},"emm":[{"Type":"1","MainRange":64,"MainValue":0.12,"FarRange":186}],"sig":[{"t":"9-1","s":"","d":{"X":0.16,"Y":0.96}},{"t":"X1","s":"","d":{"X":-0.112,"Y":-0.579}}],"clr":{"R":244,"G":214,"B":166,"A":255}},"GL2-008-44":{"pid":"GL2-008","orb":1019.44,"per":16.99,"ang":280.96,"t":"ASTEROID","sp":"ASTEROID-1","s":11.51,"m":21.21,"gd":19.19,"wic":{},"woc":{},"wgc":{},"emm":[{"Type":"1","MainRange":52,"MainValue":0.26,"FarRange":113}],"sig":[{"t":"9-1","s":"","d":{"X":-0.79,"Y":-0.45}},{"t":"X1","s":"","d":{"X":0.147,"Y":-0.097}}],"clr":{"R":207,"G":220,"B":253,"A":255}},"GL2-008-45":{"pid":"GL2-008","orb":797.54,"per":13.29,"ang":314.59,"t":"ASTEROID","sp":"ASTEROID-1","s":26.16,"m":248.88,"gd":43.61,"wic":{},"woc":{},"wgc":{},"emm":[{"Type":"1","MainRange":42,"MainValue":0.23,"FarRange":177}],"sig":[{"t":"9-1","s":"","d":{"X":0.67,"Y":0.04}},{"t":"X1","s":"","d":{"X":0.136,"Y":0.494}}],"clr":{"R":212,"G":244,"B":183,"A":255}},"GL2-008-46":{"pid":"GL2-008","orb":882.74,"per":14.71,"ang":163.62,"t":"ASTEROID","sp":"ASTEROID-5","s":29.28,"m":348.92,"gd":48.81,"wic":{},"woc":{},"wgc":{},"emm":[{"Type":"1","MainRange":41,"MainValue":0.19,"FarRange":103}],"sig":[{"t":"9-1","s":"","d":{"X":-0.01,"Y":-0.63}},{"t":"X1","s":"","d":{"X":-0.793,"Y":-0.496}}],"clr":{"R":186,"G":192,"B":254,"A":255}},"GL2-008-47":{"pid":"GL2-008","orb":813.16,"per":13.55,"ang":276.49,"t":"ASTEROID","sp":"ASTEROID-2","s":16.96,"m":67.77,"gd":28.26,"wic":{},"woc":{},"wgc":{},"emm":[{"Type":"1","MainRange":35,"MainValue":0.08,"FarRange":194}],"sig":[{"t":"9-1","s":"","d":{"X":0.59,"Y":0.61}},{"t":"X1","s":"","d":{"X":0.04,"Y":0.011}}],"clr":{"R":236,"G":206,"B":199,"A":255}},"GL2-008-48":{"pid":"GL2-008","orb":824.41,"per":13.74,"ang":57.41,"t":"ASTEROID","sp":"ASTEROID-2","s":32.11,"m":460.18,"gd":53.53,"wic":{},"woc":{},"wgc":{},"emm":[{"Type":"1","MainRange":34,"MainValue":0.28,"FarRange":68}],"sig":[{"t":"9-1","s":"","d":{"X":0.16,"Y":0.08}},{"t":"X1","s":"","d":{"X":0.704,"Y":-0.075}}],"clr":{"R":176,"G":231,"B":191,"A":255}},"GL2-008-49":{"pid":"GL2-008","orb":682,"per":11.36,"ang":26.05,"t":"ASTEROID","sp":"ASTEROID-3","s":27.38,"m":285.17,"gd":45.63,"wic":{},"woc":{},"wgc":{},"emm":[{"Type":"1","MainRange":77,"MainValue":0.13,"FarRange":144},{"Type":"25","MainRange":45.9,"MainValue":0.12,"FarRange":51}],"sig":[{"t":"9-1","s":"","d":{"X":-0.53,"Y":-0.37}},{"t":"X1","s":"","d":{"X":-0.347,"Y":-0.761}},{"t":"X25","s":"","d":{"X":-0.478,"Y":0.595}}],"clr":{"R":203,"G":173,"B":244,"A":255}},"GL2-008-5":{"pid":"GL2-008","orb":1033.36,"per":17.22,"ang":51.48,"t":"ASTEROID","sp":"ASTEROID-5","s":23.09,"m":171.11,"gd":38.49,"wic":{},"woc":{},"wgc":{},"emm":[{"Type":"1","MainRange":33,"MainValue":0.14,"FarRange":184}],"sig":[{"t":"9-1","s":"","d":{"X":0.3,"Y":0.78}},{"t":"X1","s":"","d":{"X":0.537,"Y":0.204}}],"clr":{"R":228,"G":242,"B":197,"A":255}},"GL2-008-50":{"pid":"GL2-008","orb":901.55,"per":15.02,"ang":202.37,"t":"ASTEROID","sp":"ASTEROID-1","s":23.72,"m":185.45,"gd":39.53,"wic":{},"woc":{},"wgc":{},"emm":[{"Type":"1","MainRange":49,"MainValue":0.19,"FarRange":159}],"sig":[{"t":"9-1","s":"","d":{"X":-0.35,"Y":-0.2}},{"t":"X1","s":"","d":{"X":-0.588,"Y":-0.116}}],"clr":{"R":233,"G":237,"B":252,"A":255}},"GL2-008-51":{"pid":"GL2-008","orb":1013.82,"per":16.89,"ang":80.33,"t":"ASTEROID","sp":"ASTEROID-3","s":21.3,"m":134.3,"gd":35.5,"wic":{},"woc":{},"wgc":{},"emm":[{"Type":"1","MainRange":43,"MainValue":0.16,"FarRange":157}],"sig":[{"t":"9-1","s":"","d":{"X":-0.13,"Y":0.11}},{"t":"X1","s":"","d":{"X":0.818,"Y":0.547}}],"clr":{"R":240,"G":244,"B":206,"A":255}},"GL2-008-52":{"pid":"GL2-008","orb":915.57,"per":15.25,"ang":146.92,"t":"ASTEROID","sp":"ASTEROID-2","s":16.41,"m":61.47,"gd":27.36,"wic":{},"woc":{},"wgc":{},"emm":[{"Type":"1","MainRange":42,"MainValue":0.11,"FarRange":156}],"sig":[{"t":"9-1","s":"","d":{"X":0.48,"Y":-0.67}},{"t":"X1","s":"","d":{"X":-0.619,"Y":0.648}}],"clr":{"R":254,"G":251,"B":252,"A":255}},"GL2-008-53":{"pid":"GL2-008","orb":932.95,"per":15.54,"ang":291.07,"t":"ASTEROID","sp":"ASTEROID-2","s":12.29,"m":25.78,"gd":20.48,"wic":{},"woc":{},"wgc":{},"emm":[{"Type":"1","MainRange":66,"MainValue":0.32,"FarRange":204}],"sig":[{"t":"9-1","s":"","d":{"X":-0.56,"Y":-0.67}},{"t":"X1","s":"","d":{"X":0.666,"Y":0.263}}],"clr":{"R":254,"G":252,"B":247,"A":255}},"GL2-008-54":{"pid":"GL2-008","orb":778.25,"per":12.97,"ang":309.05,"t":"ASTEROID","sp":"ASTEROID-3","s":25.66,"m":234.75,"gd":42.77,"wic":{},"woc":{},"wgc":{},"emm":[{"Type":"1","MainRange":56,"MainValue":0.23,"FarRange":84}],"sig":[{"t":"9-1","s":"","d":{"X":0.76,"Y":0.33}},{"t":"X1","s":"","d":{"X":0.052,"Y":0.876}}],"clr":{"R":242,"G":189,"B":179,"A":255}},"GL2-008-55":{"pid":"GL2-008","orb":837.01,"per":13.95,"ang":299.18,"t":"ASTEROID","sp":"ASTEROID-1","s":20.14,"m":113.6,"gd":33.58,"wic":{},"woc":{},"wgc":{},"emm":[{"Type":"1","MainRange":64,"MainValue":0.17,"FarRange":176}],"sig":[{"t":"9-1","s":"","d":{"X":-0.42,"Y":0.74}},{"t":"X1","s":"","d":{"X":0.005,"Y":0.162}}],"clr":{"R":242,"G":231,"B":201,"A":255}},"GL2-008-56":{"pid":"GL2-008","orb":732.31,"per":12.2,"ang":44.92,"t":"ASTEROID","sp":"ASTEROID-1","s":23.64,"m":183.51,"gd":39.4,"wic":{},"woc":{},"wgc":{},"emm":[{"Type":"1","MainRange":43,"MainValue":0.12,"FarRange":127}],"sig":[{"t":"9-1","s":"","d":{"X":-0.68,"Y":0.5}},{"t":"X1","s":"","d":{"X":-0.518,"Y":-0.217}}],"clr":{"R":229,"G":247,"B":202,"A":255}},"GL2-008-57":{"pid":"GL2-008","orb":858.36,"per":14.3,"ang":7.76,"t":"ASTEROID","sp":"ASTEROID-3","s":19.81,"m":108.07,"gd":33.02,"wic":{},"woc":{},"wgc":{},"emm":[{"Type":"1","MainRange":53,"MainValue":0.15,"FarRange":168}],"sig":[{"t":"9-1","s":"","d":{"X":-0.66,"Y":-0.35}},{"t":"X1","s":"","d":{"X":-0.043,"Y":-0.768}}],"clr":{"R":254,"G":230,"B":203,"A":255}},"GL2-008-58":{"pid":"GL2-008","orb":883.78,"per":14.72,"ang":197.61,"t":"ASTEROID","sp":"ASTEROID-2","s":16.77,"m":65.62,"gd":27.96,"wic":{},"woc":{},"wgc":{},"emm":[{"Type":"1","MainRange":63,"MainValue":0.19,"FarRange":197}],"sig":[{"t":"9-1","s":"","d":{"X":0.29,"Y":-0.14}},{"t":"X1","s":"","d":{"X":-0.154,"Y":0.262}}],"clr":{"R":243,"G":254,"B":252,"A":255}},"GL2-008-6":{"pid":"GL2-008","orb":878.58,"per":14.64,"ang":297.8,"t":"ASTEROID","sp":"ASTEROID-3","s":15.54,"m":52.17,"gd":25.9,"wic":{},"woc":{},"wgc":{},"emm":[{"Type":"1","MainRange":45,"MainValue":0.06,"FarRange":193}],"sig":[{"t":"9-1","s":"","d":{"X":0.84,"Y":0.19}},{"t":"X1","s":"","d":{"X":0.735,"Y":0.64}}],"clr":{"R":246,"G":252,"B":237,"A":255}},"GL2-008-7":{"pid":"GL2-008","orb":951.67,"per":15.86,"ang":98.59,"t":"ASTEROID","sp":"ASTEROID-3","s":24.81,"m":212.18,"gd":41.35,"wic":{},"woc":{},"wgc":{},"emm":[{"Type":"1","MainRange":43,"MainValue":0.21,"FarRange":100}],"sig":[{"t":"9-1","s":"","d":{"X":0.18,"Y":0.81}},{"t":"X1","s":"","d":{"X":-0.098,"Y":-0.172}}],"clr":{"R":213,"G":243,"B":192,"A":255}},"GL2-008-8":{"pid":"GL2-008","orb":1021.27,"per":17.02,"ang":222.08,"t":"ASTEROID","sp":"ASTEROID-5","s":19.69,"m":106.14,"gd":32.82,"wic":{},"woc":{},"wgc":{},"emm":[{"Type":"1","MainRange":49,"MainValue":0.2,"FarRange":90}],"sig":[{"t":"9-1","s":"","d":{"X":0.48,"Y":0.11}},{"t":"X1","s":"","d":{"X":0.623,"Y":-0.54}}],"clr":{"R":241,"G":251,"B":248,"A":255}},"GL2-008-9":{"pid":"GL2-008","orb":871.07,"per":14.51,"ang":225.32,"t":"ASTEROID","sp":"ASTEROID-2","s":23.53,"m":181,"gd":39.22,"wic":{},"woc":{},"wgc":{},"emm":[{"Type":"1","MainRange":59,"MainValue":0.27,"FarRange":144}],"sig":[{"t":"9-1","s":"","d":{"X":-0.81,"Y":0.23}},{"t":"X1","s":"","d":{"X":0.263,"Y":-0.665}}],"clr":{"R":170,"G":239,"B":198,"A":255}},"GL2-103":{"pid":"GL2-S","orb":2381.48,"per":39.69,"t":"GASPLANET","sp":"GASPLANET-52","s":55,"m":1617.68,"gd":91.66,"wic":{},"woc":{},"wgc":{},"sig":[{"t":"0-2","s":"","d":{"X":-0.44,"Y":-0.16}},{"t":"1-3","s":"","d":{"X":0.46,"Y":-0.88}},{"t":"3-1","s":"","d":{"X":0.46,"Y":0.13}},{"t":"6-2","s":"","d":{"X":-0.19,"Y":0.06}},{"t":"7-3","s":"","d":{"X":0.75,"Y":0.19}},{"t":"8-1","s":"","d":{"X":-0.36,"Y":-0.06}},{"t":"10-1","s":"","d":{"X":0.07,"Y":0.09}},{"t":"11-1","s":"","d":{"X":0.58,"Y":-0.01}}],"clr":{"R":238,"G":175,"B":182,"A":255}},"GL2-473":{"pid":"GL2-S","orb":2788.58,"per":46.47,"t":"GASPLANET","sp":"GASPLANET-51","s":213.36,"m":94440.96,"gd":355.61,"wic":{},"woc":{},"wgc":{},"sig":[{"t":"0-3","s":"","d":{"X":0.06,"Y":-0.86}},{"t":"1-3","s":"","d":{"X":0.34,"Y":0.04}},{"t":"3-1","s":"","d":{"X":-0.44,"Y":0.78}},{"t":"6-3","s":"","d":{"X":0.07,"Y":0.04}},{"t":"7-2","s":"","d":{"X":-0.63,"Y":-0.42}},{"t":"7-3","s":"","d":{"X":-0.11,"Y":-0.47}},{"t":"8-1","s":"","d":{"X":-0.63,"Y":0.56}},{"t":"10-1","s":"","d":{"X":-0.19,"Y":0.59}},{"t":"11-1","s":"","d":{"X":0.86,"Y":-0.29}}],"clr":{"R":241,"G":167,"B":181,"A":255}},"GL2-S":{"t":"STAR","sp":"STAR-9","s":463.66,"m":5538009.23,"gd":1545.56,"wic":{},"woc":{},"wgc":{},"emm":[{"Type":"2","MainRange":845,"MainValue":5.51,"FarRange":5094}],"sig":[{"t":"X2","s":"","d":{"X":0.41,"Y":0.495}}],"clr":{"R":246,"G":238,"B":227,"A":255}}}}