{"SpawnDistance":35630.628000000004,"Points":{"GG3-0-0":{"pid":"GG3-S","orb":917.87,"per":15.29,"ang":213.66,"t":"ASTEROID","sp":"ASTEROID-1","s":30.89,"m":409.69,"gd":51.49,"wic":{},"woc":{},"wgc":{},"emm":[{"Type":"1","MainRange":74,"MainValue":0.23,"FarRange":148}],"sig":[{"t":"9-1","s":"","d":{"X":0.84,"Y":0.32}},{"t":"9-2","s":"","d":{"X":0.16,"Y":-0.94}},{"t":"X1","s":"","d":{"X":-0.302,"Y":-0.722}}],"clr":{"R":249,"G":223,"B":240,"A":255}},"GG3-0-1":{"pid":"GG3-S","orb":1070.94,"per":17.84,"ang":232.04,"t":"ASTEROID","sp":"ASTEROID-5","s":25.16,"m":221.39,"gd":41.94,"wic":{},"woc":{},"wgc":{},"emm":[{"Type":"1","MainRange":49,"MainValue":0.21,"FarRange":95}],"sig":[{"t":"9-1","s":"","d":{"X":0.62,"Y":0.45}},{"t":"9-2","s":"","d":{"X":0.92,"Y":0.34}},{"t":"X1","s":"","d":{"X":-0.249,"Y":0.949}}],"clr":{"R":254,"G":245,"B":248,"A":255}},"GG3-0-10":{"pid":"GG3-S","orb":787.34,"per":13.12,"ang":244.68,"t":"ASTEROID","sp":"ASTEROID-2","s":18.71,"m":91.04,"gd":31.19,"wic":{},"woc":{},"wgc":{},"emm":[{"Type":"1","MainRange":49,"MainValue":0.17,"FarRange":108}],"sig":[{"t":"9-1","s":"","d":{"X":-0.87,"Y":-0.2}},{"t":"9-2","s":"","d":{"X":-0.87,"Y":0.07}},{"t":"X1","s":"","d":{"X":-0.14,"Y":0.738}}],"clr":{"R":254,"G":252,"B":254,"A":255}},"GG3-0-11":{"pid":"GG3-S","orb":928.07,"per":15.46,"ang":5.64,"t":"ASTEROID","sp":"ASTEROID-3","s":16,"m":56.94,"gd":26.67,"wic":{},"woc":{},"wgc":{},"emm":[{"Type":"1","MainRange":25,"MainValue":0.1,"FarRange":170}],"sig":[{"t":"9-1","s":"","d":{"X":0.36,"Y":0.3}},{"t":"9-2","s":"","d":{"X":-0.05,"Y":0.91}},{"t":"X1","s":"","d":{"X":0.912,"Y":-0.363}}],"clr":{"R":234,"G":237,"B":176,"A":255}},"GG3-0-12":{"pid":"GG3-S","orb":778.27,"per":12.97,"ang":21.4,"t":"ASTEROID","sp":"ASTEROID-5","s":13.74,"m":36.08,"gd":22.91,"wic":{},"woc":{},"wgc":{},"emm":[{"Type":"1","MainRange":56,"MainValue":0.22,"FarRange":180}],"sig":[{"t":"9-1","s":"","d":{"X":0.04,"Y":0.07}},{"t":"9-2","s":"","d":{"X":-0.59,"Y":-0.72}},{"t":"X1","s":"","d":{"X":0.536,"Y":0.562}}],"clr":{"R":250,"G":240,"B":251,"A":255}},"GG3-0-13":{"pid":"GG3-S","orb":909.02,"per":15.15,"ang":253.59,"t":"ASTEROID","sp":"ASTEROID-5","s":19.6,"m":104.65,"gd":32.67,"wic":{},"woc":{},"wgc":{},"emm":[{"Type":"1","MainRange":52,"MainValue":0.25,"FarRange":165}],"sig":[{"t":"9-1","s":"","d":{"X":-0.02,"Y":0.86}},{"t":"9-2","s":"","d":{"X":-0.28,"Y":0.81}},{"t":"X1","s":"","d":{"X":-0.494,"Y":0.216}}],"clr":{"R":254,"G":179,"B":222,"A":255}},"GG3-0-14":{"pid":"GG3-S","orb":923.43,"per":15.39,"ang":219.12,"t":"ASTEROID","sp":"ASTEROID-3","s":17.93,"m":80.18,"gd":29.89,"wic":{},"woc":{},"wgc":{},"emm":[{"Type":"1","MainRange":36,"MainValue":0.25,"FarRange":203}],"sig":[{"t":"9-1","s":"","d":{"X":0.09,"Y":-0.3}},{"t":"9-2","s":"","d":{"X":-0.44,"Y":-0.26}},{"t":"X1","s":"","d":{"X":-0.056,"Y":-0.967}}],"clr":{"R":182,"G":192,"B":236,"A":255}},"GG3-0-15":{"pid":"GG3-S","orb":940.29,"per":15.67,"ang":50.67,"t":"ASTEROID","sp":"ASTEROID-3","s":30.2,"m":382.87,"gd":50.34,"wic":{},"woc":{},"wgc":{},"emm":[{"Type":"1","MainRange":57,"MainValue":0.11,"FarRange":168},{"Type":"3","MainRange":28,"MainValue":0.22,"FarRange":160}],"sig":[{"t":"9-1","s":"","d":{"X":-0.69,"Y":0.43}},{"t":"9-2","s":"","d":{"X":-0.15,"Y":0.07}},{"t":"X1","s":"","d":{"X":-0.352,"Y":-0.864}},{"t":"X3","s":"","d":{"X":-0.145,"Y":0.252}}],"clr":{"R":193,"G":247,"B":219,"A":255}},"GG3-0-16":{"pid":"GG3-S","orb":893.32,"per":14.88,"ang":351.03,"t":"ASTEROID","sp":"ASTEROID-2","s":14.49,"m":42.32,"gd":24.16,"wic":{},"woc":{},"wgc":{},"emm":[{"Type":"1","MainRange":21,"MainValue":0.25,"FarRange":66}],"sig":[{"t":"9-1","s":"","d":{"X":0.55,"Y":-0.11}},{"t":"9-2","s":"","d":{"X":-0.46,"Y":0.04}},{"t":"X1","s":"","d":{"X":0.086,"Y":0.775}}],"clr":{"R":251,"G":254,"B":251,"A":255}},"GG3-0-17":{"pid":"GG3-S","orb":814.29,"per":13.57,"ang":125.78,"t":"ASTEROID","sp":"ASTEROID-1","s":23.41,"m":178.29,"gd":39.02,"wic":{},"woc":{},"wgc":{},"emm":[{"Type":"1","MainRange":40,"MainValue":0.2,"FarRange":151}],"sig":[{"t":"9-1","s":"","d":{"X":-0.2,"Y":-0.26}},{"t":"9-2","s":"","d":{"X":0.37,"Y":0.24}},{"t":"X1","s":"","d":{"X":-0.95,"Y":-0.046}}],"clr":{"R":240,"G":241,"B":251,"A":255}},"GG3-0-18":{"pid":"GG3-S","orb":881.67,"per":14.69,"ang":17.12,"t":"ASTEROID","sp":"ASTEROID-5","s":28.82,"m":332.64,"gd":48.04,"wic":{},"woc":{},"wgc":{},"emm":[{"Type":"1","MainRange":26,"MainValue":0.2,"FarRange":223},{"Type":"12","MainRange":50,"MainValue":0.18,"FarRange":189},{"Type":"27","MainRange":36,"MainValue":0.15,"FarRange":190}],"sig":[{"t":"9-1","s":"","d":{"X":-0.27,"Y":0.26}},{"t":"9-2","s":"","d":{"X":0.19,"Y":-0.4}},{"t":"X1","s":"","d":{"X":-0.727,"Y":0.071}},{"t":"X12","s":"","d":{"X":0.567,"Y":0.752}},{"t":"X27","s":"","d":{"X":0.133,"Y":0.926}}],"clr":{"R":180,"G":231,"B":178,"A":255}},"GG3-0-19":{"pid":"GG3-S","orb":952.33,"per":15.87,"ang":168.54,"t":"ASTEROID","sp":"ASTEROID-1","s":18.74,"m":91.45,"gd":31.23,"wic":{},"woc":{},"wgc":{},"emm":[{"Type":"1","MainRange":78,"MainValue":0.15,"FarRange":124}],"sig":[{"t":"9-1","s":"","d":{"X":-0.41,"Y":-0.77}},{"t":"9-2","s":"","d":{"X":-0.45,"Y":-0.04}},{"t":"X1","s":"","d":{"X":0.444,"Y":-0.337}}],"clr":{"R":217,"G":214,"B":244,"A":255}},"GG3-0-2":{"pid":"GG3-S","orb":980.55,"per":16.34,"ang":273.31,"t":"ASTEROID","sp":"ASTEROID-2","s":11.83,"m":23.01,"gd":19.72,"wic":{},"woc":{},"wgc":{},"emm":[{"Type":"1","MainRange":25,"MainValue":0.13,"FarRange":176}],"sig":[{"t":"9-1","s":"","d":{"X":-0.59,"Y":-0.66}},{"t":"9-2","s":"","d":{"X":-0.25,"Y":-0.47}},{"t":"X1","s":"","d":{"X":0.62,"Y":-0.63}}],"clr":{"R":252,"G":234,"B":247,"A":255}},"GG3-0-20":{"pid":"GG3-S","orb":783.83,"per":13.06,"ang":57.28,"t":"ASTEROID","sp":"ASTEROID-5","s":29.31,"m":349.9,"gd":48.85,"wic":{},"woc":{},"wgc":{},"emm":[{"Type":"1","MainRange":27,"MainValue":0.2,"FarRange":146},{"Type":"6","MainRange":78,"MainValue":0.21,"FarRange":100},{"Type":"10","MainRange":33,"MainValue":0.24,"FarRange":212},{"Type":"19","MainRange":46,"MainValue":0.21,"FarRange":124},{"Type":"5","MainRange":62,"MainValue":0.25,"FarRange":150},{"Type":"3","MainRange":82,"MainValue":0.18,"FarRange":137}],"sig":[{"t":"9-1","s":"","d":{"X":0.54,"Y":-0.02}},{"t":"9-2","s":"","d":{"X":-0.29,"Y":0.64}},{"t":"X1","s":"","d":{"X":0.104,"Y":0.085}},{"t":"X6","s":"","d":{"X":-0.287,"Y":-0.05}},{"t":"X10","s":"","d":{"X":0.415,"Y":-0.078}},{"t":"X19","s":"","d":{"X":-0.376,"Y":0.412}},{"t":"X5","s":"","d":{"X":-0.604,"Y":-0.147}},{"t":"X3","s":"","d":{"X":-0.557,"Y":0.496}}],"clr":{"R":201,"G":189,"B":247,"A":255}},"GG3-0-21":{"pid":"GG3-S","orb":892.54,"per":14.87,"ang":287.04,"t":"ASTEROID","sp":"ASTEROID-1","s":27,"m":273.62,"gd":45.01,"wic":{},"woc":{},"wgc":{},"emm":[{"Type":"1","MainRange":50,"MainValue":0.26,"FarRange":193}],"sig":[{"t":"9-1","s":"","d":{"X":0.64,"Y":-0.42}},{"t":"9-2","s":"","d":{"X":0.7,"Y":-0.29}},{"t":"X1","s":"","d":{"X":0.449,"Y":-0.313}}],"clr":{"R":251,"G":244,"B":251,"A":255}},"GG3-0-22":{"pid":"GG3-S","orb":851.04,"per":14.18,"ang":349.64,"t":"ASTEROID","sp":"ASTEROID-3","s":21.16,"m":131.71,"gd":35.27,"wic":{},"woc":{},"wgc":{},"emm":[{"Type":"1","MainRange":38,"MainValue":0.24,"FarRange":146}],"sig":[{"t":"9-1","s":"","d":{"X":0.65,"Y":-0.39}},{"t":"9-2","s":"","d":{"X":0.27,"Y":-0.33}},{"t":"X1","s":"","d":{"X":-0.67,"Y":0.016}}],"clr":{"R":247,"G":220,"B":221,"A":255}},"GG3-0-23":{"pid":"GG3-S","orb":1111.59,"per":18.52,"ang":38.22,"t":"ASTEROID","sp":"ASTEROID-4","s":16.44,"m":61.75,"gd":27.4,"wic":{},"woc":{},"wgc":{},"emm":[{"Type":"1","MainRange":35,"MainValue":0.23,"FarRange":163}],"sig":[{"t":"9-1","s":"","d":{"X":0.25,"Y":-0.56}},{"t":"9-2","s":"","d":{"X":0.54,"Y":-0.29}},{"t":"X1","s":"","d":{"X":-0.333,"Y":-0.25}}],"clr":{"R":189,"G":215,"B":249,"A":255}},"GG3-0-24":{"pid":"GG3-S","orb":792.44,"per":13.2,"ang":199.47,"t":"ASTEROID","sp":"ASTEROID-2","s":23.46,"m":179.33,"gd":39.1,"wic":{},"woc":{},"wgc":{},"emm":[{"Type":"1","MainRange":45,"MainValue":0.24,"FarRange":130},{"Type":"3","MainRange":87,"MainValue":0.2,"FarRange":132},{"Type":"2","MainRange":66,"MainValue":0.17,"FarRange":181}],"sig":[{"t":"9-1","s":"","d":{"X":0.84,"Y":0.12}},{"t":"9-2","s":"","d":{"X":-0.35,"Y":-0.43}},{"t":"X1","s":"","d":{"X":0.838,"Y":-0.519}},{"t":"X3","s":"","d":{"X":-0.879,"Y":0.077}},{"t":"X2","s":"","d":{"X":-0.201,"Y":-0.937}}],"clr":{"R":171,"G":253,"B":191,"A":255}},"GG3-0-25":{"pid":"GG3-S","orb":951.97,"per":15.86,"ang":286.79,"t":"ASTEROID","sp":"ASTEROID-5","s":21.92,"m":146.33,"gd":36.53,"wic":{},"woc":{},"wgc":{},"emm":[{"Type":"1","MainRange":38,"MainValue":0.21,"FarRange":207},{"Type":"11","MainRange":60,"MainValue":0.22,"FarRange":221},{"Type":"25","MainRange":64,"MainValue":0.16,"FarRange":175},{"Type":"27","MainRange":41,"MainValue":0.13,"FarRange":164},{"Type":"2","MainRange":82,"MainValue":0.22,"FarRange":155}],"sig":[{"t":"9-1","s":"","d":{"X":0.66,"Y":0.61}},{"t":"9-2","s":"","d":{"X":0.22,"Y":-0.58}},{"t":"X1","s":"","d":{"X":0.266,"Y":-0.064}},{"t":"X11","s":"","d":{"X":0.094,"Y":-0.283}},{"t":"X25","s":"","d":{"X":-0.089,"Y":0.73}},{"t":"X27","s":"","d":{"X":0.441,"Y":-0.477}},{"t":"X2","s":"","d":{"X":0.452,"Y":0.195}}],"clr":{"R":239,"G":254,"B":245,"A":255}},"GG3-0-26":{"pid":"GG3-S","orb":1133.93,"per":18.89,"ang":285.81,"t":"ASTEROID","sp":"ASTEROID-2","s":15.24,"m":49.22,"gd":25.41,"wic":{},"woc":{},"wgc":{},"emm":[{"Type":"1","MainRange":54.9,"MainValue":0.22,"FarRange":61}],"sig":[{"t":"9-1","s":"","d":{"X":-0.02,"Y":-0.86}},{"t":"9-2","s":"","d":{"X":0.24,"Y":0.2}},{"t":"X1","s":"","d":{"X":0.085,"Y":0.766}}],"clr":{"R":252,"G":254,"B":251,"A":255}},"GG3-0-27":{"pid":"GG3-S","orb":1070.54,"per":17.84,"ang":40.17,"t":"ASTEROID","sp":"ASTEROID-3","s":9.27,"m":11.08,"gd":15.45,"wic":{},"woc":{},"wgc":{},"emm":[{"Type":"1","MainRange":53,"MainValue":0.14,"FarRange":177}],"sig":[{"t":"9-1","s":"","d":{"X":-0.55,"Y":-0.19}},{"t":"9-2","s":"","d":{"X":-0.91,"Y":-0.34}},{"t":"X1","s":"","d":{"X":0.426,"Y":-0.705}}],"clr":{"R":226,"G":191,"B":254,"A":255}},"GG3-0-28":{"pid":"GG3-S","orb":1048.07,"per":17.46,"ang":241.28,"t":"ASTEROID","sp":"ASTEROID-3","s":22.57,"m":159.84,"gd":37.62,"wic":{},"woc":{},"wgc":{},"emm":[{"Type":"1","MainRange":33,"MainValue":0.27,"FarRange":88}],"sig":[{"t":"9-1","s":"","d":{"X":-0.69,"Y":0.51}},{"t":"9-2","s":"","d":{"X":-0.61,"Y":0.13}},{"t":"X1","s":"","d":{"X":-0.059,"Y":0.499}}],"clr":{"R":249,"G":247,"B":192,"A":255}},"GG3-0-29":{"pid":"GG3-S","orb":899.5,"per":14.99,"ang":130.33,"t":"ASTEROID","sp":"ASTEROID-5","s":20.33,"m":116.72,"gd":33.88,"wic":{},"woc":{},"wgc":{},"emm":[{"Type":"1","MainRange":47,"MainValue":0.25,"FarRange":199}],"sig":[{"t":"9-1","s":"","d":{"X":-0.86,"Y":-0.16}},{"t":"9-2","s":"","d":{"X":-0.23,"Y":-0.66}},{"t":"X1","s":"","d":{"X":-0.064,"Y":0.091}}],"clr":{"R":243,"G":246,"B":254,"A":255}},"GG3-0-3":{"pid":"GG3-S","orb":813.71,"per":13.56,"ang":45.56,"t":"ASTEROID","sp":"ASTEROID-2","s":14.94,"m":46.34,"gd":24.9,"wic":{},"woc":{},"wgc":{},"emm":[{"Type":"1","MainRange":53,"MainValue":0.22,"FarRange":172}],"sig":[{"t":"9-1","s":"","d":{"X":-0.91,"Y":0.17}},{"t":"9-2","s":"","d":{"X":0.37,"Y":-0.73}},{"t":"X1","s":"","d":{"X":-0.47,"Y":0.441}}],"clr":{"R":254,"G":253,"B":254,"A":255}},"GG3-0-30":{"pid":"GG3-S","orb":1089.35,"per":18.15,"ang":109.38,"t":"ASTEROID","sp":"ASTEROID-1","s":19.37,"m":100.95,"gd":32.28,"wic":{},"woc":{},"wgc":{},"emm":[{"Type":"1","MainRange":51,"MainValue":0.2,"FarRange":123}],"sig":[{"t":"9-1","s":"","d":{"X":-0.29,"Y":-0.36}},{"t":"9-2","s":"","d":{"X":-0.73,"Y":0.15}},{"t":"X1","s":"","d":{"X":0.545,"Y":0.765}}],"clr":{"R":169,"G":245,"B":162,"A":255}},"GG3-0-31":{"pid":"GG3-S","orb":1038.87,"per":17.31,"ang":332.36,"t":"ASTEROID","sp":"ASTEROID-2","s":25.03,"m":217.92,"gd":41.72,"wic":{},"woc":{},"wgc":{},"emm":[{"Type":"1","MainRange":40,"MainValue":0.22,"FarRange":162}],"sig":[{"t":"9-1","s":"","d":{"X":0.93,"Y":0.07}},{"t":"9-2","s":"","d":{"X":0.6,"Y":-0.24}},{"t":"X1","s":"","d":{"X":-0.545,"Y":0.389}}],"clr":{"R":246,"G":215,"B":214,"A":255}},"GG3-0-32":{"pid":"GG3-S","orb":1087.18,"per":18.11,"ang":262.85,"t":"ASTEROID","sp":"ASTEROID-4","s":13.51,"m":34.28,"gd":22.52,"wic":{},"woc":{},"wgc":{},"emm":[{"Type":"1","MainRange":28,"MainValue":0.21,"FarRange":113}],"sig":[{"t":"9-1","s":"","d":{"X":-0.12,"Y":0.53}},{"t":"9-2","s":"","d":{"X":0.19,"Y":-0.24}},{"t":"X1","s":"","d":{"X":0.318,"Y":-0.898}}],"clr":{"R":246,"G":189,"B":246,"A":255}},"GG3-0-33":{"pid":"GG3-S","orb":950.42,"per":15.84,"ang":271.63,"t":"ASTEROID","sp":"ASTEROID-5","s":19.18,"m":98.05,"gd":31.97,"wic":{},"woc":{},"wgc":{},"emm":[{"Type":"1","MainRange":56,"MainValue":0.13,"FarRange":235}],"sig":[{"t":"9-1","s":"","d":{"X":-0.36,"Y":0.04}},{"t":"9-2","s":"","d":{"X":-0.18,"Y":0.32}},{"t":"X1","s":"","d":{"X":-0.062,"Y":-0.063}}],"clr":{"R":209,"G":187,"B":233,"A":255}},"GG3-0-34":{"pid":"GG3-S","orb":959.66,"per":15.99,"ang":65.32,"t":"ASTEROID","sp":"ASTEROID-2","s":26.3,"m":252.78,"gd":43.84,"wic":{},"woc":{},"wgc":{},"emm":[{"Type":"1","MainRange":68,"MainValue":0.11,"FarRange":159}],"sig":[{"t":"9-1","s":"","d":{"X":-0.56,"Y":0.74}},{"t":"9-2","s":"","d":{"X":0.24,"Y":0.28}},{"t":"X1","s":"","d":{"X":-0.005,"Y":0.016}}],"clr":{"R":250,"G":246,"B":214,"A":255}},"GG3-0-35":{"pid":"GG3-S","orb":888.1,"per":14.8,"ang":143.59,"t":"ASTEROID","sp":"ASTEROID-3","s":21.52,"m":138.56,"gd":35.87,"wic":{},"woc":{},"wgc":{},"emm":[{"Type":"1","MainRange":73,"MainValue":0.09,"FarRange":106}],"sig":[{"t":"9-1","s":"","d":{"X":-0.16,"Y":0.73}},{"t":"9-2","s":"","d":{"X":0.79,"Y":-0.57}},{"t":"X1","s":"","d":{"X":-0.052,"Y":0.316}}],"clr":{"R":251,"G":240,"B":219,"A":255}},"GG3-0-36":{"pid":"GG3-S","orb":815.24,"per":13.58,"ang":224.26,"t":"ASTEROID","sp":"ASTEROID-1","s":17.21,"m":70.82,"gd":28.68,"wic":{},"woc":{},"wgc":{},"emm":[{"Type":"1","MainRange":46,"MainValue":0.16,"FarRange":73}],"sig":[{"t":"9-1","s":"","d":{"X":-0.7,"Y":0.44}},{"t":"9-2","s":"","d":{"X":0.56,"Y":0.69}},{"t":"X1","s":"","d":{"X":-0.846,"Y":-0.284}}],"clr":{"R":247,"G":250,"B":240,"A":255}},"GG3-0-37":{"pid":"GG3-S","orb":1104.72,"per":18.41,"ang":12.6,"t":"ASTEROID","sp":"ASTEROID-3","s":23.26,"m":174.95,"gd":38.77,"wic":{},"woc":{},"wgc":{},"emm":[{"Type":"1","MainRange":63,"MainValue":0.1,"FarRange":199}],"sig":[{"t":"9-1","s":"","d":{"X":0.45,"Y":0.87}},{"t":"9-2","s":"","d":{"X":-0.55,"Y":0.05}},{"t":"X1","s":"","d":{"X":-0.608,"Y":0.588}}],"clr":{"R":236,"G":247,"B":195,"A":255}},"GG3-0-38":{"pid":"GG3-S","orb":1024.09,"per":17.06,"ang":168.29,"t":"ASTEROID","sp":"ASTEROID-1","s":13.75,"m":36.14,"gd":22.92,"wic":{},"woc":{},"wgc":{},"emm":[{"Type":"1","MainRange":53,"MainValue":0.19,"FarRange":118}],"sig":[{"t":"9-1","s":"","d":{"X":-0.73,"Y":-0.05}},{"t":"9-2","s":"","d":{"X":0.03,"Y":-0.04}},{"t":"X1","s":"","d":{"X":-0.523,"Y":-0.059}}],"clr":{"R":241,"G":212,"B":238,"A":255}},"GG3-0-39":{"pid":"GG3-S","orb":1108.67,"per":18.47,"ang":323.91,"t":"ASTEROID","sp":"ASTEROID-3","s":13.93,"m":37.54,"gd":23.21,"wic":{},"woc":{},"wgc":{},"emm":[{"Type":"1","MainRange":77,"MainValue":0.18,"FarRange":203}],"sig":[{"t":"9-1","s":"","d":{"X":0.29,"Y":0.75}},{"t":"9-2","s":"","d":{"X":0.58,"Y":-0.11}},{"t":"X1","s":"","d":{"X":-0.758,"Y":-0.351}}],"clr":{"R":249,"G":211,"B":225,"A":255}},"GG3-0-4":{"pid":"GG3-S","orb":1161.3,"per":19.35,"ang":174.82,"t":"ASTEROID","sp":"ASTEROID-3","s":25.69,"m":235.74,"gd":42.83,"wic":{},"woc":{},"wgc":{},"emm":[{"Type":"1","MainRange":51,"MainValue":0.21,"FarRange":202}],"sig":[{"t":"9-1","s":"","d":{"X":0.63,"Y":0.67}},{"t":"9-2","s":"","d":{"X":-0.15,"Y":0.12}},{"t":"X1","s":"","d":{"X":0.799,"Y":0.279}}],"clr":{"R":240,"G":201,"B":226,"A":255}},"GG3-0-40":{"pid":"GG3-S","orb":1127.95,"per":18.79,"ang":357.96,"t":"ASTEROID","sp":"ASTEROID-1","s":17.78,"m":78.15,"gd":29.64,"wic":{},"woc":{},"wgc":{},"emm":[{"Type":"1","MainRange":56,"MainValue":0.15,"FarRange":158}],"sig":[{"t":"9-1","s":"","d":{"X":-0.06,"Y":-0.06}},{"t":"9-2","s":"","d":{"X":0.42,"Y":0.41}},{"t":"X1","s":"","d":{"X":0.431,"Y":0.41}}],"clr":{"R":225,"G":214,"B":245,"A":255}},"GG3-0-41":{"pid":"GG3-S","orb":1071.47,"per":17.85,"ang":230.87,"t":"ASTEROID","sp":"ASTEROID-1","s":31.44,"m":431.95,"gd":52.41,"wic":{},"woc":{},"wgc":{},"emm":[{"Type":"1","MainRange":37,"MainValue":0.26,"FarRange":141}],"sig":[{"t":"9-1","s":"","d":{"X":-0.88,"Y":-0.35}},{"t":"9-2","s":"","d":{"X":-0.27,"Y":-0.72}},{"t":"X1","s":"","d":{"X":-0.011,"Y":-0.857}}],"clr":{"R":251,"G":254,"B":251,"A":255}},"GG3-0-42":{"pid":"GG3-S","orb":979.69,"per":16.32,"ang":72.23,"t":"ASTEROID","sp":"ASTEROID-2","s":27.19,"m":279.39,"gd":45.32,"wic":{},"woc":{},"wgc":{},"emm":[{"Type":"1","MainRange":62,"MainValue":0.17,"FarRange":239},{"Type":"26","MainRange":45,"MainValue":0.18,"FarRange":204},{"Type":"25","MainRange":65,"MainValue":0.19,"FarRange":201},{"Type":"2","MainRange":47,"MainValue":0.16,"FarRange":123}],"sig":[{"t":"9-1","s":"","d":{"X":0.54,"Y":0.1}},{"t":"9-2","s":"","d":{"X":0.53,"Y":0.72}},{"t":"X1","s":"","d":{"X":0.03,"Y":-0.607}},{"t":"X26","s":"","d":{"X":0.233,"Y":-0.908}},{"t":"X25","s":"","d":{"X":0.083,"Y":-0.616}},{"t":"X2","s":"","d":{"X":0.384,"Y":-0.896}}],"clr":{"R":201,"G":185,"B":248,"A":255}},"GG3-0-43":{"pid":"GG3-S","orb":886.73,"per":14.77,"ang":212.48,"t":"ASTEROID","sp":"ASTEROID-1","s":20.86,"m":126.08,"gd":34.76,"wic":{},"woc":{},"wgc":{},"emm":[{"Type":"1","MainRange":40,"MainValue":0.17,"FarRange":146}],"sig":[{"t":"9-1","s":"","d":{"X":-0.14,"Y":-0.78}},{"t":"9-2","s":"","d":{"X":0.8,"Y":-0.19}},{"t":"X1","s":"","d":{"X":0.371,"Y":-0.3}}],"clr":{"R":184,"G":232,"B":227,"A":255}},"GG3-0-44":{"pid":"GG3-S","orb":1033.79,"per":17.22,"ang":300.69,"t":"ASTEROID","sp":"ASTEROID-1","s":25.3,"m":225.14,"gd":42.18,"wic":{},"woc":{},"wgc":{},"emm":[{"Type":"1","MainRange":65,"MainValue":0.18,"FarRange":161}],"sig":[{"t":"9-1","s":"","d":{"X":0.29,"Y":0.29}},{"t":"9-2","s":"","d":{"X":-0.21,"Y":-0.2}},{"t":"X1","s":"","d":{"X":-0.367,"Y":-0.384}}],"clr":{"R":179,"G":249,"B":223,"A":255}},"GG3-0-45":{"pid":"GG3-S","orb":1039,"per":17.31,"ang":311.54,"t":"ASTEROID","sp":"ASTEROID-1","s":12.64,"m":28.11,"gd":21.08,"wic":{},"woc":{},"wgc":{},"emm":[{"Type":"1","MainRange":41,"MainValue":0.12,"FarRange":142}],"sig":[{"t":"9-1","s":"","d":{"X":0.32,"Y":-0.65}},{"t":"9-2","s":"","d":{"X":0.41,"Y":-0.86}},{"t":"X1","s":"","d":{"X":0.52,"Y":-0.442}}],"clr":{"R":212,"G":237,"B":245,"A":255}},"GG3-0-5":{"pid":"GG3-S","orb":954.16,"per":15.9,"ang":200.55,"t":"ASTEROID","sp":"ASTEROID-3","s":24.75,"m":210.67,"gd":41.25,"wic":{},"woc":{},"wgc":{},"emm":[{"Type":"1","MainRange":55,"MainValue":0.14,"FarRange":151}],"sig":[{"t":"9-1","s":"","d":{"X":0.21,"Y":0.03}},{"t":"9-2","s":"","d":{"X":-0.86,"Y":0.19}},{"t":"X1","s":"","d":{"X":0.164,"Y":-0.895}}],"clr":{"R":253,"G":244,"B":211,"A":255}},"GG3-0-6":{"pid":"GG3-S","orb":821.11,"per":13.68,"ang":214.55,"t":"ASTEROID","sp":"ASTEROID-2","s":23.19,"m":173.39,"gd":38.66,"wic":{},"woc":{},"wgc":{},"emm":[{"Type":"1","MainRange":57,"MainValue":0.23,"FarRange":72}],"sig":[{"t":"9-1","s":"","d":{"X":0.06,"Y":0.62}},{"t":"9-2","s":"","d":{"X":-0.38,"Y":0.16}},{"t":"X1","s":"","d":{"X":-0.74,"Y":-0.331}}],"clr":{"R":213,"G":248,"B":239,"A":255}},"GG3-0-7":{"pid":"GG3-S","orb":833.16,"per":13.88,"ang":43.58,"t":"ASTEROID","sp":"ASTEROID-4","s":18.05,"m":81.73,"gd":30.09,"wic":{},"woc":{},"wgc":{},"emm":[{"Type":"1","MainRange":26,"MainValue":0.11,"FarRange":165}],"sig":[{"t":"9-1","s":"","d":{"X":-0.27,"Y":0.61}},{"t":"9-2","s":"","d":{"X":-0.01,"Y":-0.11}},{"t":"X1","s":"","d":{"X":-0.136,"Y":0.24}}],"clr":{"R":241,"G":242,"B":250,"A":255}},"GG3-0-8":{"pid":"GG3-S","orb":963.73,"per":16.06,"ang":147.16,"t":"ASTEROID","sp":"ASTEROID-5","s":21.97,"m":147.48,"gd":36.63,"wic":{},"woc":{},"wgc":{},"emm":[{"Type":"1","MainRange":54,"MainValue":0.12,"FarRange":167},{"Type":"2","MainRange":66,"MainValue":0.26,"FarRange":127}],"sig":[{"t":"9-1","s":"","d":{"X":-0.17,"Y":-0.21}},{"t":"9-2","s":"","d":{"X":-0.57,"Y":-0.79}},{"t":"X1","s":"","d":{"X":-0.002,"Y":-0.754}},{"t":"X2","s":"","d":{"X":-0.405,"Y":0.248}}],"clr":{"R":247,"G":254,"B":254,"A":255}},"GG3-0-9":{"pid":"GG3-S","orb":770.41,"per":12.84,"ang":218.93,"t":"ASTEROID","sp":"ASTEROID-3","s":18.55,"m":88.7,"gd":30.92,"wic":{},"woc":{},"wgc":{},"emm":[{"Type":"1","MainRange":65,"MainValue":0.09,"FarRange":169}],"sig":[{"t":"9-1","s":"","d":{"X":0.29,"Y":-0.67}},{"t":"9-2","s":"","d":{"X":-0.29,"Y":0.62}},{"t":"X1","s":"","d":{"X":-0.604,"Y":0.656}}],"clr":{"R":245,"G":216,"B":251,"A":255}},"GG3-162":{"pid":"GG3-S","orb":3821.56,"per":63.69,"t":"HARDPLANET","sp":"HARDPLANET-51","s":56.5,"m":10518.43,"gd":161.43,"wic":{},"woc":{},"wgc":{},"mi":[5],"emm":[{"Type":"1","MainRange":243,"MainValue":1.47,"FarRange":539}],"sig":[{"t":"0-1","s":"","d":{"X":-0.69,"Y":-0.04}},{"t":"1-1","s":"","d":{"X":0.88,"Y":-0.21}},{"t":"3-2","s":"","d":{"X":-0.07,"Y":-0.73}},{"t":"4-2","s":"","d":{"X":-0.44,"Y":0.73}},{"t":"5-1","s":"","d":{"X":0.45,"Y":0.01}},{"t":"6-2","s":"","d":{"X":-0.84,"Y":0.15}},{"t":"7-4","s":"","d":{"X":0.28,"Y":0.38}},{"t":"9-1","s":"","d":{"X":0.35,"Y":0.14}},{"t":"9-2","s":"","d":{"X":-0.4,"Y":0.72}},{"t":"10-1","s":"","d":{"X":0.63,"Y":0.28}},{"t":"10-2","s":"","d":{"X":0.06,"Y":-0.2}},{"t":"11-1","s":"","d":{"X":0.41,"Y":0.59}},{"t":"12-3","s":"","d":{"X":-0.54,"Y":-0.44}},{"t":"13-1","s":"","d":{"X":0.76,"Y":-0.6}},{"t":"13-2","s":"","d":{"X":-0.95,"Y":-0.29}},{"t":"X1","s":"","d":{"X":0.56,"Y":0.66}}],"clr":{"R":218,"G":228,"B":250,"A":255}},"GG3-182":{"pid":"GG3-S","orb":7108.6,"per":118.47,"t":"HARDPLANET","sp":"HARDPLANET-2","s":64.07,"m":15336.09,"gd":183.05,"wic":{},"woc":{},"wgc":{},"sig":[{"t":"3-2","s":"","d":{"X":-0.77,"Y":0.51}},{"t":"5-2","s":"","d":{"X":-0.77,"Y":-0.5}},{"t":"6-2","s":"","d":{"X":0.5,"Y":-0.31}},{"t":"7-4","s":"","d":{"X":0.49,"Y":0.04}},{"t":"9-1","s":"","d":{"X":0.18,"Y":-0.49}},{"t":"9-2","s":"","d":{"X":0.48,"Y":0.53}},{"t":"10-1","s":"","d":{"X":0.72,"Y":-0.68}},{"t":"10-2","s":"","d":{"X":-0.66,"Y":-0.36}},{"t":"11-2","s":"","d":{"X":-0.43,"Y":0.64}},{"t":"12-2","s":"","d":{"X":0.12,"Y":0.89}},{"t":"13-1","s":"","d":{"X":0.69,"Y":0.5}},{"t":"13-2","s":"","d":{"X":0.41,"Y":0.66}},{"t":"14-4","s":"","d":{"X":-0.13,"Y":0.42}}],"clr":{"R":199,"G":163,"B":247,"A":255}},"GG3-328":{"pid":"GG3-S","orb":32391.48,"per":539.85,"t":"GASPLANET","sp":"GASPLANET-13","s":297.63,"m":256345.25,"gd":496.06,"wic":{},"woc":{},"wgc":{},"sig":[{"t":"0-3","s":"","d":{"X":-0.04,"Y":-0.5}},{"t":"1-3","s":"","d":{"X":-0.93,"Y":0.31}},{"t":"3-1","s":"","d":{"X":0.81,"Y":0.44}},{"t":"6-2","s":"","d":{"X":0.8,"Y":0.43}},{"t":"7-2","s":"","d":{"X":-0.14,"Y":0.5}},{"t":"7-3","s":"","d":{"X":-0.3,"Y":0.52}},{"t":"8-1","s":"","d":{"X":0.1,"Y":-0.86}},{"t":"8-2","s":"","d":{"X":-0.13,"Y":0.19}},{"t":"10-2","s":"","d":{"X":0.38,"Y":0.39}},{"t":"11-1","s":"","d":{"X":-0.05,"Y":0.77}}],"clr":{"R":247,"G":250,"B":239,"A":255}},"GG3-340":{"pid":"GG3-S","orb":14009.36,"per":233.48,"t":"GASPLANET","sp":"GASPLANET-21","s":199.37,"m":77048.13,"gd":332.28,"wic":{},"woc":{},"wgc":{},"emm":[{"Type":"18","MainRange":448.2,"MainValue":1.73,"FarRange":498},{"Type":"17","MainRange":605,"MainValue":1.86,"FarRange":1008}],"sig":[{"t":"0-3","s":"","d":{"X":-0.69,"Y":0.3}},{"t":"1-3","s":"","d":{"X":-0.43,"Y":-0.78}},{"t":"3-1","s":"","d":{"X":-0.75,"Y":0.14}},{"t":"6-3","s":"","d":{"X":-0.31,"Y":-0.16}},{"t":"10-2","s":"","d":{"X":-0.43,"Y":-0.32}},{"t":"11-1","s":"","d":{"X":-0.5,"Y":0.56}},{"t":"X18","s":"","d":{"X":0.851,"Y":-0.147}},{"t":"X17","s":"","d":{"X":-0.889,"Y":0.377}}],"clr":{"R":205,"G":254,"B":187,"A":255}},"GG3-343":{"pid":"GG3-S","orb":15002.81,"per":250.04,"t":"GASPLANET","sp":"GASPLANET-9","s":204.29,"m":82897.62,"gd":340.49,"wic":{},"woc":{},"wgc":{},"emm":[{"Type":"2","MainRange":510.3,"MainValue":1.67,"FarRange":567},{"Type":"14","MainRange":449,"MainValue":2.11,"FarRange":894}],"sig":[{"t":"0-3","s":"","d":{"X":0.41,"Y":0.88}},{"t":"1-3","s":"","d":{"X":0.1,"Y":0.59}},{"t":"3-1","s":"","d":{"X":-0.57,"Y":0.69}},{"t":"6-2","s":"","d":{"X":-0.09,"Y":0.85}},{"t":"11-1","s":"","d":{"X":0.83,"Y":0.38}},{"t":"X2","s":"","d":{"X":-0.147,"Y":0.212}},{"t":"X14","s":"","d":{"X":-0.06,"Y":-0.302}}],"clr":{"R":205,"G":237,"B":244,"A":255}},"GG3-349":{"pid":"GG3-S","orb":31809.94,"per":530.16,"t":"GASPLANET","sp":"GASPLANET-5","s":153.55,"m":35200.8,"gd":255.92,"wic":{},"woc":{},"wgc":{},"sig":[{"t":"0-2","s":"","d":{"X":0.64,"Y":-0.49}},{"t":"1-3","s":"","d":{"X":0.33,"Y":0.34}},{"t":"3-1","s":"","d":{"X":0.65,"Y":-0.16}},{"t":"6-3","s":"","d":{"X":-0.19,"Y":0.02}},{"t":"7-3","s":"","d":{"X":0.74,"Y":-0.55}},{"t":"8-1","s":"","d":{"X":0.43,"Y":0.49}},{"t":"8-2","s":"","d":{"X":-0.4,"Y":0.48}},{"t":"10-1","s":"","d":{"X":-0.42,"Y":-0.46}},{"t":"10-2","s":"","d":{"X":-0.06,"Y":-0.28}},{"t":"11-1","s":"","d":{"X":-0.6,"Y":0.74}}],"clr":{"R":247,"G":208,"B":234,"A":255}},"GG3-349-0":{"pid":"GG3-349","orb":4340.01,"per":72.33,"ang":333.59,"t":"ASTEROID","sp":"ASTEROID-3","s":24.04,"m":193,"gd":40.06,"wic":{},"woc":{},"wgc":{},"emm":[{"Type":"1","MainRange":57,"MainValue":0.19,"FarRange":132},{"Type":"18","MainRange":59,"MainValue":0.25,"FarRange":216}],"sig":[{"t":"9-1","s":"","d":{"X":-0.07,"Y":0.48}},{"t":"9-2","s":"","d":{"X":0.32,"Y":-0.36}},{"t":"X1","s":"","d":{"X":0.347,"Y":-0.823}},{"t":"X18","s":"","d":{"X":0.144,"Y":-0.005}}],"clr":{"R":247,"G":254,"B":240,"A":255}},"GG3-349-1":{"pid":"GG3-349","orb":4738.75,"per":78.97,"ang":218.72,"t":"ASTEROID","sp":"ASTEROID-4","s":27.05,"m":275.09,"gd":45.09,"wic":{},"woc":{},"wgc":{},"emm":[{"Type":"1","MainRange":43,"MainValue":0.16,"FarRange":210}],"sig":[{"t":"9-1","s":"","d":{"X":-0.96,"Y":0.29}},{"t":"9-2","s":"","d":{"X":-0.16,"Y":-0.21}},{"t":"X1","s":"","d":{"X":0.186,"Y":0.37}}],"clr":{"R":221,"G":236,"B":248,"A":255}},"GG3-349-10":{"pid":"GG3-349","orb":4865.86,"per":81.09,"ang":284.72,"t":"ASTEROID","sp":"ASTEROID-3","s":23.86,"m":188.76,"gd":39.77,"wic":{},"woc":{},"wgc":{},"emm":[{"Type":"1","MainRange":71,"MainValue":0.16,"FarRange":187}],"sig":[{"t":"9-1","s":"","d":{"X":0.81,"Y":-0.54}},{"t":"9-2","s":"","d":{"X":-0.59,"Y":0.03}},{"t":"X1","s":"","d":{"X":-0.705,"Y":0.083}}],"clr":{"R":232,"G":249,"B":238,"A":255}},"GG3-349-11":{"pid":"GG3-349","orb":4842.37,"per":80.7,"ang":215.15,"t":"ASTEROID","sp":"ASTEROID-3","s":21.89,"m":145.84,"gd":36.49,"wic":{},"woc":{},"wgc":{},"emm":[{"Type":"1","MainRange":58,"MainValue":0.16,"FarRange":68}],"sig":[{"t":"9-1","s":"","d":{"X":-0.01,"Y":0.8}},{"t":"9-2","s":"","d":{"X":-0.7}},{"t":"X1","s":"","d":{"X":0.815,"Y":-0.167}}],"clr":{"R":254,"G":248,"B":253,"A":255}},"GG3-349-12":{"pid":"GG3-349","orb":3897.46,"per":64.95,"ang":313.18,"t":"ASTEROID","sp":"ASTEROID-5","s":28.9,"m":335.59,"gd":48.18,"wic":{},"woc":{},"wgc":{},"emm":[{"Type":"1","MainRange":54,"MainValue":0.23,"FarRange":116}],"sig":[{"t":"9-1","s":"","d":{"X":-0.54,"Y":0.3}},{"t":"9-2","s":"","d":{"X":0.66,"Y":0.31}},{"t":"X1","s":"","d":{"X":0.063,"Y":-0.844}}],"clr":{"R":228,"G":253,"B":214,"A":255}},"GG3-349-13":{"pid":"GG3-349","orb":4525.37,"per":75.42,"ang":14.38,"t":"ASTEROID","sp":"ASTEROID-3","s":21.93,"m":146.65,"gd":36.56,"wic":{},"woc":{},"wgc":{},"emm":[{"Type":"1","MainRange":39,"MainValue":0.29,"FarRange":175}],"sig":[{"t":"9-1","s":"","d":{"X":-0.15,"Y":0.73}},{"t":"9-2","s":"","d":{"X":-0.77,"Y":0.58}},{"t":"X1","s":"","d":{"X":0.75,"Y":0.332}}],"clr":{"R":233,"G":232,"B":249,"A":255}},"GG3-349-14":{"pid":"GG3-349","orb":5145.78,"per":85.76,"ang":278.05,"t":"ASTEROID","sp":"ASTEROID-3","s":18.2,"m":83.81,"gd":30.34,"wic":{},"woc":{},"wgc":{},"emm":[{"Type":"1","MainRange":68,"MainValue":0.23,"FarRange":114}],"sig":[{"t":"9-1","s":"","d":{"X":0.43,"Y":-0.79}},{"t":"9-2","s":"","d":{"X":0.33,"Y":-0.51}},{"t":"X1","s":"","d":{"X":-0.21,"Y":0.305}}],"clr":{"R":197,"G":238,"B":223,"A":255}},"GG3-349-15":{"pid":"GG3-349","orb":4254.44,"per":70.9,"ang":256.73,"t":"ASTEROID","sp":"ASTEROID-5","s":21.34,"m":135.05,"gd":35.57,"wic":{},"woc":{},"wgc":{},"emm":[{"Type":"1","MainRange":46,"MainValue":0.14,"FarRange":139}],"sig":[{"t":"9-1","s":"","d":{"X":-0.23,"Y":-0.29}},{"t":"9-2","s":"","d":{"X":0.2,"Y":0.7}},{"t":"X1","s":"","d":{"X":0.425,"Y":-0.835}}],"clr":{"R":168,"G":253,"B":169,"A":255}},"GG3-349-16":{"pid":"GG3-349","orb":4195.71,"per":69.92,"ang":64.1,"t":"ASTEROID","sp":"ASTEROID-5","s":23.15,"m":172.41,"gd":38.59,"wic":{},"woc":{},"wgc":{},"emm":[{"Type":"1","MainRange":59,"MainValue":0.17,"FarRange":160}],"sig":[{"t":"9-1","s":"","d":{"X":0.49,"Y":-0.21}},{"t":"9-2","s":"","d":{"X":0.34,"Y":-0.52}},{"t":"X1","s":"","d":{"X":-0.262,"Y":-0.526}}],"clr":{"R":215,"G":213,"B":246,"A":255}},"GG3-349-17":{"pid":"GG3-349","orb":4888.66,"per":81.47,"ang":2.66,"t":"ASTEROID","sp":"ASTEROID-4","s":16.89,"m":67.03,"gd":28.16,"wic":{},"woc":{},"wgc":{},"emm":[{"Type":"1","MainRange":27,"MainValue":0.21,"FarRange":111}],"sig":[{"t":"9-1","s":"","d":{"X":0.41,"Y":-0.39}},{"t":"9-2","s":"","d":{"X":-0.72,"Y":0.38}},{"t":"X1","s":"","d":{"X":0.062,"Y":-0.328}}],"clr":{"R":247,"G":220,"B":214,"A":255}},"GG3-349-18":{"pid":"GG3-349","orb":3981.69,"per":66.36,"ang":142.92,"t":"ASTEROID","sp":"ASTEROID-1","s":26.15,"m":248.48,"gd":43.59,"wic":{},"woc":{},"wgc":{},"emm":[{"Type":"1","MainRange":74,"MainValue":0.31,"FarRange":191}],"sig":[{"t":"9-1","s":"","d":{"X":-0.79,"Y":-0.05}},{"t":"9-2","s":"","d":{"X":0.12,"Y":-0.7}},{"t":"X1","s":"","d":{"X":0.636,"Y":0.309}}],"clr":{"R":249,"G":223,"B":242,"A":255}},"GG3-349-19":{"pid":"GG3-349","orb":4710.47,"per":78.5,"ang":138.79,"t":"ASTEROID","sp":"ASTEROID-4","s":16.93,"m":67.39,"gd":28.21,"wic":{},"woc":{},"wgc":{},"emm":[{"Type":"1","MainRange":41,"MainValue":0.24,"FarRange":90}],"sig":[{"t":"9-1","s":"","d":{"X":0.19,"Y":-0.08}},{"t":"9-2","s":"","d":{"X":-0.75,"Y":-0.59}},{"t":"X1","s":"","d":{"X":-0.083,"Y":-0.674}}],"clr":{"R":244,"G":229,"B":252,"A":255}},"GG3-349-2":{"pid":"GG3-349","orb":3608.86,"per":60.14,"ang":281.05,"t":"ASTEROID","sp":"ASTEROID-3","s":16.24,"m":59.59,"gd":27.08,"wic":{},"woc":{},"wgc":{},"emm":[{"Type":"1","MainRange":51,"MainValue":0.13,"FarRange":170}],"sig":[{"t":"9-1","s":"","d":{"X":0.94,"Y":-0.11}},{"t":"9-2","s":"","d":{"X":0.01,"Y":-0.22}},{"t":"X1","s":"","d":{"X":0.337,"Y":0.852}}],"clr":{"R":232,"G":244,"B":249,"A":255}},"GG3-349-20":{"pid":"GG3-349","orb":3462.74,"per":57.71,"ang":82.55,"t":"ASTEROID","sp":"ASTEROID-4","s":19.53,"m":103.59,"gd":32.56,"wic":{},"woc":{},"wgc":{},"emm":[{"Type":"1","MainRange":32,"MainValue":0.24,"FarRange":171}],"sig":[{"t":"9-1","s":"","d":{"X":0.62,"Y":-0.14}},{"t":"9-2","s":"","d":{"X":0.5,"Y":-0.63}},{"t":"X1","s":"","d":{"X":0.783,"Y":0.594}}],"clr":{"R":239,"G":195,"B":242,"A":255}},"GG3-349-21":{"pid":"GG3-349","orb":4607.61,"per":76.79,"ang":123.46,"t":"ASTEROID","sp":"ASTEROID-1","s":13.7,"m":35.76,"gd":22.84,"wic":{},"woc":{},"wgc":{},"emm":[{"Type":"1","MainRange":43,"MainValue":0.14,"FarRange":140}],"sig":[{"t":"9-1","s":"","d":{"X":0.76,"Y":-0.46}},{"t":"9-2","s":"","d":{"X":0.16,"Y":-0.51}},{"t":"X1","s":"","d":{"X":0.33,"Y":-0.146}}],"clr":{"R":176,"G":252,"B":226,"A":255}},"GG3-349-22":{"pid":"GG3-349","orb":5025.7,"per":83.76,"ang":302.56,"t":"ASTEROID","sp":"ASTEROID-1","s":21.43,"m":136.7,"gd":35.71,"wic":{},"woc":{},"wgc":{},"emm":[{"Type":"1","MainRange":39,"MainValue":0.09,"FarRange":196}],"sig":[{"t":"9-1","s":"","d":{"X":-0.51,"Y":0.54}},{"t":"9-2","s":"","d":{"X":0.16,"Y":-0.13}},{"t":"X1","s":"","d":{"X":0.586,"Y":-0.245}}],"clr":{"R":213,"G":248,"B":232,"A":255}},"GG3-349-23":{"pid":"GG3-349","orb":4675.81,"per":77.93,"ang":296.45,"t":"ASTEROID","sp":"ASTEROID-2","s":23.43,"m":178.84,"gd":39.06,"wic":{},"woc":{},"wgc":{},"emm":[{"Type":"1","MainRange":63,"MainValue":0.21,"FarRange":167}],"sig":[{"t":"9-1","s":"","d":{"X":0.06,"Y":0.44}},{"t":"9-2","s":"","d":{"X":-0.09,"Y":-0.35}},{"t":"X1","s":"","d":{"X":0.23,"Y":-0.931}}],"clr":{"R":254,"G":248,"B":251,"A":255}},"GG3-349-24":{"pid":"GG3-349","orb":3689.06,"per":61.48,"ang":239.69,"t":"ASTEROID","sp":"ASTEROID-4","s":36.29,"m":664.29,"gd":60.49,"wic":{},"woc":{},"wgc":{},"emm":[{"Type":"1","MainRange":36,"MainValue":0.09,"FarRange":153}],"sig":[{"t":"9-1","s":"","d":{"X":-0.08,"Y":-0.71}},{"t":"9-2","s":"","d":{"X":-0.85,"Y":0.41}},{"t":"X1","s":"","d":{"X":0.821,"Y":0.269}}],"clr":{"R":170,"G":247,"B":162,"A":255}},"GG3-349-25":{"pid":"GG3-349","orb":3545.96,"per":59.09,"ang":344.28,"t":"ASTEROID","sp":"ASTEROID-1","s":20.32,"m":116.65,"gd":33.87,"wic":{},"woc":{},"wgc":{},"emm":[{"Type":"1","MainRange":65.7,"MainValue":0.22,"FarRange":73}],"sig":[{"t":"9-1","s":"","d":{"X":0.28,"Y":-0.42}},{"t":"9-2","s":"","d":{"X":0.59,"Y":0.32}},{"t":"X1","s":"","d":{"X":-0.078,"Y":0.45}}],"clr":{"R":247,"G":250,"B":236,"A":255}},"GG3-349-26":{"pid":"GG3-349","orb":4085.9,"per":68.09,"ang":84.05,"t":"ASTEROID","sp":"ASTEROID-3","s":21.26,"m":133.58,"gd":35.44,"wic":{},"woc":{},"wgc":{},"emm":[{"Type":"1","MainRange":43,"MainValue":0.16,"FarRange":221}],"sig":[{"t":"9-1","s":"","d":{"X":-0.5,"Y":-0.77}},{"t":"9-2","s":"","d":{"X":-0.42,"Y":-0.59}},{"t":"X1","s":"","d":{"X":0.566,"Y":0.375}}],"clr":{"R":193,"G":249,"B":158,"A":255}},"GG3-349-27":{"pid":"GG3-349","orb":5099.99,"per":84.99,"ang":15.23,"t":"ASTEROID","sp":"ASTEROID-1","s":21.22,"m":132.73,"gd":35.36,"wic":{},"woc":{},"wgc":{},"emm":[{"Type":"1","MainRange":62,"MainValue":0.22,"FarRange":74}],"sig":[{"t":"9-1","s":"","d":{"X":-0.34,"Y":0.91}},{"t":"9-2","s":"","d":{"X":-0.37,"Y":-0.43}},{"t":"X1","s":"","d":{"X":-0.263,"Y":0.802}}],"clr":{"R":247,"G":253,"B":241,"A":255}},"GG3-349-28":{"pid":"GG3-349","orb":4679.81,"per":77.99,"ang":136.6,"t":"ASTEROID","sp":"ASTEROID-5","s":25.73,"m":236.68,"gd":42.88,"wic":{},"woc":{},"wgc":{},"emm":[{"Type":"1","MainRange":46,"MainValue":0.27,"FarRange":86}],"sig":[{"t":"9-1","s":"","d":{"X":-0.18,"Y":0.56}},{"t":"9-2","s":"","d":{"X":-0.04,"Y":0.43}},{"t":"X1","s":"","d":{"X":-0.69,"Y":-0.674}}],"clr":{"R":252,"G":251,"B":254,"A":255}},"GG3-349-29":{"pid":"GG3-349","orb":3805.33,"per":63.42,"ang":138.47,"t":"ASTEROID","sp":"ASTEROID-1","s":16.75,"m":65.35,"gd":27.92,"wic":{},"woc":{},"wgc":{},"emm":[{"Type":"1","MainRange":54,"MainValue":0.22,"FarRange":186}],"sig":[{"t":"9-1","s":"","d":{"X":-0.32,"Y":0.48}},{"t":"9-2","s":"","d":{"X":-0.96,"Y":0.23}},{"t":"X1","s":"","d":{"X":0.765,"Y":-0.342}}],"clr":{"R":220,"G":253,"B":193,"A":255}},"GG3-349-3":{"pid":"GG3-349","orb":4476.15,"per":74.6,"ang":119.04,"t":"ASTEROID","sp":"ASTEROID-1","s":14.51,"m":42.48,"gd":24.19,"wic":{},"woc":{},"wgc":{},"emm":[{"Type":"1","MainRange":24,"MainValue":0.17,"FarRange":187}],"sig":[{"t":"9-1","s":"","d":{"X":0.41,"Y":0.5}},{"t":"9-2","s":"","d":{"X":0.51,"Y":-0.85}},{"t":"X1","s":"","d":{"X":0.315,"Y":-0.277}}],"clr":{"R":228,"G":251,"B":240,"A":255}},"GG3-349-30":{"pid":"GG3-349","orb":4001.24,"per":66.68,"ang":293.65,"t":"ASTEROID","sp":"ASTEROID-2","s":17.99,"m":80.91,"gd":29.98,"wic":{},"woc":{},"wgc":{},"emm":[{"Type":"1","MainRange":60,"MainValue":0.19,"FarRange":269}],"sig":[{"t":"9-1","s":"","d":{"X":0.41,"Y":-0.06}},{"t":"9-2","s":"","d":{"X":-0.35,"Y":0.45}},{"t":"X1","s":"","d":{"X":-0.203,"Y":-0.858}}],"clr":{"R":244,"G":198,"B":250,"A":255}},"GG3-349-31":{"pid":"GG3-349","orb":4906.66,"per":81.77,"ang":239.4,"t":"ASTEROID","sp":"ASTEROID-1","s":23.33,"m":176.45,"gd":38.88,"wic":{},"woc":{},"wgc":{},"emm":[{"Type":"1","MainRange":60,"MainValue":0.16,"FarRange":112}],"sig":[{"t":"9-1","s":"","d":{"X":0.13,"Y":-0.63}},{"t":"9-2","s":"","d":{"X":0.19,"Y":0.45}},{"t":"X1","s":"","d":{"X":0.456,"Y":-0.005}}],"clr":{"R":212,"G":209,"B":241,"A":255}},"GG3-349-32":{"pid":"GG3-349","orb":3517.05,"per":58.61,"ang":86.15,"t":"ASTEROID","sp":"ASTEROID-3","s":22.83,"m":165.3,"gd":38.05,"wic":{},"woc":{},"wgc":{},"emm":[{"Type":"1","MainRange":79,"MainValue":0.19,"FarRange":135}],"sig":[{"t":"9-1","s":"","d":{"X":0.12,"Y":0.41}},{"t":"9-2","s":"","d":{"X":-0.66,"Y":0.04}},{"t":"X1","s":"","d":{"X":-0.392,"Y":-0.189}}],"clr":{"R":242,"G":240,"B":185,"A":255}},"GG3-349-33":{"pid":"GG3-349","orb":4331.93,"per":72.19,"ang":157.45,"t":"ASTEROID","sp":"ASTEROID-5","s":19.98,"m":110.86,"gd":33.3,"wic":{},"woc":{},"wgc":{},"emm":[{"Type":"1","MainRange":42,"MainValue":0.15,"FarRange":214}],"sig":[{"t":"9-1","s":"","d":{"X":-0.43,"Y":0.86}},{"t":"9-2","s":"","d":{"X":0.42,"Y":0.25}},{"t":"X1","s":"","d":{"X":-0.014,"Y":0.916}}],"clr":{"R":240,"G":243,"B":216,"A":255}},"GG3-349-34":{"pid":"GG3-349","orb":3288.08,"per":54.8,"ang":144.45,"t":"ASTEROID","sp":"ASTEROID-3","s":21.92,"m":146.47,"gd":36.54,"wic":{},"woc":{},"wgc":{},"emm":[{"Type":"1","MainRange":57,"MainValue":0.19,"FarRange":163}],"sig":[{"t":"9-1","s":"","d":{"X":-0.75,"Y":-0.19}},{"t":"9-2","s":"","d":{"X":-0.64,"Y":-0.33}},{"t":"X1","s":"","d":{"X":0.653,"Y":0.702}}],"clr":{"R":252,"G":238,"B":232,"A":255}},"GG3-349-35":{"pid":"GG3-349","orb":4621.71,"per":77.02,"ang":75.77,"t":"ASTEROID","sp":"ASTEROID-4","s":18.34,"m":85.8,"gd":30.58,"wic":{},"woc":{},"wgc":{},"emm":[{"Type":"1","MainRange":36,"MainValue":0.1,"FarRange":134}],"sig":[{"t":"9-1","s":"","d":{"X":-0.82,"Y":-0.37}},{"t":"9-2","s":"","d":{"X":-0.8,"Y":0.44}},{"t":"X1","s":"","d":{"X":0.573,"Y":0.779}}],"clr":{"R":225,"G":245,"B":251,"A":255}},"GG3-349-36":{"pid":"GG3-349","orb":3605.91,"per":60.09,"ang":251.61,"t":"ASTEROID","sp":"ASTEROID-5","s":21.52,"m":138.44,"gd":35.86,"wic":{},"woc":{},"wgc":{},"emm":[{"Type":"1","MainRange":47,"MainValue":0.11,"FarRange":195},{"Type":"20","MainRange":28,"MainValue":0.2,"FarRange":134}],"sig":[{"t":"9-1","s":"","d":{"X":-0.81,"Y":0.5}},{"t":"9-2","s":"","d":{"X":0.13,"Y":-0.4}},{"t":"X1","s":"","d":{"X":-0.081,"Y":0.567}},{"t":"X20","s":"","d":{"X":-0.526,"Y":-0.036}}],"clr":{"R":183,"G":252,"B":238,"A":255}},"GG3-349-37":{"pid":"GG3-349","orb":4478.95,"per":74.64,"ang":248.49,"t":"ASTEROID","sp":"ASTEROID-5","s":16.36,"m":60.84,"gd":27.27,"wic":{},"woc":{},"wgc":{},"emm":[{"Type":"1","MainRange":54,"MainValue":0.13,"FarRange":213}],"sig":[{"t":"9-1","s":"","d":{"X":-0.16,"Y":-0.93}},{"t":"9-2","s":"","d":{"X":0.79,"Y":-0.56}},{"t":"X1","s":"","d":{"X":0.033,"Y":0.594}}],"clr":{"R":245,"G":215,"B":252,"A":255}},"GG3-349-38":{"pid":"GG3-349","orb":3673.45,"per":61.22,"ang":16.15,"t":"ASTEROID","sp":"ASTEROID-5","s":24.9,"m":214.67,"gd":41.51,"wic":{},"woc":{},"wgc":{},"emm":[{"Type":"1","MainRange":63,"MainValue":0.22,"FarRange":205}],"sig":[{"t":"9-1","s":"","d":{"X":-0.17,"Y":0.67}},{"t":"9-2","s":"","d":{"X":-0.58,"Y":-0.01}},{"t":"X1","s":"","d":{"X":0.707,"Y":0.32}}],"clr":{"R":243,"G":216,"B":228,"A":255}},"GG3-349-39":{"pid":"GG3-349","orb":4424.94,"per":73.74,"ang":167.46,"t":"ASTEROID","sp":"ASTEROID-3","s":23.4,"m":177.97,"gd":39,"wic":{},"woc":{},"wgc":{},"emm":[{"Type":"1","MainRange":44,"MainValue":0.15,"FarRange":182}],"sig":[{"t":"9-1","s":"","d":{"X":-0.77,"Y":0.37}},{"t":"9-2","s":"","d":{"X":0.43,"Y":-0.36}},{"t":"X1","s":"","d":{"X":0.786,"Y":0.507}}],"clr":{"R":251,"G":228,"B":249,"A":255}},"GG3-349-4":{"pid":"GG3-349","orb":4042.07,"per":67.36,"ang":80.33,"t":"ASTEROID","sp":"ASTEROID-3","s":23.65,"m":183.92,"gd":39.43,"wic":{},"woc":{},"wgc":{},"emm":[{"Type":"1","MainRange":57.6,"MainValue":0.16,"FarRange":64}],"sig":[{"t":"9-1","s":"","d":{"X":0.09,"Y":0.23}},{"t":"9-2","s":"","d":{"X":0.75,"Y":-0.53}},{"t":"X1","s":"","d":{"X":-0.462,"Y":0.046}}],"clr":{"R":250,"G":253,"B":252,"A":255}},"GG3-349-40":{"pid":"GG3-349","orb":4456.04,"per":74.26,"ang":130.89,"t":"ASTEROID","sp":"ASTEROID-2","s":19.17,"m":97.97,"gd":31.96,"wic":{},"woc":{},"wgc":{},"emm":[{"Type":"1","MainRange":41,"MainValue":0.18,"FarRange":174}],"sig":[{"t":"9-1","s":"","d":{"X":0.61,"Y":-0.2}},{"t":"9-2","s":"","d":{"X":0.21,"Y":-0.62}},{"t":"X1","s":"","d":{"X":0.255,"Y":-0.409}}],"clr":{"R":254,"G":220,"B":238,"A":255}},"GG3-349-41":{"pid":"GG3-349","orb":4370.49,"per":72.84,"ang":59.9,"t":"ASTEROID","sp":"ASTEROID-4","s":18.87,"m":93.41,"gd":31.46,"wic":{},"woc":{},"wgc":{},"emm":[{"Type":"1","MainRange":45,"MainValue":0.25,"FarRange":181}],"sig":[{"t":"9-1","s":"","d":{"X":0.22,"Y":-0.84}},{"t":"9-2","s":"","d":{"X":-0.36,"Y":0.36}},{"t":"X1","s":"","d":{"X":-0.321,"Y":-0.834}}],"clr":{"R":229,"G":231,"B":253,"A":255}},"GG3-349-42":{"pid":"GG3-349","orb":4509.88,"per":75.16,"ang":212.84,"t":"ASTEROID","sp":"ASTEROID-3","s":12.37,"m":26.3,"gd":20.62,"wic":{},"woc":{},"wgc":{},"emm":[{"Type":"1","MainRange":67,"MainValue":0.2,"FarRange":229}],"sig":[{"t":"9-1","s":"","d":{"X":0.48,"Y":0.4}},{"t":"9-2","s":"","d":{"X":-0.45,"Y":0.12}},{"t":"X1","s":"","d":{"X":-0.575,"Y":0.474}}],"clr":{"R":244,"G":190,"B":224,"A":255}},"GG3-349-43":{"pid":"GG3-349","orb":4061.59,"per":67.69,"ang":293.74,"t":"ASTEROID","sp":"ASTEROID-5","s":21.55,"m":139.19,"gd":35.93,"wic":{},"woc":{},"wgc":{},"emm":[{"Type":"1","MainRange":50,"MainValue":0.15,"FarRange":186}],"sig":[{"t":"9-1","s":"","d":{"X":-0.87,"Y":-0.21}},{"t":"9-2","s":"","d":{"X":0.47,"Y":0.78}},{"t":"X1","s":"","d":{"X":0.214,"Y":-0.914}}],"clr":{"R":248,"G":253,"B":253,"A":255}},"GG3-349-44":{"pid":"GG3-349","orb":3998.51,"per":66.64,"ang":179.36,"t":"ASTEROID","sp":"ASTEROID-4","s":24.23,"m":197.78,"gd":40.39,"wic":{},"woc":{},"wgc":{},"emm":[{"Type":"1","MainRange":16.2,"MainValue":0.29,"FarRange":18}],"sig":[{"t":"9-1","s":"","d":{"X":0.61,"Y":0.35}},{"t":"9-2","s":"","d":{"X":0.09,"Y":-0.56}},{"t":"X1","s":"","d":{"X":-0.283,"Y":-0.873}}],"clr":{"R":205,"G":229,"B":254,"A":255}},"GG3-349-45":{"pid":"GG3-349","orb":4075.67,"per":67.92,"ang":8.79,"t":"ASTEROID","sp":"ASTEROID-1","s":22.39,"m":155.97,"gd":37.32,"wic":{},"woc":{},"wgc":{},"emm":[{"Type":"1","MainRange":32,"MainValue":0.16,"FarRange":61}],"sig":[{"t":"9-1","s":"","d":{"X":0.01,"Y":-0.95}},{"t":"9-2","s":"","d":{"X":0.78,"Y":0.59}},{"t":"X1","s":"","d":{"X":-0.913,"Y":0.343}}],"clr":{"R":245,"G":249,"B":191,"A":255}},"GG3-349-46":{"pid":"GG3-349","orb":4059.54,"per":67.65,"ang":170.72,"t":"ASTEROID","sp":"ASTEROID-5","s":8.94,"m":9.93,"gd":14.9,"wic":{},"woc":{},"wgc":{},"emm":[{"Type":"1","MainRange":47,"MainValue":0.15,"FarRange":138}],"sig":[{"t":"9-1","s":"","d":{"X":-0.69,"Y":-0.27}},{"t":"9-2","s":"","d":{"X":-0.33,"Y":0.48}},{"t":"X1","s":"","d":{"X":-0.857,"Y":0.167}}],"clr":{"R":240,"G":237,"B":250,"A":255}},"GG3-349-47":{"pid":"GG3-349","orb":4771.94,"per":79.53,"ang":249.23,"t":"ASTEROID","sp":"ASTEROID-5","s":18.76,"m":91.76,"gd":31.27,"wic":{},"woc":{},"wgc":{},"emm":[{"Type":"1","MainRange":34,"MainValue":0.18,"FarRange":174},{"Type":"19","MainRange":47,"MainValue":0.23,"FarRange":127}],"sig":[{"t":"9-1","s":"","d":{"X":-0.55,"Y":-0.67}},{"t":"9-2","s":"","d":{"X":-0.95,"Y":0.17}},{"t":"X1","s":"","d":{"X":0.122,"Y":-0.177}},{"t":"X19","s":"","d":{"X":-0.58,"Y":-0.523}}],"clr":{"R":182,"G":207,"B":248,"A":255}},"GG3-349-48":{"pid":"GG3-349","orb":4150.56,"per":69.17,"ang":209.66,"t":"ASTEROID","sp":"ASTEROID-5","s":18.85,"m":93.05,"gd":31.41,"wic":{},"woc":{},"wgc":{},"emm":[{"Type":"1","MainRange":34,"MainValue":0.32,"FarRange":109}],"sig":[{"t":"9-1","s":"","d":{"X":-0.17,"Y":0.95}},{"t":"9-2","s":"","d":{"X":0.23,"Y":0.19}},{"t":"X1","s":"","d":{"X":0.067,"Y":0.873}}],"clr":{"R":248,"G":233,"B":234,"A":255}},"GG3-349-49":{"pid":"GG3-349","orb":4358.38,"per":72.63,"ang":118.51,"t":"ASTEROID","sp":"ASTEROID-1","s":30.43,"m":391.67,"gd":50.73,"wic":{},"woc":{},"wgc":{},"emm":[{"Type":"1","MainRange":47,"MainValue":0.23,"FarRange":194}],"sig":[{"t":"9-1","s":"","d":{"X":0.54,"Y":0.32}},{"t":"9-2","s":"","d":{"X":-0.78,"Y":-0.55}},{"t":"X1","s":"","d":{"X":-0.189,"Y":-0.648}}],"clr":{"R":250,"G":250,"B":254,"A":255}},"GG3-349-5":{"pid":"GG3-349","orb":3292.1,"per":54.86,"ang":2.4,"t":"ASTEROID","sp":"ASTEROID-1","s":13.45,"m":33.86,"gd":22.43,"wic":{},"woc":{},"wgc":{},"emm":[{"Type":"1","MainRange":57,"MainValue":0.16,"FarRange":166}],"sig":[{"t":"9-1","s":"","d":{"X":0.3,"Y":0.47}},{"t":"9-2","s":"","d":{"X":0.09,"Y":0.25}},{"t":"X1","s":"","d":{"X":0.18,"Y":0.942}}],"clr":{"R":227,"G":245,"B":221,"A":255}},"GG3-349-50":{"pid":"GG3-349","orb":4181.26,"per":69.68,"ang":159.57,"t":"ASTEROID","sp":"ASTEROID-4","s":14.69,"m":44.04,"gd":24.48,"wic":{},"woc":{},"wgc":{},"emm":[{"Type":"1","MainRange":21,"MainValue":0.23,"FarRange":192}],"sig":[{"t":"9-1","s":"","d":{"X":-0.92,"Y":0.05}},{"t":"9-2","s":"","d":{"X":0.04,"Y":-0.85}},{"t":"X1","s":"","d":{"X":-0.031,"Y":-0.861}}],"clr":{"R":251,"G":238,"B":253,"A":255}},"GG3-349-51":{"pid":"GG3-349","orb":3734.42,"per":62.24,"ang":187.02,"t":"ASTEROID","sp":"ASTEROID-4","s":28.7,"m":328.39,"gd":47.83,"wic":{},"woc":{},"wgc":{},"emm":[{"Type":"1","MainRange":47,"MainValue":0.34,"FarRange":137}],"sig":[{"t":"9-1","s":"","d":{"X":-0.87,"Y":-0.12}},{"t":"9-2","s":"","d":{"X":-0.38,"Y":-0.19}},{"t":"X1","s":"","d":{"X":0.703,"Y":0.573}}],"clr":{"R":254,"G":254,"B":254,"A":255}},"GG3-349-52":{"pid":"GG3-349","orb":4001.73,"per":66.69,"ang":305.65,"t":"ASTEROID","sp":"ASTEROID-1","s":26.06,"m":245.88,"gd":43.43,"wic":{},"woc":{},"wgc":{},"emm":[{"Type":"1","MainRange":34,"MainValue":0.23,"FarRange":178}],"sig":[{"t":"9-1","s":"","d":{"X":-0.47,"Y":-0.67}},{"t":"9-2","s":"","d":{"X":0.45,"Y":0.27}},{"t":"X1","s":"","d":{"X":0.351,"Y":-0.45}}],"clr":{"R":241,"G":171,"B":173,"A":255}},"GG3-349-6":{"pid":"GG3-349","orb":4791.74,"per":79.86,"ang":317.17,"t":"ASTEROID","sp":"ASTEROID-3","s":26.5,"m":258.67,"gd":44.17,"wic":{},"woc":{},"wgc":{},"emm":[{"Type":"1","MainRange":56,"MainValue":0.15,"FarRange":266}],"sig":[{"t":"9-1","s":"","d":{"X":-0.25,"Y":-0.18}},{"t":"9-2","s":"","d":{"X":0.82,"Y":0.52}},{"t":"X1","s":"","d":{"X":-0.622,"Y":0.51}}],"clr":{"R":164,"G":250,"B":250,"A":255}},"GG3-349-7":{"pid":"GG3-349","orb":4195.07,"per":69.91,"ang":44.9,"t":"ASTEROID","sp":"ASTEROID-1","s":14.92,"m":46.12,"gd":24.86,"wic":{},"woc":{},"wgc":{},"emm":[{"Type":"1","MainRange":66,"MainValue":0.19,"FarRange":204}],"sig":[{"t":"9-1","s":"","d":{"X":0.12,"Y":-0.71}},{"t":"9-2","s":"","d":{"X":-0.36,"Y":-0.39}},{"t":"X1","s":"","d":{"X":0.208,"Y":-0.787}}],"clr":{"R":170,"G":242,"B":218,"A":255}},"GG3-349-8":{"pid":"GG3-349","orb":4850.61,"per":80.84,"ang":126.89,"t":"ASTEROID","sp":"ASTEROID-3","s":15.82,"m":55.01,"gd":26.37,"wic":{},"woc":{},"wgc":{},"emm":[{"Type":"1","MainRange":52,"MainValue":0.18,"FarRange":95}],"sig":[{"t":"9-1","s":"","d":{"X":-0.43,"Y":0.05}},{"t":"9-2","s":"","d":{"X":0.19,"Y":0.54}},{"t":"X1","s":"","d":{"X":-0.186,"Y":-0.085}}],"clr":{"R":208,"G":241,"B":200,"A":255}},"GG3-349-9":{"pid":"GG3-349","orb":4620.64,"per":77.01,"ang":113.96,"t":"ASTEROID","sp":"ASTEROID-1","s":25.97,"m":243.27,"gd":43.28,"wic":{},"woc":{},"wgc":{},"emm":[{"Type":"1","MainRange":81,"MainValue":0.23,"FarRange":106}],"sig":[{"t":"9-1","s":"","d":{"X":-0.77,"Y":0.1}},{"t":"9-2","s":"","d":{"X":0.18,"Y":0.8}},{"t":"X1","s":"","d":{"X":0.537,"Y":0.612}}],"clr":{"R":218,"G":239,"B":197,"A":255}},"GG3-435":{"pid":"GG3-S","orb":1858.57,"per":30.97,"t":"HARDPLANET","sp":"HARDPLANET-68","s":56.13,"m":10315.55,"gd":160.39,"wic":{},"woc":{},"wgc":{},"sig":[{"t":"3-2","s":"","d":{"X":-0.33,"Y":-0.73}},{"t":"5-2","s":"","d":{"X":-0.45,"Y":0.66}},{"t":"6-3","s":"","d":{"X":-0.43,"Y":-0.4}},{"t":"7-4","s":"","d":{"X":-0.74,"Y":-0.61}},{"t":"9-1","s":"","d":{"X":0.3,"Y":0.18}},{"t":"9-2","s":"","d":{"X":0.58,"Y":0.68}},{"t":"10-1","s":"","d":{"X":0.5,"Y":0.35}},{"t":"10-2","s":"","d":{"X":-0.8,"Y":-0.14}},{"t":"11-2","s":"","d":{"X":0.39,"Y":0.6}},{"t":"12-2","s":"","d":{"X":-0.07,"Y":-0.56}},{"t":"13-1","s":"","d":{"X":-0.64,"Y":0.59}},{"t":"13-2","s":"","d":{"X":-0.19,"Y":0.48}},{"t":"14-4","s":"","d":{"X":0.09,"Y":0.07}}],"clr":{"R":180,"G":252,"B":177,"A":255}},"GG3-871":{"pid":"GG3-S","orb":17830.64,"per":297.17,"t":"GASPLANET","sp":"GASPLANET-54","s":185,"m":61560.57,"gd":308.33,"wic":{},"woc":{},"wgc":{},"sig":[{"t":"0-3","s":"","d":{"X":0.22,"Y":0.67}},{"t":"1-3","s":"","d":{"X":-0.11,"Y":-0.78}},{"t":"3-1","s":"","d":{"X":0.77,"Y":0.34}},{"t":"6-2","s":"","d":{"X":0.41,"Y":0.73}},{"t":"7-3","s":"","d":{"X":0.11,"Y":-0.67}},{"t":"8-2","s":"","d":{"X":0.47,"Y":0.86}},{"t":"10-2","s":"","d":{"X":0.92,"Y":0.08}},{"t":"11-1","s":"","d":{"X":0.42,"Y":0.6}}],"clr":{"R":239,"G":241,"B":208,"A":255}},"GG3-922":{"pid":"GG3-S","orb":9060.59,"per":151,"t":"GASPLANET","sp":"GASPLANET-52","s":275.78,"m":203934.83,"gd":459.64,"wic":{},"woc":{},"wgc":{},"sig":[{"t":"0-2","s":"","d":{"X":0.62,"Y":-0.37}},{"t":"1-3","s":"","d":{"X":0.15,"Y":-0.75}},{"t":"3-1","s":"","d":{"X":0.86,"Y":-0.48}},{"t":"6-3","s":"","d":{"X":0.5,"Y":-0.09}},{"t":"7-3","s":"","d":{"X":-0.32,"Y":-0.3}},{"t":"8-2","s":"","d":{"X":0.18,"Y":0.88}},{"t":"10-1","s":"","d":{"X":0.21,"Y":0.02}},{"t":"10-2","s":"","d":{"X":0.29,"Y":-0.73}},{"t":"11-1","s":"","d":{"X":0.19,"Y":0.86}}],"clr":{"R":247,"G":194,"B":204,"A":255}},"GG3-958":{"pid":"GG3-S","orb":1725.87,"per":28.76,"t":"HARDPLANET","sp":"HARDPLANET-6","s":120.31,"m":101541.11,"gd":343.74,"wic":{},"woc":{},"wgc":{},"sig":[{"t":"7-4","s":"","d":{"X":-0.81,"Y":-0.54}},{"t":"9-1","s":"","d":{"X":0.54,"Y":0.11}},{"t":"9-2","s":"","d":{"X":0.2,"Y":-0.04}},{"t":"10-1","s":"","d":{"X":-0.51,"Y":0.51}},{"t":"10-2","s":"","d":{"X":-0.49,"Y":-0.51}},{"t":"11-2","s":"","d":{"X":-0.33,"Y":-0.7}},{"t":"12-3","s":"","d":{"X":0.3,"Y":-0.47}},{"t":"13-1","s":"","d":{"X":0.38,"Y":-0.51}},{"t":"13-2","s":"","d":{"X":0.2,"Y":0.3}}],"clr":{"R":232,"G":176,"B":249,"A":255}},"GG3-S":{"t":"STAR","sp":"STAR-11","s":368.29,"m":2775244.01,"gd":1227.63,"wic":{},"woc":{},"wgc":{},"emm":[{"Type":"2","MainRange":1271.7,"MainValue":3.88,"FarRange":1413},{"Type":"16","MainRange":1479,"MainValue":7.96,"FarRange":3507},{"Type":"25","MainRange":1000,"MainValue":4.1,"FarRange":2107}],"sig":[{"t":"X2","s":"","d":{"X":0.094,"Y":0.654}},{"t":"X16","s":"","d":{"X":-0.775,"Y":0.179}},{"t":"X25","s":"","d":{"X":-0.415,"Y":0.847}}],"clr":{"R":217,"G":245,"B":216,"A":255}}}}