{"SpawnDistance":2240.59,"Points":{"KX2-032":{"pid":"KX2-S","orb":1245.91,"per":20.76,"t":"GASPLANET","sp":"GASPLANET-47","s":160.02,"m":39839.36,"gd":266.7,"wic":{},"woc":{},"wgc":{},"emm":[{"Type":"13","MainRange":513,"MainValue":0.81,"FarRange":1361}],"sig":[{"t":"0-3","s":"","d":{"X":0.6,"Y":-0.26}},{"t":"1-3","s":"","d":{"X":0.5,"Y":-0.66}},{"t":"3-1","s":"","d":{"X":-0.41,"Y":0.42}},{"t":"6-3","s":"","d":{"X":-0.96,"Y":0.03}},{"t":"7-2","s":"","d":{"X":-0.32,"Y":-0.91}},{"t":"7-3","s":"","d":{"X":-0.7,"Y":0.22}},{"t":"8-1","s":"","d":{"X":0.81,"Y":-0.18}},{"t":"10-1","s":"","d":{"X":-0.7,"Y":-0.71}},{"t":"11-1","s":"","d":{"X":-0.69,"Y":-0.19}},{"t":"X13","s":"","d":{"X":-0.546,"Y":0.488}}],"clr":{"R":170,"G":242,"B":203,"A":255}},"KX2-399":{"pid":"KX2-S","orb":1240.21,"per":20.67,"t":"GASPLANET","sp":"GASPLANET-9","s":30.97,"m":288.86,"gd":51.62,"wic":{},"woc":{},"wgc":{},"sig":[{"t":"0-3","s":"","d":{"X":0.19,"Y":0.03}},{"t":"1-3","s":"","d":{"X":-0.69,"Y":-0.22}},{"t":"3-1","s":"","d":{"X":-0.57,"Y":0.56}},{"t":"6-2","s":"","d":{"X":-0.12,"Y":0.48}},{"t":"11-1","s":"","d":{"X":0.38,"Y":-0.72}}],"clr":{"R":250,"G":238,"B":232,"A":255}},"KX2-932":{"pid":"KX2-S","orb":2036.9,"per":33.94,"t":"GASPLANET","sp":"GASPLANET-2","s":229.51,"m":117547.56,"gd":382.52,"wic":{},"woc":{},"wgc":{},"emm":[{"Type":"6","MainRange":505,"MainValue":2.32,"FarRange":644},{"Type":"18","MainRange":417,"MainValue":1.79,"FarRange":902}],"sig":[{"t":"0-2","s":"","d":{"X":0.65,"Y":0.12}},{"t":"1-3","s":"","d":{"X":-0.23,"Y":-0.33}},{"t":"3-1","s":"","d":{"X":-0.06,"Y":-0.61}},{"t":"6-2","s":"","d":{"X":-0.38,"Y":-0.63}},{"t":"11-1","s":"","d":{"X":0.68,"Y":0.52}},{"t":"X6","s":"","d":{"X":0.416,"Y":-0.628}},{"t":"X18","s":"","d":{"X":-0.419,"Y":-0.763}}],"clr":{"R":223,"G":247,"B":194,"A":255}},"KX2-S":{"t":"STAR","sp":"STAR-1","s":360.26,"m":2597642.29,"gd":1200.87,"wic":{},"woc":{},"wgc":{},"emm":[{"Type":"2","MainRange":471,"MainValue":2.8,"FarRange":1983},{"Type":"3","MainRange":1357,"MainValue":2.88,"FarRange":4007}],"sig":[{"t":"X2","s":"","d":{"X":0.52,"Y":0.017}},{"t":"X3","s":"","d":{"X":0.326,"Y":-0.764}}],"clr":{"R":254,"G":249,"B":253,"A":255}}}}