{"SpawnDistance":1650.0000000000002,"Points":{"LW3-S":{"t":"STAR","sp":"STAR-1","s":160,"m":227555.55,"gd":533.33,"wic":{},"woc":{},"wgc":{},"emm":[{"Type":"2","MainRange":1616,"MainValue":6.83,"FarRange":2543},{"Type":"15","MainRange":963,"MainValue":5.36,"FarRange":3322},{"Type":"5","MainRange":1027,"MainValue":4.6,"FarRange":3294},{"Type":"14","MainRange":1033,"MainValue":4.63,"FarRange":2762},{"Type":"24","MainRange":658,"MainValue":3.18,"FarRange":3692},{"Type":"17","MainRange":998,"MainValue":5.43,"FarRange":3737}],"sig":[{"t":"X2","s":"","d":{"X":-0.541,"Y":0.377}},{"t":"X15","s":"","d":{"X":0.193,"Y":0.847}},{"t":"X5","s":"","d":{"X":-0.578,"Y":-0.734}},{"t":"X14","s":"","d":{"X":-0.509,"Y":0.309}},{"t":"X24","s":"","d":{"X":-0.093,"Y":0.845}},{"t":"X17","s":"","d":{"X":-0.182,"Y":0.192}}],"clr":{"R":252,"G":252,"B":218,"A":255}}}}