{"SpawnDistance":1840.8500000000001,"Points":{"IJ6-0-0":{"pid":"IJ6-S","orb":1485.86,"per":24.76,"ang":243.89,"t":"ASTEROID","sp":"ASTEROID-3","s":21.29,"m":134.13,"gd":35.49,"wic":{},"woc":{},"wgc":{},"emm":[{"Type":"1","MainRange":31,"MainValue":0.12,"FarRange":165}],"sig":[{"t":"9-1","s":"","d":{"X":-0.25,"Y":0.54}},{"t":"X1","s":"","d":{"X":0.881,"Y":-0.356}}],"clr":{"R":190,"G":239,"B":204,"A":255}},"IJ6-0-1":{"pid":"IJ6-S","orb":1257.14,"per":20.95,"ang":184.66,"t":"ASTEROID","sp":"ASTEROID-4","s":15.47,"m":51.43,"gd":25.78,"wic":{},"woc":{},"wgc":{},"emm":[{"Type":"1","MainRange":37,"MainValue":0.28,"FarRange":186}],"sig":[{"t":"9-1","s":"","d":{"X":-0.72,"Y":-0.11}},{"t":"X1","s":"","d":{"X":-0.029,"Y":0.148}}],"clr":{"R":175,"G":175,"B":248,"A":255}},"IJ6-0-10":{"pid":"IJ6-S","orb":1347.12,"per":22.45,"ang":23.78,"t":"ASTEROID","sp":"ASTEROID-2","s":13.48,"m":34.05,"gd":22.47,"wic":{},"woc":{},"wgc":{},"emm":[{"Type":"1","MainRange":20,"MainValue":0.24,"FarRange":58}],"sig":[{"t":"9-1","s":"","d":{"X":0.63,"Y":0.46}},{"t":"X1","s":"","d":{"X":-0.452,"Y":0.276}}],"clr":{"R":243,"G":171,"B":167,"A":255}},"IJ6-0-11":{"pid":"IJ6-S","orb":1149.96,"per":19.16,"ang":74.47,"t":"ASTEROID","sp":"ASTEROID-5","s":12.16,"m":24.99,"gd":20.27,"wic":{},"woc":{},"wgc":{},"emm":[{"Type":"1","MainRange":62,"MainValue":0.29,"FarRange":197}],"sig":[{"t":"9-1","s":"","d":{"X":0.94,"Y":-0.03}},{"t":"X1","s":"","d":{"X":0.847,"Y":0.002}}],"clr":{"R":172,"G":182,"B":253,"A":255}},"IJ6-0-12":{"pid":"IJ6-S","orb":1580.28,"per":26.33,"ang":69.61,"t":"ASTEROID","sp":"ASTEROID-1","s":19.8,"m":107.92,"gd":33.01,"wic":{},"woc":{},"wgc":{},"emm":[{"Type":"1","MainRange":26,"MainValue":0.21,"FarRange":102},{"Type":"10","MainRange":52,"MainValue":0.08,"FarRange":105}],"sig":[{"t":"9-1","s":"","d":{"X":0.13,"Y":-0.6}},{"t":"X1","s":"","d":{"X":0.646,"Y":-0.373}},{"t":"X10","s":"","d":{"X":0.949,"Y":0.096}}],"clr":{"R":253,"G":249,"B":248,"A":255}},"IJ6-0-13":{"pid":"IJ6-S","orb":1309.16,"per":21.81,"ang":290.74,"t":"ASTEROID","sp":"ASTEROID-5","s":18.96,"m":94.8,"gd":31.61,"wic":{},"woc":{},"wgc":{},"emm":[{"Type":"1","MainRange":80,"MainValue":0.12,"FarRange":145}],"sig":[{"t":"9-1","s":"","d":{"X":0.04,"Y":0.67}},{"t":"X1","s":"","d":{"X":-0.242,"Y":0.302}}],"clr":{"R":249,"G":246,"B":253,"A":255}},"IJ6-0-14":{"pid":"IJ6-S","orb":1321.74,"per":22.02,"ang":177.7,"t":"ASTEROID","sp":"ASTEROID-3","s":10.29,"m":15.16,"gd":17.16,"wic":{},"woc":{},"wgc":{},"emm":[{"Type":"1","MainRange":60,"MainValue":0.13,"FarRange":157}],"sig":[{"t":"9-1","s":"","d":{"X":-0.81,"Y":0.4}},{"t":"X1","s":"","d":{"X":-0.301,"Y":-0.385}}],"clr":{"R":251,"G":253,"B":254,"A":255}},"IJ6-0-15":{"pid":"IJ6-S","orb":1185.45,"per":19.75,"ang":145.84,"t":"ASTEROID","sp":"ASTEROID-2","s":16.95,"m":67.71,"gd":28.26,"wic":{},"woc":{},"wgc":{},"emm":[{"Type":"1","MainRange":42,"MainValue":0.22,"FarRange":95}],"sig":[{"t":"9-1","s":"","d":{"X":-0.22,"Y":-0.14}},{"t":"X1","s":"","d":{"X":0.416,"Y":-0.245}}],"clr":{"R":217,"G":226,"B":254,"A":255}},"IJ6-0-16":{"pid":"IJ6-S","orb":1117.75,"per":18.62,"ang":106.11,"t":"ASTEROID","sp":"ASTEROID-5","s":18.25,"m":84.54,"gd":30.43,"wic":{},"woc":{},"wgc":{},"emm":[{"Type":"1","MainRange":77,"MainValue":0.3,"FarRange":163},{"Type":"3","MainRange":39,"MainValue":0.17,"FarRange":151},{"Type":"24","MainRange":58,"MainValue":0.08,"FarRange":123},{"Type":"17","MainRange":54,"MainValue":0.13,"FarRange":168},{"Type":"5","MainRange":35,"MainValue":0.2,"FarRange":159},{"Type":"25","MainRange":50,"MainValue":0.26,"FarRange":191},{"Type":"12","MainRange":77,"MainValue":0.22,"FarRange":202}],"sig":[{"t":"9-1","s":"","d":{"X":0.16,"Y":0.05}},{"t":"X1","s":"","d":{"X":0.416,"Y":0.501}},{"t":"X3","s":"","d":{"X":0.042,"Y":-0.994}},{"t":"X24","s":"","d":{"X":0.115,"Y":0.939}},{"t":"X17","s":"","d":{"X":0.337,"Y":-0.115}},{"t":"X5","s":"","d":{"X":0.114,"Y":0.191}},{"t":"X25","s":"","d":{"X":-0.958,"Y":-0.043}},{"t":"X12","s":"","d":{"X":0.252,"Y":0.262}}],"clr":{"R":207,"G":247,"B":248,"A":255}},"IJ6-0-17":{"pid":"IJ6-S","orb":1073.39,"per":17.88,"ang":50.8,"t":"ASTEROID","sp":"ASTEROID-2","s":21.57,"m":139.55,"gd":35.96,"wic":{},"woc":{},"wgc":{},"emm":[{"Type":"1","MainRange":38,"MainValue":0.33,"FarRange":201}],"sig":[{"t":"9-1","s":"","d":{"X":0.62,"Y":-0.07}},{"t":"X1","s":"","d":{"X":0.105,"Y":0.329}}],"clr":{"R":189,"G":165,"B":252,"A":255}},"IJ6-0-18":{"pid":"IJ6-S","orb":1193.73,"per":19.89,"ang":195.18,"t":"ASTEROID","sp":"ASTEROID-5","s":19.81,"m":107.98,"gd":33.01,"wic":{},"woc":{},"wgc":{},"emm":[{"Type":"1","MainRange":64,"MainValue":0.21,"FarRange":124}],"sig":[{"t":"9-1","s":"","d":{"X":-0.03,"Y":0.02}},{"t":"X1","s":"","d":{"X":-0.338,"Y":0.359}}],"clr":{"R":253,"G":232,"B":223,"A":255}},"IJ6-0-19":{"pid":"IJ6-S","orb":1300.58,"per":21.67,"ang":228.93,"t":"ASTEROID","sp":"ASTEROID-1","s":14.1,"m":38.95,"gd":23.5,"wic":{},"woc":{},"wgc":{},"emm":[{"Type":"1","MainRange":45,"MainValue":0.13,"FarRange":156}],"sig":[{"t":"9-1","s":"","d":{"X":0.25,"Y":0.51}},{"t":"X1","s":"","d":{"X":-0.583,"Y":-0.358}}],"clr":{"R":235,"G":250,"B":239,"A":255}},"IJ6-0-2":{"pid":"IJ6-S","orb":904.81,"per":15.08,"ang":158.11,"t":"ASTEROID","sp":"ASTEROID-2","s":11.46,"m":20.92,"gd":19.1,"wic":{},"woc":{},"wgc":{},"emm":[{"Type":"1","MainRange":51,"MainValue":0.21,"FarRange":123}],"sig":[{"t":"9-1","s":"","d":{"X":-0.4,"Y":0.15}},{"t":"X1","s":"","d":{"X":-0.921,"Y":-0.231}}],"clr":{"R":243,"G":238,"B":210,"A":255}},"IJ6-0-20":{"pid":"IJ6-S","orb":1182.01,"per":19.7,"ang":20.54,"t":"ASTEROID","sp":"ASTEROID-3","s":11.02,"m":18.59,"gd":18.36,"wic":{},"woc":{},"wgc":{},"emm":[{"Type":"1","MainRange":51,"MainValue":0.12,"FarRange":159}],"sig":[{"t":"9-1","s":"","d":{"X":-0.32,"Y":-0.9}},{"t":"X1","s":"","d":{"X":0.304,"Y":-0.703}}],"clr":{"R":226,"G":243,"B":253,"A":255}},"IJ6-0-21":{"pid":"IJ6-S","orb":1147.98,"per":19.13,"ang":41.6,"t":"ASTEROID","sp":"ASTEROID-1","s":22.5,"m":158.31,"gd":37.5,"wic":{},"woc":{},"wgc":{},"emm":[{"Type":"1","MainRange":51.300000000000004,"MainValue":0.24,"FarRange":57},{"Type":"20","MainRange":24,"MainValue":0.24,"FarRange":122}],"sig":[{"t":"9-1","s":"","d":{"X":-0.31,"Y":0.32}},{"t":"X1","s":"","d":{"X":0.195,"Y":-0.593}},{"t":"X20","s":"","d":{"X":0.13,"Y":-0.605}}],"clr":{"R":253,"G":247,"B":251,"A":255}},"IJ6-0-22":{"pid":"IJ6-S","orb":1167.94,"per":19.46,"ang":206.08,"t":"ASTEROID","sp":"ASTEROID-3","s":11.9,"m":23.43,"gd":19.84,"wic":{},"woc":{},"wgc":{},"emm":[{"Type":"1","MainRange":55,"MainValue":0.1,"FarRange":127}],"sig":[{"t":"9-1","s":"","d":{"X":-0.55,"Y":-0.18}},{"t":"X1","s":"","d":{"X":0.552,"Y":0.238}}],"clr":{"R":242,"G":249,"B":203,"A":255}},"IJ6-0-23":{"pid":"IJ6-S","orb":1395.93,"per":23.26,"ang":357.66,"t":"ASTEROID","sp":"ASTEROID-1","s":15.76,"m":54.4,"gd":26.27,"wic":{},"woc":{},"wgc":{},"emm":[{"Type":"1","MainRange":35,"MainValue":0.17,"FarRange":131}],"sig":[{"t":"9-1","s":"","d":{"X":0.15,"Y":0.77}},{"t":"X1","s":"","d":{"X":0.633,"Y":0.094}}],"clr":{"R":254,"G":223,"B":240,"A":255}},"IJ6-0-24":{"pid":"IJ6-S","orb":1274.36,"per":21.23,"ang":129.01,"t":"ASTEROID","sp":"ASTEROID-4","s":19.39,"m":101.4,"gd":32.33,"wic":{},"woc":{},"wgc":{},"emm":[{"Type":"1","MainRange":44,"MainValue":0.19,"FarRange":101},{"Type":"18","MainRange":63,"MainValue":0.19,"FarRange":173},{"Type":"3","MainRange":74,"MainValue":0.15,"FarRange":88},{"Type":"6","MainRange":58,"MainValue":0.2,"FarRange":176}],"sig":[{"t":"9-1","s":"","d":{"X":0.25,"Y":0.35}},{"t":"X1","s":"","d":{"X":0.571,"Y":-0.176}},{"t":"X18","s":"","d":{"X":-0.822,"Y":-0.207}},{"t":"X3","s":"","d":{"X":-0.715,"Y":0.2}},{"t":"X6","s":"","d":{"X":-0.287,"Y":0.375}}],"clr":{"R":239,"G":173,"B":215,"A":255}},"IJ6-0-25":{"pid":"IJ6-S","orb":1161.33,"per":19.35,"ang":150.91,"t":"ASTEROID","sp":"ASTEROID-5","s":10.35,"m":15.41,"gd":17.25,"wic":{},"woc":{},"wgc":{},"emm":[{"Type":"1","MainRange":49,"MainValue":0.29,"FarRange":127}],"sig":[{"t":"9-1","s":"","d":{"X":0.37,"Y":0.53}},{"t":"X1","s":"","d":{"X":0.264,"Y":-0.33}}],"clr":{"R":188,"G":231,"B":241,"A":255}},"IJ6-0-26":{"pid":"IJ6-S","orb":1355.81,"per":22.59,"ang":86.62,"t":"ASTEROID","sp":"ASTEROID-1","s":37.66,"m":742.06,"gd":62.77,"wic":{},"woc":{},"wgc":{},"emm":[{"Type":"1","MainRange":57,"MainValue":0.18,"FarRange":187}],"sig":[{"t":"9-1","s":"","d":{"X":0.05,"Y":0.74}},{"t":"X1","s":"","d":{"X":-0.356,"Y":-0.718}}],"clr":{"R":177,"G":233,"B":246,"A":255}},"IJ6-0-27":{"pid":"IJ6-S","orb":1267.41,"per":21.12,"ang":335.01,"t":"ASTEROID","sp":"ASTEROID-4","s":28.39,"m":317.89,"gd":47.32,"wic":{},"woc":{},"wgc":{},"emm":[{"Type":"1","MainRange":64,"MainValue":0.24,"FarRange":80}],"sig":[{"t":"9-1","s":"","d":{"X":0.63,"Y":-0.32}},{"t":"X1","s":"","d":{"X":-0.544,"Y":0.331}}],"clr":{"R":241,"G":243,"B":251,"A":255}},"IJ6-0-28":{"pid":"IJ6-S","orb":1112.98,"per":18.54,"ang":170.01,"t":"ASTEROID","sp":"ASTEROID-5","s":13.36,"m":33.12,"gd":22.26,"wic":{},"woc":{},"wgc":{},"emm":[{"Type":"1","MainRange":37,"MainValue":0.18,"FarRange":164}],"sig":[{"t":"9-1","s":"","d":{"X":0.95,"Y":-0.16}},{"t":"X1","s":"","d":{"X":0.079,"Y":0.35}}],"clr":{"R":252,"G":251,"B":217,"A":255}},"IJ6-0-29":{"pid":"IJ6-S","orb":1035.53,"per":17.25,"ang":58.84,"t":"ASTEROID","sp":"ASTEROID-3","s":17.1,"m":69.51,"gd":28.5,"wic":{},"woc":{},"wgc":{},"emm":[{"Type":"1","MainRange":48,"MainValue":0.21,"FarRange":189}],"sig":[{"t":"9-1","s":"","d":{"X":-0.19,"Y":0.18}},{"t":"X1","s":"","d":{"X":0.544,"Y":-0.64}}],"clr":{"R":249,"G":235,"B":244,"A":255}},"IJ6-0-3":{"pid":"IJ6-S","orb":1361.37,"per":22.68,"ang":9.74,"t":"ASTEROID","sp":"ASTEROID-2","s":19.78,"m":107.56,"gd":32.97,"wic":{},"woc":{},"wgc":{},"emm":[{"Type":"1","MainRange":37,"MainValue":0.17,"FarRange":89}],"sig":[{"t":"9-1","s":"","d":{"X":-0.93,"Y":-0.28}},{"t":"X1","s":"","d":{"X":-0.931,"Y":-0.061}}],"clr":{"R":242,"G":247,"B":253,"A":255}},"IJ6-0-30":{"pid":"IJ6-S","orb":1470.66,"per":24.51,"ang":163.44,"t":"ASTEROID","sp":"ASTEROID-2","s":15.14,"m":48.25,"gd":25.24,"wic":{},"woc":{},"wgc":{},"emm":[{"Type":"1","MainRange":66,"MainValue":0.19,"FarRange":148}],"sig":[{"t":"9-1","s":"","d":{"X":-0.7,"Y":-0.36}},{"t":"X1","s":"","d":{"X":0.395,"Y":-0.356}}],"clr":{"R":251,"G":250,"B":214,"A":255}},"IJ6-0-31":{"pid":"IJ6-S","orb":1432.48,"per":23.87,"ang":349.82,"t":"ASTEROID","sp":"ASTEROID-1","s":21.34,"m":135.02,"gd":35.57,"wic":{},"woc":{},"wgc":{},"emm":[{"Type":"1","MainRange":47,"MainValue":0.27,"FarRange":132}],"sig":[{"t":"9-1","s":"","d":{"X":0.2,"Y":0.91}},{"t":"X1","s":"","d":{"X":0.52,"Y":0.324}}],"clr":{"R":219,"G":251,"B":236,"A":255}},"IJ6-0-32":{"pid":"IJ6-S","orb":1098.77,"per":18.31,"ang":160.94,"t":"ASTEROID","sp":"ASTEROID-4","s":22.18,"m":151.7,"gd":36.97,"wic":{},"woc":{},"wgc":{},"emm":[{"Type":"1","MainRange":66,"MainValue":0.19,"FarRange":161}],"sig":[{"t":"9-1","s":"","d":{"X":-0.02,"Y":0.23}},{"t":"X1","s":"","d":{"X":0.613,"Y":-0.476}}],"clr":{"R":251,"G":235,"B":254,"A":255}},"IJ6-0-33":{"pid":"IJ6-S","orb":1292.45,"per":21.54,"ang":85.36,"t":"ASTEROID","sp":"ASTEROID-5","s":11.57,"m":21.54,"gd":19.29,"wic":{},"woc":{},"wgc":{},"emm":[{"Type":"1","MainRange":26,"MainValue":0.29,"FarRange":108}],"sig":[{"t":"9-1","s":"","d":{"X":0.21,"Y":0.52}},{"t":"X1","s":"","d":{"X":-0.415,"Y":-0.721}}],"clr":{"R":252,"G":254,"B":252,"A":255}},"IJ6-0-34":{"pid":"IJ6-S","orb":1379.33,"per":22.98,"ang":111.45,"t":"ASTEROID","sp":"ASTEROID-5","s":16.54,"m":62.88,"gd":27.57,"wic":{},"woc":{},"wgc":{},"emm":[{"Type":"1","MainRange":43,"MainValue":0.2,"FarRange":212}],"sig":[{"t":"9-1","s":"","d":{"X":0.9,"Y":-0.17}},{"t":"X1","s":"","d":{"X":-0.429,"Y":0.056}}],"clr":{"R":209,"G":244,"B":197,"A":255}},"IJ6-0-35":{"pid":"IJ6-S","orb":1394.31,"per":23.23,"ang":83.21,"t":"ASTEROID","sp":"ASTEROID-3","s":23.46,"m":179.39,"gd":39.1,"wic":{},"woc":{},"wgc":{},"emm":[{"Type":"1","MainRange":50,"MainValue":0.12,"FarRange":122},{"Type":"3","MainRange":37,"MainValue":0.28,"FarRange":212},{"Type":"5","MainRange":41,"MainValue":0.14,"FarRange":169}],"sig":[{"t":"9-1","s":"","d":{"X":-0.7,"Y":0.31}},{"t":"X1","s":"","d":{"X":-0.48,"Y":-0.126}},{"t":"X3","s":"","d":{"X":-0.118,"Y":-0.595}},{"t":"X5","s":"","d":{"X":0.221,"Y":0.561}}],"clr":{"R":200,"G":243,"B":245,"A":255}},"IJ6-0-36":{"pid":"IJ6-S","orb":1259.1,"per":20.98,"ang":237.21,"t":"ASTEROID","sp":"ASTEROID-3","s":23.91,"m":190.01,"gd":39.86,"wic":{},"woc":{},"wgc":{},"emm":[{"Type":"1","MainRange":67,"MainValue":0.21,"FarRange":135}],"sig":[{"t":"9-1","s":"","d":{"X":0.54,"Y":-0.07}},{"t":"X1","s":"","d":{"X":-0.302,"Y":-0.466}}],"clr":{"R":175,"G":250,"B":236,"A":255}},"IJ6-0-37":{"pid":"IJ6-S","orb":1221.81,"per":20.36,"ang":344.26,"t":"ASTEROID","sp":"ASTEROID-4","s":20.39,"m":117.89,"gd":33.99,"wic":{},"woc":{},"wgc":{},"emm":[{"Type":"1","MainRange":57,"MainValue":0.11,"FarRange":144}],"sig":[{"t":"9-1","s":"","d":{"X":0.44,"Y":-0.53}},{"t":"X1","s":"","d":{"X":0.338,"Y":-0.417}}],"clr":{"R":216,"G":230,"B":254,"A":255}},"IJ6-0-38":{"pid":"IJ6-S","orb":1361.36,"per":22.68,"ang":303.08,"t":"ASTEROID","sp":"ASTEROID-2","s":19.33,"m":100.34,"gd":32.22,"wic":{},"woc":{},"wgc":{},"emm":[{"Type":"1","MainRange":46,"MainValue":0.21,"FarRange":193},{"Type":"27","MainRange":79,"MainValue":0.2,"FarRange":160}],"sig":[{"t":"9-1","s":"","d":{"X":-0.05,"Y":-0.88}},{"t":"X1","s":"","d":{"X":-0.196,"Y":-0.242}},{"t":"X27","s":"","d":{"X":-0.06,"Y":0.717}}],"clr":{"R":241,"G":253,"B":253,"A":255}},"IJ6-0-39":{"pid":"IJ6-S","orb":965.48,"per":16.09,"ang":135.91,"t":"ASTEROID","sp":"ASTEROID-2","s":30.99,"m":413.48,"gd":51.65,"wic":{},"woc":{},"wgc":{},"emm":[{"Type":"1","MainRange":45,"MainValue":0.27,"FarRange":163}],"sig":[{"t":"9-1","s":"","d":{"X":-0.63,"Y":0.33}},{"t":"X1","s":"","d":{"X":0.467,"Y":-0.425}}],"clr":{"R":240,"G":209,"B":242,"A":255}},"IJ6-0-4":{"pid":"IJ6-S","orb":1435.29,"per":23.92,"ang":237.38,"t":"ASTEROID","sp":"ASTEROID-2","s":26.1,"m":247.13,"gd":43.51,"wic":{},"woc":{},"wgc":{},"emm":[{"Type":"1","MainRange":61,"MainValue":0.22,"FarRange":149}],"sig":[{"t":"9-1","s":"","d":{"X":-0.05,"Y":0.81}},{"t":"X1","s":"","d":{"X":-0.236,"Y":-0.875}}],"clr":{"R":246,"G":238,"B":249,"A":255}},"IJ6-0-40":{"pid":"IJ6-S","orb":1206.34,"per":20.1,"ang":286.73,"t":"ASTEROID","sp":"ASTEROID-1","s":15.01,"m":46.99,"gd":25.02,"wic":{},"woc":{},"wgc":{},"emm":[{"Type":"1","MainRange":55,"MainValue":0.23,"FarRange":78}],"sig":[{"t":"9-1","s":"","d":{"X":-0.91,"Y":0.34}},{"t":"X1","s":"","d":{"X":-0.233,"Y":-0.838}}],"clr":{"R":253,"G":254,"B":253,"A":255}},"IJ6-0-41":{"pid":"IJ6-S","orb":1076.16,"per":17.93,"ang":53.94,"t":"ASTEROID","sp":"ASTEROID-5","s":35.37,"m":614.62,"gd":58.95,"wic":{},"woc":{},"wgc":{},"emm":[{"Type":"1","MainRange":65,"MainValue":0.14,"FarRange":215}],"sig":[{"t":"9-1","s":"","d":{"X":0.02,"Y":-0.28}},{"t":"X1","s":"","d":{"X":-0.417,"Y":0.573}}],"clr":{"R":253,"G":245,"B":198,"A":255}},"IJ6-0-42":{"pid":"IJ6-S","orb":1088.72,"per":18.14,"ang":255.34,"t":"ASTEROID","sp":"ASTEROID-5","s":25.29,"m":224.89,"gd":42.16,"wic":{},"woc":{},"wgc":{},"emm":[{"Type":"1","MainRange":57,"MainValue":0.17,"FarRange":170}],"sig":[{"t":"9-1","s":"","d":{"X":-0.38,"Y":-0.7}},{"t":"X1","s":"","d":{"X":-0.895,"Y":-0.4}}],"clr":{"R":241,"G":209,"B":242,"A":255}},"IJ6-0-43":{"pid":"IJ6-S","orb":1354.25,"per":22.57,"ang":31.29,"t":"ASTEROID","sp":"ASTEROID-3","s":24.01,"m":192.28,"gd":40.01,"wic":{},"woc":{},"wgc":{},"emm":[{"Type":"1","MainRange":63,"MainValue":0.12,"FarRange":181}],"sig":[{"t":"9-1","s":"","d":{"X":0.38,"Y":0.11}},{"t":"X1","s":"","d":{"X":0.188,"Y":0.061}}],"clr":{"R":243,"G":219,"B":208,"A":255}},"IJ6-0-44":{"pid":"IJ6-S","orb":1196.98,"per":19.94,"ang":210.44,"t":"ASTEROID","sp":"ASTEROID-2","s":11.41,"m":20.68,"gd":19.03,"wic":{},"woc":{},"wgc":{},"emm":[{"Type":"1","MainRange":38,"MainValue":0.23,"FarRange":224}],"sig":[{"t":"9-1","s":"","d":{"X":0.91,"Y":-0.2}},{"t":"X1","s":"","d":{"X":0.505,"Y":-0.375}}],"clr":{"R":240,"G":253,"B":242,"A":255}},"IJ6-0-45":{"pid":"IJ6-S","orb":1520.5,"per":25.34,"ang":328.91,"t":"ASTEROID","sp":"ASTEROID-1","s":25.49,"m":230.28,"gd":42.49,"wic":{},"woc":{},"wgc":{},"emm":[{"Type":"1","MainRange":63,"MainValue":0.26,"FarRange":177}],"sig":[{"t":"9-1","s":"","d":{"X":-0.09,"Y":0.26}},{"t":"X1","s":"","d":{"X":0.857,"Y":-0.12}}],"clr":{"R":253,"G":245,"B":247,"A":255}},"IJ6-0-46":{"pid":"IJ6-S","orb":1442.61,"per":24.04,"ang":52.03,"t":"ASTEROID","sp":"ASTEROID-2","s":25.62,"m":233.65,"gd":42.7,"wic":{},"woc":{},"wgc":{},"emm":[{"Type":"1","MainRange":37,"MainValue":0.17,"FarRange":223}],"sig":[{"t":"9-1","s":"","d":{"X":-0.54,"Y":-0.24}},{"t":"X1","s":"","d":{"X":-0.794,"Y":-0.592}}],"clr":{"R":207,"G":232,"B":251,"A":255}},"IJ6-0-47":{"pid":"IJ6-S","orb":1135.78,"per":18.92,"ang":257.69,"t":"ASTEROID","sp":"ASTEROID-5","s":20.98,"m":128.36,"gd":34.97,"wic":{},"woc":{},"wgc":{},"emm":[{"Type":"1","MainRange":42,"MainValue":0.11,"FarRange":165}],"sig":[{"t":"9-1","s":"","d":{"X":-0.76,"Y":0.19}},{"t":"X1","s":"","d":{"X":-0.537,"Y":0.588}}],"clr":{"R":242,"G":231,"B":190,"A":255}},"IJ6-0-48":{"pid":"IJ6-S","orb":1159.57,"per":19.32,"ang":312.89,"t":"ASTEROID","sp":"ASTEROID-4","s":18.76,"m":91.82,"gd":31.28,"wic":{},"woc":{},"wgc":{},"emm":[{"Type":"1","MainRange":50,"MainValue":0.36,"FarRange":168},{"Type":"5","MainRange":5,"MainValue":0.25,"FarRange":104}],"sig":[{"t":"9-1","s":"","d":{"X":-0.84,"Y":0.24}},{"t":"X1","s":"","d":{"X":0.538,"Y":0.355}},{"t":"X5","s":"","d":{"X":-0.279,"Y":-0.688}}],"clr":{"R":215,"G":241,"B":244,"A":255}},"IJ6-0-49":{"pid":"IJ6-S","orb":1293.16,"per":21.55,"ang":95.19,"t":"ASTEROID","sp":"ASTEROID-2","s":19.27,"m":99.46,"gd":32.12,"wic":{},"woc":{},"wgc":{},"emm":[{"Type":"1","MainRange":25,"MainValue":0.21,"FarRange":193}],"sig":[{"t":"9-1","s":"","d":{"X":-0.62,"Y":-0.6}},{"t":"X1","s":"","d":{"X":-0.417,"Y":0.796}}],"clr":{"R":249,"G":200,"B":218,"A":255}},"IJ6-0-5":{"pid":"IJ6-S","orb":1268.1,"per":21.13,"ang":215.58,"t":"ASTEROID","sp":"ASTEROID-5","s":20.84,"m":125.8,"gd":34.74,"wic":{},"woc":{},"wgc":{},"emm":[{"Type":"1","MainRange":47,"MainValue":0.18,"FarRange":180}],"sig":[{"t":"9-1","s":"","d":{"X":0.57,"Y":0.42}},{"t":"X1","s":"","d":{"X":0.061,"Y":-0.242}}],"clr":{"R":254,"G":209,"B":247,"A":255}},"IJ6-0-50":{"pid":"IJ6-S","orb":1399.59,"per":23.32,"ang":105.95,"t":"ASTEROID","sp":"ASTEROID-5","s":26.19,"m":249.77,"gd":43.66,"wic":{},"woc":{},"wgc":{},"emm":[{"Type":"1","MainRange":55,"MainValue":0.13,"FarRange":69}],"sig":[{"t":"9-1","s":"","d":{"X":0.38,"Y":0.22}},{"t":"X1","s":"","d":{"X":0.876,"Y":0.153}}],"clr":{"R":233,"G":220,"B":254,"A":255}},"IJ6-0-51":{"pid":"IJ6-S","orb":1346.53,"per":22.44,"ang":257.92,"t":"ASTEROID","sp":"ASTEROID-4","s":15.78,"m":54.65,"gd":26.31,"wic":{},"woc":{},"wgc":{},"emm":[{"Type":"1","MainRange":47,"MainValue":0.15,"FarRange":232}],"sig":[{"t":"9-1","s":"","d":{"X":0.43,"Y":0.05}},{"t":"X1","s":"","d":{"X":-0.441,"Y":0.855}}],"clr":{"R":206,"G":242,"B":234,"A":255}},"IJ6-0-52":{"pid":"IJ6-S","orb":1511.46,"per":25.19,"ang":2.18,"t":"ASTEROID","sp":"ASTEROID-1","s":28.67,"m":327.54,"gd":47.79,"wic":{},"woc":{},"wgc":{},"emm":[{"Type":"1","MainRange":53,"MainValue":0.2,"FarRange":91}],"sig":[{"t":"9-1","s":"","d":{"X":0.16,"Y":-0.43}},{"t":"X1","s":"","d":{"X":-0.624,"Y":-0.688}}],"clr":{"R":251,"G":240,"B":249,"A":255}},"IJ6-0-53":{"pid":"IJ6-S","orb":1313.16,"per":21.88,"ang":290.42,"t":"ASTEROID","sp":"ASTEROID-2","s":20.47,"m":119.19,"gd":34.12,"wic":{},"woc":{},"wgc":{},"emm":[{"Type":"1","MainRange":46,"MainValue":0.14,"FarRange":110}],"sig":[{"t":"9-1","s":"","d":{"X":0.42,"Y":0.71}},{"t":"X1","s":"","d":{"X":0.126,"Y":-0.377}}],"clr":{"R":252,"G":234,"B":231,"A":255}},"IJ6-0-54":{"pid":"IJ6-S","orb":1278.39,"per":21.3,"ang":182.43,"t":"ASTEROID","sp":"ASTEROID-4","s":27.27,"m":281.68,"gd":45.45,"wic":{},"woc":{},"wgc":{},"emm":[{"Type":"1","MainRange":22,"MainValue":0.3,"FarRange":155},{"Type":"17","MainRange":24,"MainValue":0.21,"FarRange":127},{"Type":"3","MainRange":51,"MainValue":0.19,"FarRange":139},{"Type":"14","MainRange":55,"MainValue":0.18,"FarRange":137}],"sig":[{"t":"9-1","s":"","d":{"X":0.81,"Y":-0.13}},{"t":"X1","s":"","d":{"X":0.336,"Y":-0.747}},{"t":"X17","s":"","d":{"X":0.421,"Y":-0.725}},{"t":"X3","s":"","d":{"X":-0.58,"Y":-0.088}},{"t":"X14","s":"","d":{"X":0.829,"Y":0.334}}],"clr":{"R":254,"G":244,"B":254,"A":255}},"IJ6-0-55":{"pid":"IJ6-S","orb":1327.7,"per":22.12,"ang":285.62,"t":"ASTEROID","sp":"ASTEROID-4","s":18.13,"m":82.85,"gd":30.22,"wic":{},"woc":{},"wgc":{},"emm":[{"Type":"1","MainRange":40,"MainValue":0.19,"FarRange":134}],"sig":[{"t":"9-1","s":"","d":{"X":-0.03,"Y":0.19}},{"t":"X1","s":"","d":{"X":0.457,"Y":-0.231}}],"clr":{"R":252,"G":221,"B":212,"A":255}},"IJ6-0-56":{"pid":"IJ6-S","orb":1496.19,"per":24.93,"ang":321.24,"t":"ASTEROID","sp":"ASTEROID-2","s":23.42,"m":178.43,"gd":39.03,"wic":{},"woc":{},"wgc":{},"emm":[{"Type":"1","MainRange":68,"MainValue":0.19,"FarRange":155}],"sig":[{"t":"9-1","s":"","d":{"X":0.22,"Y":0.45}},{"t":"X1","s":"","d":{"X":-0.138,"Y":-0.642}}],"clr":{"R":226,"G":176,"B":244,"A":255}},"IJ6-0-6":{"pid":"IJ6-S","orb":1326.92,"per":22.11,"ang":17.62,"t":"ASTEROID","sp":"ASTEROID-2","s":10.77,"m":17.39,"gd":17.96,"wic":{},"woc":{},"wgc":{},"emm":[{"Type":"1","MainRange":47,"MainValue":0.2,"FarRange":111}],"sig":[{"t":"9-1","s":"","d":{"X":-0.17,"Y":-0.58}},{"t":"X1","s":"","d":{"X":-0.851,"Y":0.07}}],"clr":{"R":246,"G":220,"B":246,"A":255}},"IJ6-0-7":{"pid":"IJ6-S","orb":1196,"per":19.93,"ang":95.25,"t":"ASTEROID","sp":"ASTEROID-5","s":14.66,"m":43.77,"gd":24.43,"wic":{},"woc":{},"wgc":{},"emm":[{"Type":"1","MainRange":52,"MainValue":0.16,"FarRange":144}],"sig":[{"t":"9-1","s":"","d":{"X":-0.05,"Y":0.59}},{"t":"X1","s":"","d":{"X":-0.207,"Y":0.394}}],"clr":{"R":166,"G":239,"B":248,"A":255}},"IJ6-0-8":{"pid":"IJ6-S","orb":1583.88,"per":26.39,"ang":45.79,"t":"ASTEROID","sp":"ASTEROID-2","s":23.33,"m":176.47,"gd":38.89,"wic":{},"woc":{},"wgc":{},"emm":[{"Type":"1","MainRange":59,"MainValue":0.06,"FarRange":219}],"sig":[{"t":"9-1","s":"","d":{"X":0.57,"Y":0.74}},{"t":"X1","s":"","d":{"X":0.31,"Y":-0.576}}],"clr":{"R":217,"G":248,"B":234,"A":255}},"IJ6-0-9":{"pid":"IJ6-S","orb":1340.81,"per":22.34,"ang":193.58,"t":"ASTEROID","sp":"ASTEROID-5","s":13.04,"m":30.82,"gd":21.74,"wic":{},"woc":{},"wgc":{},"emm":[{"Type":"1","MainRange":75,"MainValue":0.25,"FarRange":152}],"sig":[{"t":"9-1","s":"","d":{"X":-0.26,"Y":0.88}},{"t":"X1","s":"","d":{"X":-0.547,"Y":0.434}}],"clr":{"R":224,"G":200,"B":245,"A":255}},"IJ6-969":{"pid":"IJ6-S","orb":1673.5,"per":27.89,"t":"GASPLANET","sp":"GASPLANET-5","s":140.15,"m":26764.65,"gd":233.58,"wic":{},"woc":{},"wgc":{},"emm":[{"Type":"27","MainRange":507,"MainValue":1.2,"FarRange":853}],"sig":[{"t":"0-3","s":"","d":{"X":-0.52,"Y":0.77}},{"t":"1-3","s":"","d":{"X":0.73,"Y":-0.13}},{"t":"3-1","s":"","d":{"X":-0.38,"Y":0.52}},{"t":"6-2","s":"","d":{"X":-0.33,"Y":-0.52}},{"t":"7-3","s":"","d":{"X":-0.39,"Y":-0.34}},{"t":"8-1","s":"","d":{"X":0.32,"Y":-0.56}},{"t":"10-1","s":"","d":{"X":0.3,"Y":-0.12}},{"t":"11-1","s":"","d":{"X":0.23,"Y":0.94}},{"t":"X27","s":"","d":{"X":0.792,"Y":0.202}}],"clr":{"R":254,"G":254,"B":254,"A":255}},"IJ6-S":{"t":"STAR","sp":"STAR-11","s":370.83,"m":2833107.28,"gd":1236.11,"wic":{},"woc":{},"wgc":{},"emm":[{"Type":"2","MainRange":1315,"MainValue":6.35,"FarRange":2529}],"sig":[{"t":"X2","s":"","d":{"X":0.354,"Y":-0.584}}],"clr":{"R":243,"G":248,"B":254,"A":255}}}}