{"SpawnDistance":1650.0000000000002,"Points":{"LU0-664":{"pid":"LU0-S","orb":1153.33,"per":19.22,"t":"GASPLANET","sp":"GASPLANET-22","s":122.24,"m":17759.94,"gd":203.73,"wic":{},"woc":{},"wgc":{},"sig":[{"t":"0-3","s":"","d":{"X":0.32,"Y":0.25}},{"t":"1-3","s":"","d":{"X":-0.72,"Y":0.39}},{"t":"3-1","s":"","d":{"X":-0.08,"Y":0.55}},{"t":"6-3","s":"","d":{"X":-0.43,"Y":0.82}},{"t":"7-3","s":"","d":{"X":-0.39,"Y":-0.62}},{"t":"8-1","s":"","d":{"X":0.52,"Y":-0.57}},{"t":"10-1","s":"","d":{"X":0.34,"Y":-0.39}},{"t":"11-1","s":"","d":{"X":0.37,"Y":0.55}}],"clr":{"R":205,"G":243,"B":206,"A":255}},"LU0-S":{"t":"STAR","sp":"STAR-12","s":410.45,"m":3841782.27,"gd":1368.19,"wic":{},"woc":{},"wgc":{},"emm":[{"Type":"2","MainRange":1098,"MainValue":2.88,"FarRange":2309}],"sig":[{"t":"X2","s":"","d":{"X":0.509,"Y":-0.122}}],"clr":{"R":240,"G":178,"B":225,"A":255}}}}