{"SpawnDistance":11727.562000000002,"Points":{"LH8-1-0":{"pid":"LH8-sv","orb":7358.36,"per":50.58,"ang":283.45,"t":"ASTEROID","sp":"ASTEROID-4","s":33.1,"m":503.9,"gd":55.17,"wic":{},"woc":{},"wgc":{},"emm":[{"Type":"1","MainRange":42,"MainValue":0.18,"FarRange":137}],"sig":[{"t":"9-1","s":"","d":{"X":0.57,"Y":0.23}},{"t":"9-2","s":"","d":{"X":0.57,"Y":-0.43}},{"t":"X1","s":"","d":{"X":-0.518,"Y":0.047}}],"clr":{"R":211,"G":204,"B":242,"A":255}},"LH8-1-1":{"pid":"LH8-sv","orb":6928.58,"per":47.62,"ang":300.9,"t":"ASTEROID","sp":"ASTEROID-5","s":12.89,"m":29.76,"gd":21.48,"wic":{},"woc":{},"wgc":{},"emm":[{"Type":"1","MainRange":53,"MainValue":0.26,"FarRange":235}],"sig":[{"t":"9-1","s":"","d":{"X":-0.43,"Y":0.06}},{"t":"9-2","s":"","d":{"X":0.13,"Y":0.9}},{"t":"X1","s":"","d":{"X":0.393,"Y":0.264}}],"clr":{"R":179,"G":190,"B":244,"A":255}},"LH8-1-10":{"pid":"LH8-sv","orb":6302.93,"per":43.32,"ang":327.98,"t":"ASTEROID","sp":"ASTEROID-5","s":12.89,"m":29.75,"gd":21.48,"wic":{},"woc":{},"wgc":{},"emm":[{"Type":"1","MainRange":70,"MainValue":0.22,"FarRange":153}],"sig":[{"t":"9-1","s":"","d":{"X":-0.34,"Y":0.59}},{"t":"9-2","s":"","d":{"X":-0.86,"Y":-0.11}},{"t":"X1","s":"","d":{"X":-0.11,"Y":-0.876}}],"clr":{"R":211,"G":253,"B":221,"A":255}},"LH8-1-11":{"pid":"LH8-sv","orb":5600.67,"per":38.49,"ang":336.48,"t":"ASTEROID","sp":"ASTEROID-2","s":28.04,"m":306.35,"gd":46.74,"wic":{},"woc":{},"wgc":{},"emm":[{"Type":"1","MainRange":25,"MainValue":0.03,"FarRange":107}],"sig":[{"t":"9-1","s":"","d":{"X":0.61,"Y":-0.36}},{"t":"9-2","s":"","d":{"X":0.86,"Y":0.46}},{"t":"X1","s":"","d":{"X":0.155,"Y":0.073}}],"clr":{"R":253,"G":254,"B":253,"A":255}},"LH8-1-12":{"pid":"LH8-sv","orb":7286.77,"per":50.08,"ang":83.92,"t":"ASTEROID","sp":"ASTEROID-1","s":23.86,"m":188.74,"gd":39.77,"wic":{},"woc":{},"wgc":{},"emm":[{"Type":"1","MainRange":23,"MainValue":0.23,"FarRange":159}],"sig":[{"t":"9-1","s":"","d":{"X":-0.01,"Y":0.24}},{"t":"9-2","s":"","d":{"X":0.16,"Y":-0.08}},{"t":"X1","s":"","d":{"X":-0.805,"Y":-0.372}}],"clr":{"R":246,"G":249,"B":253,"A":255}},"LH8-1-13":{"pid":"LH8-sv","orb":6305.71,"per":43.34,"ang":215.33,"t":"ASTEROID","sp":"ASTEROID-1","s":27.25,"m":281.16,"gd":45.42,"wic":{},"woc":{},"wgc":{},"emm":[{"Type":"1","MainRange":44,"MainValue":0.15,"FarRange":183}],"sig":[{"t":"9-1","s":"","d":{"X":-0.18,"Y":0.23}},{"t":"9-2","s":"","d":{"X":-0.74,"Y":0.56}},{"t":"X1","s":"","d":{"X":-0.089,"Y":0.88}}],"clr":{"R":243,"G":222,"B":254,"A":255}},"LH8-1-14":{"pid":"LH8-sv","orb":6233.61,"per":42.84,"ang":30.3,"t":"ASTEROID","sp":"ASTEROID-5","s":17.31,"m":72.13,"gd":28.86,"wic":{},"woc":{},"wgc":{},"emm":[{"Type":"1","MainRange":42,"MainValue":0.28,"FarRange":142}],"sig":[{"t":"9-1","s":"","d":{"X":0.06,"Y":-0.67}},{"t":"9-2","s":"","d":{"X":-0.42,"Y":0.43}},{"t":"X1","s":"","d":{"X":0.22,"Y":-0.833}}],"clr":{"R":235,"G":251,"B":192,"A":255}},"LH8-1-15":{"pid":"LH8-sv","orb":5192.21,"per":35.69,"ang":306.03,"t":"ASTEROID","sp":"ASTEROID-5","s":16.95,"m":67.7,"gd":28.25,"wic":{},"woc":{},"wgc":{},"emm":[{"Type":"1","MainRange":83,"MainValue":0.19,"FarRange":97}],"sig":[{"t":"9-1","s":"","d":{"X":-0.28,"Y":0.14}},{"t":"9-2","s":"","d":{"X":0.01,"Y":-0.07}},{"t":"X1","s":"","d":{"X":-0.291,"Y":0.309}}],"clr":{"R":248,"G":211,"B":238,"A":255}},"LH8-1-16":{"pid":"LH8-sv","orb":7313.01,"per":50.26,"ang":119.32,"t":"ASTEROID","sp":"ASTEROID-4","s":19.3,"m":99.92,"gd":32.17,"wic":{},"woc":{},"wgc":{},"emm":[{"Type":"1","MainRange":32,"MainValue":0.18,"FarRange":64},{"Type":"24","MainRange":12,"MainValue":0.19,"FarRange":127},{"Type":"5","MainRange":53,"MainValue":0.22,"FarRange":138},{"Type":"20","MainRange":33,"MainValue":0.19,"FarRange":157}],"sig":[{"t":"9-1","s":"","d":{"X":-0.62,"Y":-0.16}},{"t":"9-2","s":"","d":{"X":-0.13,"Y":0.62}},{"t":"X1","s":"","d":{"X":0.934,"Y":-0.046}},{"t":"X24","s":"","d":{"X":-0.822,"Y":0.094}},{"t":"X5","s":"","d":{"X":-0.205,"Y":0.15}},{"t":"X20","s":"","d":{"X":-0.454,"Y":0.614}}],"clr":{"R":176,"G":175,"B":249,"A":255}},"LH8-1-17":{"pid":"LH8-sv","orb":6987.73,"per":48.03,"ang":30.83,"t":"ASTEROID","sp":"ASTEROID-5","s":12.5,"m":27.13,"gd":20.83,"wic":{},"woc":{},"wgc":{},"emm":[{"Type":"1","MainRange":71,"MainValue":0.3,"FarRange":150}],"sig":[{"t":"9-1","s":"","d":{"X":0.32,"Y":-0.59}},{"t":"9-2","s":"","d":{"X":0.55,"Y":0.03}},{"t":"X1","s":"","d":{"X":0.363,"Y":-0.314}}],"clr":{"R":221,"G":244,"B":202,"A":255}},"LH8-1-18":{"pid":"LH8-sv","orb":5655.81,"per":38.87,"ang":315.93,"t":"ASTEROID","sp":"ASTEROID-4","s":22.55,"m":159.38,"gd":37.59,"wic":{},"woc":{},"wgc":{},"emm":[{"Type":"1","MainRange":50,"MainValue":0.12,"FarRange":125}],"sig":[{"t":"9-1","s":"","d":{"X":0.47,"Y":-0.23}},{"t":"9-2","s":"","d":{"X":-0.19,"Y":-0.08}},{"t":"X1","s":"","d":{"X":-0.336,"Y":0.763}}],"clr":{"R":246,"G":226,"B":228,"A":255}},"LH8-1-19":{"pid":"LH8-sv","orb":5214.64,"per":35.84,"ang":145.1,"t":"ASTEROID","sp":"ASTEROID-5","s":12.24,"m":25.49,"gd":20.4,"wic":{},"woc":{},"wgc":{},"emm":[{"Type":"1","MainRange":12,"MainValue":0.26,"FarRange":142},{"Type":"5","MainRange":79,"MainValue":0.19,"FarRange":140}],"sig":[{"t":"9-1","s":"","d":{"X":0.02,"Y":-0.41}},{"t":"9-2","s":"","d":{"X":-0.69,"Y":0.16}},{"t":"X1","s":"","d":{"X":-0.113,"Y":-0.018}},{"t":"X5","s":"","d":{"X":0.846,"Y":0.526}}],"clr":{"R":221,"G":248,"B":251,"A":255}},"LH8-1-2":{"pid":"LH8-sv","orb":7175.97,"per":49.32,"ang":111.89,"t":"ASTEROID","sp":"ASTEROID-2","s":17.65,"m":76.47,"gd":29.43,"wic":{},"woc":{},"wgc":{},"emm":[{"Type":"1","MainRange":47,"MainValue":0.21,"FarRange":114}],"sig":[{"t":"9-1","s":"","d":{"X":-0.65,"Y":0.38}},{"t":"9-2","s":"","d":{"X":0.51,"Y":0.58}},{"t":"X1","s":"","d":{"X":-0.859,"Y":-0.035}}],"clr":{"R":190,"G":241,"B":235,"A":255}},"LH8-1-20":{"pid":"LH8-sv","orb":6007.53,"per":41.29,"ang":264.05,"t":"ASTEROID","sp":"ASTEROID-1","s":18.02,"m":81.28,"gd":30.03,"wic":{},"woc":{},"wgc":{},"emm":[{"Type":"1","MainRange":82,"MainValue":0.23,"FarRange":132}],"sig":[{"t":"9-1","s":"","d":{"X":0.42,"Y":-0.66}},{"t":"9-2","s":"","d":{"X":0.15,"Y":-0.36}},{"t":"X1","s":"","d":{"X":-0.511,"Y":-0.098}}],"clr":{"R":203,"G":245,"B":201,"A":255}},"LH8-1-21":{"pid":"LH8-sv","orb":5002.48,"per":34.38,"ang":291.15,"t":"ASTEROID","sp":"ASTEROID-1","s":16.87,"m":66.75,"gd":28.12,"wic":{},"woc":{},"wgc":{},"emm":[{"Type":"1","MainRange":55,"MainValue":0.29,"FarRange":245}],"sig":[{"t":"9-1","s":"","d":{"X":-0.84,"Y":-0.42}},{"t":"9-2","s":"","d":{"X":0.07,"Y":-0.97}},{"t":"X1","s":"","d":{"X":-0.62,"Y":0.384}}],"clr":{"R":244,"G":201,"B":198,"A":255}},"LH8-1-22":{"pid":"LH8-sv","orb":6879.26,"per":47.28,"ang":178.83,"t":"ASTEROID","sp":"ASTEROID-2","s":13.19,"m":31.92,"gd":21.99,"wic":{},"woc":{},"wgc":{},"emm":[{"Type":"1","MainRange":48,"MainValue":0.09,"FarRange":108}],"sig":[{"t":"9-1","s":"","d":{"X":0.8,"Y":-0.4}},{"t":"9-2","s":"","d":{"X":-0.05,"Y":-0.83}},{"t":"X1","s":"","d":{"X":-0.683,"Y":0.585}}],"clr":{"R":247,"G":250,"B":226,"A":255}},"LH8-1-23":{"pid":"LH8-sv","orb":6501.47,"per":44.69,"ang":93.68,"t":"ASTEROID","sp":"ASTEROID-3","s":21.15,"m":131.52,"gd":35.26,"wic":{},"woc":{},"wgc":{},"emm":[{"Type":"1","MainRange":26,"MainValue":0.09,"FarRange":126}],"sig":[{"t":"9-1","s":"","d":{"X":-0.82,"Y":-0.56}},{"t":"9-2","s":"","d":{"X":0.18,"Y":0.33}},{"t":"X1","s":"","d":{"X":0.596,"Y":0.109}}],"clr":{"R":242,"G":188,"B":239,"A":255}},"LH8-1-24":{"pid":"LH8-sv","orb":5749.84,"per":39.52,"ang":218.09,"t":"ASTEROID","sp":"ASTEROID-3","s":33.41,"m":518.42,"gd":55.69,"wic":{},"woc":{},"wgc":{},"emm":[{"Type":"1","MainRange":42,"MainValue":0.19,"FarRange":92}],"sig":[{"t":"9-1","s":"","d":{"X":-0.27,"Y":-0.69}},{"t":"9-2","s":"","d":{"X":-0.81,"Y":0.09}},{"t":"X1","s":"","d":{"X":-0.556,"Y":0.235}}],"clr":{"R":248,"G":250,"B":235,"A":255}},"LH8-1-25":{"pid":"LH8-sv","orb":6047.27,"per":41.56,"ang":25.73,"t":"ASTEROID","sp":"ASTEROID-3","s":15.41,"m":50.83,"gd":25.68,"wic":{},"woc":{},"wgc":{},"emm":[{"Type":"1","MainRange":48,"MainValue":0.07,"FarRange":104}],"sig":[{"t":"9-1","s":"","d":{"X":-0.94,"Y":-0.1}},{"t":"9-2","s":"","d":{"X":0.14,"Y":-0.67}},{"t":"X1","s":"","d":{"X":-0.099,"Y":-0.102}}],"clr":{"R":244,"G":233,"B":206,"A":255}},"LH8-1-26":{"pid":"LH8-sv","orb":6644.12,"per":45.67,"ang":118.23,"t":"ASTEROID","sp":"ASTEROID-3","s":17.98,"m":80.76,"gd":29.97,"wic":{},"woc":{},"wgc":{},"emm":[{"Type":"1","MainRange":76,"MainValue":0.21,"FarRange":133}],"sig":[{"t":"9-1","s":"","d":{"X":0.43,"Y":-0.19}},{"t":"9-2","s":"","d":{"X":0.03,"Y":-0.72}},{"t":"X1","s":"","d":{"X":0.482,"Y":-0.116}}],"clr":{"R":230,"G":247,"B":244,"A":255}},"LH8-1-27":{"pid":"LH8-sv","orb":6280.16,"per":43.16,"ang":298.59,"t":"ASTEROID","sp":"ASTEROID-3","s":25.52,"m":230.93,"gd":42.53,"wic":{},"woc":{},"wgc":{},"emm":[{"Type":"1","MainRange":63,"MainValue":0.3,"FarRange":97}],"sig":[{"t":"9-1","s":"","d":{"X":0.45,"Y":-0.4}},{"t":"9-2","s":"","d":{"X":-0.62,"Y":-0.61}},{"t":"X1","s":"","d":{"X":0.498,"Y":0.401}}],"clr":{"R":230,"G":213,"B":242,"A":255}},"LH8-1-28":{"pid":"LH8-sv","orb":6860.47,"per":47.15,"ang":70.38,"t":"ASTEROID","sp":"ASTEROID-1","s":17.3,"m":72.01,"gd":28.84,"wic":{},"woc":{},"wgc":{},"emm":[{"Type":"1","MainRange":41,"MainValue":0.25,"FarRange":187}],"sig":[{"t":"9-1","s":"","d":{"X":0.68,"Y":-0.72}},{"t":"9-2","s":"","d":{"X":-0.1,"Y":0.68}},{"t":"X1","s":"","d":{"X":-0.147,"Y":-0.988}}],"clr":{"R":180,"G":254,"B":241,"A":255}},"LH8-1-3":{"pid":"LH8-sv","orb":7036.58,"per":48.36,"ang":265.1,"t":"ASTEROID","sp":"ASTEROID-1","s":16.54,"m":62.95,"gd":27.58,"wic":{},"woc":{},"wgc":{},"emm":[{"Type":"1","MainRange":61,"MainValue":0.21,"FarRange":137}],"sig":[{"t":"9-1","s":"","d":{"X":-0.4,"Y":-0.09}},{"t":"9-2","s":"","d":{"X":0.38,"Y":-0.09}},{"t":"X1","s":"","d":{"X":0.365,"Y":0.922}}],"clr":{"R":226,"G":236,"B":251,"A":255}},"LH8-1-4":{"pid":"LH8-sv","orb":5656.8,"per":38.88,"ang":207.62,"t":"ASTEROID","sp":"ASTEROID-4","s":20.35,"m":117.05,"gd":33.91,"wic":{},"woc":{},"wgc":{},"emm":[{"Type":"1","MainRange":59,"MainValue":0.1,"FarRange":128}],"sig":[{"t":"9-1","s":"","d":{"X":-0.45,"Y":-0.21}},{"t":"9-2","s":"","d":{"X":-0.24,"Y":-0.2}},{"t":"X1","s":"","d":{"X":0.326,"Y":-0.556}}],"clr":{"R":252,"G":254,"B":251,"A":255}},"LH8-1-5":{"pid":"LH8-sv","orb":6405.69,"per":44.03,"ang":112.02,"t":"ASTEROID","sp":"ASTEROID-1","s":21.38,"m":135.86,"gd":35.64,"wic":{},"woc":{},"wgc":{},"emm":[{"Type":"1","MainRange":41,"MainValue":0.25,"FarRange":187},{"Type":"15","MainRange":27,"MainValue":0.18,"FarRange":271}],"sig":[{"t":"9-1","s":"","d":{"X":-0.19,"Y":-0.54}},{"t":"9-2","s":"","d":{"X":0.62,"Y":-0.26}},{"t":"X1","s":"","d":{"X":-0.757,"Y":0.375}},{"t":"X15","s":"","d":{"X":0.196,"Y":-0.797}}],"clr":{"R":252,"G":222,"B":233,"A":255}},"LH8-1-6":{"pid":"LH8-sv","orb":6912.22,"per":47.51,"ang":21.15,"t":"ASTEROID","sp":"ASTEROID-3","s":18.8,"m":92.34,"gd":31.34,"wic":{},"woc":{},"wgc":{},"emm":[{"Type":"1","MainRange":40,"MainValue":0.19,"FarRange":198}],"sig":[{"t":"9-1","s":"","d":{"X":0.87,"Y":0.34}},{"t":"9-2","s":"","d":{"X":-0.4,"Y":0.72}},{"t":"X1","s":"","d":{"X":-0.251,"Y":-0.782}}],"clr":{"R":252,"G":242,"B":223,"A":255}},"LH8-1-7":{"pid":"LH8-sv","orb":6737.79,"per":46.31,"ang":43.15,"t":"ASTEROID","sp":"ASTEROID-1","s":13.87,"m":37.11,"gd":23.12,"wic":{},"woc":{},"wgc":{},"emm":[{"Type":"1","MainRange":48,"MainValue":0.17,"FarRange":169}],"sig":[{"t":"9-1","s":"","d":{"X":-0.41,"Y":-0.13}},{"t":"9-2","s":"","d":{"X":-0.56,"Y":0.67}},{"t":"X1","s":"","d":{"X":0.162,"Y":-0.849}}],"clr":{"R":252,"G":199,"B":165,"A":255}},"LH8-1-8":{"pid":"LH8-sv","orb":7238.86,"per":49.75,"ang":2.42,"t":"ASTEROID","sp":"ASTEROID-3","s":21.26,"m":133.54,"gd":35.44,"wic":{},"woc":{},"wgc":{},"emm":[{"Type":"1","MainRange":34,"MainValue":0.2,"FarRange":133}],"sig":[{"t":"9-1","s":"","d":{"X":-0.46,"Y":-0.59}},{"t":"9-2","s":"","d":{"X":-0.77,"Y":-0.31}},{"t":"X1","s":"","d":{"X":0.572,"Y":-0.148}}],"clr":{"R":241,"G":206,"B":223,"A":255}},"LH8-1-9":{"pid":"LH8-sv","orb":6914.29,"per":47.52,"ang":356.43,"t":"ASTEROID","sp":"ASTEROID-5","s":10.66,"m":16.83,"gd":17.77,"wic":{},"woc":{},"wgc":{},"emm":[{"Type":"1","MainRange":58,"MainValue":0.17,"FarRange":104}],"sig":[{"t":"9-1","s":"","d":{"X":0.06,"Y":-0.26}},{"t":"9-2","s":"","d":{"X":-0.26,"Y":0.83}},{"t":"X1","s":"","d":{"X":-0.356,"Y":0.305}}],"clr":{"R":220,"G":171,"B":248,"A":255}},"LH8-701":{"pid":"LH8-sv","orb":3098.06,"per":21.29,"t":"HARDPLANET","sp":"HARDPLANET-30","s":46.91,"m":6020.68,"gd":134.04,"wic":{},"woc":{},"wgc":{},"mi":[6],"emm":[{"Type":"11","MainRange":158,"MainValue":0.95,"FarRange":432}],"sig":[{"t":"0-2","s":"","d":{"X":-0.29,"Y":0.92}},{"t":"1-2","s":"","d":{"X":-0.35,"Y":-0.73}},{"t":"7-4","s":"","d":{"X":0.1,"Y":0.12}},{"t":"9-1","s":"","d":{"X":-0.24,"Y":-0.41}},{"t":"9-2","s":"","d":{"X":0.41,"Y":-0.29}},{"t":"10-1","s":"","d":{"X":0.33,"Y":-0.08}},{"t":"10-2","s":"","d":{"X":0.62,"Y":0.62}},{"t":"11-1","s":"","d":{"X":-0.16,"Y":0.73}},{"t":"12-3","s":"","d":{"X":0.74,"Y":0.36}},{"t":"13-1","s":"","d":{"X":-0.61,"Y":-0.78}},{"t":"13-2","s":"","d":{"X":-0.19,"Y":0.4}},{"t":"X11","s":"","d":{"X":-0.047,"Y":0.998}}],"clr":{"R":173,"G":254,"B":248,"A":255}},"LH8-713":{"pid":"LH8-sv","orb":10661.42,"per":73.28,"t":"GASPLANET","sp":"GASPLANET-18","s":172.91,"m":50263.45,"gd":288.18,"wic":{},"woc":{},"wgc":{},"emm":[{"Type":"20","MainRange":534,"MainValue":1.19,"FarRange":1241}],"sig":[{"t":"0-3","s":"","d":{"X":0.74,"Y":-0.59}},{"t":"1-3","s":"","d":{"X":-0.28,"Y":-0.24}},{"t":"3-1","s":"","d":{"X":0.68,"Y":0.48}},{"t":"6-3","s":"","d":{"X":0.42,"Y":-0.44}},{"t":"7-3","s":"","d":{"X":-0.25,"Y":0.63}},{"t":"8-1","s":"","d":{"X":-0.08,"Y":-0.39}},{"t":"8-2","s":"","d":{"X":-0.22,"Y":0.9}},{"t":"10-1","s":"","d":{"X":0.75,"Y":-0.37}},{"t":"10-2","s":"","d":{"X":-0.79,"Y":0.3}},{"t":"11-1","s":"","d":{"X":0.86,"Y":0.14}},{"t":"X20","s":"","d":{"X":-0.382,"Y":0.267}}],"clr":{"R":242,"G":216,"B":240,"A":255}},"LH8-S1":{"pid":"LH8-sv","orb":1391.24,"per":11.56,"t":"STAR","sp":"STAR-8","s":313.13,"m":1705705.09,"gd":1043.76,"wic":{},"woc":{},"wgc":{},"emm":[{"Type":"2","MainRange":1241,"MainValue":3.51,"FarRange":3802}],"sig":[{"t":"X2","s":"","d":{"X":0.563,"Y":-0.032}}],"clr":{"R":252,"G":233,"B":207,"A":255}},"LH8-S2":{"pid":"LH8-sv","orb":1709.56,"per":11.56,"ang":180,"t":"STAR","sp":"STAR-3","s":378.97,"m":3023769.7,"gd":1263.23,"wic":{},"woc":{},"wgc":{},"emm":[{"Type":"2","MainRange":641,"MainValue":1.81,"FarRange":3963},{"Type":"16","MainRange":819,"MainValue":5.53,"FarRange":2775}],"sig":[{"t":"X2","s":"","d":{"X":0.485,"Y":-0.669}},{"t":"X16","s":"","d":{"X":-0.004,"Y":-0.177}}],"clr":{"R":229,"G":241,"B":246,"A":255}},"LH8-sv":{"iv":true,"wic":{},"woc":{},"wgc":{},"clr":{}}}}