{"SpawnDistance":3445.2770000000005,"Points":{"HS8-1-0":{"pid":"HS8-S","orb":1752.47,"per":29.2,"ang":100.16,"t":"ASTEROID","sp":"ASTEROID-5","s":18.96,"m":94.73,"gd":31.6,"wic":{},"woc":{},"wgc":{},"emm":[{"Type":"1","MainRange":52,"MainValue":0.2,"FarRange":86}],"sig":[{"t":"9-1","s":"","d":{"X":0.22,"Y":0.06}},{"t":"X1","s":"","d":{"X":0.561,"Y":-0.278}}],"clr":{"R":254,"G":254,"B":254,"A":255}},"HS8-1-1":{"pid":"HS8-S","orb":1183.36,"per":19.72,"ang":148.64,"t":"ASTEROID","sp":"ASTEROID-3","s":15.13,"m":48.15,"gd":25.22,"wic":{},"woc":{},"wgc":{},"emm":[{"Type":"1","MainRange":47,"MainValue":0.15,"FarRange":129}],"sig":[{"t":"9-1","s":"","d":{"X":0.34,"Y":-0.27}},{"t":"X1","s":"","d":{"X":0.421,"Y":-0.675}}],"clr":{"R":221,"G":252,"B":222,"A":255}},"HS8-1-10":{"pid":"HS8-S","orb":1277.62,"per":21.29,"ang":7.11,"t":"ASTEROID","sp":"ASTEROID-2","s":17.75,"m":77.75,"gd":29.59,"wic":{},"woc":{},"wgc":{},"emm":[{"Type":"1","MainRange":62,"MainValue":0.32,"FarRange":154}],"sig":[{"t":"9-1","s":"","d":{"X":0.89,"Y":-0.02}},{"t":"X1","s":"","d":{"X":0.527,"Y":0.228}}],"clr":{"R":242,"G":251,"B":250,"A":255}},"HS8-1-11":{"pid":"HS8-S","orb":1301.53,"per":21.69,"ang":265.01,"t":"ASTEROID","sp":"ASTEROID-3","s":26.06,"m":246.03,"gd":43.44,"wic":{},"woc":{},"wgc":{},"emm":[{"Type":"1","MainRange":47,"MainValue":0.25,"FarRange":84}],"sig":[{"t":"9-1","s":"","d":{"X":0.11,"Y":-0.06}},{"t":"X1","s":"","d":{"X":-0.945,"Y":0.209}}],"clr":{"R":234,"G":216,"B":251,"A":255}},"HS8-1-12":{"pid":"HS8-S","orb":1296.58,"per":21.6,"ang":256.5,"t":"ASTEROID","sp":"ASTEROID-3","s":28.22,"m":312.2,"gd":47.03,"wic":{},"woc":{},"wgc":{},"emm":[{"Type":"1","MainRange":55,"MainValue":0.19,"FarRange":214}],"sig":[{"t":"9-1","s":"","d":{"X":-0.36,"Y":-0.35}},{"t":"X1","s":"","d":{"X":0.196,"Y":-0.656}}],"clr":{"R":247,"G":249,"B":235,"A":255}},"HS8-1-13":{"pid":"HS8-S","orb":1640.99,"per":27.34,"ang":175.22,"t":"ASTEROID","sp":"ASTEROID-2","s":18.2,"m":83.76,"gd":30.33,"wic":{},"woc":{},"wgc":{},"emm":[{"Type":"1","MainRange":35,"MainValue":0.24,"FarRange":141}],"sig":[{"t":"9-1","s":"","d":{"X":-0.67,"Y":0.65}},{"t":"X1","s":"","d":{"X":-0.199,"Y":0.275}}],"clr":{"R":202,"G":177,"B":241,"A":255}},"HS8-1-14":{"pid":"HS8-S","orb":1529.28,"per":25.48,"ang":282.66,"t":"ASTEROID","sp":"ASTEROID-5","s":21.65,"m":141.13,"gd":36.09,"wic":{},"woc":{},"wgc":{},"emm":[{"Type":"1","MainRange":82,"MainValue":0.15,"FarRange":111}],"sig":[{"t":"9-1","s":"","d":{"X":-0.5,"Y":0.61}},{"t":"X1","s":"","d":{"X":-0.721,"Y":0.655}}],"clr":{"R":233,"G":254,"B":228,"A":255}},"HS8-1-15":{"pid":"HS8-S","orb":1658.9,"per":27.64,"ang":224.16,"t":"ASTEROID","sp":"ASTEROID-1","s":14.82,"m":45.23,"gd":24.7,"wic":{},"woc":{},"wgc":{},"emm":[{"Type":"1","MainRange":38,"MainValue":0.11,"FarRange":218}],"sig":[{"t":"9-1","s":"","d":{"X":-0.14,"Y":0.24}},{"t":"X1","s":"","d":{"X":-0.031,"Y":-0.853}}],"clr":{"R":212,"G":246,"B":207,"A":255}},"HS8-1-16":{"pid":"HS8-S","orb":1616.5,"per":26.94,"ang":182.25,"t":"ASTEROID","sp":"ASTEROID-4","s":24.71,"m":209.69,"gd":41.19,"wic":{},"woc":{},"wgc":{},"emm":[{"Type":"1","MainRange":34,"MainValue":0.23,"FarRange":152},{"Type":"15","MainRange":37,"MainValue":0.17,"FarRange":141},{"Type":"2","MainRange":54,"MainValue":0.1,"FarRange":135}],"sig":[{"t":"9-1","s":"","d":{"X":-0.6,"Y":0.12}},{"t":"X1","s":"","d":{"X":-0.069,"Y":-0.439}},{"t":"X15","s":"","d":{"X":0.187,"Y":0.752}},{"t":"X2","s":"","d":{"X":0.403,"Y":0.551}}],"clr":{"R":250,"G":249,"B":254,"A":255}},"HS8-1-17":{"pid":"HS8-S","orb":1638.74,"per":27.31,"ang":214.39,"t":"ASTEROID","sp":"ASTEROID-2","s":18.46,"m":87.41,"gd":30.77,"wic":{},"woc":{},"wgc":{},"emm":[{"Type":"1","MainRange":52,"MainValue":0.32,"FarRange":107}],"sig":[{"t":"9-1","s":"","d":{"X":0.93,"Y":-0.13}},{"t":"X1","s":"","d":{"X":-0.363,"Y":-0.564}}],"clr":{"R":247,"G":235,"B":254,"A":255}},"HS8-1-18":{"pid":"HS8-S","orb":1542.42,"per":25.7,"ang":254.62,"t":"ASTEROID","sp":"ASTEROID-2","s":21.94,"m":146.72,"gd":36.57,"wic":{},"woc":{},"wgc":{},"emm":[{"Type":"1","MainRange":61,"MainValue":0.18,"FarRange":130}],"sig":[{"t":"9-1","s":"","d":{"X":0.57,"Y":0.56}},{"t":"X1","s":"","d":{"X":-0.726,"Y":0.397}}],"clr":{"R":208,"G":247,"B":237,"A":255}},"HS8-1-19":{"pid":"HS8-S","orb":1632.91,"per":27.21,"ang":142.33,"t":"ASTEROID","sp":"ASTEROID-5","s":11.89,"m":23.38,"gd":19.82,"wic":{},"woc":{},"wgc":{},"emm":[{"Type":"1","MainRange":40,"MainValue":0.17,"FarRange":95}],"sig":[{"t":"9-1","s":"","d":{"X":-0.4,"Y":-0.77}},{"t":"X1","s":"","d":{"X":0.271,"Y":0.546}}],"clr":{"R":204,"G":246,"B":199,"A":255}},"HS8-1-2":{"pid":"HS8-S","orb":1342.74,"per":22.37,"ang":185.62,"t":"ASTEROID","sp":"ASTEROID-2","s":22.04,"m":148.79,"gd":36.74,"wic":{},"woc":{},"wgc":{},"emm":[{"Type":"1","MainRange":66,"MainValue":0.13,"FarRange":141}],"sig":[{"t":"9-1","s":"","d":{"X":-0.34,"Y":0.81}},{"t":"X1","s":"","d":{"X":0.808,"Y":-0.141}}],"clr":{"R":182,"G":249,"B":223,"A":255}},"HS8-1-20":{"pid":"HS8-S","orb":1527.37,"per":25.45,"ang":211.27,"t":"ASTEROID","sp":"ASTEROID-3","s":14.02,"m":38.31,"gd":23.37,"wic":{},"woc":{},"wgc":{},"emm":[{"Type":"1","MainRange":49,"MainValue":0.01,"FarRange":183},{"Type":"14","MainRange":49,"MainValue":0.26,"FarRange":149},{"Type":"18","MainRange":55,"MainValue":0.14,"FarRange":193}],"sig":[{"t":"9-1","s":"","d":{"X":-0.16,"Y":-0.11}},{"t":"X1","s":"","d":{"X":0.239,"Y":-0.337}},{"t":"X14","s":"","d":{"X":-0.001,"Y":0.1}},{"t":"X18","s":"","d":{"X":0.702,"Y":0.416}}],"clr":{"R":179,"G":238,"B":169,"A":255}},"HS8-1-21":{"pid":"HS8-S","orb":1498.82,"per":24.98,"ang":146.74,"t":"ASTEROID","sp":"ASTEROID-4","s":23.59,"m":182.45,"gd":39.32,"wic":{},"woc":{},"wgc":{},"emm":[{"Type":"1","MainRange":78,"MainValue":0.1,"FarRange":205}],"sig":[{"t":"9-1","s":"","d":{"X":-0.45,"Y":-0.75}},{"t":"X1","s":"","d":{"X":0.882,"Y":0.036}}],"clr":{"R":248,"G":254,"B":247,"A":255}},"HS8-1-22":{"pid":"HS8-S","orb":1449.66,"per":24.16,"ang":101.2,"t":"ASTEROID","sp":"ASTEROID-3","s":26.92,"m":271.15,"gd":44.87,"wic":{},"woc":{},"wgc":{},"emm":[{"Type":"1","MainRange":68,"MainValue":0.18,"FarRange":145}],"sig":[{"t":"9-1","s":"","d":{"X":-0.64,"Y":-0.53}},{"t":"X1","s":"","d":{"X":-0.442,"Y":-0.337}}],"clr":{"R":244,"G":249,"B":233,"A":255}},"HS8-1-23":{"pid":"HS8-S","orb":1839.13,"per":30.65,"ang":168.85,"t":"ASTEROID","sp":"ASTEROID-3","s":14.64,"m":43.63,"gd":24.41,"wic":{},"woc":{},"wgc":{},"emm":[{"Type":"1","MainRange":81,"MainValue":0.2,"FarRange":150},{"Type":"6","MainRange":32,"MainValue":0.21,"FarRange":120},{"Type":"27","MainRange":66,"MainValue":0.15,"FarRange":147},{"Type":"14","MainRange":63,"MainValue":0.21,"FarRange":222}],"sig":[{"t":"9-1","s":"","d":{"X":-0.66,"Y":0.56}},{"t":"X1","s":"","d":{"X":0.114,"Y":-0.366}},{"t":"X6","s":"","d":{"X":0.084,"Y":0.622}},{"t":"X27","s":"","d":{"X":0.358,"Y":0.247}},{"t":"X14","s":"","d":{"X":0.249,"Y":0.347}}],"clr":{"R":220,"G":247,"B":226,"A":255}},"HS8-1-24":{"pid":"HS8-S","orb":1922.75,"per":32.04,"ang":335.97,"t":"ASTEROID","sp":"ASTEROID-1","s":17.33,"m":72.32,"gd":28.88,"wic":{},"woc":{},"wgc":{},"emm":[{"Type":"1","MainRange":57,"MainValue":0.29,"FarRange":200}],"sig":[{"t":"9-1","s":"","d":{"X":0.29,"Y":0.44}},{"t":"X1","s":"","d":{"X":-0.735,"Y":0.646}}],"clr":{"R":231,"G":209,"B":251,"A":255}},"HS8-1-25":{"pid":"HS8-S","orb":1385.37,"per":23.08,"ang":192.9,"t":"ASTEROID","sp":"ASTEROID-2","s":32.25,"m":465.99,"gd":53.75,"wic":{},"woc":{},"wgc":{},"emm":[{"Type":"1","MainRange":45,"MainValue":0.13,"FarRange":171}],"sig":[{"t":"9-1","s":"","d":{"X":-0.91,"Y":0.06}},{"t":"X1","s":"","d":{"X":-0.058,"Y":0.686}}],"clr":{"R":202,"G":250,"B":220,"A":255}},"HS8-1-26":{"pid":"HS8-S","orb":1392.72,"per":23.21,"ang":100.59,"t":"ASTEROID","sp":"ASTEROID-5","s":18.28,"m":84.84,"gd":30.46,"wic":{},"woc":{},"wgc":{},"emm":[{"Type":"1","MainRange":68,"MainValue":0.14,"FarRange":171}],"sig":[{"t":"9-1","s":"","d":{"X":-0.32,"Y":-0.16}},{"t":"X1","s":"","d":{"X":0.219,"Y":0.103}}],"clr":{"R":243,"G":190,"B":229,"A":255}},"HS8-1-27":{"pid":"HS8-S","orb":1255.16,"per":20.91,"ang":99.33,"t":"ASTEROID","sp":"ASTEROID-3","s":17.39,"m":73.1,"gd":28.99,"wic":{},"woc":{},"wgc":{},"emm":[{"Type":"1","MainRange":77,"MainValue":0.13,"FarRange":149}],"sig":[{"t":"9-1","s":"","d":{"X":-0.31,"Y":0.93}},{"t":"X1","s":"","d":{"X":0.225,"Y":0.799}}],"clr":{"R":231,"G":252,"B":221,"A":255}},"HS8-1-28":{"pid":"HS8-S","orb":1429.74,"per":23.82,"ang":3.84,"t":"ASTEROID","sp":"ASTEROID-4","s":18.66,"m":90.25,"gd":31.1,"wic":{},"woc":{},"wgc":{},"emm":[{"Type":"1","MainRange":55,"MainValue":0.08,"FarRange":186},{"Type":"17","MainRange":34.2,"MainValue":0.2,"FarRange":38}],"sig":[{"t":"9-1","s":"","d":{"X":0.8,"Y":-0.54}},{"t":"X1","s":"","d":{"X":-0.173,"Y":0.847}},{"t":"X17","s":"","d":{"X":-0.5,"Y":-0.212}}],"clr":{"R":194,"G":199,"B":238,"A":255}},"HS8-1-29":{"pid":"HS8-S","orb":1676.96,"per":27.94,"ang":182.61,"t":"ASTEROID","sp":"ASTEROID-3","s":18.66,"m":90.37,"gd":31.11,"wic":{},"woc":{},"wgc":{},"emm":[{"Type":"1","MainRange":18,"MainValue":0.07,"FarRange":177}],"sig":[{"t":"9-1","s":"","d":{"X":-0.64,"Y":0.69}},{"t":"X1","s":"","d":{"X":-0.37,"Y":-0.841}}],"clr":{"R":254,"G":252,"B":245,"A":255}},"HS8-1-3":{"pid":"HS8-S","orb":1352.97,"per":22.54,"ang":300.46,"t":"ASTEROID","sp":"ASTEROID-5","s":22.97,"m":168.53,"gd":38.29,"wic":{},"woc":{},"wgc":{},"emm":[{"Type":"1","MainRange":72,"MainValue":0.17,"FarRange":101}],"sig":[{"t":"9-1","s":"","d":{"X":0.36,"Y":-0.84}},{"t":"X1","s":"","d":{"X":0.978,"Y":-0.1}}],"clr":{"R":254,"G":230,"B":159,"A":255}},"HS8-1-30":{"pid":"HS8-S","orb":1410.7,"per":23.51,"ang":14.65,"t":"ASTEROID","sp":"ASTEROID-4","s":21.39,"m":135.97,"gd":35.65,"wic":{},"woc":{},"wgc":{},"emm":[{"Type":"1","MainRange":8,"MainValue":0.2,"FarRange":142}],"sig":[{"t":"9-1","s":"","d":{"X":-0.47,"Y":-0.1}},{"t":"X1","s":"","d":{"X":0.714,"Y":-0.58}}],"clr":{"R":194,"G":192,"B":254,"A":255}},"HS8-1-31":{"pid":"HS8-S","orb":1644.12,"per":27.4,"ang":192.77,"t":"ASTEROID","sp":"ASTEROID-2","s":21.66,"m":141.21,"gd":36.1,"wic":{},"woc":{},"wgc":{},"emm":[{"Type":"1","MainRange":25,"MainValue":0.19,"FarRange":132}],"sig":[{"t":"9-1","s":"","d":{"X":-0.82,"Y":0.23}},{"t":"X1","s":"","d":{"X":-0.626,"Y":-0.324}}],"clr":{"R":232,"G":219,"B":183,"A":255}},"HS8-1-32":{"pid":"HS8-S","orb":1436.35,"per":23.93,"ang":65.17,"t":"ASTEROID","sp":"ASTEROID-4","s":19.58,"m":104.32,"gd":32.64,"wic":{},"woc":{},"wgc":{},"emm":[{"Type":"1","MainRange":45,"MainValue":0.21,"FarRange":146}],"sig":[{"t":"9-1","s":"","d":{"X":-0.18,"Y":0.6}},{"t":"X1","s":"","d":{"X":-0.548,"Y":-0.17}}],"clr":{"R":254,"G":245,"B":247,"A":255}},"HS8-1-33":{"pid":"HS8-S","orb":1711.43,"per":28.52,"ang":59.44,"t":"ASTEROID","sp":"ASTEROID-1","s":29.23,"m":347.1,"gd":48.72,"wic":{},"woc":{},"wgc":{},"emm":[{"Type":"1","MainRange":56,"MainValue":0.11,"FarRange":141}],"sig":[{"t":"9-1","s":"","d":{"X":-0.65,"Y":-0.67}},{"t":"X1","s":"","d":{"X":-0.133,"Y":0.566}}],"clr":{"R":225,"G":249,"B":230,"A":255}},"HS8-1-34":{"pid":"HS8-S","orb":1435,"per":23.91,"ang":150.6,"t":"ASTEROID","sp":"ASTEROID-4","s":18.16,"m":83.21,"gd":30.27,"wic":{},"woc":{},"wgc":{},"emm":[{"Type":"1","MainRange":29,"MainValue":0.21,"FarRange":122}],"sig":[{"t":"9-1","s":"","d":{"X":0.05,"Y":-0.79}},{"t":"X1","s":"","d":{"X":0.365,"Y":0.047}}],"clr":{"R":244,"G":251,"B":230,"A":255}},"HS8-1-4":{"pid":"HS8-S","orb":1357.6,"per":22.62,"ang":147.15,"t":"ASTEROID","sp":"ASTEROID-1","s":19.13,"m":97.23,"gd":31.88,"wic":{},"woc":{},"wgc":{},"emm":[{"Type":"1","MainRange":54,"MainValue":0.15,"FarRange":116}],"sig":[{"t":"9-1","s":"","d":{"X":-0.22,"Y":0.29}},{"t":"X1","s":"","d":{"X":-0.023,"Y":0.453}}],"clr":{"R":230,"G":254,"B":231,"A":255}},"HS8-1-5":{"pid":"HS8-S","orb":1454.3,"per":24.23,"ang":326.76,"t":"ASTEROID","sp":"ASTEROID-1","s":19.95,"m":110.34,"gd":33.25,"wic":{},"woc":{},"wgc":{},"emm":[{"Type":"1","MainRange":70,"MainValue":0.22,"FarRange":158}],"sig":[{"t":"9-1","s":"","d":{"X":-0.78,"Y":0.43}},{"t":"X1","s":"","d":{"X":-0.598,"Y":-0.626}}],"clr":{"R":202,"G":232,"B":181,"A":255}},"HS8-1-6":{"pid":"HS8-S","orb":1634.27,"per":27.23,"ang":88.03,"t":"ASTEROID","sp":"ASTEROID-4","s":24.02,"m":192.68,"gd":40.04,"wic":{},"woc":{},"wgc":{},"emm":[{"Type":"1","MainRange":65,"MainValue":0.25,"FarRange":128}],"sig":[{"t":"9-1","s":"","d":{"X":0.09,"Y":0.91}},{"t":"X1","s":"","d":{"X":0.623,"Y":-0.711}}],"clr":{"R":193,"G":214,"B":251,"A":255}},"HS8-1-7":{"pid":"HS8-S","orb":1713.65,"per":28.56,"ang":279.06,"t":"ASTEROID","sp":"ASTEROID-2","s":20.12,"m":113.24,"gd":33.54,"wic":{},"woc":{},"wgc":{},"emm":[{"Type":"1","MainRange":54,"MainValue":0.17,"FarRange":115}],"sig":[{"t":"9-1","s":"","d":{"X":-0.45,"Y":-0.84}},{"t":"X1","s":"","d":{"X":0.048,"Y":-0.872}}],"clr":{"R":237,"G":250,"B":227,"A":255}},"HS8-1-8":{"pid":"HS8-S","orb":1442.63,"per":24.04,"ang":321.26,"t":"ASTEROID","sp":"ASTEROID-3","s":13.58,"m":34.81,"gd":22.64,"wic":{},"woc":{},"wgc":{},"emm":[{"Type":"1","MainRange":39,"MainValue":0.26,"FarRange":136}],"sig":[{"t":"9-1","s":"","d":{"X":0.17,"Y":-0.83}},{"t":"X1","s":"","d":{"X":-0.559,"Y":-0.214}}],"clr":{"R":237,"G":251,"B":199,"A":255}},"HS8-1-9":{"pid":"HS8-S","orb":1397.66,"per":23.29,"ang":326.97,"t":"ASTEROID","sp":"ASTEROID-2","s":23.43,"m":178.78,"gd":39.06,"wic":{},"woc":{},"wgc":{},"emm":[{"Type":"1","MainRange":54,"MainValue":0.29,"FarRange":131}],"sig":[{"t":"9-1","s":"","d":{"X":0.69,"Y":-0.06}},{"t":"X1","s":"","d":{"X":-0.834,"Y":0.492}}],"clr":{"R":252,"G":214,"B":197,"A":255}},"HS8-629":{"pid":"HS8-S","orb":3132.07,"per":52.2,"t":"GASPLANET","sp":"GASPLANET-47","s":50.3,"m":1237.69,"gd":83.84,"wic":{},"woc":{},"wgc":{},"sig":[{"t":"0-2","s":"","d":{"X":0.02,"Y":0.12}},{"t":"1-3","s":"","d":{"X":-0.74,"Y":0.04}},{"t":"3-1","s":"","d":{"X":0.43,"Y":0.09}},{"t":"6-2","s":"","d":{"X":0.11,"Y":-0.18}},{"t":"7-3","s":"","d":{"X":-0.18}},{"t":"8-1","s":"","d":{"X":0.16,"Y":-0.38}},{"t":"11-1","s":"","d":{"X":0.37,"Y":0.89}}],"clr":{"R":252,"G":211,"B":245,"A":255}},"HS8-629-0":{"pid":"HS8-629","orb":415.9,"per":6.93,"ang":251.11,"t":"ASTEROID","sp":"ASTEROID-3","s":26.13,"m":247.88,"gd":43.55,"wic":{},"woc":{},"wgc":{},"emm":[{"Type":"1","MainRange":62,"MainValue":0.18,"FarRange":121}],"sig":[{"t":"9-1","s":"","d":{"X":-0.3,"Y":-0.8}},{"t":"X1","s":"","d":{"X":0.35,"Y":0.877}}],"clr":{"R":227,"G":196,"B":245,"A":255}},"HS8-629-1":{"pid":"HS8-629","orb":433.41,"per":7.22,"ang":159.99,"t":"ASTEROID","sp":"ASTEROID-2","s":17.9,"m":79.76,"gd":29.84,"wic":{},"woc":{},"wgc":{},"emm":[{"Type":"1","MainRange":55,"MainValue":0.2,"FarRange":153}],"sig":[{"t":"9-1","s":"","d":{"X":-0.01,"Y":-0.85}},{"t":"X1","s":"","d":{"X":0.777,"Y":-0.243}}],"clr":{"R":242,"G":253,"B":250,"A":255}},"HS8-629-10":{"pid":"HS8-629","orb":450.05,"per":7.5,"ang":14.9,"t":"ASTEROID","sp":"ASTEROID-5","s":22.83,"m":165.34,"gd":38.05,"wic":{},"woc":{},"wgc":{},"emm":[{"Type":"1","MainRange":30,"MainValue":0.21,"FarRange":203}],"sig":[{"t":"9-1","s":"","d":{"X":0.48,"Y":0.36}},{"t":"X1","s":"","d":{"X":0.025,"Y":0.452}}],"clr":{"R":226,"G":206,"B":241,"A":255}},"HS8-629-11":{"pid":"HS8-629","orb":428.91,"per":7.14,"ang":90.95,"t":"ASTEROID","sp":"ASTEROID-3","s":18.43,"m":86.96,"gd":30.71,"wic":{},"woc":{},"wgc":{},"emm":[{"Type":"1","MainRange":61,"MainValue":0.15,"FarRange":127}],"sig":[{"t":"9-1","s":"","d":{"X":-0.14,"Y":-0.58}},{"t":"X1","s":"","d":{"X":0.674,"Y":0.436}}],"clr":{"R":253,"G":250,"B":250,"A":255}},"HS8-629-12":{"pid":"HS8-629","orb":358.36,"per":5.97,"ang":77.47,"t":"ASTEROID","sp":"ASTEROID-2","s":16.63,"m":63.89,"gd":27.71,"wic":{},"woc":{},"wgc":{},"emm":[{"Type":"1","MainRange":67,"MainValue":0.17,"FarRange":121}],"sig":[{"t":"9-1","s":"","d":{"X":0.42,"Y":0.74}},{"t":"X1","s":"","d":{"X":-0.285,"Y":0.819}}],"clr":{"R":252,"G":198,"B":203,"A":255}},"HS8-629-13":{"pid":"HS8-629","orb":477.94,"per":7.96,"ang":123.7,"t":"ASTEROID","sp":"ASTEROID-2","s":23.53,"m":181.15,"gd":39.23,"wic":{},"woc":{},"wgc":{},"emm":[{"Type":"1","MainRange":61,"MainValue":0.1,"FarRange":74}],"sig":[{"t":"9-1","s":"","d":{"X":-0.34,"Y":0.8}},{"t":"X1","s":"","d":{"X":0.521,"Y":-0.82}}],"clr":{"R":180,"G":208,"B":241,"A":255}},"HS8-629-14":{"pid":"HS8-629","orb":440.61,"per":7.34,"ang":56.49,"t":"ASTEROID","sp":"ASTEROID-1","s":15.79,"m":54.7,"gd":26.32,"wic":{},"woc":{},"wgc":{},"emm":[{"Type":"1","MainRange":52,"MainValue":0.13,"FarRange":222}],"sig":[{"t":"9-1","s":"","d":{"X":-0.94,"Y":-0.15}},{"t":"X1","s":"","d":{"X":0.504,"Y":0.172}}],"clr":{"R":245,"G":172,"B":203,"A":255}},"HS8-629-15":{"pid":"HS8-629","orb":421.35,"per":7.02,"ang":258.97,"t":"ASTEROID","sp":"ASTEROID-4","s":14.6,"m":43.26,"gd":24.34,"wic":{},"woc":{},"wgc":{},"emm":[{"Type":"1","MainRange":48,"MainValue":0.13,"FarRange":164}],"sig":[{"t":"9-1","s":"","d":{"X":0.46,"Y":0.39}},{"t":"X1","s":"","d":{"X":-0.148,"Y":0.54}}],"clr":{"R":231,"G":226,"B":247,"A":255}},"HS8-629-16":{"pid":"HS8-629","orb":380.44,"per":6.34,"ang":60.49,"t":"ASTEROID","sp":"ASTEROID-2","s":14.85,"m":45.53,"gd":24.76,"wic":{},"woc":{},"wgc":{},"emm":[{"Type":"1","MainRange":50,"MainValue":0.21,"FarRange":117},{"Type":"25","MainRange":59,"MainValue":0.23,"FarRange":139}],"sig":[{"t":"9-1","s":"","d":{"X":0.88,"Y":-0.01}},{"t":"X1","s":"","d":{"X":0.212,"Y":0.379}},{"t":"X25","s":"","d":{"X":0.882,"Y":-0.278}}],"clr":{"R":250,"G":201,"B":183,"A":255}},"HS8-629-17":{"pid":"HS8-629","orb":396.29,"per":6.6,"ang":293.41,"t":"ASTEROID","sp":"ASTEROID-5","s":14.15,"m":39.42,"gd":23.59,"wic":{},"woc":{},"wgc":{},"emm":[{"Type":"1","MainRange":57,"MainValue":0.06,"FarRange":215}],"sig":[{"t":"9-1","s":"","d":{"X":-0.6}},{"t":"X1","s":"","d":{"X":-0.384,"Y":-0.308}}],"clr":{"R":230,"G":249,"B":242,"A":255}},"HS8-629-18":{"pid":"HS8-629","orb":454.01,"per":7.56,"ang":64.95,"t":"ASTEROID","sp":"ASTEROID-5","s":18.83,"m":92.79,"gd":31.39,"wic":{},"woc":{},"wgc":{},"emm":[{"Type":"1","MainRange":53,"MainValue":0.16,"FarRange":147}],"sig":[{"t":"9-1","s":"","d":{"X":0.79,"Y":0.46}},{"t":"X1","s":"","d":{"X":0.185,"Y":-0.879}}],"clr":{"R":173,"G":250,"B":217,"A":255}},"HS8-629-19":{"pid":"HS8-629","orb":442.51,"per":7.37,"ang":330.24,"t":"ASTEROID","sp":"ASTEROID-5","s":15.56,"m":52.34,"gd":25.93,"wic":{},"woc":{},"wgc":{},"emm":[{"Type":"1","MainRange":55,"MainValue":0.23,"FarRange":159}],"sig":[{"t":"9-1","s":"","d":{"X":-0.27,"Y":-0.32}},{"t":"X1","s":"","d":{"X":-0.031,"Y":-0.54}}],"clr":{"R":243,"G":221,"B":246,"A":255}},"HS8-629-2":{"pid":"HS8-629","orb":492.48,"per":8.2,"ang":131.21,"t":"ASTEROID","sp":"ASTEROID-1","s":25.14,"m":220.92,"gd":41.91,"wic":{},"woc":{},"wgc":{},"emm":[{"Type":"1","MainRange":48,"MainValue":0.25,"FarRange":135}],"sig":[{"t":"9-1","s":"","d":{"X":0.48,"Y":-0.31}},{"t":"X1","s":"","d":{"X":-0.894,"Y":-0.27}}],"clr":{"R":252,"G":248,"B":248,"A":255}},"HS8-629-20":{"pid":"HS8-629","orb":484.42,"per":8.07,"ang":350.71,"t":"ASTEROID","sp":"ASTEROID-2","s":19.82,"m":108.14,"gd":33.03,"wic":{},"woc":{},"wgc":{},"emm":[{"Type":"1","MainRange":62,"MainValue":0.21,"FarRange":150}],"sig":[{"t":"9-1","s":"","d":{"X":0.37,"Y":-0.19}},{"t":"X1","s":"","d":{"X":0.003,"Y":-0.069}}],"clr":{"R":248,"G":219,"B":240,"A":255}},"HS8-629-21":{"pid":"HS8-629","orb":422.92,"per":7.04,"ang":201.98,"t":"ASTEROID","sp":"ASTEROID-3","s":19.87,"m":109.02,"gd":33.12,"wic":{},"woc":{},"wgc":{},"emm":[{"Type":"1","MainRange":64,"MainValue":0.13,"FarRange":169}],"sig":[{"t":"9-1","s":"","d":{"X":0.67,"Y":-0.38}},{"t":"X1","s":"","d":{"X":0.09,"Y":-0.747}}],"clr":{"R":241,"G":218,"B":250,"A":255}},"HS8-629-22":{"pid":"HS8-629","orb":476.21,"per":7.93,"ang":323.26,"t":"ASTEROID","sp":"ASTEROID-4","s":19.81,"m":107.99,"gd":33.01,"wic":{},"woc":{},"wgc":{},"emm":[{"Type":"1","MainRange":53,"MainValue":0.17,"FarRange":134}],"sig":[{"t":"9-1","s":"","d":{"X":0.11,"Y":-0.38}},{"t":"X1","s":"","d":{"X":-0.134,"Y":0.154}}],"clr":{"R":252,"G":247,"B":247,"A":255}},"HS8-629-23":{"pid":"HS8-629","orb":393.91,"per":6.56,"ang":76.95,"t":"ASTEROID","sp":"ASTEROID-4","s":25.15,"m":221.14,"gd":41.92,"wic":{},"woc":{},"wgc":{},"emm":[{"Type":"1","MainRange":61,"MainValue":0.14,"FarRange":139}],"sig":[{"t":"9-1","s":"","d":{"X":-0.65,"Y":0.56}},{"t":"X1","s":"","d":{"X":0.465,"Y":-0.557}}],"clr":{"R":192,"G":239,"B":203,"A":255}},"HS8-629-24":{"pid":"HS8-629","orb":443.73,"per":7.39,"ang":149.44,"t":"ASTEROID","sp":"ASTEROID-3","s":26.65,"m":262.98,"gd":44.42,"wic":{},"woc":{},"wgc":{},"emm":[{"Type":"1","MainRange":83,"MainValue":0.18,"FarRange":147}],"sig":[{"t":"9-1","s":"","d":{"X":0.2,"Y":-0.1}},{"t":"X1","s":"","d":{"X":-0.325,"Y":-0.258}}],"clr":{"R":254,"G":199,"B":208,"A":255}},"HS8-629-25":{"pid":"HS8-629","orb":412.67,"per":6.87,"ang":91.07,"t":"ASTEROID","sp":"ASTEROID-3","s":27.97,"m":304.13,"gd":46.62,"wic":{},"woc":{},"wgc":{},"emm":[{"Type":"1","MainRange":17,"MainValue":0.25,"FarRange":147}],"sig":[{"t":"9-1","s":"","d":{"X":-0.2,"Y":-0.19}},{"t":"X1","s":"","d":{"X":0.51,"Y":-0.147}}],"clr":{"R":237,"G":250,"B":211,"A":255}},"HS8-629-26":{"pid":"HS8-629","orb":484.46,"per":8.07,"ang":262.35,"t":"ASTEROID","sp":"ASTEROID-4","s":15.88,"m":55.71,"gd":26.48,"wic":{},"woc":{},"wgc":{},"emm":[{"Type":"1","MainRange":66,"MainValue":0.22,"FarRange":128}],"sig":[{"t":"9-1","s":"","d":{"X":-0.1,"Y":0.93}},{"t":"X1","s":"","d":{"X":-0.486,"Y":0.036}}],"clr":{"R":252,"G":254,"B":253,"A":255}},"HS8-629-27":{"pid":"HS8-629","orb":350.22,"per":5.83,"ang":247.5,"t":"ASTEROID","sp":"ASTEROID-2","s":22.23,"m":152.77,"gd":37.06,"wic":{},"woc":{},"wgc":{},"emm":[{"Type":"1","MainRange":55,"MainValue":0.06,"FarRange":111},{"Type":"3","MainRange":41,"MainValue":0.11,"FarRange":126}],"sig":[{"t":"9-1","s":"","d":{"X":-0.51,"Y":0.63}},{"t":"X1","s":"","d":{"X":0.118,"Y":-0.348}},{"t":"X3","s":"","d":{"X":-0.052,"Y":-0.912}}],"clr":{"R":232,"G":239,"B":250,"A":255}},"HS8-629-28":{"pid":"HS8-629","orb":561.2,"per":9.35,"ang":182.45,"t":"ASTEROID","sp":"ASTEROID-1","s":28.5,"m":321.66,"gd":47.5,"wic":{},"woc":{},"wgc":{},"emm":[{"Type":"1","MainRange":49,"MainValue":0.25,"FarRange":187}],"sig":[{"t":"9-1","s":"","d":{"X":-0.42,"Y":0.04}},{"t":"X1","s":"","d":{"X":0.664,"Y":0.389}}],"clr":{"R":237,"G":253,"B":251,"A":255}},"HS8-629-29":{"pid":"HS8-629","orb":460.15,"per":7.66,"ang":55.1,"t":"ASTEROID","sp":"ASTEROID-1","s":17.77,"m":77.97,"gd":29.62,"wic":{},"woc":{},"wgc":{},"emm":[{"Type":"1","MainRange":50,"MainValue":0.21,"FarRange":131}],"sig":[{"t":"9-1","s":"","d":{"X":-0.29,"Y":0.79}},{"t":"X1","s":"","d":{"X":0.148,"Y":0.334}}],"clr":{"R":183,"G":213,"B":252,"A":255}},"HS8-629-3":{"pid":"HS8-629","orb":426.53,"per":7.1,"ang":47.81,"t":"ASTEROID","sp":"ASTEROID-2","s":22.09,"m":149.86,"gd":36.82,"wic":{},"woc":{},"wgc":{},"emm":[{"Type":"1","MainRange":40,"MainValue":0.21,"FarRange":134}],"sig":[{"t":"9-1","s":"","d":{"X":0.49,"Y":0.03}},{"t":"X1","s":"","d":{"X":-0.207,"Y":0.192}}],"clr":{"R":200,"G":245,"B":225,"A":255}},"HS8-629-4":{"pid":"HS8-629","orb":421.82,"per":7.03,"ang":345.67,"t":"ASTEROID","sp":"ASTEROID-3","s":7.09,"m":4.96,"gd":11.82,"wic":{},"woc":{},"wgc":{},"emm":[{"Type":"1","MainRange":75,"MainValue":0.16,"FarRange":252}],"sig":[{"t":"9-1","s":"","d":{"X":-0.34,"Y":-0.37}},{"t":"X1","s":"","d":{"X":0.354,"Y":0.705}}],"clr":{"R":237,"G":187,"B":214,"A":255}},"HS8-629-5":{"pid":"HS8-629","orb":476.33,"per":7.93,"ang":181.24,"t":"ASTEROID","sp":"ASTEROID-4","s":18.64,"m":90.03,"gd":31.07,"wic":{},"woc":{},"wgc":{},"emm":[{"Type":"1","MainRange":59,"MainValue":0.15,"FarRange":205}],"sig":[{"t":"9-1","s":"","d":{"X":-0.29,"Y":-0.41}},{"t":"X1","s":"","d":{"X":0.899,"Y":0.154}}],"clr":{"R":249,"G":192,"B":195,"A":255}},"HS8-629-6":{"pid":"HS8-629","orb":453.35,"per":7.55,"ang":182.69,"t":"ASTEROID","sp":"ASTEROID-5","s":16.04,"m":57.36,"gd":26.74,"wic":{},"woc":{},"wgc":{},"emm":[{"Type":"1","MainRange":62,"MainValue":0.23,"FarRange":106},{"Type":"20","MainRange":57,"MainValue":0.22,"FarRange":207}],"sig":[{"t":"9-1","s":"","d":{"X":0.02,"Y":0.47}},{"t":"X1","s":"","d":{"X":0.658,"Y":-0.219}},{"t":"X20","s":"","d":{"X":0.285,"Y":-0.453}}],"clr":{"R":253,"G":245,"B":239,"A":255}},"HS8-629-7":{"pid":"HS8-629","orb":440.76,"per":7.34,"ang":164.81,"t":"ASTEROID","sp":"ASTEROID-4","s":20.31,"m":116.4,"gd":33.85,"wic":{},"woc":{},"wgc":{},"emm":[{"Type":"1","MainRange":46,"MainValue":0.14,"FarRange":114}],"sig":[{"t":"9-1","s":"","d":{"X":-0.42,"Y":-0.6}},{"t":"X1","s":"","d":{"X":0.373,"Y":-0.161}}],"clr":{"R":203,"G":253,"B":234,"A":255}},"HS8-629-8":{"pid":"HS8-629","orb":388.93,"per":6.48,"ang":178.27,"t":"ASTEROID","sp":"ASTEROID-5","s":13.25,"m":32.33,"gd":22.08,"wic":{},"woc":{},"wgc":{},"emm":[{"Type":"1","MainRange":37,"MainValue":0.13,"FarRange":64}],"sig":[{"t":"9-1","s":"","d":{"X":0.59,"Y":0.2}},{"t":"X1","s":"","d":{"X":-0.507,"Y":-0.092}}],"clr":{"R":191,"G":249,"B":169,"A":255}},"HS8-629-9":{"pid":"HS8-629","orb":322.98,"per":5.38,"ang":246.43,"t":"ASTEROID","sp":"ASTEROID-4","s":30.43,"m":391.47,"gd":50.72,"wic":{},"woc":{},"wgc":{},"emm":[{"Type":"1","MainRange":45,"MainValue":0.24,"FarRange":153}],"sig":[{"t":"9-1","s":"","d":{"X":-0.31,"Y":-0.82}},{"t":"X1","s":"","d":{"X":0.494,"Y":-0.766}}],"clr":{"R":206,"G":251,"B":224,"A":255}},"HS8-860":{"pid":"HS8-S","orb":1043.83,"per":17.39,"t":"GASPLANET","sp":"GASPLANET-42","s":131.06,"m":21891,"gd":218.44,"wic":{},"woc":{},"wgc":{},"emm":[{"Type":"18","MainRange":498,"MainValue":2.06,"FarRange":1477},{"Type":"2","MainRange":691,"MainValue":1.57,"FarRange":1465}],"sig":[{"t":"0-2","s":"","d":{"X":-0.33,"Y":-0.53}},{"t":"1-3","s":"","d":{"X":0.33,"Y":0.68}},{"t":"3-1","s":"","d":{"X":0.28,"Y":0.1}},{"t":"6-2","s":"","d":{"X":0.44,"Y":0.53}},{"t":"7-2","s":"","d":{"X":0.82,"Y":-0.33}},{"t":"7-3","s":"","d":{"X":0.39,"Y":0.27}},{"t":"8-1","s":"","d":{"X":0.02,"Y":0.69}},{"t":"10-1","s":"","d":{"X":-0.7,"Y":0.11}},{"t":"11-1","s":"","d":{"X":0.42,"Y":-0.66}},{"t":"X18","s":"","d":{"X":0.721,"Y":-0.487}},{"t":"X2","s":"","d":{"X":0.013,"Y":0.496}}],"clr":{"R":198,"G":249,"B":233,"A":255}},"HS8-S":{"t":"STAR","sp":"STAR-8","s":298.04,"m":1470810.53,"gd":993.47,"wic":{},"woc":{},"wgc":{},"emm":[{"Type":"2","MainRange":986,"MainValue":6.49,"FarRange":2404},{"Type":"11","MainRange":433,"MainValue":4.12,"FarRange":3386}],"sig":[{"t":"X2","s":"","d":{"X":0.419,"Y":-0.499}},{"t":"X11","s":"","d":{"X":-0.148,"Y":0.652}}],"clr":{"R":162,"G":241,"B":247,"A":255}}}}