{"SpawnDistance":19702.672000000002,"Points":{"KY4-0-0":{"pid":"KY4-sv","orb":6781.9,"per":31.6,"ang":94.11,"t":"ASTEROID","sp":"ASTEROID-4","s":24.69,"m":209.29,"gd":41.16,"wic":{},"woc":{},"wgc":{},"emm":[{"Type":"1","MainRange":33,"MainValue":0.24,"FarRange":204}],"sig":[{"t":"9-2","s":"","d":{"X":0.85,"Y":-0.15}},{"t":"X1","s":"","d":{"X":0.758,"Y":-0.406}}],"clr":{"R":239,"G":252,"B":244,"A":255}},"KY4-0-1":{"pid":"KY4-sv","orb":7289.96,"per":33.97,"ang":23.81,"t":"ASTEROID","sp":"ASTEROID-5","s":16.49,"m":62.29,"gd":27.48,"wic":{},"woc":{},"wgc":{},"emm":[{"Type":"1","MainRange":72,"MainValue":0.16,"FarRange":161}],"sig":[{"t":"9-2","s":"","d":{"X":-0.54,"Y":-0.42}},{"t":"X1","s":"","d":{"X":0.385,"Y":-0.286}}],"clr":{"R":253,"G":246,"B":246,"A":255}},"KY4-0-10":{"pid":"KY4-sv","orb":7925.8,"per":36.93,"ang":93.95,"t":"ASTEROID","sp":"ASTEROID-3","s":19.7,"m":106.22,"gd":32.83,"wic":{},"woc":{},"wgc":{},"emm":[{"Type":"1","MainRange":79,"MainValue":0.15,"FarRange":183}],"sig":[{"t":"9-2","s":"","d":{"X":-0.73,"Y":0.45}},{"t":"X1","s":"","d":{"X":0.018,"Y":-0.729}}],"clr":{"R":252,"G":254,"B":254,"A":255}},"KY4-0-11":{"pid":"KY4-sv","orb":6465.84,"per":30.13,"ang":321.76,"t":"ASTEROID","sp":"ASTEROID-5","s":15.56,"m":52.41,"gd":25.94,"wic":{},"woc":{},"wgc":{},"emm":[{"Type":"1","MainRange":19,"MainValue":0.34,"FarRange":113}],"sig":[{"t":"9-2","s":"","d":{"X":0.31,"Y":-0.68}},{"t":"X1","s":"","d":{"X":0.564,"Y":-0.295}}],"clr":{"R":251,"G":244,"B":240,"A":255}},"KY4-0-12":{"pid":"KY4-sv","orb":8121.73,"per":37.85,"ang":171.97,"t":"ASTEROID","sp":"ASTEROID-3","s":13.39,"m":33.39,"gd":22.32,"wic":{},"woc":{},"wgc":{},"emm":[{"Type":"1","MainRange":28,"MainValue":0.17,"FarRange":102}],"sig":[{"t":"9-2","s":"","d":{"X":0.76,"Y":0.61}},{"t":"X1","s":"","d":{"X":-0.515,"Y":-0.555}}],"clr":{"R":210,"G":253,"B":167,"A":255}},"KY4-0-13":{"pid":"KY4-sv","orb":6149.76,"per":28.66,"ang":68.15,"t":"ASTEROID","sp":"ASTEROID-3","s":22.88,"m":166.36,"gd":38.13,"wic":{},"woc":{},"wgc":{},"emm":[{"Type":"1","MainRange":84,"MainValue":0.17,"FarRange":130}],"sig":[{"t":"9-2","s":"","d":{"X":0.74,"Y":0.33}},{"t":"X1","s":"","d":{"X":0.19,"Y":-0.948}}],"clr":{"R":251,"G":221,"B":246,"A":255}},"KY4-0-14":{"pid":"KY4-sv","orb":6375.34,"per":29.71,"ang":187.06,"t":"ASTEROID","sp":"ASTEROID-4","s":18.64,"m":90.01,"gd":31.07,"wic":{},"woc":{},"wgc":{},"emm":[{"Type":"1","MainRange":72,"MainValue":0.18,"FarRange":157}],"sig":[{"t":"9-2","s":"","d":{"X":-0.13,"Y":-0.02}},{"t":"X1","s":"","d":{"X":0.898,"Y":0.257}}],"clr":{"R":254,"G":161,"B":171,"A":255}},"KY4-0-15":{"pid":"KY4-sv","orb":7285.83,"per":33.95,"ang":50.14,"t":"ASTEROID","sp":"ASTEROID-5","s":19.48,"m":102.69,"gd":32.46,"wic":{},"woc":{},"wgc":{},"emm":[{"Type":"1","MainRange":70,"MainValue":0.19,"FarRange":153}],"sig":[{"t":"9-2","s":"","d":{"X":-0.46,"Y":0.08}},{"t":"X1","s":"","d":{"X":0.987,"Y":0.099}}],"clr":{"R":187,"G":250,"B":200,"A":255}},"KY4-0-16":{"pid":"KY4-sv","orb":7915.45,"per":36.88,"ang":313.6,"t":"ASTEROID","sp":"ASTEROID-5","s":21.28,"m":134,"gd":35.48,"wic":{},"woc":{},"wgc":{},"emm":[{"Type":"1","MainRange":59,"MainValue":0.19,"FarRange":111}],"sig":[{"t":"9-2","s":"","d":{"X":-0.3,"Y":0.38}},{"t":"X1","s":"","d":{"X":-0.427,"Y":-0.708}}],"clr":{"R":246,"G":233,"B":216,"A":255}},"KY4-0-17":{"pid":"KY4-sv","orb":6635.05,"per":30.92,"ang":294.89,"t":"ASTEROID","sp":"ASTEROID-3","s":19.74,"m":106.92,"gd":32.9,"wic":{},"woc":{},"wgc":{},"emm":[{"Type":"1","MainRange":93,"MainValue":0.12,"FarRange":166}],"sig":[{"t":"9-2","s":"","d":{"X":0.26,"Y":-0.76}},{"t":"X1","s":"","d":{"X":-0.175,"Y":-0.391}}],"clr":{"R":246,"G":239,"B":253,"A":255}},"KY4-0-18":{"pid":"KY4-sv","orb":7805.26,"per":36.37,"ang":275.28,"t":"ASTEROID","sp":"ASTEROID-4","s":18.03,"m":81.45,"gd":30.05,"wic":{},"woc":{},"wgc":{},"emm":[{"Type":"1","MainRange":54,"MainValue":0.18,"FarRange":187}],"sig":[{"t":"9-2","s":"","d":{"X":-0.54,"Y":0.03}},{"t":"X1","s":"","d":{"X":0.053,"Y":-0.411}}],"clr":{"R":243,"G":204,"B":232,"A":255}},"KY4-0-19":{"pid":"KY4-sv","orb":6126.87,"per":28.55,"ang":283.86,"t":"ASTEROID","sp":"ASTEROID-5","s":17.48,"m":74.22,"gd":29.13,"wic":{},"woc":{},"wgc":{},"emm":[{"Type":"1","MainRange":54,"MainValue":0.23,"FarRange":173}],"sig":[{"t":"9-2","s":"","d":{"X":-0.84,"Y":-0.19}},{"t":"X1","s":"","d":{"X":0.115,"Y":-0.035}}],"clr":{"R":211,"G":253,"B":213,"A":255}},"KY4-0-2":{"pid":"KY4-sv","orb":7189.94,"per":33.5,"ang":25.36,"t":"ASTEROID","sp":"ASTEROID-3","s":16.38,"m":61.1,"gd":27.3,"wic":{},"woc":{},"wgc":{},"emm":[{"Type":"1","MainRange":43,"MainValue":0.21,"FarRange":155}],"sig":[{"t":"9-2","s":"","d":{"X":-0.6,"Y":-0.44}},{"t":"X1","s":"","d":{"X":0.128,"Y":0.095}}],"clr":{"R":157,"G":185,"B":250,"A":255}},"KY4-0-20":{"pid":"KY4-sv","orb":6883.69,"per":32.08,"ang":49.84,"t":"ASTEROID","sp":"ASTEROID-2","s":19.36,"m":100.82,"gd":32.27,"wic":{},"woc":{},"wgc":{},"emm":[{"Type":"1","MainRange":52,"MainValue":0.19,"FarRange":146}],"sig":[{"t":"9-2","s":"","d":{"X":-0.59,"Y":0.06}},{"t":"X1","s":"","d":{"X":-0.552,"Y":-0.713}}],"clr":{"R":254,"G":219,"B":240,"A":255}},"KY4-0-21":{"pid":"KY4-sv","orb":7565.21,"per":35.25,"ang":84.36,"t":"ASTEROID","sp":"ASTEROID-4","s":19.74,"m":106.88,"gd":32.9,"wic":{},"woc":{},"wgc":{},"emm":[{"Type":"1","MainRange":69,"MainValue":0.27,"FarRange":181},{"Type":"10","MainRange":37,"MainValue":0.1,"FarRange":139}],"sig":[{"t":"9-2","s":"","d":{"X":-0.32,"Y":-0.7}},{"t":"X1","s":"","d":{"X":-0.022,"Y":0.792}},{"t":"X10","s":"","d":{"X":0.327,"Y":-0.356}}],"clr":{"R":247,"G":231,"B":248,"A":255}},"KY4-0-22":{"pid":"KY4-sv","orb":7602.12,"per":35.42,"ang":11.21,"t":"ASTEROID","sp":"ASTEROID-2","s":21.02,"m":129.02,"gd":35.03,"wic":{},"woc":{},"wgc":{},"emm":[{"Type":"1","MainRange":57,"MainValue":0.19,"FarRange":111},{"Type":"20","MainRange":47,"MainValue":0.22,"FarRange":86}],"sig":[{"t":"9-2","s":"","d":{"X":0.16,"Y":0.02}},{"t":"X1","s":"","d":{"X":-0.197,"Y":0.049}},{"t":"X20","s":"","d":{"X":-0.031,"Y":0.674}}],"clr":{"R":249,"G":206,"B":252,"A":255}},"KY4-0-23":{"pid":"KY4-sv","orb":6336.27,"per":29.52,"ang":45.92,"t":"ASTEROID","sp":"ASTEROID-4","s":20.64,"m":122.28,"gd":34.41,"wic":{},"woc":{},"wgc":{},"emm":[{"Type":"1","MainRange":46,"MainValue":0.34,"FarRange":85}],"sig":[{"t":"9-2","s":"","d":{"X":0.36,"Y":0.57}},{"t":"X1","s":"","d":{"X":0.7,"Y":0.29}}],"clr":{"R":253,"G":249,"B":254,"A":255}},"KY4-0-24":{"pid":"KY4-sv","orb":6249.93,"per":29.12,"ang":15.89,"t":"ASTEROID","sp":"ASTEROID-1","s":12.6,"m":27.81,"gd":21,"wic":{},"woc":{},"wgc":{},"emm":[{"Type":"1","MainRange":37,"MainValue":0.18,"FarRange":217}],"sig":[{"t":"9-2","s":"","d":{"X":-0.54,"Y":-0.45}},{"t":"X1","s":"","d":{"X":-0.593,"Y":-0.423}}],"clr":{"R":248,"G":234,"B":248,"A":255}},"KY4-0-25":{"pid":"KY4-sv","orb":6216.28,"per":28.97,"ang":179.73,"t":"ASTEROID","sp":"ASTEROID-3","s":10.12,"m":14.41,"gd":16.87,"wic":{},"woc":{},"wgc":{},"emm":[{"Type":"1","MainRange":39,"MainValue":0.16,"FarRange":72}],"sig":[{"t":"9-2","s":"","d":{"X":0.11,"Y":-0.46}},{"t":"X1","s":"","d":{"X":-0.384,"Y":0.635}}],"clr":{"R":254,"G":254,"B":254,"A":255}},"KY4-0-26":{"pid":"KY4-sv","orb":7471.85,"per":34.82,"ang":99.59,"t":"ASTEROID","sp":"ASTEROID-2","s":28.11,"m":308.5,"gd":46.85,"wic":{},"woc":{},"wgc":{},"emm":[{"Type":"1","MainRange":52,"MainValue":0.18,"FarRange":126},{"Type":"2","MainRange":47,"MainValue":0.01,"FarRange":134},{"Type":"10","MainRange":57,"MainValue":0.3,"FarRange":149},{"Type":"25","MainRange":57,"MainValue":0.2,"FarRange":200}],"sig":[{"t":"9-2","s":"","d":{"X":0.19,"Y":-0.91}},{"t":"X1","s":"","d":{"X":-0.893,"Y":0.209}},{"t":"X2","s":"","d":{"X":0.664,"Y":-0.408}},{"t":"X10","s":"","d":{"X":0.647,"Y":0.711}},{"t":"X25","s":"","d":{"X":-0.55,"Y":-0.718}}],"clr":{"R":236,"G":251,"B":240,"A":255}},"KY4-0-27":{"pid":"KY4-sv","orb":7044.78,"per":32.83,"ang":123.06,"t":"ASTEROID","sp":"ASTEROID-3","s":17.9,"m":79.73,"gd":29.84,"wic":{},"woc":{},"wgc":{},"emm":[{"Type":"1","MainRange":38,"MainValue":0.16,"FarRange":125}],"sig":[{"t":"9-2","s":"","d":{"X":0.78,"Y":0.38}},{"t":"X1","s":"","d":{"X":-0.702,"Y":0.21}}],"clr":{"R":253,"G":234,"B":247,"A":255}},"KY4-0-28":{"pid":"KY4-sv","orb":6417.67,"per":29.9,"ang":240.74,"t":"ASTEROID","sp":"ASTEROID-4","s":28.42,"m":319.07,"gd":47.37,"wic":{},"woc":{},"wgc":{},"emm":[{"Type":"1","MainRange":65,"MainValue":0.14,"FarRange":201}],"sig":[{"t":"9-2","s":"","d":{"X":-0.98,"Y":-0.2}},{"t":"X1","s":"","d":{"X":0.188,"Y":-0.622}}],"clr":{"R":236,"G":254,"B":228,"A":255}},"KY4-0-29":{"pid":"KY4-sv","orb":7075.55,"per":32.97,"ang":268.29,"t":"ASTEROID","sp":"ASTEROID-1","s":24.43,"m":202.54,"gd":40.71,"wic":{},"woc":{},"wgc":{},"emm":[{"Type":"1","MainRange":63,"MainValue":0.18,"FarRange":163}],"sig":[{"t":"9-2","s":"","d":{"X":0.47,"Y":0.54}},{"t":"X1","s":"","d":{"X":0.385,"Y":-0.518}}],"clr":{"R":165,"G":234,"B":254,"A":255}},"KY4-0-3":{"pid":"KY4-sv","orb":7410.54,"per":34.53,"ang":75.86,"t":"ASTEROID","sp":"ASTEROID-3","s":17.06,"m":68.98,"gd":28.43,"wic":{},"woc":{},"wgc":{},"emm":[{"Type":"1","MainRange":66,"MainValue":0.26,"FarRange":170}],"sig":[{"t":"9-2","s":"","d":{"X":-0.72,"Y":-0.57}},{"t":"X1","s":"","d":{"X":-0.186,"Y":-0.117}}],"clr":{"R":247,"G":200,"B":244,"A":255}},"KY4-0-30":{"pid":"KY4-sv","orb":6994.41,"per":32.59,"ang":9.92,"t":"ASTEROID","sp":"ASTEROID-5","s":26.5,"m":258.6,"gd":44.17,"wic":{},"woc":{},"wgc":{},"emm":[{"Type":"1","MainRange":39,"MainValue":0.17,"FarRange":196}],"sig":[{"t":"9-2","s":"","d":{"X":0.06,"Y":0.75}},{"t":"X1","s":"","d":{"X":-0.139,"Y":-0.776}}],"clr":{"R":182,"G":248,"B":254,"A":255}},"KY4-0-31":{"pid":"KY4-sv","orb":5906.77,"per":27.52,"ang":235.68,"t":"ASTEROID","sp":"ASTEROID-5","s":15.45,"m":51.25,"gd":25.75,"wic":{},"woc":{},"wgc":{},"emm":[{"Type":"1","MainRange":53,"MainValue":0.11,"FarRange":108},{"Type":"6","MainRange":71,"MainValue":0.21,"FarRange":179}],"sig":[{"t":"9-2","s":"","d":{"X":0.71,"Y":0.39}},{"t":"X1","s":"","d":{"X":-0.307,"Y":0.432}},{"t":"X6","s":"","d":{"X":0.118,"Y":-0.083}}],"clr":{"R":235,"G":211,"B":191,"A":255}},"KY4-0-32":{"pid":"KY4-sv","orb":8495.87,"per":39.59,"ang":104.97,"t":"ASTEROID","sp":"ASTEROID-1","s":14.65,"m":43.74,"gd":24.43,"wic":{},"woc":{},"wgc":{},"emm":[{"Type":"1","MainRange":63,"MainValue":0.21,"FarRange":184}],"sig":[{"t":"9-2","s":"","d":{"X":-0.97,"Y":-0.04}},{"t":"X1","s":"","d":{"X":0.045,"Y":-0.254}}],"clr":{"R":250,"G":252,"B":239,"A":255}},"KY4-0-33":{"pid":"KY4-sv","orb":7679.21,"per":35.78,"ang":26.36,"t":"ASTEROID","sp":"ASTEROID-1","s":14.71,"m":44.25,"gd":24.52,"wic":{},"woc":{},"wgc":{},"emm":[{"Type":"1","MainRange":56,"MainValue":0.1,"FarRange":124}],"sig":[{"t":"9-2","s":"","d":{"X":-0.4,"Y":-0.5}},{"t":"X1","s":"","d":{"X":-0.237,"Y":0.146}}],"clr":{"R":176,"G":177,"B":238,"A":255}},"KY4-0-34":{"pid":"KY4-sv","orb":6227.83,"per":29.02,"ang":221.27,"t":"ASTEROID","sp":"ASTEROID-2","s":25.55,"m":231.72,"gd":42.58,"wic":{},"woc":{},"wgc":{},"emm":[{"Type":"1","MainRange":80,"MainValue":0.14,"FarRange":137}],"sig":[{"t":"9-2","s":"","d":{"X":0.46,"Y":-0.81}},{"t":"X1","s":"","d":{"X":0.965,"Y":-0.233}}],"clr":{"R":253,"G":212,"B":157,"A":255}},"KY4-0-35":{"pid":"KY4-sv","orb":7385.94,"per":34.42,"ang":290.89,"t":"ASTEROID","sp":"ASTEROID-4","s":20.01,"m":111.39,"gd":33.36,"wic":{},"woc":{},"wgc":{},"emm":[{"Type":"1","MainRange":61,"MainValue":0.31,"FarRange":77}],"sig":[{"t":"9-2","s":"","d":{"X":0.01,"Y":0.42}},{"t":"X1","s":"","d":{"X":0.49,"Y":-0.797}}],"clr":{"R":248,"G":253,"B":237,"A":255}},"KY4-0-36":{"pid":"KY4-sv","orb":6281.47,"per":29.27,"ang":260.83,"t":"ASTEROID","sp":"ASTEROID-5","s":17.9,"m":79.74,"gd":29.84,"wic":{},"woc":{},"wgc":{},"emm":[{"Type":"1","MainRange":35,"MainValue":0.18,"FarRange":171}],"sig":[{"t":"9-2","s":"","d":{"X":0.95,"Y":-0.05}},{"t":"X1","s":"","d":{"X":0.474,"Y":-0.141}}],"clr":{"R":244,"G":254,"B":205,"A":255}},"KY4-0-37":{"pid":"KY4-sv","orb":6473.48,"per":30.16,"ang":337.39,"t":"ASTEROID","sp":"ASTEROID-1","s":21.04,"m":129.46,"gd":35.07,"wic":{},"woc":{},"wgc":{},"emm":[{"Type":"1","MainRange":39,"MainValue":0.28,"FarRange":159}],"sig":[{"t":"9-2","s":"","d":{"X":0.14,"Y":-0.45}},{"t":"X1","s":"","d":{"X":-0.363,"Y":0.599}}],"clr":{"R":227,"G":241,"B":199,"A":255}},"KY4-0-38":{"pid":"KY4-sv","orb":7960.96,"per":37.1,"ang":349.87,"t":"ASTEROID","sp":"ASTEROID-5","s":6.98,"m":4.73,"gd":11.64,"wic":{},"woc":{},"wgc":{},"emm":[{"Type":"1","MainRange":32,"MainValue":0.3,"FarRange":59}],"sig":[{"t":"9-2","s":"","d":{"X":0.43,"Y":-0.43}},{"t":"X1","s":"","d":{"X":0.771,"Y":0.319}}],"clr":{"R":183,"G":210,"B":252,"A":255}},"KY4-0-39":{"pid":"KY4-sv","orb":8079.84,"per":37.65,"ang":100.39,"t":"ASTEROID","sp":"ASTEROID-2","s":23.16,"m":172.71,"gd":38.61,"wic":{},"woc":{},"wgc":{},"emm":[{"Type":"1","MainRange":35,"MainValue":0.22,"FarRange":203}],"sig":[{"t":"9-2","s":"","d":{"X":0.25,"Y":0.06}},{"t":"X1","s":"","d":{"X":0.265,"Y":0.59}}],"clr":{"R":219,"G":189,"B":244,"A":255}},"KY4-0-4":{"pid":"KY4-sv","orb":6912.49,"per":32.21,"ang":119.83,"t":"ASTEROID","sp":"ASTEROID-3","s":22.55,"m":159.47,"gd":37.59,"wic":{},"woc":{},"wgc":{},"emm":[{"Type":"1","MainRange":49,"MainValue":0.17,"FarRange":145}],"sig":[{"t":"9-2","s":"","d":{"X":-0.45,"Y":-0.57}},{"t":"X1","s":"","d":{"X":-0.581,"Y":-0.701}}],"clr":{"R":252,"G":200,"B":232,"A":255}},"KY4-0-40":{"pid":"KY4-sv","orb":5081.72,"per":23.68,"ang":15.14,"t":"ASTEROID","sp":"ASTEROID-3","s":14.97,"m":46.67,"gd":24.96,"wic":{},"woc":{},"wgc":{},"emm":[{"Type":"1","MainRange":51,"MainValue":0.11,"FarRange":160}],"sig":[{"t":"9-2","s":"","d":{"X":0.44,"Y":0.69}},{"t":"X1","s":"","d":{"X":0.876,"Y":0.006}}],"clr":{"R":250,"G":174,"B":209,"A":255}},"KY4-0-41":{"pid":"KY4-sv","orb":4701.1,"per":21.9,"ang":69.87,"t":"ASTEROID","sp":"ASTEROID-4","s":27.41,"m":286.18,"gd":45.69,"wic":{},"woc":{},"wgc":{},"emm":[{"Type":"1","MainRange":79,"MainValue":0.2,"FarRange":142}],"sig":[{"t":"9-2","s":"","d":{"X":0.32,"Y":0.08}},{"t":"X1","s":"","d":{"X":0.047,"Y":0.432}}],"clr":{"R":187,"G":251,"B":207,"A":255}},"KY4-0-5":{"pid":"KY4-sv","orb":6694.31,"per":31.19,"ang":274.85,"t":"ASTEROID","sp":"ASTEROID-2","s":21.17,"m":131.8,"gd":35.28,"wic":{},"woc":{},"wgc":{},"emm":[{"Type":"1","MainRange":57,"MainValue":0.08,"FarRange":188}],"sig":[{"t":"9-2","s":"","d":{"X":-0.08,"Y":-0.72}},{"t":"X1","s":"","d":{"X":0.645,"Y":-0.329}}],"clr":{"R":201,"G":166,"B":254,"A":255}},"KY4-0-6":{"pid":"KY4-sv","orb":7334.7,"per":34.18,"ang":173.08,"t":"ASTEROID","sp":"ASTEROID-5","s":16.5,"m":62.41,"gd":27.5,"wic":{},"woc":{},"wgc":{},"emm":[{"Type":"1","MainRange":48,"MainValue":0.21,"FarRange":59}],"sig":[{"t":"9-2","s":"","d":{"X":-0.71,"Y":0.15}},{"t":"X1","s":"","d":{"X":0.942,"Y":0.021}}],"clr":{"R":232,"G":251,"B":231,"A":255}},"KY4-0-7":{"pid":"KY4-sv","orb":7007.66,"per":32.65,"ang":234.07,"t":"ASTEROID","sp":"ASTEROID-3","s":20.1,"m":112.82,"gd":33.5,"wic":{},"woc":{},"wgc":{},"emm":[{"Type":"1","MainRange":41,"MainValue":0.16,"FarRange":144}],"sig":[{"t":"9-2","s":"","d":{"X":-0.33,"Y":0.79}},{"t":"X1","s":"","d":{"X":0.121,"Y":-0.935}}],"clr":{"R":224,"G":201,"B":237,"A":255}},"KY4-0-8":{"pid":"KY4-sv","orb":7112.02,"per":33.14,"ang":51.61,"t":"ASTEROID","sp":"ASTEROID-4","s":18.07,"m":81.95,"gd":30.11,"wic":{},"woc":{},"wgc":{},"emm":[{"Type":"1","MainRange":45,"MainValue":0.21,"FarRange":227}],"sig":[{"t":"9-2","s":"","d":{"X":-0.28,"Y":0.38}},{"t":"X1","s":"","d":{"X":-0.454,"Y":-0.071}}],"clr":{"R":236,"G":207,"B":192,"A":255}},"KY4-0-9":{"pid":"KY4-sv","orb":7483.97,"per":34.87,"ang":230.72,"t":"ASTEROID","sp":"ASTEROID-1","s":26.32,"m":253.43,"gd":43.87,"wic":{},"woc":{},"wgc":{},"emm":[{"Type":"1","MainRange":61,"MainValue":0.07,"FarRange":173},{"Type":"15","MainRange":51,"MainValue":0.19,"FarRange":57},{"Type":"25","MainRange":63.9,"MainValue":0.23,"FarRange":71}],"sig":[{"t":"9-2","s":"","d":{"X":-0.89,"Y":0.07}},{"t":"X1","s":"","d":{"X":0.142,"Y":0.303}},{"t":"X15","s":"","d":{"X":0.543,"Y":0.662}},{"t":"X25","s":"","d":{"X":-0.862,"Y":0.045}}],"clr":{"R":228,"G":254,"B":229,"A":255}},"KY4-054":{"pid":"KY4-sv","orb":13160.45,"per":61.33,"t":"HARDPLANET","sp":"HARDPLANET-33","s":48.22,"m":6537.81,"gd":137.77,"wic":{},"woc":{},"wgc":{},"mi":[4,5],"sig":[{"t":"0-1","s":"","d":{"X":0.15,"Y":0.46}},{"t":"1-1","s":"","d":{"X":-0.81,"Y":0.19}},{"t":"2-2","s":"","d":{"X":-0.72,"Y":-0.45}},{"t":"3-2","s":"","d":{"X":0.24,"Y":-0.45}},{"t":"5-2","s":"","d":{"X":-0.48,"Y":-0.29}},{"t":"6-2","s":"","d":{"X":0.14,"Y":-0.99}},{"t":"7-2","s":"","d":{"X":0.17,"Y":-0.9}},{"t":"7-1","s":"","d":{"X":-0.75,"Y":-0.58}},{"t":"8-1","s":"","d":{"X":-0.85,"Y":0.42}},{"t":"8-2","s":"","d":{"X":-0.6,"Y":0.69}},{"t":"9-2","s":"","d":{"X":-0.27,"Y":-0.59}},{"t":"10-2","s":"","d":{"X":0.85,"Y":-0.31}},{"t":"11-1","s":"","d":{"X":0.23,"Y":0.11}},{"t":"12-2","s":"","d":{"X":-0.03,"Y":0.4}},{"t":"13-2","s":"","d":{"X":0.08,"Y":-0.28}}],"clr":{"R":253,"G":246,"B":250,"A":255}},"KY4-238":{"pid":"KY4-sv","orb":17911.52,"per":83.47,"t":"GASPLANET","sp":"GASPLANET-1","s":228.51,"m":116011.44,"gd":380.85,"wic":{},"woc":{},"wgc":{},"sig":[{"t":"0-3","s":"","d":{"X":0.58,"Y":-0.51}},{"t":"1-3","s":"","d":{"X":-0.21,"Y":0.91}},{"t":"3-1","s":"","d":{"X":0.33,"Y":0.37}},{"t":"6-3","s":"","d":{"X":-0.36,"Y":-0.17}},{"t":"7-3","s":"","d":{"X":-0.04,"Y":-0.27}},{"t":"8-1","s":"","d":{"X":0.39,"Y":0.35}},{"t":"8-2","s":"","d":{"X":-0.74,"Y":0.31}},{"t":"11-1","s":"","d":{"X":-0.4,"Y":0.4}}],"clr":{"R":199,"G":202,"B":250,"A":255}},"KY4-238-0":{"pid":"KY4-238","orb":3569.31,"per":16.63,"ang":199.41,"t":"ASTEROID","sp":"ASTEROID-2","s":25.77,"m":237.85,"gd":42.95,"wic":{},"woc":{},"wgc":{},"emm":[{"Type":"1","MainRange":68,"MainValue":0.1,"FarRange":130}],"sig":[{"t":"9-2","s":"","d":{"X":-0.06,"Y":-0.39}},{"t":"X1","s":"","d":{"X":0.549,"Y":-0.127}}],"clr":{"R":247,"G":254,"B":249,"A":255}},"KY4-238-1":{"pid":"KY4-238","orb":4043.76,"per":18.84,"ang":309.15,"t":"ASTEROID","sp":"ASTEROID-2","s":18.09,"m":82.32,"gd":30.16,"wic":{},"woc":{},"wgc":{},"emm":[{"Type":"1","MainRange":45,"MainValue":0.14,"FarRange":99}],"sig":[{"t":"9-2","s":"","d":{"X":-0.32,"Y":0.49}},{"t":"X1","s":"","d":{"X":-0.117,"Y":0.632}}],"clr":{"R":188,"G":236,"B":230,"A":255}},"KY4-238-10":{"pid":"KY4-238","orb":3629.75,"per":16.91,"ang":125.29,"t":"ASTEROID","sp":"ASTEROID-5","s":19.45,"m":102.24,"gd":32.42,"wic":{},"woc":{},"wgc":{},"emm":[{"Type":"1","MainRange":66,"MainValue":0.21,"FarRange":132}],"sig":[{"t":"9-2","s":"","d":{"X":-0.58,"Y":0.6}},{"t":"X1","s":"","d":{"X":-0.407,"Y":-0.26}}],"clr":{"R":196,"G":239,"B":227,"A":255}},"KY4-238-11":{"pid":"KY4-238","orb":3787.05,"per":17.64,"ang":245.95,"t":"ASTEROID","sp":"ASTEROID-4","s":15.73,"m":54.15,"gd":26.23,"wic":{},"woc":{},"wgc":{},"emm":[{"Type":"1","MainRange":59,"MainValue":0.27,"FarRange":253}],"sig":[{"t":"9-2","s":"","d":{"X":0.66,"Y":-0.24}},{"t":"X1","s":"","d":{"X":-0.555,"Y":0.019}}],"clr":{"R":252,"G":241,"B":247,"A":255}},"KY4-238-12":{"pid":"KY4-238","orb":3999.89,"per":18.64,"ang":139.38,"t":"ASTEROID","sp":"ASTEROID-4","s":23.05,"m":170.17,"gd":38.42,"wic":{},"woc":{},"wgc":{},"emm":[{"Type":"1","MainRange":62,"MainValue":0.19,"FarRange":165}],"sig":[{"t":"9-2","s":"","d":{"X":-0.07,"Y":0.91}},{"t":"X1","s":"","d":{"X":0.109,"Y":-0.031}}],"clr":{"R":206,"G":183,"B":244,"A":255}},"KY4-238-13":{"pid":"KY4-238","orb":4195.06,"per":19.55,"ang":352.61,"t":"ASTEROID","sp":"ASTEROID-4","s":16.49,"m":62.36,"gd":27.49,"wic":{},"woc":{},"wgc":{},"emm":[{"Type":"1","MainRange":54,"MainValue":0.11,"FarRange":173}],"sig":[{"t":"9-2","s":"","d":{"X":0.1,"Y":-0.85}},{"t":"X1","s":"","d":{"X":0.139,"Y":-0.202}}],"clr":{"R":181,"G":243,"B":206,"A":255}},"KY4-238-14":{"pid":"KY4-238","orb":3872,"per":18.04,"ang":176.15,"t":"ASTEROID","sp":"ASTEROID-1","s":24.09,"m":194.23,"gd":40.15,"wic":{},"woc":{},"wgc":{},"emm":[{"Type":"1","MainRange":79,"MainValue":0.15,"FarRange":118}],"sig":[{"t":"9-2","s":"","d":{"X":-0.42,"Y":-0.11}},{"t":"X1","s":"","d":{"X":0.138,"Y":0.266}}],"clr":{"R":242,"G":179,"B":205,"A":255}},"KY4-238-15":{"pid":"KY4-238","orb":3143.29,"per":14.64,"ang":35.08,"t":"ASTEROID","sp":"ASTEROID-2","s":13.04,"m":30.79,"gd":21.73,"wic":{},"woc":{},"wgc":{},"emm":[{"Type":"1","MainRange":56,"MainValue":0.23,"FarRange":145}],"sig":[{"t":"9-2","s":"","d":{"X":-0.24,"Y":-0.03}},{"t":"X1","s":"","d":{"X":0.547,"Y":0.7}}],"clr":{"R":238,"G":190,"B":216,"A":255}},"KY4-238-16":{"pid":"KY4-238","orb":3477.8,"per":16.2,"ang":304.74,"t":"ASTEROID","sp":"ASTEROID-2","s":11.6,"m":21.72,"gd":19.34,"wic":{},"woc":{},"wgc":{},"emm":[{"Type":"1","MainRange":76,"MainValue":0.2,"FarRange":192}],"sig":[{"t":"9-2","s":"","d":{"X":0.83,"Y":0.38}},{"t":"X1","s":"","d":{"X":0.408,"Y":0.099}}],"clr":{"R":162,"G":246,"B":199,"A":255}},"KY4-238-17":{"pid":"KY4-238","orb":4371.53,"per":20.37,"ang":103.05,"t":"ASTEROID","sp":"ASTEROID-5","s":21.29,"m":134.19,"gd":35.49,"wic":{},"woc":{},"wgc":{},"emm":[{"Type":"1","MainRange":53,"MainValue":0.22,"FarRange":153}],"sig":[{"t":"9-2","s":"","d":{"X":0.44,"Y":0.1}},{"t":"X1","s":"","d":{"X":-0.003,"Y":-0.976}}],"clr":{"R":252,"G":170,"B":186,"A":255}},"KY4-238-18":{"pid":"KY4-238","orb":2975.28,"per":13.86,"ang":1.83,"t":"ASTEROID","sp":"ASTEROID-2","s":17.74,"m":77.59,"gd":29.57,"wic":{},"woc":{},"wgc":{},"emm":[{"Type":"1","MainRange":38,"MainValue":0.21,"FarRange":145}],"sig":[{"t":"9-2","s":"","d":{"X":0.7,"Y":0.08}},{"t":"X1","s":"","d":{"X":-0.225,"Y":0.903}}],"clr":{"R":233,"G":251,"B":173,"A":255}},"KY4-238-19":{"pid":"KY4-238","orb":3964.26,"per":18.47,"ang":82.42,"t":"ASTEROID","sp":"ASTEROID-3","s":16.91,"m":67.18,"gd":28.18,"wic":{},"woc":{},"wgc":{},"emm":[{"Type":"1","MainRange":38,"MainValue":0.29,"FarRange":133}],"sig":[{"t":"9-2","s":"","d":{"X":0.29,"Y":-0.89}},{"t":"X1","s":"","d":{"X":-0.106,"Y":-0.874}}],"clr":{"R":252,"G":253,"B":254,"A":255}},"KY4-238-2":{"pid":"KY4-238","orb":3966.08,"per":18.48,"ang":204.5,"t":"ASTEROID","sp":"ASTEROID-2","s":27.49,"m":288.53,"gd":45.81,"wic":{},"woc":{},"wgc":{},"emm":[{"Type":"1","MainRange":44,"MainValue":0.18,"FarRange":118}],"sig":[{"t":"9-2","s":"","d":{"X":-0.83,"Y":0.48}},{"t":"X1","s":"","d":{"X":-0.882,"Y":-0.331}}],"clr":{"R":246,"G":247,"B":252,"A":255}},"KY4-238-20":{"pid":"KY4-238","orb":3622.54,"per":16.88,"ang":246.35,"t":"ASTEROID","sp":"ASTEROID-3","s":19.5,"m":103.06,"gd":32.5,"wic":{},"woc":{},"wgc":{},"emm":[{"Type":"1","MainRange":21,"MainValue":0.17,"FarRange":174}],"sig":[{"t":"9-2","s":"","d":{"X":-0.14,"Y":-0.61}},{"t":"X1","s":"","d":{"X":-0.676,"Y":-0.076}}],"clr":{"R":251,"G":188,"B":210,"A":255}},"KY4-238-21":{"pid":"KY4-238","orb":3579.22,"per":16.68,"ang":331.52,"t":"ASTEROID","sp":"ASTEROID-5","s":9.81,"m":13.12,"gd":16.35,"wic":{},"woc":{},"wgc":{},"emm":[{"Type":"1","MainRange":63,"MainValue":0.16,"FarRange":169}],"sig":[{"t":"9-2","s":"","d":{"X":0.41,"Y":0.38}},{"t":"X1","s":"","d":{"X":0.181,"Y":0.325}}],"clr":{"R":225,"G":247,"B":247,"A":255}},"KY4-238-22":{"pid":"KY4-238","orb":3685.56,"per":17.17,"ang":73.68,"t":"ASTEROID","sp":"ASTEROID-2","s":22.74,"m":163.51,"gd":37.91,"wic":{},"woc":{},"wgc":{},"emm":[{"Type":"1","MainRange":25,"MainValue":0.19,"FarRange":128}],"sig":[{"t":"9-2","s":"","d":{"X":0.78,"Y":-0.16}},{"t":"X1","s":"","d":{"X":0.484,"Y":-0.121}}],"clr":{"R":226,"G":244,"B":209,"A":255}},"KY4-238-23":{"pid":"KY4-238","orb":3432.04,"per":15.99,"ang":129.06,"t":"ASTEROID","sp":"ASTEROID-2","s":14.47,"m":42.14,"gd":24.12,"wic":{},"woc":{},"wgc":{},"emm":[{"Type":"1","MainRange":23,"MainValue":0.16,"FarRange":171}],"sig":[{"t":"9-2","s":"","d":{"X":-0.71,"Y":-0.51}},{"t":"X1","s":"","d":{"X":0.524,"Y":-0.464}}],"clr":{"R":243,"G":202,"B":234,"A":255}},"KY4-238-24":{"pid":"KY4-238","orb":3849.8,"per":17.94,"ang":115.72,"t":"ASTEROID","sp":"ASTEROID-3","s":22.11,"m":150.25,"gd":36.86,"wic":{},"woc":{},"wgc":{},"emm":[{"Type":"1","MainRange":36,"MainValue":0.15,"FarRange":103}],"sig":[{"t":"9-2","s":"","d":{"X":0.51,"Y":0.2}},{"t":"X1","s":"","d":{"X":0.237,"Y":-0.658}}],"clr":{"R":232,"G":237,"B":247,"A":255}},"KY4-238-25":{"pid":"KY4-238","orb":3833.25,"per":17.86,"ang":346.08,"t":"ASTEROID","sp":"ASTEROID-3","s":20.49,"m":119.51,"gd":34.15,"wic":{},"woc":{},"wgc":{},"emm":[{"Type":"1","MainRange":63,"MainValue":0.2,"FarRange":102}],"sig":[{"t":"9-2","s":"","d":{"X":0.59,"Y":-0.49}},{"t":"X1","s":"","d":{"X":-0.607,"Y":0.401}}],"clr":{"R":250,"G":231,"B":221,"A":255}},"KY4-238-26":{"pid":"KY4-238","orb":3040.99,"per":14.17,"ang":28.68,"t":"ASTEROID","sp":"ASTEROID-4","s":24.87,"m":213.9,"gd":41.46,"wic":{},"woc":{},"wgc":{},"emm":[{"Type":"1","MainRange":77,"MainValue":0.22,"FarRange":137}],"sig":[{"t":"9-2","s":"","d":{"X":-0.54,"Y":0.14}},{"t":"X1","s":"","d":{"X":0.481,"Y":0.173}}],"clr":{"R":215,"G":240,"B":247,"A":255}},"KY4-238-27":{"pid":"KY4-238","orb":3740.74,"per":17.43,"ang":331.49,"t":"ASTEROID","sp":"ASTEROID-3","s":16.2,"m":59.07,"gd":27,"wic":{},"woc":{},"wgc":{},"emm":[{"Type":"1","MainRange":55,"MainValue":0.21,"FarRange":99}],"sig":[{"t":"9-2","s":"","d":{"X":-0.57,"Y":0.47}},{"t":"X1","s":"","d":{"X":0.044,"Y":-0.096}}],"clr":{"R":226,"G":246,"B":198,"A":255}},"KY4-238-28":{"pid":"KY4-238","orb":3630.87,"per":16.92,"ang":291.72,"t":"ASTEROID","sp":"ASTEROID-5","s":25.47,"m":229.59,"gd":42.45,"wic":{},"woc":{},"wgc":{},"emm":[{"Type":"1","MainRange":62,"MainValue":0.01,"FarRange":176}],"sig":[{"t":"9-2","s":"","d":{"X":-0.43,"Y":-0.66}},{"t":"X1","s":"","d":{"X":0.351,"Y":0.697}}],"clr":{"R":222,"G":254,"B":232,"A":255}},"KY4-238-29":{"pid":"KY4-238","orb":3894.08,"per":18.14,"ang":70.26,"t":"ASTEROID","sp":"ASTEROID-4","s":16.06,"m":57.59,"gd":26.77,"wic":{},"woc":{},"wgc":{},"emm":[{"Type":"1","MainRange":60,"MainValue":0.38,"FarRange":133}],"sig":[{"t":"9-2","s":"","d":{"X":0.58,"Y":0.73}},{"t":"X1","s":"","d":{"X":-0.098,"Y":-0.11}}],"clr":{"R":243,"G":244,"B":254,"A":255}},"KY4-238-3":{"pid":"KY4-238","orb":3215.68,"per":14.98,"ang":34.49,"t":"ASTEROID","sp":"ASTEROID-5","s":9.43,"m":11.65,"gd":15.72,"wic":{},"woc":{},"wgc":{},"emm":[{"Type":"1","MainRange":40,"MainValue":0.21,"FarRange":144}],"sig":[{"t":"9-2","s":"","d":{"X":-0.15,"Y":0.84}},{"t":"X1","s":"","d":{"X":0.48,"Y":-0.808}}],"clr":{"R":250,"G":174,"B":178,"A":255}},"KY4-238-30":{"pid":"KY4-238","orb":3921.25,"per":18.27,"ang":203.1,"t":"ASTEROID","sp":"ASTEROID-5","s":23.78,"m":186.81,"gd":39.63,"wic":{},"woc":{},"wgc":{},"emm":[{"Type":"1","MainRange":67,"MainValue":0.17,"FarRange":85}],"sig":[{"t":"9-2","s":"","d":{"X":-0.68,"Y":-0.05}},{"t":"X1","s":"","d":{"X":0.278,"Y":-0.792}}],"clr":{"R":204,"G":193,"B":239,"A":255}},"KY4-238-31":{"pid":"KY4-238","orb":2798.36,"per":13.04,"ang":337.13,"t":"ASTEROID","sp":"ASTEROID-2","s":13.18,"m":31.86,"gd":21.98,"wic":{},"woc":{},"wgc":{},"emm":[{"Type":"1","MainRange":54,"MainValue":0.18,"FarRange":218}],"sig":[{"t":"9-2","s":"","d":{"X":0.57,"Y":-0.58}},{"t":"X1","s":"","d":{"X":-0.749,"Y":-0.337}}],"clr":{"R":181,"G":229,"B":241,"A":255}},"KY4-238-32":{"pid":"KY4-238","orb":3381.04,"per":15.75,"ang":154.32,"t":"ASTEROID","sp":"ASTEROID-5","s":14.03,"m":38.4,"gd":23.39,"wic":{},"woc":{},"wgc":{},"emm":[{"Type":"1","MainRange":34,"MainValue":0.17,"FarRange":91}],"sig":[{"t":"9-2","s":"","d":{"X":0.1,"Y":-0.03}},{"t":"X1","s":"","d":{"X":0.574,"Y":0.48}}],"clr":{"R":233,"G":243,"B":249,"A":255}},"KY4-238-33":{"pid":"KY4-238","orb":4472.73,"per":20.84,"ang":348.54,"t":"ASTEROID","sp":"ASTEROID-4","s":20.13,"m":113.39,"gd":33.56,"wic":{},"woc":{},"wgc":{},"emm":[{"Type":"1","MainRange":42,"MainValue":0.25,"FarRange":182}],"sig":[{"t":"9-2","s":"","d":{"X":0.29,"Y":0.14}},{"t":"X1","s":"","d":{"X":-0.168,"Y":0.634}}],"clr":{"R":187,"G":236,"B":185,"A":255}},"KY4-238-34":{"pid":"KY4-238","orb":3730.92,"per":17.38,"ang":99.45,"t":"ASTEROID","sp":"ASTEROID-3","s":13.24,"m":32.25,"gd":22.07,"wic":{},"woc":{},"wgc":{},"emm":[{"Type":"1","MainRange":40,"MainValue":0.27,"FarRange":249}],"sig":[{"t":"9-2","s":"","d":{"X":0.41,"Y":-0.78}},{"t":"X1","s":"","d":{"X":-0.015,"Y":0.46}}],"clr":{"R":238,"G":254,"B":251,"A":255}},"KY4-238-35":{"pid":"KY4-238","orb":4155.38,"per":19.36,"ang":166.58,"t":"ASTEROID","sp":"ASTEROID-2","s":27.9,"m":301.78,"gd":46.5,"wic":{},"woc":{},"wgc":{},"emm":[{"Type":"1","MainRange":37,"MainValue":0.16,"FarRange":122}],"sig":[{"t":"9-2","s":"","d":{"X":0.83,"Y":0.5}},{"t":"X1","s":"","d":{"X":-0.088,"Y":0.537}}],"clr":{"R":198,"G":249,"B":224,"A":255}},"KY4-238-36":{"pid":"KY4-238","orb":3809.88,"per":17.75,"ang":2.28,"t":"ASTEROID","sp":"ASTEROID-2","s":8.35,"m":8.1,"gd":13.92,"wic":{},"woc":{},"wgc":{},"emm":[{"Type":"1","MainRange":57,"MainValue":0.15,"FarRange":244}],"sig":[{"t":"9-2","s":"","d":{"X":-0.02,"Y":0.07}},{"t":"X1","s":"","d":{"X":-0.57,"Y":-0.665}}],"clr":{"R":218,"G":218,"B":245,"A":255}},"KY4-238-37":{"pid":"KY4-238","orb":3710.22,"per":17.29,"ang":306.43,"t":"ASTEROID","sp":"ASTEROID-3","s":23.56,"m":181.66,"gd":39.26,"wic":{},"woc":{},"wgc":{},"emm":[{"Type":"1","MainRange":44,"MainValue":0.27,"FarRange":229}],"sig":[{"t":"9-2","s":"","d":{"X":-0.25,"Y":0.95}},{"t":"X1","s":"","d":{"X":-0.097,"Y":-0.417}}],"clr":{"R":249,"G":210,"B":181,"A":255}},"KY4-238-4":{"pid":"KY4-238","orb":3011.14,"per":14.03,"ang":82.96,"t":"ASTEROID","sp":"ASTEROID-2","s":19.43,"m":101.95,"gd":32.39,"wic":{},"woc":{},"wgc":{},"emm":[{"Type":"1","MainRange":51,"MainValue":0.22,"FarRange":172}],"sig":[{"t":"9-2","s":"","d":{"X":-0.85,"Y":-0.3}},{"t":"X1","s":"","d":{"X":0.108,"Y":-0.003}}],"clr":{"R":185,"G":177,"B":230,"A":255}},"KY4-238-5":{"pid":"KY4-238","orb":3339.27,"per":15.56,"ang":24.1,"t":"ASTEROID","sp":"ASTEROID-1","s":27.12,"m":277.27,"gd":45.21,"wic":{},"woc":{},"wgc":{},"emm":[{"Type":"1","MainRange":36,"MainValue":0.11,"FarRange":126}],"sig":[{"t":"9-2","s":"","d":{"X":-0.67,"Y":-0.32}},{"t":"X1","s":"","d":{"X":-0.378,"Y":-0.459}}],"clr":{"R":247,"G":209,"B":186,"A":255}},"KY4-238-6":{"pid":"KY4-238","orb":3590.98,"per":16.73,"ang":274.38,"t":"ASTEROID","sp":"ASTEROID-2","s":24.39,"m":201.74,"gd":40.66,"wic":{},"woc":{},"wgc":{},"emm":[{"Type":"1","MainRange":51,"MainValue":0.18,"FarRange":84}],"sig":[{"t":"9-2","s":"","d":{"X":-0.83,"Y":-0.05}},{"t":"X1","s":"","d":{"X":-0.063,"Y":0.492}}],"clr":{"R":236,"G":202,"B":251,"A":255}},"KY4-238-7":{"pid":"KY4-238","orb":4453.87,"per":20.75,"ang":94.49,"t":"ASTEROID","sp":"ASTEROID-1","s":13.24,"m":32.27,"gd":22.07,"wic":{},"woc":{},"wgc":{},"emm":[{"Type":"1","MainRange":68,"MainValue":0.15,"FarRange":99},{"Type":"25","MainRange":48,"MainValue":0.11,"FarRange":112}],"sig":[{"t":"9-2","s":"","d":{"X":0.47,"Y":0.12}},{"t":"X1","s":"","d":{"X":-0.266,"Y":0.512}},{"t":"X25","s":"","d":{"X":0.256,"Y":-0.161}}],"clr":{"R":230,"G":236,"B":253,"A":255}},"KY4-238-8":{"pid":"KY4-238","orb":3864.09,"per":18,"ang":123.12,"t":"ASTEROID","sp":"ASTEROID-2","s":19.55,"m":103.78,"gd":32.58,"wic":{},"woc":{},"wgc":{},"emm":[{"Type":"1","MainRange":29,"MainValue":0.16,"FarRange":155}],"sig":[{"t":"9-2","s":"","d":{"X":-0.6,"Y":-0.42}},{"t":"X1","s":"","d":{"X":-0.489,"Y":0.157}}],"clr":{"R":244,"G":217,"B":248,"A":255}},"KY4-238-9":{"pid":"KY4-238","orb":3910.27,"per":18.22,"ang":134.44,"t":"ASTEROID","sp":"ASTEROID-5","s":17.24,"m":71.23,"gd":28.74,"wic":{},"woc":{},"wgc":{},"emm":[{"Type":"1","MainRange":54,"MainValue":0.17,"FarRange":167}],"sig":[{"t":"9-2","s":"","d":{"X":-0.82,"Y":0.08}},{"t":"X1","s":"","d":{"X":-0.297,"Y":0.662}}],"clr":{"R":184,"G":201,"B":251,"A":255}},"KY4-428":{"pid":"KY4-sv","orb":15195.79,"per":70.81,"t":"GASPLANET","sp":"GASPLANET-11","s":433.66,"m":792891.67,"gd":722.76,"wic":{},"woc":{},"wgc":{},"emm":[{"Type":"10","MainRange":534.6,"MainValue":0.75,"FarRange":594},{"Type":"12","MainRange":621,"MainValue":1.73,"FarRange":887}],"sig":[{"t":"0-3","s":"","d":{"X":-0.19,"Y":-0.58}},{"t":"1-3","s":"","d":{"X":0.26,"Y":-0.88}},{"t":"3-1","s":"","d":{"X":-0.36,"Y":0.13}},{"t":"6-3","s":"","d":{"X":0.21,"Y":-0.27}},{"t":"10-2","s":"","d":{"X":0.5,"Y":0.66}},{"t":"11-1","s":"","d":{"X":0.01,"Y":-0.18}},{"t":"X10","s":"","d":{"X":0.409,"Y":-0.648}},{"t":"X12","s":"","d":{"X":0.15,"Y":-0.857}}],"clr":{"R":158,"G":198,"B":252,"A":255}},"KY4-622":{"pid":"KY4-sv","orb":7592.09,"per":35.38,"t":"GASPLANET","sp":"GASPLANET-14","s":138.01,"m":25558.32,"gd":230.02,"wic":{},"woc":{},"wgc":{},"emm":[{"Type":"25","MainRange":574,"MainValue":2.12,"FarRange":1294},{"Type":"2","MainRange":285,"MainValue":2.09,"FarRange":1170}],"sig":[{"t":"0-3","s":"","d":{"X":0.62,"Y":-0.62}},{"t":"1-3","s":"","d":{"X":-0.11,"Y":0.05}},{"t":"3-1","s":"","d":{"X":0.54,"Y":0.04}},{"t":"6-2","s":"","d":{"X":0.25,"Y":0.07}},{"t":"11-1","s":"","d":{"X":-0.08,"Y":0.94}},{"t":"X25","s":"","d":{"X":-0.559,"Y":0.675}},{"t":"X2","s":"","d":{"X":0.075,"Y":0.259}}],"clr":{"R":216,"G":252,"B":192,"A":255}},"KY4-622-0":{"pid":"KY4-622","orb":3038.59,"per":14.16,"ang":10.19,"t":"ASTEROID","sp":"ASTEROID-5","s":27.66,"m":294.06,"gd":46.1,"wic":{},"woc":{},"wgc":{},"emm":[{"Type":"1","MainRange":52,"MainValue":0.19,"FarRange":129}],"sig":[{"t":"9-2","s":"","d":{"X":0.03,"Y":0.75}},{"t":"X1","s":"","d":{"X":-0.577,"Y":-0.563}}],"clr":{"R":203,"G":252,"B":209,"A":255}},"KY4-622-1":{"pid":"KY4-622","orb":2771.69,"per":12.91,"ang":54.3,"t":"ASTEROID","sp":"ASTEROID-4","s":16.78,"m":65.69,"gd":27.97,"wic":{},"woc":{},"wgc":{},"emm":[{"Type":"1","MainRange":41,"MainValue":0.18,"FarRange":214}],"sig":[{"t":"9-2","s":"","d":{"X":-0.28,"Y":0.93}},{"t":"X1","s":"","d":{"X":-0.139,"Y":-0.555}}],"clr":{"R":250,"G":223,"B":194,"A":255}},"KY4-622-10":{"pid":"KY4-622","orb":3471.93,"per":16.18,"ang":275.65,"t":"ASTEROID","sp":"ASTEROID-3","s":18.75,"m":91.65,"gd":31.26,"wic":{},"woc":{},"wgc":{},"emm":[{"Type":"1","MainRange":29,"MainValue":0.1,"FarRange":137}],"sig":[{"t":"9-2","s":"","d":{"X":-0.02,"Y":-0.75}},{"t":"X1","s":"","d":{"X":0.499,"Y":0.851}}],"clr":{"R":209,"G":176,"B":242,"A":255}},"KY4-622-11":{"pid":"KY4-622","orb":3437.82,"per":16.02,"ang":97.6,"t":"ASTEROID","sp":"ASTEROID-1","s":24.03,"m":192.74,"gd":40.05,"wic":{},"woc":{},"wgc":{},"emm":[{"Type":"1","MainRange":27,"MainValue":0.1,"FarRange":149}],"sig":[{"t":"9-2","s":"","d":{"X":0.9,"Y":0.3}},{"t":"X1","s":"","d":{"X":0.67,"Y":-0.565}}],"clr":{"R":183,"G":254,"B":224,"A":255}},"KY4-622-12":{"pid":"KY4-622","orb":3740.19,"per":17.43,"ang":136.55,"t":"ASTEROID","sp":"ASTEROID-2","s":19.38,"m":101.17,"gd":32.3,"wic":{},"woc":{},"wgc":{},"emm":[{"Type":"1","MainRange":47,"MainValue":0.18,"FarRange":186}],"sig":[{"t":"9-2","s":"","d":{"X":0.2,"Y":-0.06}},{"t":"X1","s":"","d":{"X":0.542,"Y":0.839}}],"clr":{"R":165,"G":234,"B":245,"A":255}},"KY4-622-13":{"pid":"KY4-622","orb":3176.22,"per":14.8,"ang":103.11,"t":"ASTEROID","sp":"ASTEROID-3","s":26.22,"m":250.58,"gd":43.71,"wic":{},"woc":{},"wgc":{},"emm":[{"Type":"1","MainRange":34,"MainValue":0.15,"FarRange":125}],"sig":[{"t":"9-2","s":"","d":{"X":-0.54,"Y":0.61}},{"t":"X1","s":"","d":{"X":-0.727,"Y":0.053}}],"clr":{"R":198,"G":205,"B":237,"A":255}},"KY4-622-14":{"pid":"KY4-622","orb":3333.37,"per":15.53,"ang":2.46,"t":"ASTEROID","sp":"ASTEROID-4","s":22.88,"m":166.46,"gd":38.14,"wic":{},"woc":{},"wgc":{},"emm":[{"Type":"1","MainRange":63,"MainValue":0.19,"FarRange":228}],"sig":[{"t":"9-2","s":"","d":{"X":0.65,"Y":-0.75}},{"t":"X1","s":"","d":{"X":0.125,"Y":-0.972}}],"clr":{"R":253,"G":247,"B":246,"A":255}},"KY4-622-15":{"pid":"KY4-622","orb":2867.36,"per":13.36,"ang":337.49,"t":"ASTEROID","sp":"ASTEROID-2","s":19.2,"m":98.34,"gd":32,"wic":{},"woc":{},"wgc":{},"emm":[{"Type":"1","MainRange":43,"MainValue":0.33,"FarRange":145}],"sig":[{"t":"9-2","s":"","d":{"X":0.55,"Y":-0.15}},{"t":"X1","s":"","d":{"X":0.813,"Y":0.1}}],"clr":{"R":237,"G":238,"B":178,"A":255}},"KY4-622-16":{"pid":"KY4-622","orb":2571.42,"per":11.98,"ang":115.17,"t":"ASTEROID","sp":"ASTEROID-3","s":20.89,"m":126.77,"gd":34.83,"wic":{},"woc":{},"wgc":{},"emm":[{"Type":"1","MainRange":50,"MainValue":0.25,"FarRange":131}],"sig":[{"t":"9-2","s":"","d":{"X":-0.43,"Y":-0.73}},{"t":"X1","s":"","d":{"X":0.651,"Y":0.203}}],"clr":{"R":215,"G":247,"B":174,"A":255}},"KY4-622-17":{"pid":"KY4-622","orb":2859.74,"per":13.32,"ang":23.05,"t":"ASTEROID","sp":"ASTEROID-3","s":12.86,"m":29.54,"gd":21.43,"wic":{},"woc":{},"wgc":{},"emm":[{"Type":"1","MainRange":30,"MainValue":0.14,"FarRange":148}],"sig":[{"t":"9-2","s":"","d":{"X":-0.55,"Y":-0.7}},{"t":"X1","s":"","d":{"X":0.535,"Y":-0.276}}],"clr":{"R":224,"G":171,"B":252,"A":255}},"KY4-622-18":{"pid":"KY4-622","orb":3025.14,"per":14.09,"ang":288.27,"t":"ASTEROID","sp":"ASTEROID-1","s":18.8,"m":92.33,"gd":31.33,"wic":{},"woc":{},"wgc":{},"emm":[{"Type":"1","MainRange":54,"MainValue":0.1,"FarRange":123}],"sig":[{"t":"9-2","s":"","d":{"X":-0.18,"Y":0.64}},{"t":"X1","s":"","d":{"X":-0.665,"Y":-0.532}}],"clr":{"R":247,"G":249,"B":254,"A":255}},"KY4-622-19":{"pid":"KY4-622","orb":3527.95,"per":16.44,"ang":50.63,"t":"ASTEROID","sp":"ASTEROID-2","s":13.39,"m":33.35,"gd":22.32,"wic":{},"woc":{},"wgc":{},"emm":[{"Type":"1","MainRange":47,"MainValue":0.19,"FarRange":160}],"sig":[{"t":"9-2","s":"","d":{"X":-0.91,"Y":-0.41}},{"t":"X1","s":"","d":{"X":-0.393,"Y":0.359}}],"clr":{"R":214,"G":189,"B":244,"A":255}},"KY4-622-2":{"pid":"KY4-622","orb":3550.61,"per":16.54,"ang":161.51,"t":"ASTEROID","sp":"ASTEROID-4","s":25.53,"m":231.16,"gd":42.55,"wic":{},"woc":{},"wgc":{},"emm":[{"Type":"1","MainRange":61,"MainValue":0.16,"FarRange":223}],"sig":[{"t":"9-2","s":"","d":{"X":0.28,"Y":0.47}},{"t":"X1","s":"","d":{"X":0.555,"Y":-0.133}}],"clr":{"R":228,"G":244,"B":209,"A":255}},"KY4-622-20":{"pid":"KY4-622","orb":3177.31,"per":14.8,"ang":179.9,"t":"ASTEROID","sp":"ASTEROID-1","s":20.79,"m":124.84,"gd":34.65,"wic":{},"woc":{},"wgc":{},"emm":[{"Type":"1","MainRange":50,"MainValue":0.2,"FarRange":176},{"Type":"18","MainRange":74,"MainValue":0.27,"FarRange":198}],"sig":[{"t":"9-2","s":"","d":{"X":0.42,"Y":-0.35}},{"t":"X1","s":"","d":{"X":0.94,"Y":0.12}},{"t":"X18","s":"","d":{"X":-0.653,"Y":-0.701}}],"clr":{"R":206,"G":251,"B":177,"A":255}},"KY4-622-21":{"pid":"KY4-622","orb":3315.65,"per":15.45,"ang":4.22,"t":"ASTEROID","sp":"ASTEROID-2","s":19.7,"m":106.27,"gd":32.84,"wic":{},"woc":{},"wgc":{},"emm":[{"Type":"1","MainRange":59,"MainValue":0.16,"FarRange":172},{"Type":"15","MainRange":72,"MainValue":0.25,"FarRange":204},{"Type":"12","MainRange":51,"MainValue":0.27,"FarRange":216}],"sig":[{"t":"9-2","s":"","d":{"X":0.35,"Y":0.63}},{"t":"X1","s":"","d":{"X":-0.113,"Y":-0.907}},{"t":"X15","s":"","d":{"X":0.202,"Y":-0.9}},{"t":"X12","s":"","d":{"X":0.165,"Y":0.599}}],"clr":{"R":249,"G":228,"B":233,"A":255}},"KY4-622-22":{"pid":"KY4-622","orb":3235.11,"per":15.07,"ang":71.29,"t":"ASTEROID","sp":"ASTEROID-5","s":18.96,"m":94.71,"gd":31.6,"wic":{},"woc":{},"wgc":{},"emm":[{"Type":"1","MainRange":46,"MainValue":0.17,"FarRange":160}],"sig":[{"t":"9-2","s":"","d":{"X":0.07,"Y":-0.14}},{"t":"X1","s":"","d":{"X":-0.786,"Y":-0.284}}],"clr":{"R":254,"G":225,"B":246,"A":255}},"KY4-622-23":{"pid":"KY4-622","orb":3569.08,"per":16.63,"ang":116.1,"t":"ASTEROID","sp":"ASTEROID-4","s":18.59,"m":89.32,"gd":30.99,"wic":{},"woc":{},"wgc":{},"emm":[{"Type":"1","MainRange":49,"MainValue":0.24,"FarRange":214}],"sig":[{"t":"9-2","s":"","d":{"X":-0.18,"Y":-0.49}},{"t":"X1","s":"","d":{"X":0.96,"Y":0.265}}],"clr":{"R":216,"G":236,"B":191,"A":255}},"KY4-622-24":{"pid":"KY4-622","orb":3012.07,"per":14.03,"ang":307.34,"t":"ASTEROID","sp":"ASTEROID-1","s":26.34,"m":253.88,"gd":43.9,"wic":{},"woc":{},"wgc":{},"emm":[{"Type":"1","MainRange":50,"MainValue":0.2,"FarRange":96}],"sig":[{"t":"9-2","s":"","d":{"X":-0.07,"Y":-0.32}},{"t":"X1","s":"","d":{"X":0.583,"Y":0.484}}],"clr":{"R":173,"G":239,"B":168,"A":255}},"KY4-622-25":{"pid":"KY4-622","orb":3278.3,"per":15.27,"ang":32.52,"t":"ASTEROID","sp":"ASTEROID-3","s":30.35,"m":388.3,"gd":50.58,"wic":{},"woc":{},"wgc":{},"emm":[{"Type":"1","MainRange":58,"MainValue":0.2,"FarRange":110},{"Type":"10","MainRange":19,"MainValue":0.2,"FarRange":195}],"sig":[{"t":"9-2","s":"","d":{"X":0.4,"Y":-0.29}},{"t":"X1","s":"","d":{"X":-0.119,"Y":-0.332}},{"t":"X10","s":"","d":{"X":-0.232,"Y":0.832}}],"clr":{"R":250,"G":241,"B":234,"A":255}},"KY4-622-26":{"pid":"KY4-622","orb":3227.99,"per":15.04,"ang":273.27,"t":"ASTEROID","sp":"ASTEROID-4","s":14.86,"m":45.65,"gd":24.78,"wic":{},"woc":{},"wgc":{},"emm":[{"Type":"1","MainRange":46,"MainValue":0.22,"FarRange":133}],"sig":[{"t":"9-2","s":"","d":{"X":-0.01,"Y":-0.8}},{"t":"X1","s":"","d":{"X":0.71,"Y":-0.603}}],"clr":{"R":200,"G":207,"B":244,"A":255}},"KY4-622-27":{"pid":"KY4-622","orb":3273.52,"per":15.25,"ang":282.37,"t":"ASTEROID","sp":"ASTEROID-4","s":22.9,"m":167,"gd":38.18,"wic":{},"woc":{},"wgc":{},"emm":[{"Type":"1","MainRange":81,"MainValue":0.25,"FarRange":101}],"sig":[{"t":"9-2","s":"","d":{"X":0.32,"Y":-0.88}},{"t":"X1","s":"","d":{"X":0.649,"Y":0.7}}],"clr":{"R":249,"G":186,"B":233,"A":255}},"KY4-622-28":{"pid":"KY4-622","orb":3288.82,"per":15.32,"ang":277.56,"t":"ASTEROID","sp":"ASTEROID-2","s":20.65,"m":122.31,"gd":34.41,"wic":{},"woc":{},"wgc":{},"emm":[{"Type":"1","MainRange":28,"MainValue":0.19,"FarRange":227}],"sig":[{"t":"9-2","s":"","d":{"X":-0.45,"Y":0.06}},{"t":"X1","s":"","d":{"X":-0.455,"Y":0.742}}],"clr":{"R":236,"G":217,"B":200,"A":255}},"KY4-622-29":{"pid":"KY4-622","orb":3255.71,"per":15.17,"ang":222.29,"t":"ASTEROID","sp":"ASTEROID-3","s":28.95,"m":337.02,"gd":48.25,"wic":{},"woc":{},"wgc":{},"emm":[{"Type":"1","MainRange":33,"MainValue":0.21,"FarRange":146}],"sig":[{"t":"9-2","s":"","d":{"X":0.19,"Y":0.44}},{"t":"X1","s":"","d":{"X":0.93,"Y":0.295}}],"clr":{"R":249,"G":177,"B":209,"A":255}},"KY4-622-3":{"pid":"KY4-622","orb":2687.78,"per":12.52,"ang":41.86,"t":"ASTEROID","sp":"ASTEROID-3","s":12.58,"m":27.71,"gd":20.98,"wic":{},"woc":{},"wgc":{},"emm":[{"Type":"1","MainRange":46,"MainValue":0.17,"FarRange":199}],"sig":[{"t":"9-2","s":"","d":{"X":-0.31,"Y":0.38}},{"t":"X1","s":"","d":{"X":-0.155,"Y":-0.592}}],"clr":{"R":191,"G":230,"B":242,"A":255}},"KY4-622-30":{"pid":"KY4-622","orb":3222.38,"per":15.01,"ang":127.84,"t":"ASTEROID","sp":"ASTEROID-2","s":16.75,"m":65.37,"gd":27.93,"wic":{},"woc":{},"wgc":{},"emm":[{"Type":"1","MainRange":66,"MainValue":0.29,"FarRange":97}],"sig":[{"t":"9-2","s":"","d":{"X":0.1,"Y":0.49}},{"t":"X1","s":"","d":{"X":0.148,"Y":0.574}}],"clr":{"R":196,"G":190,"B":254,"A":255}},"KY4-622-31":{"pid":"KY4-622","orb":3182.75,"per":14.83,"ang":112.51,"t":"ASTEROID","sp":"ASTEROID-1","s":14.19,"m":39.76,"gd":23.66,"wic":{},"woc":{},"wgc":{},"emm":[{"Type":"1","MainRange":39,"MainValue":0.12,"FarRange":174}],"sig":[{"t":"9-2","s":"","d":{"X":0.51,"Y":-0.44}},{"t":"X1","s":"","d":{"X":-0.496,"Y":-0.476}}],"clr":{"R":248,"G":238,"B":218,"A":255}},"KY4-622-32":{"pid":"KY4-622","orb":3524.69,"per":16.42,"ang":181.63,"t":"ASTEROID","sp":"ASTEROID-1","s":17.66,"m":76.54,"gd":29.44,"wic":{},"woc":{},"wgc":{},"emm":[{"Type":"1","MainRange":62,"MainValue":0.25,"FarRange":261}],"sig":[{"t":"9-2","s":"","d":{"X":-0.72,"Y":-0.37}},{"t":"X1","s":"","d":{"X":-0.099,"Y":0.218}}],"clr":{"R":242,"G":246,"B":212,"A":255}},"KY4-622-33":{"pid":"KY4-622","orb":4021.66,"per":18.74,"ang":149.27,"t":"ASTEROID","sp":"ASTEROID-5","s":21.36,"m":135.39,"gd":35.6,"wic":{},"woc":{},"wgc":{},"emm":[{"Type":"1","MainRange":76,"MainValue":0.23,"FarRange":157}],"sig":[{"t":"9-2","s":"","d":{"X":-0.16,"Y":0.57}},{"t":"X1","s":"","d":{"X":-0.152,"Y":0.336}}],"clr":{"R":240,"G":246,"B":193,"A":255}},"KY4-622-34":{"pid":"KY4-622","orb":3364.55,"per":15.68,"ang":57.47,"t":"ASTEROID","sp":"ASTEROID-2","s":19.52,"m":103.3,"gd":32.53,"wic":{},"woc":{},"wgc":{},"emm":[{"Type":"1","MainRange":46,"MainValue":0.12,"FarRange":156}],"sig":[{"t":"9-2","s":"","d":{"X":0.7,"Y":-0.06}},{"t":"X1","s":"","d":{"X":-0.426,"Y":0.096}}],"clr":{"R":234,"G":238,"B":251,"A":255}},"KY4-622-35":{"pid":"KY4-622","orb":3751.02,"per":17.48,"ang":28.64,"t":"ASTEROID","sp":"ASTEROID-5","s":14.94,"m":46.36,"gd":24.9,"wic":{},"woc":{},"wgc":{},"emm":[{"Type":"1","MainRange":38,"MainValue":0.32,"FarRange":168}],"sig":[{"t":"9-2","s":"","d":{"X":0.6,"Y":0.14}},{"t":"X1","s":"","d":{"X":-0.065,"Y":-0.883}}],"clr":{"R":252,"G":254,"B":252,"A":255}},"KY4-622-36":{"pid":"KY4-622","orb":2819.47,"per":13.13,"ang":318.46,"t":"ASTEROID","sp":"ASTEROID-5","s":21.64,"m":140.81,"gd":36.07,"wic":{},"woc":{},"wgc":{},"emm":[{"Type":"1","MainRange":46,"MainValue":0.15,"FarRange":208}],"sig":[{"t":"9-2","s":"","d":{"X":-0.52,"Y":-0.18}},{"t":"X1","s":"","d":{"X":0.159,"Y":0.641}}],"clr":{"R":224,"G":250,"B":205,"A":255}},"KY4-622-37":{"pid":"KY4-622","orb":2842.68,"per":13.24,"ang":167.26,"t":"ASTEROID","sp":"ASTEROID-5","s":18,"m":81.05,"gd":30,"wic":{},"woc":{},"wgc":{},"emm":[{"Type":"1","MainRange":54,"MainValue":0.26,"FarRange":182}],"sig":[{"t":"9-2","s":"","d":{"X":-0.55,"Y":0.63}},{"t":"X1","s":"","d":{"X":0.405,"Y":0.841}}],"clr":{"R":239,"G":214,"B":182,"A":255}},"KY4-622-38":{"pid":"KY4-622","orb":2848.83,"per":13.27,"ang":192.03,"t":"ASTEROID","sp":"ASTEROID-1","s":14.69,"m":44.07,"gd":24.49,"wic":{},"woc":{},"wgc":{},"emm":[{"Type":"1","MainRange":40,"MainValue":0.08,"FarRange":116}],"sig":[{"t":"9-2","s":"","d":{"X":0.13,"Y":-0.92}},{"t":"X1","s":"","d":{"X":-0.702,"Y":-0.104}}],"clr":{"R":207,"G":233,"B":187,"A":255}},"KY4-622-39":{"pid":"KY4-622","orb":3217.04,"per":14.99,"ang":300.29,"t":"ASTEROID","sp":"ASTEROID-5","s":19.49,"m":102.82,"gd":32.48,"wic":{},"woc":{},"wgc":{},"emm":[{"Type":"1","MainRange":44,"MainValue":0.18,"FarRange":177}],"sig":[{"t":"9-2","s":"","d":{"X":0.1,"Y":-0.46}},{"t":"X1","s":"","d":{"X":0.509,"Y":0.265}}],"clr":{"R":223,"G":203,"B":251,"A":255}},"KY4-622-4":{"pid":"KY4-622","orb":2938.39,"per":13.69,"ang":86.96,"t":"ASTEROID","sp":"ASTEROID-5","s":31.77,"m":445.74,"gd":52.96,"wic":{},"woc":{},"wgc":{},"emm":[{"Type":"1","MainRange":46,"MainValue":0.24,"FarRange":80}],"sig":[{"t":"9-2","s":"","d":{"X":-0.25,"Y":-0.41}},{"t":"X1","s":"","d":{"X":-0.043,"Y":0.42}}],"clr":{"R":210,"G":182,"B":231,"A":255}},"KY4-622-40":{"pid":"KY4-622","orb":2596.92,"per":12.1,"ang":238.85,"t":"ASTEROID","sp":"ASTEROID-4","s":15.43,"m":51.04,"gd":25.71,"wic":{},"woc":{},"wgc":{},"emm":[{"Type":"1","MainRange":49,"MainValue":0.13,"FarRange":190}],"sig":[{"t":"9-2","s":"","d":{"X":-0.26,"Y":-0.94}},{"t":"X1","s":"","d":{"X":0.112,"Y":0.98}}],"clr":{"R":215,"G":253,"B":216,"A":255}},"KY4-622-41":{"pid":"KY4-622","orb":3131.78,"per":14.59,"ang":45.24,"t":"ASTEROID","sp":"ASTEROID-5","s":21.77,"m":143.33,"gd":36.28,"wic":{},"woc":{},"wgc":{},"emm":[{"Type":"1","MainRange":53,"MainValue":0.16,"FarRange":207},{"Type":"11","MainRange":43,"MainValue":0.27,"FarRange":112},{"Type":"5","MainRange":65,"MainValue":0.24,"FarRange":100}],"sig":[{"t":"9-2","s":"","d":{"X":0.75,"Y":-0.06}},{"t":"X1","s":"","d":{"X":0.058,"Y":0.173}},{"t":"X11","s":"","d":{"X":0.168,"Y":-0.179}},{"t":"X5","s":"","d":{"X":0.167,"Y":-0.951}}],"clr":{"R":254,"G":252,"B":254,"A":255}},"KY4-622-42":{"pid":"KY4-622","orb":3225.18,"per":15.03,"ang":355.98,"t":"ASTEROID","sp":"ASTEROID-5","s":16.32,"m":60.38,"gd":27.2,"wic":{},"woc":{},"wgc":{},"emm":[{"Type":"1","MainRange":36,"MainValue":0.17,"FarRange":170}],"sig":[{"t":"9-2","s":"","d":{"X":0.01}},{"t":"X1","s":"","d":{"X":-0.212,"Y":-0.592}}],"clr":{"R":240,"G":192,"B":234,"A":255}},"KY4-622-43":{"pid":"KY4-622","orb":3534.15,"per":16.47,"ang":143.26,"t":"ASTEROID","sp":"ASTEROID-3","s":15.36,"m":50.33,"gd":25.6,"wic":{},"woc":{},"wgc":{},"emm":[{"Type":"1","MainRange":20,"MainValue":0.2,"FarRange":110}],"sig":[{"t":"9-2","s":"","d":{"X":-0.25,"Y":0.75}},{"t":"X1","s":"","d":{"X":-0.159,"Y":0.35}}],"clr":{"R":230,"G":243,"B":249,"A":255}},"KY4-622-44":{"pid":"KY4-622","orb":3373.95,"per":15.72,"ang":20.51,"t":"ASTEROID","sp":"ASTEROID-4","s":17.53,"m":74.92,"gd":29.23,"wic":{},"woc":{},"wgc":{},"emm":[{"Type":"1","MainRange":38,"MainValue":0.13,"FarRange":166}],"sig":[{"t":"9-2","s":"","d":{"X":-0.67,"Y":-0.16}},{"t":"X1","s":"","d":{"X":-0.221,"Y":0.772}}],"clr":{"R":174,"G":216,"B":240,"A":255}},"KY4-622-45":{"pid":"KY4-622","orb":3681.82,"per":17.15,"ang":36.41,"t":"ASTEROID","sp":"ASTEROID-3","s":20.87,"m":126.33,"gd":34.79,"wic":{},"woc":{},"wgc":{},"emm":[{"Type":"1","MainRange":27,"MainValue":0.19,"FarRange":179}],"sig":[{"t":"9-2","s":"","d":{"X":0.23,"Y":-0.57}},{"t":"X1","s":"","d":{"X":-0.185,"Y":-0.847}}],"clr":{"R":249,"G":225,"B":231,"A":255}},"KY4-622-46":{"pid":"KY4-622","orb":2966.51,"per":13.82,"ang":60.12,"t":"ASTEROID","sp":"ASTEROID-4","s":30.95,"m":412.05,"gd":51.59,"wic":{},"woc":{},"wgc":{},"emm":[{"Type":"1","MainRange":69,"MainValue":0.19,"FarRange":86}],"sig":[{"t":"9-2","s":"","d":{"X":-0.09,"Y":-0.83}},{"t":"X1","s":"","d":{"X":0.375,"Y":-0.282}}],"clr":{"R":241,"G":202,"B":173,"A":255}},"KY4-622-47":{"pid":"KY4-622","orb":3162.22,"per":14.73,"ang":154.18,"t":"ASTEROID","sp":"ASTEROID-4","s":16.58,"m":63.38,"gd":27.64,"wic":{},"woc":{},"wgc":{},"emm":[{"Type":"1","MainRange":57,"MainValue":0.18,"FarRange":96}],"sig":[{"t":"9-2","s":"","d":{"X":-0.23,"Y":-0.76}},{"t":"X1","s":"","d":{"X":-0.327,"Y":-0.251}}],"clr":{"R":240,"G":235,"B":253,"A":255}},"KY4-622-48":{"pid":"KY4-622","orb":3667.3,"per":17.09,"ang":84.74,"t":"ASTEROID","sp":"ASTEROID-3","s":18.02,"m":81.32,"gd":30.04,"wic":{},"woc":{},"wgc":{},"emm":[{"Type":"1","MainRange":57,"MainValue":0.24,"FarRange":128}],"sig":[{"t":"9-2","s":"","d":{"X":-0.5,"Y":-0.53}},{"t":"X1","s":"","d":{"X":0.761,"Y":0.361}}],"clr":{"R":250,"G":218,"B":215,"A":255}},"KY4-622-49":{"pid":"KY4-622","orb":3345.15,"per":15.58,"ang":117.07,"t":"ASTEROID","sp":"ASTEROID-5","s":15.88,"m":55.63,"gd":26.46,"wic":{},"woc":{},"wgc":{},"emm":[{"Type":"1","MainRange":36,"MainValue":0.19,"FarRange":93}],"sig":[{"t":"9-2","s":"","d":{"X":-0.8,"Y":0.39}},{"t":"X1","s":"","d":{"X":0.441,"Y":0.897}}],"clr":{"R":252,"G":230,"B":234,"A":255}},"KY4-622-5":{"pid":"KY4-622","orb":3324.93,"per":15.49,"ang":303.01,"t":"ASTEROID","sp":"ASTEROID-3","s":17.43,"m":73.65,"gd":29.06,"wic":{},"woc":{},"wgc":{},"emm":[{"Type":"1","MainRange":49,"MainValue":0.25,"FarRange":158}],"sig":[{"t":"9-2","s":"","d":{"X":0.3,"Y":0.78}},{"t":"X1","s":"","d":{"X":0.149,"Y":0.864}}],"clr":{"R":202,"G":178,"B":232,"A":255}},"KY4-622-50":{"pid":"KY4-622","orb":3749.08,"per":17.47,"ang":293.44,"t":"ASTEROID","sp":"ASTEROID-4","s":14,"m":38.18,"gd":23.34,"wic":{},"woc":{},"wgc":{},"emm":[{"Type":"1","MainRange":51,"MainValue":0.24,"FarRange":118}],"sig":[{"t":"9-2","s":"","d":{"X":0.66,"Y":-0.57}},{"t":"X1","s":"","d":{"X":0.584,"Y":0.561}}],"clr":{"R":219,"G":245,"B":238,"A":255}},"KY4-622-51":{"pid":"KY4-622","orb":3182.01,"per":14.82,"ang":20.09,"t":"ASTEROID","sp":"ASTEROID-5","s":27.26,"m":281.55,"gd":45.44,"wic":{},"woc":{},"wgc":{},"emm":[{"Type":"1","MainRange":63,"MainValue":0.14,"FarRange":144}],"sig":[{"t":"9-2","s":"","d":{"X":0.54,"Y":-0.81}},{"t":"X1","s":"","d":{"X":-0.526,"Y":-0.066}}],"clr":{"R":216,"G":200,"B":251,"A":255}},"KY4-622-52":{"pid":"KY4-622","orb":3094.64,"per":14.42,"ang":127.49,"t":"ASTEROID","sp":"ASTEROID-4","s":21.55,"m":139.12,"gd":35.92,"wic":{},"woc":{},"wgc":{},"emm":[{"Type":"1","MainRange":42,"MainValue":0.17,"FarRange":205}],"sig":[{"t":"9-2","s":"","d":{"X":0.21,"Y":-0.41}},{"t":"X1","s":"","d":{"X":0.023,"Y":0.398}}],"clr":{"R":251,"G":235,"B":205,"A":255}},"KY4-622-53":{"pid":"KY4-622","orb":3323.62,"per":15.48,"ang":284.2,"t":"ASTEROID","sp":"ASTEROID-4","s":10.33,"m":15.34,"gd":17.23,"wic":{},"woc":{},"wgc":{},"emm":[{"Type":"1","MainRange":47,"MainValue":0.17,"FarRange":202}],"sig":[{"t":"9-2","s":"","d":{"X":0.26,"Y":-0.7}},{"t":"X1","s":"","d":{"X":0.247,"Y":-0.52}}],"clr":{"R":231,"G":252,"B":227,"A":255}},"KY4-622-54":{"pid":"KY4-622","orb":3269.52,"per":15.23,"ang":40.77,"t":"ASTEROID","sp":"ASTEROID-2","s":32.28,"m":467.48,"gd":53.81,"wic":{},"woc":{},"wgc":{},"emm":[{"Type":"1","MainRange":46,"MainValue":0.22,"FarRange":95}],"sig":[{"t":"9-2","s":"","d":{"X":0.02,"Y":-0.71}},{"t":"X1","s":"","d":{"X":-0.765,"Y":-0.195}}],"clr":{"R":247,"G":201,"B":218,"A":255}},"KY4-622-55":{"pid":"KY4-622","orb":2728.22,"per":12.71,"ang":182.16,"t":"ASTEROID","sp":"ASTEROID-1","s":18.9,"m":93.77,"gd":31.5,"wic":{},"woc":{},"wgc":{},"emm":[{"Type":"1","MainRange":41,"MainValue":0.12,"FarRange":94}],"sig":[{"t":"9-2","s":"","d":{"X":0.5}},{"t":"X1","s":"","d":{"X":-0.031,"Y":-0.478}}],"clr":{"R":253,"G":240,"B":245,"A":255}},"KY4-622-56":{"pid":"KY4-622","orb":3090.27,"per":14.4,"ang":36.15,"t":"ASTEROID","sp":"ASTEROID-1","s":12.18,"m":25.1,"gd":20.3,"wic":{},"woc":{},"wgc":{},"emm":[{"Type":"1","MainRange":44,"MainValue":0.27,"FarRange":111}],"sig":[{"t":"9-2","s":"","d":{"X":0.26,"Y":0.74}},{"t":"X1","s":"","d":{"X":-0.969,"Y":-0.129}}],"clr":{"R":218,"G":247,"B":223,"A":255}},"KY4-622-6":{"pid":"KY4-622","orb":3600.66,"per":16.78,"ang":332.71,"t":"ASTEROID","sp":"ASTEROID-3","s":40.66,"m":934.22,"gd":67.78,"wic":{},"woc":{},"wgc":{},"emm":[{"Type":"1","MainRange":35,"MainValue":0.25,"FarRange":237}],"sig":[{"t":"9-2","s":"","d":{"X":0.34,"Y":-0.17}},{"t":"X1","s":"","d":{"X":0.491,"Y":-0.09}}],"clr":{"R":193,"G":245,"B":237,"A":255}},"KY4-622-7":{"pid":"KY4-622","orb":3095.84,"per":14.42,"ang":57.35,"t":"ASTEROID","sp":"ASTEROID-5","s":23.99,"m":191.97,"gd":39.99,"wic":{},"woc":{},"wgc":{},"emm":[{"Type":"1","MainRange":45,"MainValue":0.02,"FarRange":130}],"sig":[{"t":"9-2","s":"","d":{"X":0.25,"Y":0.44}},{"t":"X1","s":"","d":{"X":0.483,"Y":0.032}}],"clr":{"R":204,"G":247,"B":200,"A":255}},"KY4-622-8":{"pid":"KY4-622","orb":3044.85,"per":14.19,"ang":108.37,"t":"ASTEROID","sp":"ASTEROID-2","s":18.17,"m":83.38,"gd":30.29,"wic":{},"woc":{},"wgc":{},"emm":[{"Type":"1","MainRange":57,"MainValue":0.23,"FarRange":285}],"sig":[{"t":"9-2","s":"","d":{"X":-0.23,"Y":-0.76}},{"t":"X1","s":"","d":{"X":0.369,"Y":-0.303}}],"clr":{"R":247,"G":178,"B":221,"A":255}},"KY4-622-9":{"pid":"KY4-622","orb":2840.28,"per":13.23,"ang":294.95,"t":"ASTEROID","sp":"ASTEROID-1","s":24.5,"m":204.4,"gd":40.84,"wic":{},"woc":{},"wgc":{},"emm":[{"Type":"1","MainRange":72,"MainValue":0.21,"FarRange":134}],"sig":[{"t":"9-2","s":"","d":{"X":0.45,"Y":-0.87}},{"t":"X1","s":"","d":{"X":-0.615,"Y":0.53}}],"clr":{"R":253,"G":249,"B":248,"A":255}},"KY4-763":{"pid":"KY4-sv","orb":14625.04,"per":68.15,"t":"HARDPLANET","sp":"HARDPLANET-11","s":118.82,"m":97834.24,"gd":339.5,"wic":{},"woc":{},"wgc":{},"sig":[{"t":"0-2","s":"","d":{"X":0.1,"Y":0.83}},{"t":"1-2","s":"","d":{"X":0.13,"Y":0.83}},{"t":"7-2","s":"","d":{"X":-0.64,"Y":-0.67}},{"t":"8-1","s":"","d":{"X":0.97,"Y":-0.21}},{"t":"8-2","s":"","d":{"X":-0.02,"Y":0.92}},{"t":"9-2","s":"","d":{"X":-0.85,"Y":0.16}},{"t":"10-2","s":"","d":{"X":0.49,"Y":0.32}},{"t":"11-1","s":"","d":{"X":0.27,"Y":0.77}},{"t":"12-1","s":"","d":{"X":-0.53,"Y":0.71}},{"t":"13-2","s":"","d":{"X":-0.18,"Y":0.13}}],"clr":{"R":246,"G":197,"B":214,"A":255}},"KY4-S1":{"pid":"KY4-sv","orb":3091.5,"per":34.92,"t":"STAR","sp":"STAR-8","s":264.81,"m":1031680.15,"gd":882.7,"wic":{},"woc":{},"wgc":{},"emm":[{"Type":"2","MainRange":1155,"MainValue":3.19,"FarRange":2957}],"sig":[{"t":"X2","s":"","d":{"X":-0.023,"Y":0.024}}],"clr":{"R":228,"G":246,"B":234,"A":255}},"KY4-S2":{"pid":"KY4-sv2","orb":601.06,"per":7.91,"t":"STAR","sp":"STAR-7","s":103.06,"m":97304.38,"gd":343.53,"wic":{},"woc":{},"wgc":{},"emm":[{"Type":"2","MainRange":1595,"MainValue":5.98,"FarRange":4367}],"sig":[{"t":"X2","s":"","d":{"X":0.812,"Y":0.376}}],"clr":{"R":254,"G":187,"B":249,"A":255}},"KY4-S3":{"pid":"KY4-sv2","orb":510.25,"per":7.91,"ang":180,"t":"STAR","sp":"STAR-5","s":120.03,"m":153752.49,"gd":400.13,"wic":{},"woc":{},"wgc":{},"emm":[{"Type":"2","MainRange":1151,"MainValue":5.71,"FarRange":2816}],"sig":[{"t":"X2","s":"","d":{"X":-0.245,"Y":0.359}}],"clr":{"R":210,"G":251,"B":203,"A":255}},"KY4-sv":{"iv":true,"wic":{},"woc":{},"wgc":{},"clr":{}},"KY4-sv2":{"pid":"KY4-sv","iv":true,"orb":2739.6139162088166,"per":34.92293611070551,"ang":180,"wic":{},"woc":{},"wgc":{},"clr":{}}}}