{"SpawnDistance":2127.9280000000003,"Points":{"HO2-015":{"pid":"HO2-S","orb":1212.08,"per":20.2,"t":"GASPLANET","sp":"GASPLANET-20","s":204.41,"m":83045.94,"gd":340.69,"wic":{},"woc":{},"wgc":{},"sig":[{"t":"0-3","s":"","d":{"X":-0.63,"Y":-0.51}},{"t":"1-3","s":"","d":{"X":0.01,"Y":-0.73}},{"t":"3-1","s":"","d":{"X":-0.38,"Y":-0.03}},{"t":"6-3","s":"","d":{"X":-0.57,"Y":-0.17}},{"t":"7-2","s":"","d":{"X":-0.39,"Y":-0.32}},{"t":"7-3","s":"","d":{"X":-0.29,"Y":0.59}},{"t":"8-1","s":"","d":{"X":0.82,"Y":0.04}},{"t":"10-1","s":"","d":{"X":-0.25,"Y":0.01}},{"t":"11-1","s":"","d":{"X":0.8,"Y":-0.49}}],"clr":{"R":207,"G":245,"B":219,"A":255}},"HO2-448":{"pid":"HO2-S","orb":1934.48,"per":32.24,"t":"GASPLANET","sp":"GASPLANET-6","s":236.29,"m":128270.83,"gd":393.82,"wic":{},"woc":{},"wgc":{},"sig":[{"t":"0-2","s":"","d":{"X":-0.37,"Y":0.68}},{"t":"1-3","s":"","d":{"X":0.82,"Y":-0.08}},{"t":"3-1","s":"","d":{"X":0.6}},{"t":"6-3","s":"","d":{"X":0.39,"Y":-0.74}},{"t":"10-1","s":"","d":{"X":0.28,"Y":0.22}},{"t":"11-1","s":"","d":{"X":0.39,"Y":-0.33}}],"clr":{"R":197,"G":253,"B":183,"A":255}},"HO2-S":{"t":"STAR","sp":"STAR-8","s":398.37,"m":3512384.82,"gd":1327.91,"wic":{},"woc":{},"wgc":{},"emm":[{"Type":"2","MainRange":895,"MainValue":5.34,"FarRange":3022}],"sig":[{"t":"X2","s":"","d":{"X":0.771,"Y":-0.271}}],"clr":{"R":230,"G":244,"B":197,"A":255}}}}