{"SpawnDistance":14132.767,"Points":{"HY3-0-0":{"pid":"HY3-S","orb":1636.66,"per":27.27,"ang":95.17,"t":"ASTEROID","sp":"ASTEROID-5","s":21.6,"m":139.98,"gd":36,"wic":{},"woc":{},"wgc":{},"emm":[{"Type":"1","MainRange":71,"MainValue":0.13,"FarRange":133},{"Type":"6","MainRange":55,"MainValue":0.19,"FarRange":107}],"sig":[{"t":"9-1","s":"","d":{"X":0.56,"Y":0.66}},{"t":"X1","s":"","d":{"X":-0.187,"Y":-0.918}},{"t":"X6","s":"","d":{"X":-0.46,"Y":-0.619}}],"clr":{"R":207,"G":240,"B":218,"A":255}},"HY3-0-1":{"pid":"HY3-S","orb":1699.8,"per":28.33,"ang":150.44,"t":"ASTEROID","sp":"ASTEROID-3","s":18.38,"m":86.34,"gd":30.64,"wic":{},"woc":{},"wgc":{},"emm":[{"Type":"1","MainRange":60,"MainValue":0.2,"FarRange":261}],"sig":[{"t":"9-1","s":"","d":{"X":-0.41,"Y":0.24}},{"t":"X1","s":"","d":{"X":0.558,"Y":0.738}}],"clr":{"R":198,"G":240,"B":253,"A":255}},"HY3-0-10":{"pid":"HY3-S","orb":1757.17,"per":29.28,"ang":242.73,"t":"ASTEROID","sp":"ASTEROID-4","s":8.84,"m":9.6,"gd":14.73,"wic":{},"woc":{},"wgc":{},"emm":[{"Type":"1","MainRange":42,"MainValue":0.31,"FarRange":125}],"sig":[{"t":"9-1","s":"","d":{"X":-0.39,"Y":-0.27}},{"t":"X1","s":"","d":{"X":0.002,"Y":0.845}}],"clr":{"R":246,"G":254,"B":250,"A":255}},"HY3-0-11":{"pid":"HY3-S","orb":1884.51,"per":31.4,"ang":187.15,"t":"ASTEROID","sp":"ASTEROID-3","s":28.01,"m":305.53,"gd":46.69,"wic":{},"woc":{},"wgc":{},"emm":[{"Type":"1","MainRange":48,"MainValue":0.34,"FarRange":99}],"sig":[{"t":"9-1","s":"","d":{"X":-0.81,"Y":0.18}},{"t":"X1","s":"","d":{"X":-0.501,"Y":-0.797}}],"clr":{"R":219,"G":239,"B":205,"A":255}},"HY3-0-12":{"pid":"HY3-S","orb":1490.92,"per":24.84,"ang":65.59,"t":"ASTEROID","sp":"ASTEROID-5","s":21.21,"m":132.62,"gd":35.35,"wic":{},"woc":{},"wgc":{},"emm":[{"Type":"1","MainRange":63,"MainValue":0.22,"FarRange":122}],"sig":[{"t":"9-1","s":"","d":{"X":0.05,"Y":0.05}},{"t":"X1","s":"","d":{"X":-0.529,"Y":0.098}}],"clr":{"R":250,"G":253,"B":243,"A":255}},"HY3-0-13":{"pid":"HY3-S","orb":1725.22,"per":28.75,"ang":155.08,"t":"ASTEROID","sp":"ASTEROID-2","s":18.61,"m":89.54,"gd":31.01,"wic":{},"woc":{},"wgc":{},"emm":[{"Type":"1","MainRange":35,"MainValue":0.11,"FarRange":146}],"sig":[{"t":"9-1","s":"","d":{"X":-0.84,"Y":0.19}},{"t":"X1","s":"","d":{"X":-0.392,"Y":0.179}}],"clr":{"R":254,"G":253,"B":254,"A":255}},"HY3-0-14":{"pid":"HY3-S","orb":1664.25,"per":27.73,"ang":3.05,"t":"ASTEROID","sp":"ASTEROID-1","s":25.02,"m":217.78,"gd":41.71,"wic":{},"woc":{},"wgc":{},"emm":[{"Type":"1","MainRange":53,"MainValue":0.17,"FarRange":192}],"sig":[{"t":"9-1","s":"","d":{"X":0.69,"Y":-0.28}},{"t":"X1","s":"","d":{"X":-0.873,"Y":-0.004}}],"clr":{"R":195,"G":201,"B":254,"A":255}},"HY3-0-15":{"pid":"HY3-S","orb":1584.92,"per":26.41,"ang":198.52,"t":"ASTEROID","sp":"ASTEROID-5","s":18.24,"m":84.35,"gd":30.4,"wic":{},"woc":{},"wgc":{},"emm":[{"Type":"1","MainRange":59,"MainValue":0.24,"FarRange":113}],"sig":[{"t":"9-1","s":"","d":{"X":0.33,"Y":-0.34}},{"t":"X1","s":"","d":{"X":0.042,"Y":0.883}}],"clr":{"R":174,"G":250,"B":183,"A":255}},"HY3-0-16":{"pid":"HY3-S","orb":1841.08,"per":30.68,"ang":192.79,"t":"ASTEROID","sp":"ASTEROID-1","s":14.94,"m":46.35,"gd":24.9,"wic":{},"woc":{},"wgc":{},"emm":[{"Type":"1","MainRange":39,"MainValue":0.23,"FarRange":152}],"sig":[{"t":"9-1","s":"","d":{"X":-0.05,"Y":-0.33}},{"t":"X1","s":"","d":{"X":0.65,"Y":0.428}}],"clr":{"R":249,"G":193,"B":186,"A":255}},"HY3-0-17":{"pid":"HY3-S","orb":1741.17,"per":29.01,"ang":215.28,"t":"ASTEROID","sp":"ASTEROID-2","s":21.13,"m":131.05,"gd":35.21,"wic":{},"woc":{},"wgc":{},"emm":[{"Type":"1","MainRange":57,"MainValue":0.21,"FarRange":140}],"sig":[{"t":"9-1","s":"","d":{"X":-0.37,"Y":0.75}},{"t":"X1","s":"","d":{"X":0.818,"Y":0.317}}],"clr":{"R":177,"G":237,"B":252,"A":255}},"HY3-0-18":{"pid":"HY3-S","orb":1428.77,"per":23.81,"ang":167.6,"t":"ASTEROID","sp":"ASTEROID-4","s":24.35,"m":200.72,"gd":40.59,"wic":{},"woc":{},"wgc":{},"emm":[{"Type":"1","MainRange":53,"MainValue":0.13,"FarRange":76}],"sig":[{"t":"9-1","s":"","d":{"X":-0.31,"Y":0.91}},{"t":"X1","s":"","d":{"X":-0.16,"Y":0.815}}],"clr":{"R":222,"G":231,"B":247,"A":255}},"HY3-0-19":{"pid":"HY3-S","orb":1779.03,"per":29.65,"ang":137.13,"t":"ASTEROID","sp":"ASTEROID-3","s":15.49,"m":51.64,"gd":25.82,"wic":{},"woc":{},"wgc":{},"emm":[{"Type":"1","MainRange":63,"MainValue":0.1,"FarRange":158}],"sig":[{"t":"9-1","s":"","d":{"X":-0.71,"Y":0.69}},{"t":"X1","s":"","d":{"X":-0.383,"Y":-0.482}}],"clr":{"R":189,"G":224,"B":238,"A":255}},"HY3-0-2":{"pid":"HY3-S","orb":1874.61,"per":31.24,"ang":70.91,"t":"ASTEROID","sp":"ASTEROID-5","s":25.85,"m":240.17,"gd":43.09,"wic":{},"woc":{},"wgc":{},"emm":[{"Type":"1","MainRange":41,"MainValue":0.14,"FarRange":165}],"sig":[{"t":"9-1","s":"","d":{"X":0.62,"Y":-0.78}},{"t":"X1","s":"","d":{"X":0.748,"Y":0.561}}],"clr":{"R":252,"G":254,"B":252,"A":255}},"HY3-0-20":{"pid":"HY3-S","orb":1671.25,"per":27.85,"ang":26.26,"t":"ASTEROID","sp":"ASTEROID-4","s":13.62,"m":35.1,"gd":22.7,"wic":{},"woc":{},"wgc":{},"emm":[{"Type":"1","MainRange":58,"MainValue":0.1,"FarRange":129}],"sig":[{"t":"9-1","s":"","d":{"X":0.73,"Y":-0.26}},{"t":"X1","s":"","d":{"X":0.121,"Y":0.861}}],"clr":{"R":239,"G":250,"B":162,"A":255}},"HY3-0-21":{"pid":"HY3-S","orb":1558.31,"per":25.97,"ang":74.21,"t":"ASTEROID","sp":"ASTEROID-4","s":13.42,"m":33.58,"gd":22.37,"wic":{},"woc":{},"wgc":{},"emm":[{"Type":"1","MainRange":56,"MainValue":0.1,"FarRange":80}],"sig":[{"t":"9-1","s":"","d":{"X":-0.8,"Y":0.34}},{"t":"X1","s":"","d":{"X":0.101,"Y":-0.606}}],"clr":{"R":241,"G":248,"B":225,"A":255}},"HY3-0-22":{"pid":"HY3-S","orb":1756.76,"per":29.27,"ang":190.65,"t":"ASTEROID","sp":"ASTEROID-4","s":19.01,"m":95.43,"gd":31.68,"wic":{},"woc":{},"wgc":{},"emm":[{"Type":"1","MainRange":37,"MainValue":0.18,"FarRange":81},{"Type":"5","MainRange":30,"MainValue":0.18,"FarRange":279},{"Type":"14","MainRange":48,"MainValue":0.27,"FarRange":108},{"Type":"2","MainRange":48,"MainValue":0.32,"FarRange":118}],"sig":[{"t":"9-1","s":"","d":{"X":-0.22,"Y":-0.37}},{"t":"X1","s":"","d":{"X":0.138,"Y":0.44}},{"t":"X5","s":"","d":{"X":-0.011,"Y":-0.613}},{"t":"X14","s":"","d":{"X":0.964,"Y":-0.202}},{"t":"X2","s":"","d":{"X":-0.528,"Y":-0.067}}],"clr":{"R":253,"G":238,"B":226,"A":255}},"HY3-0-23":{"pid":"HY3-S","orb":1748.91,"per":29.14,"ang":122.32,"t":"ASTEROID","sp":"ASTEROID-2","s":16.88,"m":66.91,"gd":28.14,"wic":{},"woc":{},"wgc":{},"emm":[{"Type":"1","MainRange":61,"MainValue":0.27,"FarRange":124},{"Type":"2","MainRange":59,"MainValue":0.24,"FarRange":179},{"Type":"5","MainRange":70,"MainValue":0.2,"FarRange":121}],"sig":[{"t":"9-1","s":"","d":{"X":-0.88,"Y":-0.1}},{"t":"X1","s":"","d":{"X":-0.119,"Y":0.44}},{"t":"X2","s":"","d":{"X":-0.074,"Y":-0.713}},{"t":"X5","s":"","d":{"X":0.529,"Y":-0.355}}],"clr":{"R":229,"G":251,"B":226,"A":255}},"HY3-0-24":{"pid":"HY3-S","orb":1816.48,"per":30.27,"ang":87.39,"t":"ASTEROID","sp":"ASTEROID-5","s":29.78,"m":366.87,"gd":49.63,"wic":{},"woc":{},"wgc":{},"emm":[{"Type":"1","MainRange":30,"MainValue":0.14,"FarRange":168}],"sig":[{"t":"9-1","s":"","d":{"X":0.25,"Y":-0.6}},{"t":"X1","s":"","d":{"X":-0.457,"Y":0.541}}],"clr":{"R":223,"G":192,"B":243,"A":255}},"HY3-0-25":{"pid":"HY3-S","orb":1979.13,"per":32.98,"ang":232.5,"t":"ASTEROID","sp":"ASTEROID-2","s":14.88,"m":45.84,"gd":24.81,"wic":{},"woc":{},"wgc":{},"emm":[{"Type":"1","MainRange":51,"MainValue":0.21,"FarRange":124}],"sig":[{"t":"9-1","s":"","d":{"X":0.3,"Y":-0.39}},{"t":"X1","s":"","d":{"X":-0.501,"Y":-0.247}}],"clr":{"R":232,"G":247,"B":226,"A":255}},"HY3-0-26":{"pid":"HY3-S","orb":1694.08,"per":28.23,"ang":268.54,"t":"ASTEROID","sp":"ASTEROID-2","s":12.51,"m":27.24,"gd":20.86,"wic":{},"woc":{},"wgc":{},"emm":[{"Type":"1","MainRange":69,"MainValue":0.27,"FarRange":173}],"sig":[{"t":"9-1","s":"","d":{"X":0.31,"Y":-0.17}},{"t":"X1","s":"","d":{"X":0.769,"Y":-0.221}}],"clr":{"R":254,"G":249,"B":249,"A":255}},"HY3-0-27":{"pid":"HY3-S","orb":1659.14,"per":27.65,"ang":93.71,"t":"ASTEROID","sp":"ASTEROID-2","s":17.44,"m":73.77,"gd":29.07,"wic":{},"woc":{},"wgc":{},"emm":[{"Type":"1","MainRange":64,"MainValue":0.18,"FarRange":218}],"sig":[{"t":"9-1","s":"","d":{"X":-0.16,"Y":0.76}},{"t":"X1","s":"","d":{"X":-0.892,"Y":-0.263}}],"clr":{"R":254,"G":252,"B":240,"A":255}},"HY3-0-28":{"pid":"HY3-S","orb":1779.02,"per":29.65,"ang":20.94,"t":"ASTEROID","sp":"ASTEROID-4","s":17.58,"m":75.53,"gd":29.3,"wic":{},"woc":{},"wgc":{},"emm":[{"Type":"1","MainRange":29,"MainValue":0.19,"FarRange":56},{"Type":"11","MainRange":52,"MainValue":0.19,"FarRange":211}],"sig":[{"t":"9-1","s":"","d":{"X":0.88,"Y":0.4}},{"t":"X1","s":"","d":{"X":0.242,"Y":0.011}},{"t":"X11","s":"","d":{"X":-0.275,"Y":0.829}}],"clr":{"R":220,"G":237,"B":199,"A":255}},"HY3-0-29":{"pid":"HY3-S","orb":1811.63,"per":30.19,"ang":154.96,"t":"ASTEROID","sp":"ASTEROID-3","s":12.3,"m":25.87,"gd":20.5,"wic":{},"woc":{},"wgc":{},"emm":[{"Type":"1","MainRange":88,"MainValue":0.31,"FarRange":184},{"Type":"6","MainRange":46,"MainValue":0.16,"FarRange":151},{"Type":"5","MainRange":51,"MainValue":0.11,"FarRange":225}],"sig":[{"t":"9-1","s":"","d":{"X":0.09,"Y":-0.15}},{"t":"X1","s":"","d":{"X":-0.195,"Y":0.781}},{"t":"X6","s":"","d":{"X":0.658,"Y":0.328}},{"t":"X5","s":"","d":{"X":-0.564,"Y":0.48}}],"clr":{"R":242,"G":253,"B":247,"A":255}},"HY3-0-3":{"pid":"HY3-S","orb":1954.95,"per":32.58,"ang":106.1,"t":"ASTEROID","sp":"ASTEROID-2","s":14.06,"m":38.66,"gd":23.44,"wic":{},"woc":{},"wgc":{},"emm":[{"Type":"1","MainRange":29,"MainValue":0.19,"FarRange":176}],"sig":[{"t":"9-1","s":"","d":{"X":-0.03,"Y":-0.73}},{"t":"X1","s":"","d":{"X":-0.105,"Y":0.708}}],"clr":{"R":234,"G":248,"B":224,"A":255}},"HY3-0-30":{"pid":"HY3-S","orb":1726.72,"per":28.77,"ang":100.8,"t":"ASTEROID","sp":"ASTEROID-3","s":31.89,"m":450.56,"gd":53.15,"wic":{},"woc":{},"wgc":{},"emm":[{"Type":"1","MainRange":42,"MainValue":0.28,"FarRange":148}],"sig":[{"t":"9-1","s":"","d":{"X":0.24,"Y":-0.28}},{"t":"X1","s":"","d":{"X":-0.372,"Y":-0.214}}],"clr":{"R":210,"G":235,"B":184,"A":255}},"HY3-0-31":{"pid":"HY3-S","orb":1619.08,"per":26.98,"ang":289.46,"t":"ASTEROID","sp":"ASTEROID-5","s":19.94,"m":110.23,"gd":33.24,"wic":{},"woc":{},"wgc":{},"emm":[{"Type":"1","MainRange":52,"MainValue":0.16,"FarRange":189}],"sig":[{"t":"9-1","s":"","d":{"X":-0.14,"Y":0.38}},{"t":"X1","s":"","d":{"X":-0.443,"Y":0.5}}],"clr":{"R":251,"G":252,"B":244,"A":255}},"HY3-0-32":{"pid":"HY3-S","orb":1960.21,"per":32.67,"ang":278.7,"t":"ASTEROID","sp":"ASTEROID-5","s":23.16,"m":172.71,"gd":38.61,"wic":{},"woc":{},"wgc":{},"emm":[{"Type":"1","MainRange":41,"MainValue":0.18,"FarRange":115}],"sig":[{"t":"9-1","s":"","d":{"X":0.15}},{"t":"X1","s":"","d":{"X":-0.076,"Y":-0.198}}],"clr":{"R":207,"G":189,"B":235,"A":255}},"HY3-0-33":{"pid":"HY3-S","orb":1633.82,"per":27.23,"ang":96.61,"t":"ASTEROID","sp":"ASTEROID-5","s":22.87,"m":166.17,"gd":38.11,"wic":{},"woc":{},"wgc":{},"emm":[{"Type":"1","MainRange":40,"MainValue":0.21,"FarRange":145}],"sig":[{"t":"9-1","s":"","d":{"X":-0.56,"Y":-0.37}},{"t":"X1","s":"","d":{"X":0.085,"Y":0.24}}],"clr":{"R":224,"G":239,"B":254,"A":255}},"HY3-0-34":{"pid":"HY3-S","orb":1950.45,"per":32.5,"ang":220.39,"t":"ASTEROID","sp":"ASTEROID-3","s":28.77,"m":330.93,"gd":47.95,"wic":{},"woc":{},"wgc":{},"emm":[{"Type":"1","MainRange":53,"MainValue":0.29,"FarRange":173}],"sig":[{"t":"9-1","s":"","d":{"X":0.97,"Y":-0.08}},{"t":"X1","s":"","d":{"X":0.679,"Y":-0.225}}],"clr":{"R":243,"G":254,"B":244,"A":255}},"HY3-0-35":{"pid":"HY3-S","orb":1801.38,"per":30.02,"ang":139.43,"t":"ASTEROID","sp":"ASTEROID-5","s":13.65,"m":35.32,"gd":22.75,"wic":{},"woc":{},"wgc":{},"emm":[{"Type":"1","MainRange":46,"MainValue":0.3,"FarRange":156},{"Type":"3","MainRange":43,"MainValue":0.27,"FarRange":151}],"sig":[{"t":"9-1","s":"","d":{"X":-0.2,"Y":0.94}},{"t":"X1","s":"","d":{"X":-0.863,"Y":0.163}},{"t":"X3","s":"","d":{"X":-0.475,"Y":0.266}}],"clr":{"R":252,"G":198,"B":186,"A":255}},"HY3-0-36":{"pid":"HY3-S","orb":1433.61,"per":23.89,"ang":39.46,"t":"ASTEROID","sp":"ASTEROID-5","s":24.41,"m":202.09,"gd":40.68,"wic":{},"woc":{},"wgc":{},"emm":[{"Type":"1","MainRange":35,"MainValue":0.24,"FarRange":152}],"sig":[{"t":"9-1","s":"","d":{"X":-0.92,"Y":-0.24}},{"t":"X1","s":"","d":{"X":-0.114,"Y":0.919}}],"clr":{"R":249,"G":240,"B":252,"A":255}},"HY3-0-37":{"pid":"HY3-S","orb":1698.96,"per":28.31,"ang":270.98,"t":"ASTEROID","sp":"ASTEROID-2","s":10.87,"m":17.85,"gd":18.12,"wic":{},"woc":{},"wgc":{},"emm":[{"Type":"1","MainRange":72,"MainValue":0.12,"FarRange":206},{"Type":"6","MainRange":69,"MainValue":0.27,"FarRange":133}],"sig":[{"t":"9-1","s":"","d":{"X":0.13,"Y":0.05}},{"t":"X1","s":"","d":{"X":-0.178,"Y":-0.948}},{"t":"X6","s":"","d":{"X":0.472,"Y":-0.101}}],"clr":{"R":164,"G":218,"B":248,"A":255}},"HY3-0-38":{"pid":"HY3-S","orb":1634.2,"per":27.23,"ang":271.31,"t":"ASTEROID","sp":"ASTEROID-3","s":15.98,"m":56.72,"gd":26.64,"wic":{},"woc":{},"wgc":{},"emm":[{"Type":"1","MainRange":34,"MainValue":0.26,"FarRange":178}],"sig":[{"t":"9-1","s":"","d":{"X":0.85,"Y":-0.17}},{"t":"X1","s":"","d":{"X":-0.338,"Y":-0.596}}],"clr":{"R":218,"G":248,"B":181,"A":255}},"HY3-0-4":{"pid":"HY3-S","orb":1979.38,"per":32.98,"ang":114.16,"t":"ASTEROID","sp":"ASTEROID-2","s":22.45,"m":157.15,"gd":37.41,"wic":{},"woc":{},"wgc":{},"emm":[{"Type":"1","MainRange":64,"MainValue":0.12,"FarRange":78},{"Type":"19","MainRange":61,"MainValue":0.26,"FarRange":103},{"Type":"16","MainRange":41,"MainValue":0.17,"FarRange":189}],"sig":[{"t":"9-1","s":"","d":{"X":-0.99,"Y":0.02}},{"t":"X1","s":"","d":{"X":-0.332,"Y":-0.4}},{"t":"X19","s":"","d":{"X":-0.716,"Y":0.448}},{"t":"X16","s":"","d":{"X":0.913,"Y":0.067}}],"clr":{"R":228,"G":248,"B":246,"A":255}},"HY3-0-5":{"pid":"HY3-S","orb":1763.33,"per":29.38,"ang":60.98,"t":"ASTEROID","sp":"ASTEROID-4","s":19.42,"m":101.79,"gd":32.37,"wic":{},"woc":{},"wgc":{},"emm":[{"Type":"1","MainRange":61,"MainValue":0.18,"FarRange":175}],"sig":[{"t":"9-1","s":"","d":{"X":-0.59,"Y":0.08}},{"t":"X1","s":"","d":{"X":-0.468,"Y":-0.513}}],"clr":{"R":249,"G":227,"B":225,"A":255}},"HY3-0-6":{"pid":"HY3-S","orb":1871.53,"per":31.19,"ang":142.49,"t":"ASTEROID","sp":"ASTEROID-4","s":14.12,"m":39.14,"gd":23.54,"wic":{},"woc":{},"wgc":{},"emm":[{"Type":"1","MainRange":51,"MainValue":0.24,"FarRange":116}],"sig":[{"t":"9-1","s":"","d":{"X":-0.11,"Y":0.74}},{"t":"X1","s":"","d":{"X":-0.317,"Y":-0.317}}],"clr":{"R":248,"G":248,"B":203,"A":255}},"HY3-0-7":{"pid":"HY3-S","orb":1945.88,"per":32.43,"ang":182.3,"t":"ASTEROID","sp":"ASTEROID-4","s":16.54,"m":62.93,"gd":27.57,"wic":{},"woc":{},"wgc":{},"emm":[{"Type":"1","MainRange":46,"MainValue":0.18,"FarRange":196}],"sig":[{"t":"9-1","s":"","d":{"X":-0.7,"Y":0.21}},{"t":"X1","s":"","d":{"X":0.209,"Y":-0.138}}],"clr":{"R":228,"G":241,"B":183,"A":255}},"HY3-0-8":{"pid":"HY3-S","orb":1725.42,"per":28.75,"ang":52.56,"t":"ASTEROID","sp":"ASTEROID-3","s":20.17,"m":114.05,"gd":33.62,"wic":{},"woc":{},"wgc":{},"emm":[{"Type":"1","MainRange":42,"MainValue":0.18,"FarRange":166}],"sig":[{"t":"9-1","s":"","d":{"X":-0.02,"Y":-0.29}},{"t":"X1","s":"","d":{"X":0.458,"Y":0.582}}],"clr":{"R":177,"G":252,"B":167,"A":255}},"HY3-0-9":{"pid":"HY3-S","orb":1851.47,"per":30.85,"ang":6.09,"t":"ASTEROID","sp":"ASTEROID-3","s":26.33,"m":253.69,"gd":43.89,"wic":{},"woc":{},"wgc":{},"emm":[{"Type":"1","MainRange":27,"MainValue":0.28,"FarRange":98},{"Type":"19","MainRange":47,"MainValue":0.25,"FarRange":143},{"Type":"2","MainRange":29,"MainValue":0.17,"FarRange":120},{"Type":"11","MainRange":52,"MainValue":0.2,"FarRange":132},{"Type":"26","MainRange":44,"MainValue":0.25,"FarRange":213}],"sig":[{"t":"9-1","s":"","d":{"X":-0.67,"Y":0.21}},{"t":"X1","s":"","d":{"X":-0.392,"Y":-0.106}},{"t":"X19","s":"","d":{"X":-0.421,"Y":0.886}},{"t":"X2","s":"","d":{"X":-0.737,"Y":-0.042}},{"t":"X11","s":"","d":{"X":-0.17,"Y":-0.66}},{"t":"X26","s":"","d":{"X":-0.948,"Y":0.201}}],"clr":{"R":249,"G":234,"B":237,"A":255}},"HY3-2-0":{"pid":"HY3-S","orb":11342.59,"per":189.04,"ang":86.13,"t":"ASTEROID","sp":"ASTEROID-5","s":25.56,"m":232.09,"gd":42.61,"wic":{},"woc":{},"wgc":{},"emm":[{"Type":"1","MainRange":43,"MainValue":0.14,"FarRange":178}],"sig":[{"t":"9-1","s":"","d":{"X":0.57,"Y":0.28}},{"t":"X1","s":"","d":{"X":-0.678,"Y":0.1}}],"clr":{"R":248,"G":235,"B":220,"A":255}},"HY3-2-1":{"pid":"HY3-S","orb":10970.86,"per":182.84,"ang":220.7,"t":"ASTEROID","sp":"ASTEROID-5","s":24.88,"m":213.97,"gd":41.47,"wic":{},"woc":{},"wgc":{},"emm":[{"Type":"1","MainRange":31,"MainValue":0.11,"FarRange":180}],"sig":[{"t":"9-1","s":"","d":{"X":-0.21,"Y":0.25}},{"t":"X1","s":"","d":{"X":-0.34,"Y":0.588}}],"clr":{"R":243,"G":236,"B":168,"A":255}},"HY3-2-10":{"pid":"HY3-S","orb":11476.27,"per":191.27,"ang":179.01,"t":"ASTEROID","sp":"ASTEROID-1","s":14.35,"m":41.06,"gd":23.92,"wic":{},"woc":{},"wgc":{},"emm":[{"Type":"1","MainRange":64,"MainValue":0.19,"FarRange":124}],"sig":[{"t":"9-1","s":"","d":{"X":-0.08,"Y":0.76}},{"t":"X1","s":"","d":{"X":0.12,"Y":-0.035}}],"clr":{"R":244,"G":251,"B":246,"A":255}},"HY3-2-11":{"pid":"HY3-S","orb":7391.25,"per":123.18,"ang":325.81,"t":"ASTEROID","sp":"ASTEROID-1","s":17.81,"m":78.52,"gd":29.69,"wic":{},"woc":{},"wgc":{},"emm":[{"Type":"1","MainRange":40,"MainValue":0.23,"FarRange":207}],"sig":[{"t":"9-1","s":"","d":{"X":-0.95,"Y":-0.2}},{"t":"X1","s":"","d":{"X":-0.23,"Y":-0.451}}],"clr":{"R":238,"G":253,"B":233,"A":255}},"HY3-2-12":{"pid":"HY3-S","orb":9304.12,"per":155.06,"ang":241.66,"t":"ASTEROID","sp":"ASTEROID-2","s":20.84,"m":125.85,"gd":34.74,"wic":{},"woc":{},"wgc":{},"emm":[{"Type":"1","MainRange":49,"MainValue":0.24,"FarRange":72}],"sig":[{"t":"9-1","s":"","d":{"X":0.77,"Y":-0.63}},{"t":"X1","s":"","d":{"X":0.886,"Y":0.208}}],"clr":{"R":254,"G":253,"B":250,"A":255}},"HY3-2-13":{"pid":"HY3-S","orb":9766.44,"per":162.77,"ang":58.96,"t":"ASTEROID","sp":"ASTEROID-2","s":31.09,"m":417.47,"gd":51.82,"wic":{},"woc":{},"wgc":{},"emm":[{"Type":"1","MainRange":50,"MainValue":0.22,"FarRange":174}],"sig":[{"t":"9-1","s":"","d":{"X":-0.94,"Y":-0.29}},{"t":"X1","s":"","d":{"X":-0.467,"Y":-0.667}}],"clr":{"R":236,"G":251,"B":231,"A":255}},"HY3-2-14":{"pid":"HY3-S","orb":12732.64,"per":212.21,"ang":300.23,"t":"ASTEROID","sp":"ASTEROID-1","s":21,"m":128.71,"gd":35,"wic":{},"woc":{},"wgc":{},"emm":[{"Type":"1","MainRange":43,"MainValue":0.24,"FarRange":239}],"sig":[{"t":"9-1","s":"","d":{"X":-0.45,"Y":-0.81}},{"t":"X1","s":"","d":{"X":0.281,"Y":-0.323}}],"clr":{"R":254,"G":250,"B":252,"A":255}},"HY3-2-15":{"pid":"HY3-S","orb":9731.42,"per":162.19,"ang":232.36,"t":"ASTEROID","sp":"ASTEROID-2","s":21.15,"m":131.42,"gd":35.25,"wic":{},"woc":{},"wgc":{},"emm":[{"Type":"1","MainRange":45,"MainValue":0.23,"FarRange":123}],"sig":[{"t":"9-1","s":"","d":{"X":0.29,"Y":0.43}},{"t":"X1","s":"","d":{"X":0.398,"Y":0.617}}],"clr":{"R":250,"G":211,"B":247,"A":255}},"HY3-2-16":{"pid":"HY3-S","orb":9414.32,"per":156.9,"ang":77.3,"t":"ASTEROID","sp":"ASTEROID-4","s":27.71,"m":295.58,"gd":46.18,"wic":{},"woc":{},"wgc":{},"emm":[{"Type":"1","MainRange":58,"MainValue":0.21,"FarRange":148}],"sig":[{"t":"9-1","s":"","d":{"X":0.11,"Y":0.61}},{"t":"X1","s":"","d":{"X":-0.355,"Y":0.197}}],"clr":{"R":252,"G":220,"B":253,"A":255}},"HY3-2-17":{"pid":"HY3-S","orb":10800.98,"per":180.01,"ang":278.8,"t":"ASTEROID","sp":"ASTEROID-2","s":21.48,"m":137.8,"gd":35.81,"wic":{},"woc":{},"wgc":{},"emm":[{"Type":"1","MainRange":62,"MainValue":0.17,"FarRange":108},{"Type":"10","MainRange":33,"MainValue":0.26,"FarRange":134}],"sig":[{"t":"9-1","s":"","d":{"X":-0.19,"Y":0.12}},{"t":"X1","s":"","d":{"X":-0.419,"Y":0.266}},{"t":"X10","s":"","d":{"X":0.745,"Y":-0.654}}],"clr":{"R":234,"G":247,"B":211,"A":255}},"HY3-2-18":{"pid":"HY3-S","orb":10592.38,"per":176.53,"ang":152.06,"t":"ASTEROID","sp":"ASTEROID-4","s":16.98,"m":68.06,"gd":28.3,"wic":{},"woc":{},"wgc":{},"emm":[{"Type":"1","MainRange":34,"MainValue":0.28,"FarRange":115}],"sig":[{"t":"9-1","s":"","d":{"X":0.65,"Y":-0.7}},{"t":"X1","s":"","d":{"X":0.23,"Y":-0.684}}],"clr":{"R":221,"G":253,"B":188,"A":255}},"HY3-2-19":{"pid":"HY3-S","orb":9792.26,"per":163.2,"ang":170.02,"t":"ASTEROID","sp":"ASTEROID-4","s":23.72,"m":185.44,"gd":39.53,"wic":{},"woc":{},"wgc":{},"emm":[{"Type":"1","MainRange":51,"MainValue":0.18,"FarRange":142}],"sig":[{"t":"9-1","s":"","d":{"X":-0.71,"Y":-0.63}},{"t":"X1","s":"","d":{"X":0.106,"Y":-0.844}}],"clr":{"R":248,"G":203,"B":240,"A":255}},"HY3-2-2":{"pid":"HY3-S","orb":9076,"per":151.26,"ang":239.4,"t":"ASTEROID","sp":"ASTEROID-4","s":15.14,"m":48.2,"gd":25.23,"wic":{},"woc":{},"wgc":{},"emm":[{"Type":"1","MainRange":20,"MainValue":0.04,"FarRange":177}],"sig":[{"t":"9-1","s":"","d":{"X":-0.07,"Y":0.12}},{"t":"X1","s":"","d":{"X":-0.082,"Y":0.911}}],"clr":{"R":247,"G":189,"B":221,"A":255}},"HY3-2-20":{"pid":"HY3-S","orb":9266.67,"per":154.44,"ang":10,"t":"ASTEROID","sp":"ASTEROID-4","s":16.3,"m":60.23,"gd":27.17,"wic":{},"woc":{},"wgc":{},"emm":[{"Type":"1","MainRange":25,"MainValue":0.22,"FarRange":168}],"sig":[{"t":"9-1","s":"","d":{"X":-0.87,"Y":-0.1}},{"t":"X1","s":"","d":{"X":-0.494,"Y":0.465}}],"clr":{"R":229,"G":167,"B":248,"A":255}},"HY3-2-21":{"pid":"HY3-S","orb":9902.17,"per":165.03,"ang":342.88,"t":"ASTEROID","sp":"ASTEROID-1","s":16.78,"m":65.66,"gd":27.97,"wic":{},"woc":{},"wgc":{},"emm":[{"Type":"1","MainRange":33,"MainValue":0.25,"FarRange":49},{"Type":"12","MainRange":41,"MainValue":0.1,"FarRange":69},{"Type":"3","MainRange":67,"MainValue":0.21,"FarRange":199}],"sig":[{"t":"9-1","s":"","d":{"X":0.54,"Y":0.74}},{"t":"X1","s":"","d":{"X":-0.372,"Y":-0.812}},{"t":"X12","s":"","d":{"X":-0.394,"Y":-0.285}},{"t":"X3","s":"","d":{"X":-0.19,"Y":0.851}}],"clr":{"R":245,"G":201,"B":230,"A":255}},"HY3-2-22":{"pid":"HY3-S","orb":9800.86,"per":163.34,"ang":101.8,"t":"ASTEROID","sp":"ASTEROID-3","s":20.13,"m":113.43,"gd":33.56,"wic":{},"woc":{},"wgc":{},"emm":[{"Type":"1","MainRange":38,"MainValue":0.08,"FarRange":216}],"sig":[{"t":"9-1","s":"","d":{"Y":-0.09}},{"t":"X1","s":"","d":{"X":0.232,"Y":0.338}}],"clr":{"R":254,"G":254,"B":253,"A":255}},"HY3-2-23":{"pid":"HY3-S","orb":9365.14,"per":156.08,"ang":302.69,"t":"ASTEROID","sp":"ASTEROID-2","s":24.21,"m":197.27,"gd":40.36,"wic":{},"woc":{},"wgc":{},"emm":[{"Type":"1","MainRange":65,"MainValue":0.19,"FarRange":107}],"sig":[{"t":"9-1","s":"","d":{"X":-0.33,"Y":-0.59}},{"t":"X1","s":"","d":{"X":0.027,"Y":-0.38}}],"clr":{"R":254,"G":254,"B":254,"A":255}},"HY3-2-24":{"pid":"HY3-S","orb":9874.48,"per":164.57,"ang":345.01,"t":"ASTEROID","sp":"ASTEROID-3","s":22.52,"m":158.74,"gd":37.54,"wic":{},"woc":{},"wgc":{},"emm":[{"Type":"1","MainRange":63,"MainValue":0.18,"FarRange":223}],"sig":[{"t":"9-1","s":"","d":{"X":-0.38,"Y":-0.17}},{"t":"X1","s":"","d":{"X":-0.441,"Y":-0.162}}],"clr":{"R":251,"G":248,"B":253,"A":255}},"HY3-2-25":{"pid":"HY3-S","orb":11569.15,"per":192.81,"ang":272.01,"t":"ASTEROID","sp":"ASTEROID-1","s":20.37,"m":117.51,"gd":33.96,"wic":{},"woc":{},"wgc":{},"emm":[{"Type":"1","MainRange":26,"MainValue":0.2,"FarRange":131}],"sig":[{"t":"9-1","s":"","d":{"X":0.33,"Y":0.23}},{"t":"X1","s":"","d":{"X":-0.218,"Y":-0.602}}],"clr":{"R":202,"G":240,"B":252,"A":255}},"HY3-2-26":{"pid":"HY3-S","orb":11290.04,"per":188.16,"ang":265.04,"t":"ASTEROID","sp":"ASTEROID-4","s":15.49,"m":51.64,"gd":25.82,"wic":{},"woc":{},"wgc":{},"emm":[{"Type":"1","MainRange":20,"MainValue":0.13,"FarRange":99}],"sig":[{"t":"9-1","s":"","d":{"X":-0.96,"Y":-0.01}},{"t":"X1","s":"","d":{"X":0.616,"Y":0.542}}],"clr":{"R":245,"G":244,"B":252,"A":255}},"HY3-2-27":{"pid":"HY3-S","orb":10771.43,"per":179.52,"ang":167.06,"t":"ASTEROID","sp":"ASTEROID-3","s":15.58,"m":52.58,"gd":25.97,"wic":{},"woc":{},"wgc":{},"emm":[{"Type":"1","MainRange":36,"MainValue":0.23,"FarRange":100}],"sig":[{"t":"9-1","s":"","d":{"X":-0.35,"Y":0.66}},{"t":"X1","s":"","d":{"X":0.03,"Y":0.547}}],"clr":{"R":253,"G":227,"B":232,"A":255}},"HY3-2-28":{"pid":"HY3-S","orb":9220.55,"per":153.67,"ang":103.09,"t":"ASTEROID","sp":"ASTEROID-4","s":32.89,"m":494.26,"gd":54.82,"wic":{},"woc":{},"wgc":{},"emm":[{"Type":"1","MainRange":74.7,"MainValue":0.16,"FarRange":83}],"sig":[{"t":"9-1","s":"","d":{"X":-0.1,"Y":-0.1}},{"t":"X1","s":"","d":{"X":0.271,"Y":0.824}}],"clr":{"R":249,"G":254,"B":254,"A":255}},"HY3-2-29":{"pid":"HY3-S","orb":10809.95,"per":180.16,"ang":130.67,"t":"ASTEROID","sp":"ASTEROID-3","s":11.69,"m":22.22,"gd":19.49,"wic":{},"woc":{},"wgc":{},"emm":[{"Type":"1","MainRange":64,"MainValue":0.21,"FarRange":172}],"sig":[{"t":"9-1","s":"","d":{"X":0.23,"Y":-0.33}},{"t":"X1","s":"","d":{"X":0.478,"Y":-0.555}}],"clr":{"R":218,"G":242,"B":239,"A":255}},"HY3-2-3":{"pid":"HY3-S","orb":10707.13,"per":178.45,"ang":127.73,"t":"ASTEROID","sp":"ASTEROID-4","s":15.25,"m":49.26,"gd":25.41,"wic":{},"woc":{},"wgc":{},"emm":[{"Type":"1","MainRange":82,"MainValue":0.17,"FarRange":137}],"sig":[{"t":"9-1","s":"","d":{"X":0.19,"Y":0.26}},{"t":"X1","s":"","d":{"X":0.237,"Y":0.841}}],"clr":{"R":230,"G":254,"B":232,"A":255}},"HY3-2-30":{"pid":"HY3-S","orb":8733.1,"per":145.55,"ang":82.09,"t":"ASTEROID","sp":"ASTEROID-5","s":17.92,"m":79.92,"gd":29.86,"wic":{},"woc":{},"wgc":{},"emm":[{"Type":"1","MainRange":73,"MainValue":0.25,"FarRange":167}],"sig":[{"t":"9-1","s":"","d":{"X":-0.02,"Y":0.02}},{"t":"X1","s":"","d":{"X":-0.582,"Y":0.385}}],"clr":{"R":178,"G":244,"B":244,"A":255}},"HY3-2-31":{"pid":"HY3-S","orb":10643.69,"per":177.39,"ang":210.8,"t":"ASTEROID","sp":"ASTEROID-1","s":10.83,"m":17.65,"gd":18.05,"wic":{},"woc":{},"wgc":{},"emm":[{"Type":"1","MainRange":68,"MainValue":0.24,"FarRange":225}],"sig":[{"t":"9-1","s":"","d":{"X":-0.53,"Y":0.84}},{"t":"X1","s":"","d":{"X":-0.604,"Y":-0.663}}],"clr":{"R":194,"G":236,"B":208,"A":255}},"HY3-2-32":{"pid":"HY3-S","orb":10043.62,"per":167.39,"ang":176.82,"t":"ASTEROID","sp":"ASTEROID-4","s":22.45,"m":157.19,"gd":37.42,"wic":{},"woc":{},"wgc":{},"emm":[{"Type":"1","MainRange":38,"MainValue":0.17,"FarRange":56}],"sig":[{"t":"9-1","s":"","d":{"X":0.09,"Y":0.39}},{"t":"X1","s":"","d":{"X":0.447,"Y":-0.593}}],"clr":{"R":223,"G":198,"B":254,"A":255}},"HY3-2-33":{"pid":"HY3-S","orb":9979.65,"per":166.32,"ang":221.08,"t":"ASTEROID","sp":"ASTEROID-1","s":24.26,"m":198.42,"gd":40.44,"wic":{},"woc":{},"wgc":{},"emm":[{"Type":"1","MainRange":53.1,"MainValue":0.22,"FarRange":59}],"sig":[{"t":"9-1","s":"","d":{"X":0.85,"Y":0.24}},{"t":"X1","s":"","d":{"X":-0.606,"Y":0.099}}],"clr":{"R":218,"G":248,"B":218,"A":255}},"HY3-2-34":{"pid":"HY3-S","orb":11529.62,"per":192.16,"ang":330.71,"t":"ASTEROID","sp":"ASTEROID-3","s":21.14,"m":131.36,"gd":35.24,"wic":{},"woc":{},"wgc":{},"emm":[{"Type":"1","MainRange":42,"MainValue":0.27,"FarRange":208}],"sig":[{"t":"9-1","s":"","d":{"X":-0.16}},{"t":"X1","s":"","d":{"X":-0.242,"Y":0.575}}],"clr":{"R":231,"G":246,"B":219,"A":255}},"HY3-2-35":{"pid":"HY3-S","orb":10878.23,"per":181.3,"ang":188.07,"t":"ASTEROID","sp":"ASTEROID-3","s":20.75,"m":124.23,"gd":34.59,"wic":{},"woc":{},"wgc":{},"emm":[{"Type":"1","MainRange":67,"MainValue":0.14,"FarRange":113},{"Type":"13","MainRange":53,"MainValue":0.23,"FarRange":202},{"Type":"3","MainRange":57,"MainValue":0.2,"FarRange":167}],"sig":[{"t":"9-1","s":"","d":{"X":-0.26,"Y":0.34}},{"t":"X1","s":"","d":{"X":-0.113,"Y":-0.261}},{"t":"X13","s":"","d":{"X":-0.585,"Y":0.366}},{"t":"X3","s":"","d":{"X":0.631,"Y":0.557}}],"clr":{"R":253,"G":215,"B":189,"A":255}},"HY3-2-36":{"pid":"HY3-S","orb":11041.81,"per":184.03,"ang":37.2,"t":"ASTEROID","sp":"ASTEROID-2","s":26.39,"m":255.51,"gd":43.99,"wic":{},"woc":{},"wgc":{},"emm":[{"Type":"1","MainRange":34,"MainValue":0.21,"FarRange":122}],"sig":[{"t":"9-1","s":"","d":{"X":-0.21,"Y":-0.35}},{"t":"X1","s":"","d":{"X":-0.902,"Y":-0.326}}],"clr":{"R":252,"G":251,"B":237,"A":255}},"HY3-2-37":{"pid":"HY3-S","orb":9124.3,"per":152.07,"ang":21.97,"t":"ASTEROID","sp":"ASTEROID-5","s":28.12,"m":308.94,"gd":46.87,"wic":{},"woc":{},"wgc":{},"emm":[{"Type":"1","MainRange":50,"MainValue":0.25,"FarRange":200}],"sig":[{"t":"9-1","s":"","d":{"X":-0.54,"Y":-0.65}},{"t":"X1","s":"","d":{"X":0.752,"Y":0.023}}],"clr":{"R":251,"G":197,"B":192,"A":255}},"HY3-2-38":{"pid":"HY3-S","orb":11305.34,"per":188.42,"ang":214.45,"t":"ASTEROID","sp":"ASTEROID-5","s":10.4,"m":15.64,"gd":17.34,"wic":{},"woc":{},"wgc":{},"emm":[{"Type":"1","MainRange":40,"MainValue":0.25,"FarRange":202}],"sig":[{"t":"9-1","s":"","d":{"X":0.19,"Y":-0.64}},{"t":"X1","s":"","d":{"X":0.489,"Y":-0.038}}],"clr":{"R":239,"G":209,"B":179,"A":255}},"HY3-2-39":{"pid":"HY3-S","orb":7779.31,"per":129.65,"ang":129.96,"t":"ASTEROID","sp":"ASTEROID-4","s":26.74,"m":265.59,"gd":44.56,"wic":{},"woc":{},"wgc":{},"emm":[{"Type":"1","MainRange":59,"MainValue":0.11,"FarRange":172}],"sig":[{"t":"9-1","s":"","d":{"X":-0.51,"Y":0.33}},{"t":"X1","s":"","d":{"X":0.102,"Y":-0.123}}],"clr":{"R":246,"G":251,"B":230,"A":255}},"HY3-2-4":{"pid":"HY3-S","orb":9873.31,"per":164.55,"ang":248.5,"t":"ASTEROID","sp":"ASTEROID-2","s":13.96,"m":37.79,"gd":23.26,"wic":{},"woc":{},"wgc":{},"emm":[{"Type":"1","MainRange":49,"MainValue":0.31,"FarRange":147}],"sig":[{"t":"9-1","s":"","d":{"X":-0.93,"Y":0.22}},{"t":"X1","s":"","d":{"X":-0.37,"Y":0.855}}],"clr":{"R":239,"G":211,"B":193,"A":255}},"HY3-2-40":{"pid":"HY3-S","orb":11444.92,"per":190.74,"ang":293.76,"t":"ASTEROID","sp":"ASTEROID-3","s":18.48,"m":87.7,"gd":30.8,"wic":{},"woc":{},"wgc":{},"emm":[{"Type":"1","MainRange":43,"MainValue":0.24,"FarRange":139}],"sig":[{"t":"9-1","s":"","d":{"X":-0.52,"Y":-0.34}},{"t":"X1","s":"","d":{"X":-0.751,"Y":0.005}}],"clr":{"R":203,"G":194,"B":253,"A":255}},"HY3-2-41":{"pid":"HY3-S","orb":10031.77,"per":167.19,"ang":202.57,"t":"ASTEROID","sp":"ASTEROID-1","s":24.15,"m":195.83,"gd":40.26,"wic":{},"woc":{},"wgc":{},"emm":[{"Type":"1","MainRange":35,"MainValue":0.22,"FarRange":152}],"sig":[{"t":"9-1","s":"","d":{"X":-0.43,"Y":0.74}},{"t":"X1","s":"","d":{"X":0.59,"Y":0.429}}],"clr":{"R":190,"G":241,"B":196,"A":255}},"HY3-2-42":{"pid":"HY3-S","orb":8858.29,"per":147.63,"ang":197.61,"t":"ASTEROID","sp":"ASTEROID-1","s":21.51,"m":138.26,"gd":35.85,"wic":{},"woc":{},"wgc":{},"emm":[{"Type":"1","MainRange":68,"MainValue":0.27,"FarRange":157}],"sig":[{"t":"9-1","s":"","d":{"X":0.14,"Y":-0.48}},{"t":"X1","s":"","d":{"X":-0.189,"Y":-0.412}}],"clr":{"R":215,"G":234,"B":254,"A":255}},"HY3-2-43":{"pid":"HY3-S","orb":10380.27,"per":173,"ang":280.51,"t":"ASTEROID","sp":"ASTEROID-1","s":16.93,"m":67.41,"gd":28.21,"wic":{},"woc":{},"wgc":{},"emm":[{"Type":"1","MainRange":47,"MainValue":0.32,"FarRange":111},{"Type":"15","MainRange":49,"MainValue":0.23,"FarRange":240}],"sig":[{"t":"9-1","s":"","d":{"X":-0.12,"Y":0.13}},{"t":"X1","s":"","d":{"X":-0.658,"Y":0.507}},{"t":"X15","s":"","d":{"X":0.585,"Y":-0.371}}],"clr":{"R":189,"G":254,"B":195,"A":255}},"HY3-2-44":{"pid":"HY3-S","orb":10433.73,"per":173.89,"ang":246.38,"t":"ASTEROID","sp":"ASTEROID-3","s":34.38,"m":564.75,"gd":57.31,"wic":{},"woc":{},"wgc":{},"emm":[{"Type":"1","MainRange":12,"MainValue":0.24,"FarRange":154},{"Type":"17","MainRange":25,"MainValue":0.2,"FarRange":161},{"Type":"18","MainRange":50,"MainValue":0.23,"FarRange":129}],"sig":[{"t":"9-1","s":"","d":{"X":0.29,"Y":0.69}},{"t":"X1","s":"","d":{"X":0.235,"Y":-0.732}},{"t":"X17","s":"","d":{"X":0.068,"Y":-0.992}},{"t":"X18","s":"","d":{"X":0.047,"Y":0.596}}],"clr":{"R":254,"G":219,"B":177,"A":255}},"HY3-2-45":{"pid":"HY3-S","orb":10957.36,"per":182.62,"ang":181.97,"t":"ASTEROID","sp":"ASTEROID-4","s":19.22,"m":98.62,"gd":32.03,"wic":{},"woc":{},"wgc":{},"emm":[{"Type":"1","MainRange":56,"MainValue":0.21,"FarRange":73}],"sig":[{"t":"9-1","s":"","d":{"X":-0.16,"Y":-0.1}},{"t":"X1","s":"","d":{"X":-0.174,"Y":-0.222}}],"clr":{"R":202,"G":233,"B":237,"A":255}},"HY3-2-46":{"pid":"HY3-S","orb":9848.19,"per":164.13,"ang":36.96,"t":"ASTEROID","sp":"ASTEROID-1","s":19.73,"m":106.81,"gd":32.89,"wic":{},"woc":{},"wgc":{},"emm":[{"Type":"1","MainRange":24,"MainValue":0.19,"FarRange":84}],"sig":[{"t":"9-1","s":"","d":{"X":0.8,"Y":-0.49}},{"t":"X1","s":"","d":{"X":-0.088,"Y":0.941}}],"clr":{"R":236,"G":228,"B":199,"A":255}},"HY3-2-47":{"pid":"HY3-S","orb":10924.04,"per":182.06,"ang":355.52,"t":"ASTEROID","sp":"ASTEROID-4","s":14.02,"m":38.31,"gd":23.37,"wic":{},"woc":{},"wgc":{},"emm":[{"Type":"1","MainRange":47,"MainValue":0.27,"FarRange":244}],"sig":[{"t":"9-1","s":"","d":{"X":-0.71,"Y":-0.54}},{"t":"X1","s":"","d":{"X":-0.166,"Y":0.3}}],"clr":{"R":225,"G":216,"B":249,"A":255}},"HY3-2-48":{"pid":"HY3-S","orb":8447.41,"per":140.79,"ang":229.59,"t":"ASTEROID","sp":"ASTEROID-2","s":28.63,"m":326.25,"gd":47.73,"wic":{},"woc":{},"wgc":{},"emm":[{"Type":"1","MainRange":61,"MainValue":0.22,"FarRange":145}],"sig":[{"t":"9-1","s":"","d":{"X":-0.25,"Y":-0.31}},{"t":"X1","s":"","d":{"X":0.118,"Y":0.255}}],"clr":{"R":221,"G":237,"B":251,"A":255}},"HY3-2-49":{"pid":"HY3-S","orb":8652.05,"per":144.2,"ang":3.95,"t":"ASTEROID","sp":"ASTEROID-3","s":23.68,"m":184.57,"gd":39.47,"wic":{},"woc":{},"wgc":{},"emm":[{"Type":"1","MainRange":33,"MainValue":0.22,"FarRange":128},{"Type":"24","MainRange":58,"MainValue":0.14,"FarRange":180}],"sig":[{"t":"9-1","s":"","d":{"X":-0.12,"Y":0.03}},{"t":"X1","s":"","d":{"X":0.003,"Y":-0.737}},{"t":"X24","s":"","d":{"X":-0.297,"Y":-0.213}}],"clr":{"R":252,"G":220,"B":183,"A":255}},"HY3-2-5":{"pid":"HY3-S","orb":9100.38,"per":151.67,"ang":336.27,"t":"ASTEROID","sp":"ASTEROID-5","s":15.45,"m":51.3,"gd":25.76,"wic":{},"woc":{},"wgc":{},"emm":[{"Type":"1","MainRange":54,"MainValue":0.28,"FarRange":101}],"sig":[{"t":"9-1","s":"","d":{"X":-0.69,"Y":-0.46}},{"t":"X1","s":"","d":{"X":0.377,"Y":0.392}}],"clr":{"R":204,"G":250,"B":223,"A":255}},"HY3-2-50":{"pid":"HY3-S","orb":11415.71,"per":190.26,"ang":194.94,"t":"ASTEROID","sp":"ASTEROID-1","s":22.22,"m":152.56,"gd":37.04,"wic":{},"woc":{},"wgc":{},"emm":[{"Type":"1","MainRange":60,"MainValue":0.2,"FarRange":127}],"sig":[{"t":"9-1","s":"","d":{"X":0.32,"Y":0.56}},{"t":"X1","s":"","d":{"X":-0.821,"Y":-0.153}}],"clr":{"R":253,"G":184,"B":160,"A":255}},"HY3-2-51":{"pid":"HY3-S","orb":12407.52,"per":206.79,"ang":321.84,"t":"ASTEROID","sp":"ASTEROID-4","s":17.02,"m":68.57,"gd":28.37,"wic":{},"woc":{},"wgc":{},"emm":[{"Type":"1","MainRange":54,"MainValue":0.2,"FarRange":145}],"sig":[{"t":"9-1","s":"","d":{"X":-0.52,"Y":0.21}},{"t":"X1","s":"","d":{"X":-0.674,"Y":0.367}}],"clr":{"R":212,"G":228,"B":252,"A":255}},"HY3-2-52":{"pid":"HY3-S","orb":10489.89,"per":174.83,"ang":294.71,"t":"ASTEROID","sp":"ASTEROID-4","s":21.98,"m":147.57,"gd":36.64,"wic":{},"woc":{},"wgc":{},"emm":[{"Type":"1","MainRange":31,"MainValue":0.14,"FarRange":78},{"Type":"3","MainRange":32,"MainValue":0.15,"FarRange":181}],"sig":[{"t":"9-1","s":"","d":{"X":0.31,"Y":0.82}},{"t":"X1","s":"","d":{"X":-0.343,"Y":0.775}},{"t":"X3","s":"","d":{"X":-0.373,"Y":-0.262}}],"clr":{"R":232,"G":188,"B":247,"A":255}},"HY3-2-53":{"pid":"HY3-S","orb":9363.19,"per":156.05,"ang":252.2,"t":"ASTEROID","sp":"ASTEROID-2","s":21.07,"m":130.08,"gd":35.13,"wic":{},"woc":{},"wgc":{},"emm":[{"Type":"1","MainRange":50,"MainValue":0.15,"FarRange":155}],"sig":[{"t":"9-1","s":"","d":{"X":-0.58,"Y":-0.44}},{"t":"X1","s":"","d":{"X":-0.177,"Y":-0.748}}],"clr":{"R":251,"G":233,"B":224,"A":255}},"HY3-2-54":{"pid":"HY3-S","orb":11157.97,"per":185.96,"ang":101.61,"t":"ASTEROID","sp":"ASTEROID-2","s":18.67,"m":90.49,"gd":31.12,"wic":{},"woc":{},"wgc":{},"emm":[{"Type":"1","MainRange":46,"MainValue":0.25,"FarRange":266}],"sig":[{"t":"9-1","s":"","d":{"X":-0.16,"Y":0.01}},{"t":"X1","s":"","d":{"X":0.157,"Y":0.181}}],"clr":{"R":238,"G":201,"B":223,"A":255}},"HY3-2-55":{"pid":"HY3-S","orb":10335.45,"per":172.25,"ang":122.17,"t":"ASTEROID","sp":"ASTEROID-5","s":27.88,"m":301.27,"gd":46.48,"wic":{},"woc":{},"wgc":{},"emm":[{"Type":"1","MainRange":62,"MainValue":0.14,"FarRange":192}],"sig":[{"t":"9-1","s":"","d":{"X":0.06,"Y":-0.73}},{"t":"X1","s":"","d":{"X":0.331,"Y":-0.317}}],"clr":{"R":253,"G":250,"B":251,"A":255}},"HY3-2-56":{"pid":"HY3-S","orb":7968.47,"per":132.8,"ang":125.02,"t":"ASTEROID","sp":"ASTEROID-3","s":21.87,"m":145.38,"gd":36.45,"wic":{},"woc":{},"wgc":{},"emm":[{"Type":"1","MainRange":37,"MainValue":0.22,"FarRange":156}],"sig":[{"t":"9-1","s":"","d":{"X":-0.45,"Y":-0.23}},{"t":"X1","s":"","d":{"X":0.564,"Y":0.66}}],"clr":{"R":251,"G":177,"B":203,"A":255}},"HY3-2-6":{"pid":"HY3-S","orb":10748.85,"per":179.14,"ang":309.45,"t":"ASTEROID","sp":"ASTEROID-5","s":33.04,"m":500.97,"gd":55.06,"wic":{},"woc":{},"wgc":{},"emm":[{"Type":"1","MainRange":80,"MainValue":0.22,"FarRange":267}],"sig":[{"t":"9-1","s":"","d":{"X":-0.21,"Y":0.82}},{"t":"X1","s":"","d":{"X":-0.25,"Y":0.036}}],"clr":{"R":253,"G":203,"B":213,"A":255}},"HY3-2-7":{"pid":"HY3-S","orb":9509.69,"per":158.49,"ang":200.53,"t":"ASTEROID","sp":"ASTEROID-2","s":16.77,"m":65.52,"gd":27.95,"wic":{},"woc":{},"wgc":{},"emm":[{"Type":"1","MainRange":77,"MainValue":0.17,"FarRange":204}],"sig":[{"t":"9-1","s":"","d":{"X":0.8,"Y":-0.1}},{"t":"X1","s":"","d":{"X":0.094,"Y":0.372}}],"clr":{"R":242,"G":215,"B":229,"A":255}},"HY3-2-8":{"pid":"HY3-S","orb":9354.22,"per":155.9,"ang":290.62,"t":"ASTEROID","sp":"ASTEROID-3","s":26.95,"m":271.98,"gd":44.92,"wic":{},"woc":{},"wgc":{},"emm":[{"Type":"1","MainRange":41,"MainValue":0.17,"FarRange":117}],"sig":[{"t":"9-1","s":"","d":{"X":0.14,"Y":0.57}},{"t":"X1","s":"","d":{"X":0.223,"Y":0.5}}],"clr":{"R":239,"G":247,"B":251,"A":255}},"HY3-2-9":{"pid":"HY3-S","orb":12312.88,"per":205.21,"ang":30.66,"t":"ASTEROID","sp":"ASTEROID-2","s":13.24,"m":32.26,"gd":22.07,"wic":{},"woc":{},"wgc":{},"emm":[{"Type":"1","MainRange":45,"MainValue":0.14,"FarRange":192}],"sig":[{"t":"9-1","s":"","d":{"X":0.43,"Y":0.05}},{"t":"X1","s":"","d":{"X":0.003,"Y":-0.632}}],"clr":{"R":250,"G":200,"B":238,"A":255}},"HY3-226":{"pid":"HY3-S","orb":4131.2,"per":68.85,"t":"GASPLANET","sp":"GASPLANET-29","s":119,"m":16386.45,"gd":198.34,"wic":{},"woc":{},"wgc":{},"sig":[{"t":"0-3","s":"","d":{"X":0.75,"Y":0.5}},{"t":"1-3","s":"","d":{"X":-0.09,"Y":0.29}},{"t":"3-1","s":"","d":{"X":-0.64,"Y":0.72}},{"t":"6-2","s":"","d":{"X":0.06,"Y":-0.21}},{"t":"11-1","s":"","d":{"X":0.2,"Y":-0.75}}],"clr":{"R":247,"G":252,"B":254,"A":255}},"HY3-424":{"pid":"HY3-S","orb":5952.47,"per":99.2,"t":"GASPLANET","sp":"GASPLANET-36","s":144.63,"m":29415.14,"gd":241.05,"wic":{},"woc":{},"wgc":{},"emm":[{"Type":"5","MainRange":273,"MainValue":2.19,"FarRange":951}],"sig":[{"t":"0-3","s":"","d":{"X":0.02,"Y":0.77}},{"t":"1-3","s":"","d":{"X":0.04,"Y":-0.19}},{"t":"3-1","s":"","d":{"X":-0.81,"Y":-0.02}},{"t":"6-3","s":"","d":{"X":-0.68,"Y":-0.47}},{"t":"7-3","s":"","d":{"X":0.5,"Y":0.79}},{"t":"8-1","s":"","d":{"X":0.28,"Y":0.63}},{"t":"10-1","s":"","d":{"X":0.29,"Y":-0.87}},{"t":"11-1","s":"","d":{"X":0.33,"Y":0.28}},{"t":"X5","s":"","d":{"X":0.865,"Y":-0.212}}],"clr":{"R":203,"G":235,"B":248,"A":255}},"HY3-715":{"pid":"HY3-S","orb":12847.97,"per":214.13,"t":"GASPLANET","sp":"GASPLANET-10","s":172.02,"m":49493.97,"gd":286.71,"wic":{},"woc":{},"wgc":{},"sig":[{"t":"0-3","s":"","d":{"X":0.31,"Y":0.69}},{"t":"1-3","s":"","d":{"X":0.26,"Y":0.18}},{"t":"3-1","s":"","d":{"X":-0.62,"Y":-0.74}},{"t":"6-3","s":"","d":{"X":0.39,"Y":-0.23}},{"t":"10-1","s":"","d":{"X":-0.33,"Y":-0.75}},{"t":"11-1","s":"","d":{"X":-0.91,"Y":-0.39}}],"clr":{"R":199,"G":253,"B":235,"A":255}},"HY3-S":{"t":"STAR","sp":"STAR-12","s":338.57,"m":2156308.4,"gd":1128.59,"wic":{},"woc":{},"wgc":{},"emm":[{"Type":"2","MainRange":1082,"MainValue":3.9,"FarRange":2308}],"sig":[{"t":"X2","s":"","d":{"X":0.703,"Y":-0.326}}],"clr":{"R":241,"G":228,"B":193,"A":255}}}}