{"SpawnDistance":22144.76,"Points":{"GR6-265":{"pid":"GR6-S","orb":2831.81,"per":47.19,"t":"HARDPLANET","sp":"HARDPLANET-17","s":79.9,"m":29752.02,"gd":228.31,"wic":{},"woc":{},"wgc":{},"mi":[4],"sig":[{"t":"0-3","s":"","d":{"X":0.8,"Y":-0.43}},{"t":"1-3","s":"","d":{"X":0.95,"Y":-0.17}},{"t":"3-2","s":"","d":{"X":-0.92,"Y":-0.25}},{"t":"5-2","s":"","d":{"X":-0.77,"Y":0.06}},{"t":"6-3","s":"","d":{"X":-0.1,"Y":0.57}},{"t":"9-1","s":"","d":{"X":-0.49,"Y":-0.53}},{"t":"9-2","s":"","d":{"X":-0.12,"Y":0.81}},{"t":"10-1","s":"","d":{"X":0.61,"Y":0.51}},{"t":"10-2","s":"","d":{"X":-0.98,"Y":0.14}},{"t":"11-1","s":"","d":{"X":0.86,"Y":0.13}},{"t":"12-1","s":"","d":{"X":-0.05,"Y":-0.93}},{"t":"13-1","s":"","d":{"X":0.27,"Y":-0.94}},{"t":"13-2","s":"","d":{"X":-0.4,"Y":-0.38}}],"clr":{"R":246,"G":252,"B":244,"A":255}},"GR6-272":{"pid":"GR6-S","orb":2375.01,"per":39.58,"t":"HARDPLANET","sp":"HARDPLANET-36","s":90.1,"m":42651.88,"gd":257.43,"wic":{},"woc":{},"wgc":{},"sig":[{"t":"0-1","s":"","d":{"X":-0.53,"Y":-0.02}},{"t":"1-1","s":"","d":{"X":-0.72,"Y":-0.23}},{"t":"3-2","s":"","d":{"X":-0.48,"Y":-0.38}},{"t":"5-2","s":"","d":{"X":0.38,"Y":-0.53}},{"t":"6-2","s":"","d":{"X":-0.08,"Y":0.54}},{"t":"9-1","s":"","d":{"X":-0.92,"Y":0.36}},{"t":"9-2","s":"","d":{"X":0.65,"Y":0.32}},{"t":"10-1","s":"","d":{"X":-0.59,"Y":-0.45}},{"t":"10-2","s":"","d":{"X":-0.53,"Y":-0.83}},{"t":"11-1","s":"","d":{"X":-0.4,"Y":-0.04}},{"t":"12-1","s":"","d":{"X":0.08,"Y":0.08}},{"t":"13-1","s":"","d":{"X":-0.12,"Y":-0.68}},{"t":"13-2","s":"","d":{"X":-0.52,"Y":0.5}}],"clr":{"R":250,"G":252,"B":241,"A":255}},"GR6-3-0":{"pid":"GR6-S","orb":5282.81,"per":88.04,"ang":290.68,"t":"ASTEROID","sp":"ASTEROID-2","s":21.59,"m":139.9,"gd":35.99,"wic":{},"woc":{},"wgc":{},"emm":[{"Type":"1","MainRange":48,"MainValue":0.12,"FarRange":202},{"Type":"17","MainRange":44,"MainValue":0.24,"FarRange":228}],"sig":[{"t":"7-4","s":"","d":{"X":0.15,"Y":0.93}},{"t":"8-1","s":"","d":{"X":-0.71,"Y":0.5}},{"t":"8-2","s":"","d":{"X":-0.24,"Y":0.26}},{"t":"9-1","s":"","d":{"X":-0.08,"Y":0.78}},{"t":"9-2","s":"","d":{"X":-0.36,"Y":0.3}},{"t":"X1","s":"","d":{"X":-0.48,"Y":0.727}},{"t":"X17","s":"","d":{"X":0.055,"Y":-0.412}}],"clr":{"R":235,"G":187,"B":173,"A":255}},"GR6-3-1":{"pid":"GR6-S","orb":4606.13,"per":76.76,"ang":100.3,"t":"ASTEROID","sp":"ASTEROID-3","s":25.03,"m":217.94,"gd":41.72,"wic":{},"woc":{},"wgc":{},"emm":[{"Type":"1","MainRange":51,"MainValue":0.19,"FarRange":131},{"Type":"3","MainRange":52,"MainValue":0.21,"FarRange":208}],"sig":[{"t":"7-4","s":"","d":{"X":-0.73,"Y":0.44}},{"t":"8-1","s":"","d":{"X":-0.23,"Y":0.3}},{"t":"8-2","s":"","d":{"X":0.54,"Y":-0.59}},{"t":"9-1","s":"","d":{"X":0.39,"Y":0.26}},{"t":"9-2","s":"","d":{"X":-0.75,"Y":0.28}},{"t":"X1","s":"","d":{"X":0.038,"Y":0.759}},{"t":"X3","s":"","d":{"X":-0.679,"Y":-0.188}}],"clr":{"R":249,"G":251,"B":225,"A":255}},"GR6-3-10":{"pid":"GR6-S","orb":4447.99,"per":74.13,"ang":142.78,"t":"ASTEROID","sp":"ASTEROID-4","s":22.57,"m":159.73,"gd":37.62,"wic":{},"woc":{},"wgc":{},"emm":[{"Type":"1","MainRange":52,"MainValue":0.22,"FarRange":176}],"sig":[{"t":"7-4","s":"","d":{"X":0.18,"Y":0.88}},{"t":"8-1","s":"","d":{"Y":-0.2}},{"t":"8-2","s":"","d":{"X":-0.46,"Y":0.18}},{"t":"9-1","s":"","d":{"X":0.43,"Y":0.12}},{"t":"9-2","s":"","d":{"X":0.24,"Y":-0.64}},{"t":"X1","s":"","d":{"X":-0.622,"Y":-0.693}}],"clr":{"R":251,"G":190,"B":250,"A":255}},"GR6-3-11":{"pid":"GR6-S","orb":4498.19,"per":74.96,"ang":250.3,"t":"ASTEROID","sp":"ASTEROID-5","s":16.43,"m":61.69,"gd":27.39,"wic":{},"woc":{},"wgc":{},"emm":[{"Type":"1","MainRange":59,"MainValue":0.21,"FarRange":98}],"sig":[{"t":"7-4","s":"","d":{"X":-1,"Y":-0.06}},{"t":"8-1","s":"","d":{"X":-0.13,"Y":0.45}},{"t":"8-2","s":"","d":{"X":-0.14,"Y":-0.61}},{"t":"9-1","s":"","d":{"X":-0.56,"Y":-0.63}},{"t":"9-2","s":"","d":{"X":0.79,"Y":-0.33}},{"t":"X1","s":"","d":{"X":0.369,"Y":-0.389}}],"clr":{"R":177,"G":226,"B":236,"A":255}},"GR6-3-12":{"pid":"GR6-S","orb":4714.97,"per":78.58,"ang":301.96,"t":"ASTEROID","sp":"ASTEROID-2","s":17.95,"m":80.38,"gd":29.92,"wic":{},"woc":{},"wgc":{},"emm":[{"Type":"1","MainRange":39.6,"MainValue":0.17,"FarRange":44}],"sig":[{"t":"7-4","s":"","d":{"X":-0.34,"Y":-0.52}},{"t":"8-1","s":"","d":{"X":-0.85,"Y":-0.5}},{"t":"8-2","s":"","d":{"X":-0.55,"Y":-0.72}},{"t":"9-1","s":"","d":{"X":-0.38,"Y":-0.12}},{"t":"9-2","s":"","d":{"X":-0.57,"Y":0.34}},{"t":"X1","s":"","d":{"X":-0.718,"Y":0.08}}],"clr":{"R":209,"G":232,"B":244,"A":255}},"GR6-3-13":{"pid":"GR6-S","orb":4082.28,"per":68.03,"ang":10.97,"t":"ASTEROID","sp":"ASTEROID-4","s":21.36,"m":135.47,"gd":35.61,"wic":{},"woc":{},"wgc":{},"emm":[{"Type":"1","MainRange":12,"MainValue":0.28,"FarRange":156}],"sig":[{"t":"7-4","s":"","d":{"X":-0.88,"Y":-0.16}},{"t":"8-1","s":"","d":{"X":-0.28,"Y":-0.4}},{"t":"8-2","s":"","d":{"X":0.54,"Y":-0.53}},{"t":"9-1","s":"","d":{"X":0.55,"Y":0.47}},{"t":"9-2","s":"","d":{"X":-0.23,"Y":-0.68}},{"t":"X1","s":"","d":{"X":-0.884,"Y":-0.135}}],"clr":{"R":251,"G":254,"B":251,"A":255}},"GR6-3-14":{"pid":"GR6-S","orb":3654.24,"per":60.9,"ang":80.51,"t":"ASTEROID","sp":"ASTEROID-2","s":22.25,"m":153.03,"gd":37.08,"wic":{},"woc":{},"wgc":{},"emm":[{"Type":"1","MainRange":55,"MainValue":0.22,"FarRange":171}],"sig":[{"t":"7-4","s":"","d":{"X":0.14,"Y":0.24}},{"t":"8-1","s":"","d":{"X":0.88}},{"t":"8-2","s":"","d":{"X":0.1,"Y":0.14}},{"t":"9-1","s":"","d":{"X":0.34}},{"t":"9-2","s":"","d":{"X":0.36,"Y":0.59}},{"t":"X1","s":"","d":{"X":-0.204,"Y":-0.863}}],"clr":{"R":220,"G":248,"B":244,"A":255}},"GR6-3-15":{"pid":"GR6-S","orb":3943.57,"per":65.72,"ang":279.15,"t":"ASTEROID","sp":"ASTEROID-5","s":26.24,"m":250.99,"gd":43.73,"wic":{},"woc":{},"wgc":{},"emm":[{"Type":"1","MainRange":64,"MainValue":0.15,"FarRange":194},{"Type":"17","MainRange":55,"MainValue":0.23,"FarRange":155}],"sig":[{"t":"7-4","s":"","d":{"X":-0.08,"Y":0.61}},{"t":"8-1","s":"","d":{"X":0.51,"Y":-0.53}},{"t":"8-2","s":"","d":{"X":0.06,"Y":-0.8}},{"t":"9-1","s":"","d":{"X":0.81,"Y":0.34}},{"t":"9-2","s":"","d":{"X":-0.93,"Y":0.21}},{"t":"X1","s":"","d":{"X":0.264,"Y":0.754}},{"t":"X17","s":"","d":{"X":-0.888,"Y":-0.458}}],"clr":{"R":233,"G":249,"B":248,"A":255}},"GR6-3-16":{"pid":"GR6-S","orb":4384.91,"per":73.08,"ang":160.2,"t":"ASTEROID","sp":"ASTEROID-3","s":17.61,"m":75.97,"gd":29.36,"wic":{},"woc":{},"wgc":{},"emm":[{"Type":"1","MainRange":62,"MainValue":0.02,"FarRange":123}],"sig":[{"t":"7-4","s":"","d":{"X":-0.09,"Y":-0.59}},{"t":"8-1","s":"","d":{"X":-0.74,"Y":-0.62}},{"t":"8-2","s":"","d":{"X":-0.25,"Y":0.09}},{"t":"9-1","s":"","d":{"X":-0.22,"Y":-0.15}},{"t":"9-2","s":"","d":{"X":0.05,"Y":0.07}},{"t":"X1","s":"","d":{"X":0.943,"Y":-0.028}}],"clr":{"R":254,"G":183,"B":187,"A":255}},"GR6-3-17":{"pid":"GR6-S","orb":4346.31,"per":72.43,"ang":211.4,"t":"ASTEROID","sp":"ASTEROID-3","s":18.64,"m":90.03,"gd":31.07,"wic":{},"woc":{},"wgc":{},"emm":[{"Type":"1","MainRange":59,"MainValue":0.18,"FarRange":89}],"sig":[{"t":"7-4","s":"","d":{"X":-0.06,"Y":0.4}},{"t":"8-1","s":"","d":{"X":-0.07,"Y":0.54}},{"t":"8-2","s":"","d":{"X":-0.23,"Y":-0.32}},{"t":"9-1","s":"","d":{"X":0.47,"Y":-0.03}},{"t":"9-2","s":"","d":{"X":-0.25,"Y":0.76}},{"t":"X1","s":"","d":{"X":-0.169,"Y":0.622}}],"clr":{"R":239,"G":189,"B":186,"A":255}},"GR6-3-18":{"pid":"GR6-S","orb":4422.16,"per":73.7,"ang":297.2,"t":"ASTEROID","sp":"ASTEROID-3","s":20.96,"m":128.05,"gd":34.94,"wic":{},"woc":{},"wgc":{},"emm":[{"Type":"1","MainRange":47,"MainValue":0.14,"FarRange":156}],"sig":[{"t":"7-4","s":"","d":{"X":-0.27,"Y":0.72}},{"t":"8-1","s":"","d":{"X":-0.83,"Y":0.43}},{"t":"8-2","s":"","d":{"X":0.33,"Y":0.67}},{"t":"9-1","s":"","d":{"X":0.23,"Y":-0.75}},{"t":"9-2","s":"","d":{"X":0.22,"Y":-0.33}},{"t":"X1","s":"","d":{"X":-0.649,"Y":0.524}}],"clr":{"R":248,"G":247,"B":254,"A":255}},"GR6-3-19":{"pid":"GR6-S","orb":4332.63,"per":72.21,"ang":179.94,"t":"ASTEROID","sp":"ASTEROID-5","s":25.52,"m":231.1,"gd":42.54,"wic":{},"woc":{},"wgc":{},"emm":[{"Type":"1","MainRange":63,"MainValue":0.34,"FarRange":165}],"sig":[{"t":"7-4","s":"","d":{"X":0.25,"Y":-0.81}},{"t":"8-1","s":"","d":{"X":-0.35,"Y":0.13}},{"t":"8-2","s":"","d":{"X":0.43,"Y":0.77}},{"t":"9-1","s":"","d":{"X":-0.62,"Y":0.29}},{"t":"9-2","s":"","d":{"X":0.28,"Y":0.73}},{"t":"X1","s":"","d":{"X":-0.805,"Y":-0.273}}],"clr":{"R":253,"G":233,"B":244,"A":255}},"GR6-3-2":{"pid":"GR6-S","orb":5098.57,"per":84.97,"ang":353.01,"t":"ASTEROID","sp":"ASTEROID-1","s":18.81,"m":92.52,"gd":31.36,"wic":{},"woc":{},"wgc":{},"emm":[{"Type":"1","MainRange":33,"MainValue":0.15,"FarRange":205}],"sig":[{"t":"7-4","s":"","d":{"X":0.82,"Y":0.16}},{"t":"8-1","s":"","d":{"X":0.85,"Y":0.2}},{"t":"8-2","s":"","d":{"X":0.17,"Y":0.39}},{"t":"9-1","s":"","d":{"X":0.68,"Y":-0.01}},{"t":"9-2","s":"","d":{"X":0.45,"Y":0.02}},{"t":"X1","s":"","d":{"X":0.038,"Y":-0.227}}],"clr":{"R":178,"G":253,"B":252,"A":255}},"GR6-3-20":{"pid":"GR6-S","orb":3731.23,"per":62.18,"ang":94.18,"t":"ASTEROID","sp":"ASTEROID-3","s":14.27,"m":40.4,"gd":23.79,"wic":{},"woc":{},"wgc":{},"emm":[{"Type":"1","MainRange":58,"MainValue":0.11,"FarRange":124}],"sig":[{"t":"7-4","s":"","d":{"X":0.28,"Y":0.16}},{"t":"8-1","s":"","d":{"X":-0.6,"Y":0.48}},{"t":"8-2","s":"","d":{"X":-0.5,"Y":-0.43}},{"t":"9-1","s":"","d":{"X":-0.19,"Y":0.45}},{"t":"9-2","s":"","d":{"X":0.3,"Y":0.87}},{"t":"X1","s":"","d":{"X":-0.076,"Y":-0.791}}],"clr":{"R":220,"G":246,"B":215,"A":255}},"GR6-3-21":{"pid":"GR6-S","orb":5559.88,"per":92.66,"ang":108.13,"t":"ASTEROID","sp":"ASTEROID-1","s":12.15,"m":24.91,"gd":20.25,"wic":{},"woc":{},"wgc":{},"emm":[{"Type":"1","MainRange":45,"MainValue":0.23,"FarRange":121}],"sig":[{"t":"7-4","s":"","d":{"X":0.35,"Y":0.35}},{"t":"8-1","s":"","d":{"X":-0.1,"Y":0.88}},{"t":"8-2","s":"","d":{"X":-0.84,"Y":-0.07}},{"t":"9-1","s":"","d":{"X":-0.51,"Y":-0.36}},{"t":"9-2","s":"","d":{"X":0.16,"Y":0.54}},{"t":"X1","s":"","d":{"X":0.256,"Y":-0.915}}],"clr":{"R":226,"G":202,"B":246,"A":255}},"GR6-3-22":{"pid":"GR6-S","orb":3946.46,"per":65.77,"ang":219.53,"t":"ASTEROID","sp":"ASTEROID-4","s":14.01,"m":38.21,"gd":23.35,"wic":{},"woc":{},"wgc":{},"emm":[{"Type":"1","MainRange":80,"MainValue":0.27,"FarRange":181},{"Type":"14","MainRange":32,"MainValue":0.08,"FarRange":204}],"sig":[{"t":"7-4","s":"","d":{"X":0.23,"Y":-0.97}},{"t":"8-1","s":"","d":{"X":-0.55,"Y":-0.65}},{"t":"8-2","s":"","d":{"X":0.22,"Y":0.38}},{"t":"9-1","s":"","d":{"X":0.75,"Y":-0.6}},{"t":"9-2","s":"","d":{"X":-0.64,"Y":-0.5}},{"t":"X1","s":"","d":{"X":0.345,"Y":0.626}},{"t":"X14","s":"","d":{"X":0.271,"Y":-0.929}}],"clr":{"R":224,"G":242,"B":215,"A":255}},"GR6-3-23":{"pid":"GR6-S","orb":3821.51,"per":63.69,"ang":103.92,"t":"ASTEROID","sp":"ASTEROID-1","s":24.96,"m":216.03,"gd":41.6,"wic":{},"woc":{},"wgc":{},"emm":[{"Type":"1","MainRange":37,"MainValue":0.22,"FarRange":82}],"sig":[{"t":"7-4","s":"","d":{"X":-0.31,"Y":0.73}},{"t":"8-1","s":"","d":{"X":-0.15,"Y":-0.05}},{"t":"8-2","s":"","d":{"X":-0.17,"Y":0.65}},{"t":"9-1","s":"","d":{"X":0.15,"Y":0.9}},{"t":"9-2","s":"","d":{"X":-0.71,"Y":0.12}},{"t":"X1","s":"","d":{"X":-0.765,"Y":-0.022}}],"clr":{"R":185,"G":246,"B":251,"A":255}},"GR6-3-24":{"pid":"GR6-S","orb":3659.83,"per":60.99,"ang":202.25,"t":"ASTEROID","sp":"ASTEROID-5","s":15.32,"m":49.98,"gd":25.54,"wic":{},"woc":{},"wgc":{},"emm":[{"Type":"1","MainRange":72,"MainValue":0.24,"FarRange":174},{"Type":"2","MainRange":58,"MainValue":0.22,"FarRange":137}],"sig":[{"t":"7-4","s":"","d":{"X":0.67,"Y":-0.49}},{"t":"8-1","s":"","d":{"X":-0.53,"Y":-0.78}},{"t":"8-2","s":"","d":{"X":0.02,"Y":-0.27}},{"t":"9-1","s":"","d":{"X":-0.16,"Y":0.74}},{"t":"9-2","s":"","d":{"X":-0.54,"Y":0.12}},{"t":"X1","s":"","d":{"X":-0.02,"Y":-0.994}},{"t":"X2","s":"","d":{"X":0.625,"Y":-0.168}}],"clr":{"R":249,"G":235,"B":242,"A":255}},"GR6-3-25":{"pid":"GR6-S","orb":3895.48,"per":64.92,"ang":127.57,"t":"ASTEROID","sp":"ASTEROID-2","s":23.03,"m":169.78,"gd":38.39,"wic":{},"woc":{},"wgc":{},"emm":[{"Type":"1","MainRange":70,"MainValue":0.16,"FarRange":154},{"Type":"2","MainRange":74,"MainValue":0.2,"FarRange":200},{"Type":"11","MainRange":42,"MainValue":0.16,"FarRange":110},{"Type":"13","MainRange":56,"MainValue":0.26,"FarRange":142},{"Type":"27","MainRange":86,"MainValue":0.21,"FarRange":192}],"sig":[{"t":"7-4","s":"","d":{"X":0.25,"Y":-0.92}},{"t":"8-1","s":"","d":{"X":-0.54,"Y":-0.46}},{"t":"8-2","s":"","d":{"X":-0.13,"Y":-0.56}},{"t":"9-1","s":"","d":{"X":0.37,"Y":-0.33}},{"t":"9-2","s":"","d":{"X":-0.33,"Y":-0.17}},{"t":"X1","s":"","d":{"X":-0.686,"Y":0.091}},{"t":"X2","s":"","d":{"X":-0.602,"Y":0.339}},{"t":"X11","s":"","d":{"X":-0.439,"Y":-0.585}},{"t":"X13","s":"","d":{"X":-0.264,"Y":-0.747}},{"t":"X27","s":"","d":{"X":0.875,"Y":0.314}}],"clr":{"R":252,"G":234,"B":250,"A":255}},"GR6-3-26":{"pid":"GR6-S","orb":4646.51,"per":77.44,"ang":166.48,"t":"ASTEROID","sp":"ASTEROID-4","s":20.19,"m":114.44,"gd":33.66,"wic":{},"woc":{},"wgc":{},"emm":[{"Type":"1","MainRange":46,"MainValue":0.25,"FarRange":162}],"sig":[{"t":"7-4","s":"","d":{"X":0.25,"Y":0.91}},{"t":"8-1","s":"","d":{"X":0.04,"Y":-0.19}},{"t":"8-2","s":"","d":{"X":0.54,"Y":-0.04}},{"t":"9-1","s":"","d":{"Y":0.61}},{"t":"9-2","s":"","d":{"X":0.34,"Y":-0.33}},{"t":"X1","s":"","d":{"X":0.827,"Y":-0.058}}],"clr":{"R":249,"G":187,"B":238,"A":255}},"GR6-3-27":{"pid":"GR6-S","orb":4754.79,"per":79.24,"ang":32.96,"t":"ASTEROID","sp":"ASTEROID-2","s":14.24,"m":40.12,"gd":23.73,"wic":{},"woc":{},"wgc":{},"emm":[{"Type":"1","MainRange":54,"MainValue":0.11,"FarRange":170}],"sig":[{"t":"7-4","s":"","d":{"X":0.48,"Y":0.38}},{"t":"8-1","s":"","d":{"X":0.15,"Y":-0.11}},{"t":"8-2","s":"","d":{"X":-0.79,"Y":0.17}},{"t":"9-1","s":"","d":{"X":0.01,"Y":-0.09}},{"t":"9-2","s":"","d":{"X":-0.27,"Y":0.59}},{"t":"X1","s":"","d":{"X":-0.171,"Y":-0.919}}],"clr":{"R":237,"G":232,"B":196,"A":255}},"GR6-3-28":{"pid":"GR6-S","orb":4781.82,"per":79.69,"ang":21.94,"t":"ASTEROID","sp":"ASTEROID-2","s":21.13,"m":131.18,"gd":35.23,"wic":{},"woc":{},"wgc":{},"emm":[{"Type":"1","MainRange":32,"MainValue":0.2,"FarRange":202}],"sig":[{"t":"7-4","s":"","d":{"X":-0.11,"Y":-0.53}},{"t":"8-1","s":"","d":{"X":0.2,"Y":0.88}},{"t":"8-2","s":"","d":{"X":0.35,"Y":0.52}},{"t":"9-1","s":"","d":{"X":0.21,"Y":0.79}},{"t":"9-2","s":"","d":{"X":-0.47,"Y":-0.8}},{"t":"X1","s":"","d":{"X":-0.518,"Y":-0.318}}],"clr":{"R":237,"G":198,"B":179,"A":255}},"GR6-3-29":{"pid":"GR6-S","orb":5534.1,"per":92.23,"ang":71.98,"t":"ASTEROID","sp":"ASTEROID-4","s":17.6,"m":75.78,"gd":29.34,"wic":{},"woc":{},"wgc":{},"emm":[{"Type":"1","MainRange":29,"MainValue":0.26,"FarRange":236}],"sig":[{"t":"7-4","s":"","d":{"X":-0.05,"Y":-0.51}},{"t":"8-1","s":"","d":{"X":0.26,"Y":0.76}},{"t":"8-2","s":"","d":{"X":0.26,"Y":0.88}},{"t":"9-1","s":"","d":{"X":0.9,"Y":-0.37}},{"t":"9-2","s":"","d":{"X":-0.77,"Y":-0.4}},{"t":"X1","s":"","d":{"X":-0.115,"Y":0.691}}],"clr":{"R":236,"G":244,"B":252,"A":255}},"GR6-3-3":{"pid":"GR6-S","orb":5002.37,"per":83.37,"ang":41.85,"t":"ASTEROID","sp":"ASTEROID-1","s":17.2,"m":70.74,"gd":28.67,"wic":{},"woc":{},"wgc":{},"emm":[{"Type":"1","MainRange":54,"MainValue":0.18,"FarRange":157}],"sig":[{"t":"7-4","s":"","d":{"X":0.11,"Y":0.43}},{"t":"8-1","s":"","d":{"X":-0.61,"Y":0.57}},{"t":"8-2","s":"","d":{"X":-0.16,"Y":-0.07}},{"t":"9-1","s":"","d":{"X":0.04,"Y":0.45}},{"t":"9-2","s":"","d":{"X":-0.12,"Y":-0.19}},{"t":"X1","s":"","d":{"X":0.52,"Y":-0.438}}],"clr":{"R":251,"G":244,"B":253,"A":255}},"GR6-3-30":{"pid":"GR6-S","orb":3959.52,"per":65.99,"ang":342.46,"t":"ASTEROID","sp":"ASTEROID-1","s":11.03,"m":18.66,"gd":18.39,"wic":{},"woc":{},"wgc":{},"emm":[{"Type":"1","MainRange":63,"MainValue":0.15,"FarRange":102}],"sig":[{"t":"7-4","s":"","d":{"X":-0.69,"Y":-0.67}},{"t":"8-1","s":"","d":{"X":-0.15,"Y":0.68}},{"t":"8-2","s":"","d":{"X":0.87,"Y":0.15}},{"t":"9-1","s":"","d":{"X":0.83,"Y":-0.33}},{"t":"9-2","s":"","d":{"X":0.55,"Y":-0.24}},{"t":"X1","s":"","d":{"X":-0.816,"Y":-0.453}}],"clr":{"R":216,"G":174,"B":248,"A":255}},"GR6-3-31":{"pid":"GR6-S","orb":4302.36,"per":71.7,"ang":98.36,"t":"ASTEROID","sp":"ASTEROID-3","s":24.21,"m":197.23,"gd":40.36,"wic":{},"woc":{},"wgc":{},"emm":[{"Type":"1","MainRange":53,"MainValue":0.14,"FarRange":194}],"sig":[{"t":"7-4","s":"","d":{"X":-0.62,"Y":-0.38}},{"t":"8-1","s":"","d":{"X":0.32,"Y":-0.38}},{"t":"8-2","s":"","d":{"X":-0.44,"Y":-0.41}},{"t":"9-1","s":"","d":{"X":-0.47,"Y":-0.75}},{"t":"9-2","s":"","d":{"X":0.02,"Y":0.87}},{"t":"X1","s":"","d":{"X":0.201,"Y":-0.071}}],"clr":{"R":218,"G":230,"B":254,"A":255}},"GR6-3-32":{"pid":"GR6-S","orb":5357.84,"per":89.29,"ang":93.78,"t":"ASTEROID","sp":"ASTEROID-2","s":19.99,"m":110.99,"gd":33.32,"wic":{},"woc":{},"wgc":{},"emm":[{"Type":"1","MainRange":43,"MainValue":0.18,"FarRange":114}],"sig":[{"t":"7-4","s":"","d":{"X":-0.68,"Y":-0.71}},{"t":"8-1","s":"","d":{"X":-0.2,"Y":0.69}},{"t":"8-2","s":"","d":{"X":0.59,"Y":-0.55}},{"t":"9-1","s":"","d":{"X":0.54,"Y":0.61}},{"t":"9-2","s":"","d":{"X":-0.3,"Y":0.43}},{"t":"X1","s":"","d":{"X":-0.502,"Y":-0.281}}],"clr":{"R":251,"G":205,"B":236,"A":255}},"GR6-3-33":{"pid":"GR6-S","orb":4882.25,"per":81.37,"ang":170.72,"t":"ASTEROID","sp":"ASTEROID-4","s":21.91,"m":146.21,"gd":36.52,"wic":{},"woc":{},"wgc":{},"emm":[{"Type":"1","MainRange":42,"MainValue":0.27,"FarRange":143}],"sig":[{"t":"7-4","s":"","d":{"X":-0.06}},{"t":"8-1","s":"","d":{"X":0.98,"Y":-0.2}},{"t":"8-2","s":"","d":{"X":-0.5,"Y":0.53}},{"t":"9-1","s":"","d":{"X":0.09,"Y":-0.71}},{"t":"9-2","s":"","d":{"X":0.95,"Y":-0.02}},{"t":"X1","s":"","d":{"X":-0.716,"Y":-0.666}}],"clr":{"R":248,"G":254,"B":246,"A":255}},"GR6-3-34":{"pid":"GR6-S","orb":4209.4,"per":70.15,"ang":81.27,"t":"ASTEROID","sp":"ASTEROID-1","s":15.33,"m":50.05,"gd":25.55,"wic":{},"woc":{},"wgc":{},"emm":[{"Type":"1","MainRange":49,"MainValue":0.25,"FarRange":248}],"sig":[{"t":"7-4","s":"","d":{"X":0.22,"Y":-0.84}},{"t":"8-1","s":"","d":{"X":0.68,"Y":-0.26}},{"t":"8-2","s":"","d":{"X":0.47,"Y":-0.7}},{"t":"9-1","s":"","d":{"X":0.56,"Y":0.78}},{"t":"9-2","s":"","d":{"X":-0.37,"Y":0.46}},{"t":"X1","s":"","d":{"X":-0.515,"Y":-0.783}}],"clr":{"R":171,"G":225,"B":251,"A":255}},"GR6-3-35":{"pid":"GR6-S","orb":4245.98,"per":70.76,"ang":24.89,"t":"ASTEROID","sp":"ASTEROID-3","s":18.95,"m":94.53,"gd":31.58,"wic":{},"woc":{},"wgc":{},"emm":[{"Type":"1","MainRange":85,"MainValue":0.16,"FarRange":130}],"sig":[{"t":"7-4","s":"","d":{"X":-0.43,"Y":0.72}},{"t":"8-1","s":"","d":{"X":-0.21,"Y":-0.86}},{"t":"8-2","s":"","d":{"X":-0.1,"Y":0.39}},{"t":"9-1","s":"","d":{"X":-0.25,"Y":0.43}},{"t":"9-2","s":"","d":{"X":0.73,"Y":-0.11}},{"t":"X1","s":"","d":{"X":-0.142,"Y":-0.935}}],"clr":{"R":223,"G":245,"B":244,"A":255}},"GR6-3-36":{"pid":"GR6-S","orb":4121.25,"per":68.68,"ang":195.19,"t":"ASTEROID","sp":"ASTEROID-3","s":17.39,"m":73.1,"gd":28.99,"wic":{},"woc":{},"wgc":{},"emm":[{"Type":"1","MainRange":61,"MainValue":0.25,"FarRange":156}],"sig":[{"t":"7-4","s":"","d":{"X":-0.16,"Y":-0.39}},{"t":"8-1","s":"","d":{"X":0.52,"Y":0.12}},{"t":"8-2","s":"","d":{"X":0.4,"Y":0.48}},{"t":"9-1","s":"","d":{"X":-0.6,"Y":0.07}},{"t":"9-2","s":"","d":{"X":0.37,"Y":0.62}},{"t":"X1","s":"","d":{"X":0.789,"Y":-0.121}}],"clr":{"R":220,"G":181,"B":234,"A":255}},"GR6-3-37":{"pid":"GR6-S","orb":3993.46,"per":66.55,"ang":71.85,"t":"ASTEROID","sp":"ASTEROID-3","s":15.9,"m":55.93,"gd":26.51,"wic":{},"woc":{},"wgc":{},"emm":[{"Type":"1","MainRange":51,"MainValue":0.16,"FarRange":92},{"Type":"2","MainRange":46,"MainValue":0.1,"FarRange":161}],"sig":[{"t":"7-4","s":"","d":{"X":0.51,"Y":0.59}},{"t":"8-1","s":"","d":{"X":-0.01,"Y":-0.7}},{"t":"8-2","s":"","d":{"X":-0.07,"Y":0.01}},{"t":"9-1","s":"","d":{"X":0.81,"Y":-0.16}},{"t":"9-2","s":"","d":{"X":-0.83,"Y":-0.04}},{"t":"X1","s":"","d":{"X":0.304,"Y":-0.069}},{"t":"X2","s":"","d":{"X":-0.472,"Y":-0.785}}],"clr":{"R":241,"G":253,"B":235,"A":255}},"GR6-3-38":{"pid":"GR6-S","orb":4713.87,"per":78.56,"ang":286.95,"t":"ASTEROID","sp":"ASTEROID-3","s":36.69,"m":685.98,"gd":61.15,"wic":{},"woc":{},"wgc":{},"emm":[{"Type":"1","MainRange":33,"MainValue":0.24,"FarRange":155}],"sig":[{"t":"7-4","s":"","d":{"X":-0.11,"Y":0.98}},{"t":"8-1","s":"","d":{"X":-0.55,"Y":-0.24}},{"t":"8-2","s":"","d":{"X":0.65,"Y":-0.15}},{"t":"9-1","s":"","d":{"X":-0.69,"Y":0.56}},{"t":"9-2","s":"","d":{"X":0.19,"Y":0.92}},{"t":"X1","s":"","d":{"X":-0.342,"Y":0.937}}],"clr":{"R":250,"G":229,"B":236,"A":255}},"GR6-3-39":{"pid":"GR6-S","orb":4651.77,"per":77.52,"ang":296.65,"t":"ASTEROID","sp":"ASTEROID-5","s":23.69,"m":184.74,"gd":39.48,"wic":{},"woc":{},"wgc":{},"emm":[{"Type":"1","MainRange":73,"MainValue":0.29,"FarRange":229}],"sig":[{"t":"7-4","s":"","d":{"X":0.03,"Y":-0.93}},{"t":"8-1","s":"","d":{"X":-0.81,"Y":-0.33}},{"t":"8-2","s":"","d":{"X":0.24,"Y":-0.88}},{"t":"9-1","s":"","d":{"X":0.37,"Y":-0.48}},{"t":"9-2","s":"","d":{"X":0.12,"Y":-0.5}},{"t":"X1","s":"","d":{"X":-0.021,"Y":-0.831}}],"clr":{"R":199,"G":254,"B":192,"A":255}},"GR6-3-4":{"pid":"GR6-S","orb":3889.06,"per":64.81,"ang":332.53,"t":"ASTEROID","sp":"ASTEROID-5","s":16.34,"m":60.69,"gd":27.24,"wic":{},"woc":{},"wgc":{},"emm":[{"Type":"1","MainRange":70,"MainValue":0.3,"FarRange":206}],"sig":[{"t":"7-4","s":"","d":{"X":0.12,"Y":0.17}},{"t":"8-1","s":"","d":{"X":-0.77,"Y":0.16}},{"t":"8-2","s":"","d":{"X":0.03,"Y":-0.02}},{"t":"9-1","s":"","d":{"X":-0.07,"Y":-0.2}},{"t":"9-2","s":"","d":{"X":-0.03,"Y":-0.41}},{"t":"X1","s":"","d":{"X":-0.579,"Y":0.347}}],"clr":{"R":253,"G":254,"B":253,"A":255}},"GR6-3-40":{"pid":"GR6-S","orb":5239.48,"per":87.32,"ang":185.25,"t":"ASTEROID","sp":"ASTEROID-5","s":24.5,"m":204.42,"gd":40.84,"wic":{},"woc":{},"wgc":{},"emm":[{"Type":"1","MainRange":47,"MainValue":0.25,"FarRange":79},{"Type":"11","MainRange":47,"MainValue":0.26,"FarRange":236},{"Type":"3","MainRange":65,"MainValue":0.14,"FarRange":128}],"sig":[{"t":"7-4","s":"","d":{"X":-0.58,"Y":-0.18}},{"t":"8-1","s":"","d":{"X":-0.11,"Y":-0.39}},{"t":"8-2","s":"","d":{"X":-0.84,"Y":0.47}},{"t":"9-1","s":"","d":{"X":0.2,"Y":-0.67}},{"t":"9-2","s":"","d":{"X":0.95,"Y":0.05}},{"t":"X1","s":"","d":{"X":0.737,"Y":0.423}},{"t":"X11","s":"","d":{"X":0.793,"Y":0.411}},{"t":"X3","s":"","d":{"X":0.542,"Y":0.735}}],"clr":{"R":244,"G":209,"B":247,"A":255}},"GR6-3-41":{"pid":"GR6-S","orb":5023.63,"per":83.72,"ang":167.04,"t":"ASTEROID","sp":"ASTEROID-3","s":17.17,"m":70.39,"gd":28.62,"wic":{},"woc":{},"wgc":{},"emm":[{"Type":"1","MainRange":42,"MainValue":0.15,"FarRange":127}],"sig":[{"t":"7-4","s":"","d":{"X":-0.04,"Y":0.91}},{"t":"8-1","s":"","d":{"X":0.39,"Y":0.89}},{"t":"8-2","s":"","d":{"X":-0.53,"Y":-0.44}},{"t":"9-1","s":"","d":{"X":0.38,"Y":-0.81}},{"t":"9-2","s":"","d":{"X":-0.33,"Y":-0.01}},{"t":"X1","s":"","d":{"X":0.718,"Y":-0.297}}],"clr":{"R":244,"G":249,"B":254,"A":255}},"GR6-3-42":{"pid":"GR6-S","orb":4995.52,"per":83.25,"ang":40.49,"t":"ASTEROID","sp":"ASTEROID-1","s":23.93,"m":190.43,"gd":39.89,"wic":{},"woc":{},"wgc":{},"emm":[{"Type":"1","MainRange":54.9,"MainValue":0.19,"FarRange":61}],"sig":[{"t":"7-4","s":"","d":{"X":-0.65,"Y":-0.26}},{"t":"8-1","s":"","d":{"X":-0.38,"Y":-0.92}},{"t":"8-2","s":"","d":{"X":-0.63,"Y":-0.49}},{"t":"9-1","s":"","d":{"X":0.66,"Y":0.67}},{"t":"9-2","s":"","d":{"X":-0.71,"Y":-0.68}},{"t":"X1","s":"","d":{"X":0.071,"Y":-0.079}}],"clr":{"R":213,"G":239,"B":186,"A":255}},"GR6-3-43":{"pid":"GR6-S","orb":5203.8,"per":86.73,"ang":216.13,"t":"ASTEROID","sp":"ASTEROID-3","s":18.75,"m":91.63,"gd":31.25,"wic":{},"woc":{},"wgc":{},"emm":[{"Type":"1","MainRange":79,"MainValue":0.37,"FarRange":171}],"sig":[{"t":"7-4","s":"","d":{"X":0.39,"Y":0.81}},{"t":"8-1","s":"","d":{"X":0.09,"Y":0.36}},{"t":"8-2","s":"","d":{"X":0.3,"Y":0.82}},{"t":"9-1","s":"","d":{"X":0.04,"Y":-0.87}},{"t":"9-2","s":"","d":{"X":0.31,"Y":0.62}},{"t":"X1","s":"","d":{"X":-0.739,"Y":-0.121}}],"clr":{"R":204,"G":253,"B":249,"A":255}},"GR6-3-44":{"pid":"GR6-S","orb":4888.82,"per":81.48,"ang":327.2,"t":"ASTEROID","sp":"ASTEROID-2","s":31.61,"m":438.82,"gd":52.68,"wic":{},"woc":{},"wgc":{},"emm":[{"Type":"1","MainRange":79,"MainValue":0.16,"FarRange":128}],"sig":[{"t":"7-4","s":"","d":{"X":0.79,"Y":-0.03}},{"t":"8-1","s":"","d":{"X":-0.26,"Y":0.17}},{"t":"8-2","s":"","d":{"X":0.53,"Y":0.39}},{"t":"9-1","s":"","d":{"X":-0.83,"Y":-0.05}},{"t":"9-2","s":"","d":{"X":0.3,"Y":0.92}},{"t":"X1","s":"","d":{"X":-0.233,"Y":-0.918}}],"clr":{"R":254,"G":193,"B":231,"A":255}},"GR6-3-45":{"pid":"GR6-S","orb":4888.95,"per":81.48,"ang":32.53,"t":"ASTEROID","sp":"ASTEROID-1","s":26.47,"m":257.7,"gd":44.12,"wic":{},"woc":{},"wgc":{},"emm":[{"Type":"1","MainRange":38,"MainValue":0.19,"FarRange":188}],"sig":[{"t":"7-4","s":"","d":{"X":0.43,"Y":-0.06}},{"t":"8-1","s":"","d":{"X":-0.39,"Y":0.09}},{"t":"8-2","s":"","d":{"X":0.42,"Y":-0.77}},{"t":"9-1","s":"","d":{"X":-0.95,"Y":-0.28}},{"t":"9-2","s":"","d":{"X":-0.55,"Y":-0.51}},{"t":"X1","s":"","d":{"X":0.535,"Y":0.182}}],"clr":{"R":163,"G":216,"B":247,"A":255}},"GR6-3-46":{"pid":"GR6-S","orb":4987.62,"per":83.12,"ang":167.31,"t":"ASTEROID","sp":"ASTEROID-1","s":19.21,"m":98.49,"gd":32.02,"wic":{},"woc":{},"wgc":{},"emm":[{"Type":"1","MainRange":57,"MainValue":0.19,"FarRange":168}],"sig":[{"t":"7-4","s":"","d":{"X":-0.93,"Y":-0.28}},{"t":"8-1","s":"","d":{"X":-0.56,"Y":0.81}},{"t":"8-2","s":"","d":{"X":-0.33,"Y":0.93}},{"t":"9-1","s":"","d":{"X":-0.46,"Y":0.4}},{"t":"9-2","s":"","d":{"X":-0.06,"Y":-0.71}},{"t":"X1","s":"","d":{"X":-0.37,"Y":0.418}}],"clr":{"R":218,"G":246,"B":209,"A":255}},"GR6-3-47":{"pid":"GR6-S","orb":4535.66,"per":75.59,"ang":347.2,"t":"ASTEROID","sp":"ASTEROID-1","s":12.57,"m":27.62,"gd":20.95,"wic":{},"woc":{},"wgc":{},"emm":[{"Type":"1","MainRange":68,"MainValue":0.11,"FarRange":157},{"Type":"17","MainRange":52,"MainValue":0.2,"FarRange":156}],"sig":[{"t":"7-4","s":"","d":{"X":-0.61,"Y":0.04}},{"t":"8-1","s":"","d":{"X":0.53,"Y":-0.79}},{"t":"8-2","s":"","d":{"X":0.43,"Y":-0.01}},{"t":"9-1","s":"","d":{"X":-0.87,"Y":-0.37}},{"t":"9-2","s":"","d":{"X":-0.24,"Y":0.84}},{"t":"X1","s":"","d":{"X":-0.218,"Y":-0.966}},{"t":"X17","s":"","d":{"X":0.545,"Y":0.677}}],"clr":{"R":251,"G":228,"B":251,"A":255}},"GR6-3-48":{"pid":"GR6-S","orb":3967.42,"per":66.12,"ang":149.57,"t":"ASTEROID","sp":"ASTEROID-4","s":21.67,"m":141.49,"gd":36.13,"wic":{},"woc":{},"wgc":{},"emm":[{"Type":"1","MainRange":22,"MainValue":0.29,"FarRange":110}],"sig":[{"t":"7-4","s":"","d":{"X":-0.17,"Y":0.63}},{"t":"8-1","s":"","d":{"X":0.6,"Y":0.49}},{"t":"8-2","s":"","d":{"X":-0.89,"Y":0.04}},{"t":"9-1","s":"","d":{"X":0.55,"Y":-0.06}},{"t":"9-2","s":"","d":{"X":-0.61,"Y":-0.35}},{"t":"X1","s":"","d":{"X":0.883,"Y":-0.418}}],"clr":{"R":251,"G":252,"B":241,"A":255}},"GR6-3-49":{"pid":"GR6-S","orb":4094.47,"per":68.24,"ang":224.87,"t":"ASTEROID","sp":"ASTEROID-1","s":24.94,"m":215.62,"gd":41.57,"wic":{},"woc":{},"wgc":{},"emm":[{"Type":"1","MainRange":38,"MainValue":0.24,"FarRange":137}],"sig":[{"t":"7-4","s":"","d":{"X":0.1,"Y":-0.89}},{"t":"8-1","s":"","d":{"X":-0.03,"Y":-0.47}},{"t":"8-2","s":"","d":{"X":0.42,"Y":0.28}},{"t":"9-1","s":"","d":{"X":0.11,"Y":-0.49}},{"t":"9-2","s":"","d":{"X":-0.1,"Y":0.79}},{"t":"X1","s":"","d":{"X":0.926,"Y":0.236}}],"clr":{"R":239,"G":190,"B":237,"A":255}},"GR6-3-5":{"pid":"GR6-S","orb":4969.34,"per":82.82,"ang":299.82,"t":"ASTEROID","sp":"ASTEROID-3","s":19.4,"m":101.49,"gd":32.34,"wic":{},"woc":{},"wgc":{},"emm":[{"Type":"1","MainRange":23,"MainValue":0.18,"FarRange":146}],"sig":[{"t":"7-4","s":"","d":{"X":0.61,"Y":-0.02}},{"t":"8-1","s":"","d":{"X":0.71,"Y":-0.25}},{"t":"8-2","s":"","d":{"X":0.31,"Y":-0.58}},{"t":"9-1","s":"","d":{"X":0.17,"Y":-0.62}},{"t":"9-2","s":"","d":{"X":0.77,"Y":-0.06}},{"t":"X1","s":"","d":{"X":0.053,"Y":0.432}}],"clr":{"R":235,"G":182,"B":223,"A":255}},"GR6-3-50":{"pid":"GR6-S","orb":3756.92,"per":62.61,"ang":293.99,"t":"ASTEROID","sp":"ASTEROID-1","s":19.13,"m":97.37,"gd":31.89,"wic":{},"woc":{},"wgc":{},"emm":[{"Type":"1","MainRange":40,"MainValue":0.14,"FarRange":82},{"Type":"19","MainRange":46,"MainValue":0.13,"FarRange":113},{"Type":"18","MainRange":42,"MainValue":0.12,"FarRange":81}],"sig":[{"t":"7-4","s":"","d":{"X":-0.04,"Y":0.72}},{"t":"8-1","s":"","d":{"X":-0.89,"Y":-0.42}},{"t":"8-2","s":"","d":{"X":-0.91,"Y":-0.01}},{"t":"9-1","s":"","d":{"X":0.65,"Y":0.1}},{"t":"9-2","s":"","d":{"X":-0.15,"Y":-0.62}},{"t":"X1","s":"","d":{"X":0.147,"Y":-0.69}},{"t":"X19","s":"","d":{"X":-0.426,"Y":-0.216}},{"t":"X18","s":"","d":{"X":0.698,"Y":-0.714}}],"clr":{"R":253,"G":230,"B":246,"A":255}},"GR6-3-51":{"pid":"GR6-S","orb":4420.56,"per":73.67,"ang":112.66,"t":"ASTEROID","sp":"ASTEROID-5","s":19.49,"m":102.86,"gd":32.48,"wic":{},"woc":{},"wgc":{},"emm":[{"Type":"1","MainRange":67,"MainValue":0.16,"FarRange":130},{"Type":"12","MainRange":57,"MainValue":0.18,"FarRange":167}],"sig":[{"t":"7-4","s":"","d":{"X":0.38,"Y":-0.28}},{"t":"8-1","s":"","d":{"X":0.95,"Y":-0.2}},{"t":"8-2","s":"","d":{"X":0.45,"Y":0.05}},{"t":"9-1","s":"","d":{"X":0.77,"Y":-0.28}},{"t":"9-2","s":"","d":{"X":0.72,"Y":-0.62}},{"t":"X1","s":"","d":{"X":0.359,"Y":-0.359}},{"t":"X12","s":"","d":{"X":0.656,"Y":-0.291}}],"clr":{"R":236,"G":248,"B":184,"A":255}},"GR6-3-52":{"pid":"GR6-S","orb":5272.29,"per":87.87,"ang":243.91,"t":"ASTEROID","sp":"ASTEROID-5","s":8.25,"m":7.81,"gd":13.75,"wic":{},"woc":{},"wgc":{},"emm":[{"Type":"1","MainRange":50,"MainValue":0.14,"FarRange":166}],"sig":[{"t":"7-4","s":"","d":{"X":0.57,"Y":0.29}},{"t":"8-1","s":"","d":{"X":0.69,"Y":-0.13}},{"t":"8-2","s":"","d":{"X":-0.1,"Y":0.36}},{"t":"9-1","s":"","d":{"X":0.18,"Y":-0.68}},{"t":"9-2","s":"","d":{"X":-0.07,"Y":0.85}},{"t":"X1","s":"","d":{"X":-0.723,"Y":-0.408}}],"clr":{"R":221,"G":242,"B":245,"A":255}},"GR6-3-53":{"pid":"GR6-S","orb":5427.77,"per":90.46,"ang":249.15,"t":"ASTEROID","sp":"ASTEROID-2","s":19.51,"m":103.2,"gd":32.52,"wic":{},"woc":{},"wgc":{},"emm":[{"Type":"1","MainRange":13.5,"MainValue":0.19,"FarRange":15}],"sig":[{"t":"7-4","s":"","d":{"X":-0.56,"Y":-0.82}},{"t":"8-1","s":"","d":{"X":-0.54,"Y":-0.66}},{"t":"8-2","s":"","d":{"X":0.58,"Y":-0.79}},{"t":"9-1","s":"","d":{"X":0.66,"Y":0.55}},{"t":"9-2","s":"","d":{"Y":-0.07}},{"t":"X1","s":"","d":{"X":-0.42,"Y":0.305}}],"clr":{"R":221,"G":253,"B":194,"A":255}},"GR6-3-54":{"pid":"GR6-S","orb":3824.34,"per":63.73,"ang":291.97,"t":"ASTEROID","sp":"ASTEROID-4","s":33.18,"m":507.4,"gd":55.3,"wic":{},"woc":{},"wgc":{},"emm":[{"Type":"1","MainRange":44,"MainValue":0.18,"FarRange":94}],"sig":[{"t":"7-4","s":"","d":{"X":-0.02,"Y":0.4}},{"t":"8-1","s":"","d":{"X":0.06,"Y":0.35}},{"t":"8-2","s":"","d":{"X":-0.46,"Y":0.52}},{"t":"9-1","s":"","d":{"X":-0.49,"Y":-0.11}},{"t":"9-2","s":"","d":{"X":-0.53,"Y":0.65}},{"t":"X1","s":"","d":{"X":-0.03,"Y":0.088}}],"clr":{"R":241,"G":254,"B":253,"A":255}},"GR6-3-55":{"pid":"GR6-S","orb":3989.74,"per":66.49,"ang":46.24,"t":"ASTEROID","sp":"ASTEROID-4","s":18.33,"m":85.6,"gd":30.55,"wic":{},"woc":{},"wgc":{},"emm":[{"Type":"1","MainRange":45,"MainValue":0.21,"FarRange":183}],"sig":[{"t":"7-4","s":"","d":{"X":0.8,"Y":-0.28}},{"t":"8-1","s":"","d":{"X":-0.72,"Y":-0.17}},{"t":"8-2","s":"","d":{"X":0.68,"Y":0.68}},{"t":"9-1","s":"","d":{"X":0.72,"Y":0.13}},{"t":"9-2","s":"","d":{"X":0.23,"Y":-0.67}},{"t":"X1","s":"","d":{"X":0.523,"Y":-0.758}}],"clr":{"R":237,"G":242,"B":206,"A":255}},"GR6-3-56":{"pid":"GR6-S","orb":4608.98,"per":76.81,"ang":14.49,"t":"ASTEROID","sp":"ASTEROID-4","s":25.64,"m":234.21,"gd":42.73,"wic":{},"woc":{},"wgc":{},"emm":[{"Type":"1","MainRange":42,"MainValue":0.27,"FarRange":141},{"Type":"20","MainRange":68,"MainValue":0.2,"FarRange":147}],"sig":[{"t":"7-4","s":"","d":{"X":0.59,"Y":-0.42}},{"t":"8-1","s":"","d":{"X":0.31,"Y":0.8}},{"t":"8-2","s":"","d":{"X":-0.21,"Y":-0.83}},{"t":"9-1","s":"","d":{"X":0.61,"Y":-0.66}},{"t":"9-2","s":"","d":{"X":-0.85,"Y":0.1}},{"t":"X1","s":"","d":{"X":-0.15,"Y":0.761}},{"t":"X20","s":"","d":{"X":0.568,"Y":-0.113}}],"clr":{"R":248,"G":235,"B":190,"A":255}},"GR6-3-57":{"pid":"GR6-S","orb":4017.55,"per":66.95,"ang":176.47,"t":"ASTEROID","sp":"ASTEROID-1","s":23.44,"m":179.05,"gd":39.07,"wic":{},"woc":{},"wgc":{},"emm":[{"Type":"1","MainRange":31,"MainValue":0.19,"FarRange":189}],"sig":[{"t":"7-4","s":"","d":{"X":0.37,"Y":0.73}},{"t":"8-1","s":"","d":{"X":0.14,"Y":-0.4}},{"t":"8-2","s":"","d":{"X":-0.47,"Y":0.18}},{"t":"9-1","s":"","d":{"X":0.67,"Y":-0.3}},{"t":"9-2","s":"","d":{"X":0.78,"Y":0.37}},{"t":"X1","s":"","d":{"X":-0.064,"Y":-0.273}}],"clr":{"R":251,"G":245,"B":252,"A":255}},"GR6-3-58":{"pid":"GR6-S","orb":4210.99,"per":70.18,"ang":94.37,"t":"ASTEROID","sp":"ASTEROID-3","s":19.27,"m":99.49,"gd":32.12,"wic":{},"woc":{},"wgc":{},"emm":[{"Type":"1","MainRange":14,"MainValue":0.22,"FarRange":130}],"sig":[{"t":"7-4","s":"","d":{"X":-0.22,"Y":0.82}},{"t":"8-1","s":"","d":{"X":0.3,"Y":0.17}},{"t":"8-2","s":"","d":{"X":-0.13,"Y":0.9}},{"t":"9-1","s":"","d":{"X":0.95,"Y":0.2}},{"t":"9-2","s":"","d":{"X":-0.04,"Y":0.72}},{"t":"X1","s":"","d":{"X":-0.486,"Y":0.344}}],"clr":{"R":225,"G":230,"B":245,"A":255}},"GR6-3-59":{"pid":"GR6-S","orb":4684.94,"per":78.08,"ang":139.11,"t":"ASTEROID","sp":"ASTEROID-1","s":25.99,"m":244.03,"gd":43.32,"wic":{},"woc":{},"wgc":{},"emm":[{"Type":"1","MainRange":62,"MainValue":0.19,"FarRange":123}],"sig":[{"t":"7-4","s":"","d":{"X":0.38,"Y":-0.85}},{"t":"8-1","s":"","d":{"X":0.02,"Y":0.85}},{"t":"8-2","s":"","d":{"X":-0.36,"Y":-0.12}},{"t":"9-1","s":"","d":{"X":0.86,"Y":0.49}},{"t":"9-2","s":"","d":{"X":-0.12,"Y":-0.64}},{"t":"X1","s":"","d":{"X":0.006,"Y":0.729}}],"clr":{"R":236,"G":248,"B":231,"A":255}},"GR6-3-6":{"pid":"GR6-S","orb":4376,"per":72.93,"ang":152.81,"t":"ASTEROID","sp":"ASTEROID-4","s":15.78,"m":54.57,"gd":26.3,"wic":{},"woc":{},"wgc":{},"emm":[{"Type":"1","MainRange":58,"MainValue":0.26,"FarRange":236}],"sig":[{"t":"7-4","s":"","d":{"X":-0.87,"Y":-0.46}},{"t":"8-1","s":"","d":{"X":-0.54,"Y":-0.71}},{"t":"8-2","s":"","d":{"X":-0.46,"Y":-0.44}},{"t":"9-1","s":"","d":{"X":-0.34,"Y":0.45}},{"t":"9-2","s":"","d":{"X":0.6,"Y":0.38}},{"t":"X1","s":"","d":{"X":0.691,"Y":0.205}}],"clr":{"R":209,"G":236,"B":179,"A":255}},"GR6-3-60":{"pid":"GR6-S","orb":5283.9,"per":88.06,"ang":177.44,"t":"ASTEROID","sp":"ASTEROID-2","s":16.97,"m":67.97,"gd":28.29,"wic":{},"woc":{},"wgc":{},"emm":[{"Type":"1","MainRange":71,"MainValue":0.22,"FarRange":122}],"sig":[{"t":"7-4","s":"","d":{"X":-0.05,"Y":-0.67}},{"t":"8-1","s":"","d":{"X":0.43,"Y":-0.1}},{"t":"8-2","s":"","d":{"X":-0.16,"Y":-0.21}},{"t":"9-1","s":"","d":{"X":0.73,"Y":-0.4}},{"t":"9-2","s":"","d":{"X":-0.18,"Y":0.02}},{"t":"X1","s":"","d":{"X":-0.711,"Y":0.17}}],"clr":{"R":251,"G":254,"B":252,"A":255}},"GR6-3-61":{"pid":"GR6-S","orb":5021.18,"per":83.68,"ang":99,"t":"ASTEROID","sp":"ASTEROID-5","s":16.27,"m":59.88,"gd":27.12,"wic":{},"woc":{},"wgc":{},"emm":[{"Type":"1","MainRange":52,"MainValue":0.34,"FarRange":161}],"sig":[{"t":"7-4","s":"","d":{"X":0.02,"Y":0.39}},{"t":"8-1","s":"","d":{"X":0.3,"Y":0.3}},{"t":"8-2","s":"","d":{"X":-0.86,"Y":-0.45}},{"t":"9-1","s":"","d":{"X":-0.2,"Y":-0.1}},{"t":"9-2","s":"","d":{"X":-0.89,"Y":0.19}},{"t":"X1","s":"","d":{"X":0.458,"Y":0.226}}],"clr":{"R":240,"G":251,"B":227,"A":255}},"GR6-3-62":{"pid":"GR6-S","orb":5082.96,"per":84.71,"ang":132.39,"t":"ASTEROID","sp":"ASTEROID-1","s":18.48,"m":87.73,"gd":30.8,"wic":{},"woc":{},"wgc":{},"emm":[{"Type":"1","MainRange":45,"MainValue":0.23,"FarRange":151}],"sig":[{"t":"7-4","s":"","d":{"X":-0.45,"Y":-0.55}},{"t":"8-1","s":"","d":{"X":-0.24,"Y":0.81}},{"t":"8-2","s":"","d":{"X":0.88,"Y":0.3}},{"t":"9-1","s":"","d":{"X":-0.69,"Y":-0.05}},{"t":"9-2","s":"","d":{"X":0.02,"Y":0.18}},{"t":"X1","s":"","d":{"X":0.621,"Y":-0.74}}],"clr":{"R":250,"G":223,"B":252,"A":255}},"GR6-3-63":{"pid":"GR6-S","orb":4580.38,"per":76.33,"ang":273.59,"t":"ASTEROID","sp":"ASTEROID-4","s":17.25,"m":71.34,"gd":28.75,"wic":{},"woc":{},"wgc":{},"emm":[{"Type":"1","MainRange":73,"MainValue":0.22,"FarRange":167}],"sig":[{"t":"7-4","s":"","d":{"X":-0.39,"Y":0.88}},{"t":"8-1","s":"","d":{"X":0.67,"Y":0.29}},{"t":"8-2","s":"","d":{"X":0.56,"Y":-0.55}},{"t":"9-1","s":"","d":{"X":0.62,"Y":-0.04}},{"t":"9-2","s":"","d":{"X":0.48,"Y":0.57}},{"t":"X1","s":"","d":{"X":0.119,"Y":0.521}}],"clr":{"R":203,"G":244,"B":203,"A":255}},"GR6-3-64":{"pid":"GR6-S","orb":4257.29,"per":70.95,"ang":288.62,"t":"ASTEROID","sp":"ASTEROID-2","s":36.41,"m":670.6,"gd":60.68,"wic":{},"woc":{},"wgc":{},"emm":[{"Type":"1","MainRange":49,"MainValue":0.14,"FarRange":191}],"sig":[{"t":"7-4","s":"","d":{"X":0.56,"Y":0.1}},{"t":"8-1","s":"","d":{"X":-0.55,"Y":-0.51}},{"t":"8-2","s":"","d":{"X":0.43,"Y":-0.22}},{"t":"9-1","s":"","d":{"X":0.28,"Y":-0.61}},{"t":"9-2","s":"","d":{"X":0.62,"Y":0.61}},{"t":"X1","s":"","d":{"X":-0.231,"Y":0.571}}],"clr":{"R":185,"G":224,"B":252,"A":255}},"GR6-3-65":{"pid":"GR6-S","orb":4144.61,"per":69.07,"ang":237.24,"t":"ASTEROID","sp":"ASTEROID-3","s":15.55,"m":52.27,"gd":25.92,"wic":{},"woc":{},"wgc":{},"emm":[{"Type":"1","MainRange":52,"MainValue":0.13,"FarRange":194}],"sig":[{"t":"7-4","s":"","d":{"X":0.26,"Y":0.84}},{"t":"8-1","s":"","d":{"X":-0.26,"Y":-0.27}},{"t":"8-2","s":"","d":{"X":0.58,"Y":0.76}},{"t":"9-1","s":"","d":{"X":0.05,"Y":0.92}},{"t":"9-2","s":"","d":{"X":-0.51,"Y":0.34}},{"t":"X1","s":"","d":{"X":0.453,"Y":0.02}}],"clr":{"R":160,"G":253,"B":201,"A":255}},"GR6-3-66":{"pid":"GR6-S","orb":4216.24,"per":70.27,"ang":322.06,"t":"ASTEROID","sp":"ASTEROID-3","s":22.89,"m":166.69,"gd":38.15,"wic":{},"woc":{},"wgc":{},"emm":[{"Type":"1","MainRange":43,"MainValue":0.11,"FarRange":171}],"sig":[{"t":"7-4","s":"","d":{"X":0.72,"Y":0.09}},{"t":"8-1","s":"","d":{"X":-0.3,"Y":0.15}},{"t":"8-2","s":"","d":{"X":-0.45,"Y":-0.83}},{"t":"9-1","s":"","d":{"X":-0.7,"Y":-0.21}},{"t":"9-2","s":"","d":{"X":0.39,"Y":0.72}},{"t":"X1","s":"","d":{"X":0.747,"Y":-0.553}}],"clr":{"R":246,"G":252,"B":163,"A":255}},"GR6-3-67":{"pid":"GR6-S","orb":3920.59,"per":65.34,"ang":269.76,"t":"ASTEROID","sp":"ASTEROID-2","s":18.31,"m":85.31,"gd":30.52,"wic":{},"woc":{},"wgc":{},"emm":[{"Type":"1","MainRange":52,"MainValue":0.18,"FarRange":179}],"sig":[{"t":"7-4","s":"","d":{"X":0.24,"Y":-0.56}},{"t":"8-1","s":"","d":{"X":0.24,"Y":-0.64}},{"t":"8-2","s":"","d":{"X":0.95,"Y":0.25}},{"t":"9-1","s":"","d":{"X":-0.93,"Y":-0.12}},{"t":"9-2","s":"","d":{"X":-0.28,"Y":-0.37}},{"t":"X1","s":"","d":{"X":-0.052,"Y":0.25}}],"clr":{"R":194,"G":244,"B":177,"A":255}},"GR6-3-68":{"pid":"GR6-S","orb":4706.01,"per":78.43,"ang":149.48,"t":"ASTEROID","sp":"ASTEROID-4","s":11.39,"m":20.53,"gd":18.98,"wic":{},"woc":{},"wgc":{},"emm":[{"Type":"1","MainRange":44,"MainValue":0.12,"FarRange":138}],"sig":[{"t":"7-4","s":"","d":{"X":-0.7,"Y":0.24}},{"t":"8-1","s":"","d":{"X":-0.24,"Y":0.3}},{"t":"8-2","s":"","d":{"X":-0.41,"Y":-0.03}},{"t":"9-1","s":"","d":{"X":-0.75,"Y":0.12}},{"t":"9-2","s":"","d":{"X":-0.64,"Y":0.66}},{"t":"X1","s":"","d":{"X":-0.707,"Y":-0.305}}],"clr":{"R":252,"G":254,"B":252,"A":255}},"GR6-3-69":{"pid":"GR6-S","orb":4146.57,"per":69.1,"ang":190.29,"t":"ASTEROID","sp":"ASTEROID-3","s":17.68,"m":76.88,"gd":29.48,"wic":{},"woc":{},"wgc":{},"emm":[{"Type":"1","MainRange":79,"MainValue":0.11,"FarRange":118}],"sig":[{"t":"7-4","s":"","d":{"X":0.94,"Y":-0.06}},{"t":"8-1","s":"","d":{"X":-0.07,"Y":0.69}},{"t":"8-2","s":"","d":{"X":-0.23,"Y":0.11}},{"t":"9-1","s":"","d":{"X":-0.69,"Y":-0.36}},{"t":"9-2","s":"","d":{"X":0.28,"Y":0.9}},{"t":"X1","s":"","d":{"X":0.454,"Y":-0.033}}],"clr":{"R":239,"G":251,"B":249,"A":255}},"GR6-3-7":{"pid":"GR6-S","orb":4508.98,"per":75.14,"ang":330.49,"t":"ASTEROID","sp":"ASTEROID-2","s":28.21,"m":312.01,"gd":47.02,"wic":{},"woc":{},"wgc":{},"emm":[{"Type":"1","MainRange":56,"MainValue":0.18,"FarRange":98}],"sig":[{"t":"7-4","s":"","d":{"X":-0.58,"Y":0.59}},{"t":"8-1","s":"","d":{"X":0.2,"Y":0.49}},{"t":"8-2","s":"","d":{"X":-0.34,"Y":0.34}},{"t":"9-1","s":"","d":{"X":-0.8,"Y":-0.23}},{"t":"9-2","s":"","d":{"X":0.52,"Y":0.24}},{"t":"X1","s":"","d":{"X":0.139,"Y":-0.834}}],"clr":{"R":248,"G":192,"B":162,"A":255}},"GR6-3-70":{"pid":"GR6-S","orb":3998.47,"per":66.64,"ang":203.96,"t":"ASTEROID","sp":"ASTEROID-3","s":27.21,"m":279.86,"gd":45.35,"wic":{},"woc":{},"wgc":{},"emm":[{"Type":"1","MainRange":51,"MainValue":0.11,"FarRange":137}],"sig":[{"t":"7-4","s":"","d":{"X":0.48,"Y":0.14}},{"t":"8-1","s":"","d":{"X":-0.26,"Y":0.16}},{"t":"8-2","s":"","d":{"X":0.83,"Y":-0.33}},{"t":"9-1","s":"","d":{"X":-0.92,"Y":-0.1}},{"t":"9-2","s":"","d":{"X":0.32,"Y":0.85}},{"t":"X1","s":"","d":{"X":0.575,"Y":-0.421}}],"clr":{"R":188,"G":184,"B":253,"A":255}},"GR6-3-71":{"pid":"GR6-S","orb":4761.43,"per":79.35,"ang":335.76,"t":"ASTEROID","sp":"ASTEROID-4","s":19.45,"m":102.26,"gd":32.42,"wic":{},"woc":{},"wgc":{},"emm":[{"Type":"1","MainRange":52,"MainValue":0.14,"FarRange":117}],"sig":[{"t":"7-4","s":"","d":{"X":0.82,"Y":0.15}},{"t":"8-1","s":"","d":{"X":0.58,"Y":0.53}},{"t":"8-2","s":"","d":{"X":-0.54,"Y":-0.5}},{"t":"9-1","s":"","d":{"X":-0.3,"Y":-0.86}},{"t":"9-2","s":"","d":{"X":-0.58,"Y":-0.16}},{"t":"X1","s":"","d":{"X":0.441,"Y":-0.365}}],"clr":{"R":219,"G":176,"B":232,"A":255}},"GR6-3-72":{"pid":"GR6-S","orb":5103.79,"per":85.06,"ang":58.46,"t":"ASTEROID","sp":"ASTEROID-1","s":11.9,"m":23.42,"gd":19.83,"wic":{},"woc":{},"wgc":{},"emm":[{"Type":"1","MainRange":57,"MainValue":0.26,"FarRange":105}],"sig":[{"t":"7-4","s":"","d":{"X":0.89,"Y":-0.25}},{"t":"8-1","s":"","d":{"X":0.02,"Y":-0.13}},{"t":"8-2","s":"","d":{"X":-0.71,"Y":0.38}},{"t":"9-1","s":"","d":{"Y":0.31}},{"t":"9-2","s":"","d":{"X":-0.41,"Y":-0.02}},{"t":"X1","s":"","d":{"X":0.027,"Y":0.358}}],"clr":{"R":253,"G":216,"B":176,"A":255}},"GR6-3-73":{"pid":"GR6-S","orb":3643.32,"per":60.72,"ang":94.85,"t":"ASTEROID","sp":"ASTEROID-3","s":24.51,"m":204.53,"gd":40.85,"wic":{},"woc":{},"wgc":{},"emm":[{"Type":"1","MainRange":59,"MainValue":0.24,"FarRange":142},{"Type":"10","MainRange":44,"MainValue":0.1,"FarRange":227},{"Type":"6","MainRange":43,"MainValue":0.37,"FarRange":162}],"sig":[{"t":"7-4","s":"","d":{"X":0.03,"Y":-0.48}},{"t":"8-1","s":"","d":{"X":-0.14,"Y":0.5}},{"t":"8-2","s":"","d":{"X":0.75,"Y":0.17}},{"t":"9-1","s":"","d":{"X":-0.77,"Y":-0.64}},{"t":"9-2","s":"","d":{"X":-0.14,"Y":-0.76}},{"t":"X1","s":"","d":{"X":0.021,"Y":-0.773}},{"t":"X10","s":"","d":{"X":0.503,"Y":-0.065}},{"t":"X6","s":"","d":{"X":0.167,"Y":0.104}}],"clr":{"R":241,"G":203,"B":225,"A":255}},"GR6-3-74":{"pid":"GR6-S","orb":5056.54,"per":84.27,"ang":311.21,"t":"ASTEROID","sp":"ASTEROID-3","s":21.49,"m":137.94,"gd":35.82,"wic":{},"woc":{},"wgc":{},"emm":[{"Type":"1","MainRange":46,"MainValue":0.2,"FarRange":90}],"sig":[{"t":"7-4","s":"","d":{"X":-0.62,"Y":0.65}},{"t":"8-1","s":"","d":{"X":-0.5,"Y":-0.1}},{"t":"8-2","s":"","d":{"X":0.61,"Y":-0.42}},{"t":"9-1","s":"","d":{"X":0.93,"Y":0.35}},{"t":"9-2","s":"","d":{"X":0.08,"Y":0.07}},{"t":"X1","s":"","d":{"X":-0.495,"Y":-0.496}}],"clr":{"R":242,"G":171,"B":217,"A":255}},"GR6-3-75":{"pid":"GR6-S","orb":3867.61,"per":64.46,"ang":10.34,"t":"ASTEROID","sp":"ASTEROID-3","s":10.07,"m":14.19,"gd":16.78,"wic":{},"woc":{},"wgc":{},"emm":[{"Type":"1","MainRange":31,"MainValue":0.21,"FarRange":176}],"sig":[{"t":"7-4","s":"","d":{"X":0.17,"Y":-0.48}},{"t":"8-1","s":"","d":{"X":0.19,"Y":0.25}},{"t":"8-2","s":"","d":{"X":-0.46,"Y":0.65}},{"t":"9-1","s":"","d":{"X":0.58,"Y":-0.26}},{"t":"9-2","s":"","d":{"X":-0.9,"Y":0.03}},{"t":"X1","s":"","d":{"X":0.209,"Y":-0.459}}],"clr":{"R":226,"G":224,"B":252,"A":255}},"GR6-3-76":{"pid":"GR6-S","orb":4921.54,"per":82.02,"ang":18.42,"t":"ASTEROID","sp":"ASTEROID-2","s":23,"m":169.08,"gd":38.34,"wic":{},"woc":{},"wgc":{},"emm":[{"Type":"1","MainRange":40,"MainValue":0.22,"FarRange":82}],"sig":[{"t":"7-4","s":"","d":{"X":0.71,"Y":0.21}},{"t":"8-1","s":"","d":{"X":-0.51,"Y":-0.07}},{"t":"8-2","s":"","d":{"X":0.08,"Y":-0.37}},{"t":"9-1","s":"","d":{"X":-0.74,"Y":0.16}},{"t":"9-2","s":"","d":{"X":-0.01,"Y":0.7}},{"t":"X1","s":"","d":{"X":-0.532,"Y":-0.278}}],"clr":{"R":254,"G":242,"B":244,"A":255}},"GR6-3-77":{"pid":"GR6-S","orb":4500.65,"per":75.01,"ang":114.37,"t":"ASTEROID","sp":"ASTEROID-3","s":24.03,"m":192.82,"gd":40.05,"wic":{},"woc":{},"wgc":{},"emm":[{"Type":"1","MainRange":60,"MainValue":0.2,"FarRange":157}],"sig":[{"t":"7-4","s":"","d":{"X":-0.38,"Y":-0.34}},{"t":"8-1","s":"","d":{"X":-0.14,"Y":0.27}},{"t":"8-2","s":"","d":{"X":-0.46,"Y":0.08}},{"t":"9-1","s":"","d":{"X":-0.59,"Y":-0.58}},{"t":"9-2","s":"","d":{"X":0.47,"Y":0.38}},{"t":"X1","s":"","d":{"X":0.837,"Y":-0.289}}],"clr":{"R":190,"G":200,"B":236,"A":255}},"GR6-3-78":{"pid":"GR6-S","orb":4211.91,"per":70.19,"ang":259.34,"t":"ASTEROID","sp":"ASTEROID-2","s":18.56,"m":88.93,"gd":30.94,"wic":{},"woc":{},"wgc":{},"emm":[{"Type":"1","MainRange":53,"MainValue":0.31,"FarRange":86}],"sig":[{"t":"7-4","s":"","d":{"X":0.86,"Y":0.28}},{"t":"8-1","s":"","d":{"X":0.58,"Y":-0.35}},{"t":"8-2","s":"","d":{"X":-0.6,"Y":-0.59}},{"t":"9-1","s":"","d":{"X":-0.42,"Y":0.52}},{"t":"9-2","s":"","d":{"X":0.46,"Y":0.22}},{"t":"X1","s":"","d":{"X":0.202,"Y":-0.546}}],"clr":{"R":181,"G":231,"B":192,"A":255}},"GR6-3-8":{"pid":"GR6-S","orb":4755.22,"per":79.25,"ang":61.2,"t":"ASTEROID","sp":"ASTEROID-4","s":30.14,"m":380.56,"gd":50.24,"wic":{},"woc":{},"wgc":{},"emm":[{"Type":"1","MainRange":32,"MainValue":0.26,"FarRange":259}],"sig":[{"t":"7-4","s":"","d":{"X":-0.86,"Y":-0.03}},{"t":"8-1","s":"","d":{"X":0.51,"Y":-0.53}},{"t":"8-2","s":"","d":{"X":-0.68,"Y":0.64}},{"t":"9-1","s":"","d":{"X":0.63,"Y":0.29}},{"t":"9-2","s":"","d":{"X":-0.87,"Y":-0.39}},{"t":"X1","s":"","d":{"X":0.037,"Y":-0.705}}],"clr":{"R":198,"G":220,"B":251,"A":255}},"GR6-3-9":{"pid":"GR6-S","orb":4894.88,"per":81.58,"ang":121.99,"t":"ASTEROID","sp":"ASTEROID-2","s":17.3,"m":71.96,"gd":28.84,"wic":{},"woc":{},"wgc":{},"emm":[{"Type":"1","MainRange":46,"MainValue":0.25,"FarRange":93}],"sig":[{"t":"7-4","s":"","d":{"X":0.82,"Y":0.5}},{"t":"8-1","s":"","d":{"X":0.68,"Y":-0.63}},{"t":"8-2","s":"","d":{"X":0.34,"Y":-0.23}},{"t":"9-1","s":"","d":{"X":0.32,"Y":0.87}},{"t":"9-2","s":"","d":{"X":0.33,"Y":-0.29}},{"t":"X1","s":"","d":{"X":0.517,"Y":0.385}}],"clr":{"R":248,"G":211,"B":242,"A":255}},"GR6-423":{"pid":"GR6-S","orb":11149.74,"per":185.82,"t":"GASPLANET","sp":"GASPLANET-45","s":254.88,"m":160993.96,"gd":424.81,"wic":{},"woc":{},"wgc":{},"sig":[{"t":"0-3","s":"","d":{"X":-0.53,"Y":-0.78}},{"t":"1-3","s":"","d":{"X":-0.17,"Y":0.27}},{"t":"3-1","s":"","d":{"X":0.13,"Y":-0.3}},{"t":"6-2","s":"","d":{"X":0.63,"Y":-0.33}},{"t":"10-1","s":"","d":{"X":-0.37,"Y":-0.17}},{"t":"10-2","s":"","d":{"X":0.65,"Y":0.22}},{"t":"11-1","s":"","d":{"X":-0.63,"Y":-0.2}}],"clr":{"R":254,"G":251,"B":250,"A":255}},"GR6-445":{"pid":"GR6-S","orb":9652.25,"per":160.87,"t":"GASPLANET","sp":"GASPLANET-49","s":133.22,"m":22986.76,"gd":222.03,"wic":{},"woc":{},"wgc":{},"sig":[{"t":"0-3","s":"","d":{"X":-0.08,"Y":-0.13}},{"t":"1-3","s":"","d":{"X":0.27,"Y":-0.09}},{"t":"3-1","s":"","d":{"X":0.45,"Y":0.41}},{"t":"6-2","s":"","d":{"X":0.16,"Y":0.84}},{"t":"10-2","s":"","d":{"X":0.85,"Y":-0.38}},{"t":"11-1","s":"","d":{"X":0.82,"Y":0.52}}],"clr":{"R":232,"G":242,"B":211,"A":255}},"GR6-445-0":{"pid":"GR6-445","orb":1217.28,"per":20.28,"ang":160.19,"t":"ASTEROID","sp":"ASTEROID-1","s":16.67,"m":64.35,"gd":27.78,"wic":{},"woc":{},"wgc":{},"emm":[{"Type":"1","MainRange":27,"MainValue":0.34,"FarRange":184}],"sig":[{"t":"9-1","s":"","d":{"X":0.49,"Y":0.06}},{"t":"9-2","s":"","d":{"X":0.85,"Y":-0.14}},{"t":"X1","s":"","d":{"X":-0.06,"Y":-0.087}}],"clr":{"R":245,"G":187,"B":250,"A":255}},"GR6-445-1":{"pid":"GR6-445","orb":1478.95,"per":24.64,"ang":358.53,"t":"ASTEROID","sp":"ASTEROID-3","s":17.81,"m":78.52,"gd":29.69,"wic":{},"woc":{},"wgc":{},"emm":[{"Type":"1","MainRange":5,"MainValue":0.12,"FarRange":119}],"sig":[{"t":"9-1","s":"","d":{"X":0.42,"Y":-0.4}},{"t":"9-2","s":"","d":{"X":0.99,"Y":0.01}},{"t":"X1","s":"","d":{"X":0.021,"Y":-0.228}}],"clr":{"R":253,"G":254,"B":250,"A":255}},"GR6-445-10":{"pid":"GR6-445","orb":1332.73,"per":22.21,"ang":102.74,"t":"ASTEROID","sp":"ASTEROID-3","s":17.19,"m":70.6,"gd":28.65,"wic":{},"woc":{},"wgc":{},"emm":[{"Type":"1","MainRange":42,"MainValue":0.13,"FarRange":133},{"Type":"16","MainRange":45,"MainValue":0.24,"FarRange":151}],"sig":[{"t":"9-1","s":"","d":{"X":-0.59,"Y":0.5}},{"t":"9-2","s":"","d":{"X":-0.28,"Y":0.37}},{"t":"X1","s":"","d":{"X":0.744,"Y":0.656}},{"t":"X16","s":"","d":{"X":0.536,"Y":-0.37}}],"clr":{"R":185,"G":227,"B":249,"A":255}},"GR6-445-11":{"pid":"GR6-445","orb":1142.41,"per":19.04,"ang":33.94,"t":"ASTEROID","sp":"ASTEROID-3","s":22.99,"m":168.91,"gd":38.32,"wic":{},"woc":{},"wgc":{},"emm":[{"Type":"1","MainRange":43,"MainValue":0.19,"FarRange":102},{"Type":"25","MainRange":52,"MainValue":0.1,"FarRange":206},{"Type":"5","MainRange":69,"MainValue":0.11,"FarRange":165}],"sig":[{"t":"9-1","s":"","d":{"X":0.68,"Y":0.14}},{"t":"9-2","s":"","d":{"X":-0.99,"Y":-0.11}},{"t":"X1","s":"","d":{"X":0.823,"Y":-0.431}},{"t":"X25","s":"","d":{"X":-0.613,"Y":0.345}},{"t":"X5","s":"","d":{"X":-0.808,"Y":0.539}}],"clr":{"R":253,"G":249,"B":248,"A":255}},"GR6-445-12":{"pid":"GR6-445","orb":1369.44,"per":22.82,"ang":28.79,"t":"ASTEROID","sp":"ASTEROID-3","s":28.58,"m":324.49,"gd":47.64,"wic":{},"woc":{},"wgc":{},"emm":[{"Type":"1","MainRange":48,"MainValue":0.23,"FarRange":206}],"sig":[{"t":"9-1","s":"","d":{"X":0.66,"Y":0.46}},{"t":"9-2","s":"","d":{"X":0.73,"Y":-0.51}},{"t":"X1","s":"","d":{"X":0.737,"Y":0.098}}],"clr":{"R":210,"G":223,"B":241,"A":255}},"GR6-445-13":{"pid":"GR6-445","orb":1331.42,"per":22.19,"ang":222.03,"t":"ASTEROID","sp":"ASTEROID-2","s":26.46,"m":257.51,"gd":44.11,"wic":{},"woc":{},"wgc":{},"emm":[{"Type":"1","MainRange":48,"MainValue":0.24,"FarRange":125}],"sig":[{"t":"9-1","s":"","d":{"X":0.58,"Y":-0.23}},{"t":"9-2","s":"","d":{"X":0.34,"Y":-0.8}},{"t":"X1","s":"","d":{"X":0.002,"Y":0.598}}],"clr":{"R":242,"G":243,"B":201,"A":255}},"GR6-445-14":{"pid":"GR6-445","orb":1367.99,"per":22.79,"ang":1.32,"t":"ASTEROID","sp":"ASTEROID-4","s":26.38,"m":254.99,"gd":43.96,"wic":{},"woc":{},"wgc":{},"emm":[{"Type":"1","MainRange":66,"MainValue":0.15,"FarRange":146}],"sig":[{"t":"9-1","s":"","d":{"X":-0.29,"Y":-0.21}},{"t":"9-2","s":"","d":{"X":0.62,"Y":0.14}},{"t":"X1","s":"","d":{"X":-0.319,"Y":-0.016}}],"clr":{"R":253,"G":254,"B":254,"A":255}},"GR6-445-15":{"pid":"GR6-445","orb":1216.25,"per":20.27,"ang":274.97,"t":"ASTEROID","sp":"ASTEROID-5","s":21.25,"m":133.38,"gd":35.42,"wic":{},"woc":{},"wgc":{},"emm":[{"Type":"1","MainRange":70,"MainValue":0.33,"FarRange":116}],"sig":[{"t":"9-1","s":"","d":{"X":-0.48,"Y":0.14}},{"t":"9-2","s":"","d":{"X":-0.27,"Y":-0.51}},{"t":"X1","s":"","d":{"X":0.452,"Y":-0.493}}],"clr":{"R":246,"G":251,"B":243,"A":255}},"GR6-445-16":{"pid":"GR6-445","orb":1338.45,"per":22.3,"ang":344.84,"t":"ASTEROID","sp":"ASTEROID-3","s":33.36,"m":516.07,"gd":55.61,"wic":{},"woc":{},"wgc":{},"emm":[{"Type":"1","MainRange":64,"MainValue":0.23,"FarRange":183}],"sig":[{"t":"9-1","s":"","d":{"X":0.91,"Y":-0.4}},{"t":"9-2","s":"","d":{"X":0.08,"Y":-0.58}},{"t":"X1","s":"","d":{"X":0.475,"Y":0.745}}],"clr":{"R":251,"G":254,"B":250,"A":255}},"GR6-445-17":{"pid":"GR6-445","orb":1326.89,"per":22.11,"ang":236.91,"t":"ASTEROID","sp":"ASTEROID-1","s":20.99,"m":128.53,"gd":34.99,"wic":{},"woc":{},"wgc":{},"emm":[{"Type":"1","MainRange":55,"MainValue":0.17,"FarRange":136}],"sig":[{"t":"9-1","s":"","d":{"X":0.1,"Y":0.14}},{"t":"9-2","s":"","d":{"X":0.72,"Y":-0.09}},{"t":"X1","s":"","d":{"X":0.713,"Y":0.1}}],"clr":{"R":252,"G":234,"B":244,"A":255}},"GR6-445-18":{"pid":"GR6-445","orb":1372.69,"per":22.87,"ang":302.87,"t":"ASTEROID","sp":"ASTEROID-4","s":21.54,"m":138.84,"gd":35.9,"wic":{},"woc":{},"wgc":{},"emm":[{"Type":"1","MainRange":52,"MainValue":0.25,"FarRange":184}],"sig":[{"t":"9-1","s":"","d":{"X":-0.68,"Y":0.26}},{"t":"9-2","s":"","d":{"X":-0.6,"Y":-0.64}},{"t":"X1","s":"","d":{"X":0.181,"Y":0.308}}],"clr":{"R":235,"G":241,"B":202,"A":255}},"GR6-445-19":{"pid":"GR6-445","orb":1580.29,"per":26.33,"ang":5.79,"t":"ASTEROID","sp":"ASTEROID-2","s":24.71,"m":209.56,"gd":41.18,"wic":{},"woc":{},"wgc":{},"emm":[{"Type":"1","MainRange":45,"MainValue":0.17,"FarRange":159}],"sig":[{"t":"9-1","s":"","d":{"X":0.61,"Y":0.49}},{"t":"9-2","s":"","d":{"X":-0.03,"Y":0.19}},{"t":"X1","s":"","d":{"X":0.296,"Y":0.866}}],"clr":{"R":207,"G":241,"B":218,"A":255}},"GR6-445-2":{"pid":"GR6-445","orb":1509,"per":25.15,"ang":245.76,"t":"ASTEROID","sp":"ASTEROID-5","s":31.65,"m":440.36,"gd":52.75,"wic":{},"woc":{},"wgc":{},"emm":[{"Type":"1","MainRange":27,"MainValue":0.28,"FarRange":149}],"sig":[{"t":"9-1","s":"","d":{"X":0.04,"Y":-0.62}},{"t":"9-2","s":"","d":{"X":0.57,"Y":0.25}},{"t":"X1","s":"","d":{"X":-0.809,"Y":0.402}}],"clr":{"R":246,"G":216,"B":219,"A":255}},"GR6-445-20":{"pid":"GR6-445","orb":1147.27,"per":19.12,"ang":254.39,"t":"ASTEROID","sp":"ASTEROID-1","s":15.46,"m":51.32,"gd":25.76,"wic":{},"woc":{},"wgc":{},"emm":[{"Type":"1","MainRange":63,"MainValue":0.21,"FarRange":170},{"Type":"5","MainRange":51,"MainValue":0.22,"FarRange":242},{"Type":"20","MainRange":73,"MainValue":0.18,"FarRange":96}],"sig":[{"t":"9-1","s":"","d":{"X":0.79,"Y":0.12}},{"t":"9-2","s":"","d":{"X":0.2,"Y":-0.5}},{"t":"X1","s":"","d":{"X":0.693,"Y":0.191}},{"t":"X5","s":"","d":{"X":-0.323,"Y":-0.474}},{"t":"X20","s":"","d":{"X":-0.467,"Y":-0.641}}],"clr":{"R":211,"G":235,"B":249,"A":255}},"GR6-445-21":{"pid":"GR6-445","orb":1344.56,"per":22.4,"ang":4.13,"t":"ASTEROID","sp":"ASTEROID-4","s":16.01,"m":57.03,"gd":26.68,"wic":{},"woc":{},"wgc":{},"emm":[{"Type":"1","MainRange":39,"MainValue":0.19,"FarRange":168}],"sig":[{"t":"9-1","s":"","d":{"X":0.63,"Y":-0.53}},{"t":"9-2","s":"","d":{"X":0.26,"Y":-0.34}},{"t":"X1","s":"","d":{"X":-0.067,"Y":-0.573}}],"clr":{"R":249,"G":232,"B":214,"A":255}},"GR6-445-22":{"pid":"GR6-445","orb":1191.41,"per":19.85,"ang":323.6,"t":"ASTEROID","sp":"ASTEROID-4","s":27.91,"m":302.13,"gd":46.52,"wic":{},"woc":{},"wgc":{},"emm":[{"Type":"1","MainRange":25,"MainValue":0.18,"FarRange":168}],"sig":[{"t":"9-1","s":"","d":{"X":0.13,"Y":-0.24}},{"t":"9-2","s":"","d":{"X":-0.26,"Y":0.03}},{"t":"X1","s":"","d":{"X":-0.823,"Y":0.277}}],"clr":{"R":249,"G":253,"B":237,"A":255}},"GR6-445-23":{"pid":"GR6-445","orb":1256.69,"per":20.94,"ang":82.95,"t":"ASTEROID","sp":"ASTEROID-1","s":19.92,"m":109.94,"gd":33.21,"wic":{},"woc":{},"wgc":{},"emm":[{"Type":"1","MainRange":56,"MainValue":0.15,"FarRange":174}],"sig":[{"t":"9-1","s":"","d":{"X":0.73,"Y":-0.31}},{"t":"9-2","s":"","d":{"X":0.08,"Y":0.53}},{"t":"X1","s":"","d":{"X":-0.861,"Y":-0.397}}],"clr":{"R":184,"G":173,"B":253,"A":255}},"GR6-445-24":{"pid":"GR6-445","orb":1344.27,"per":22.4,"ang":118.83,"t":"ASTEROID","sp":"ASTEROID-2","s":21.82,"m":144.29,"gd":36.36,"wic":{},"woc":{},"wgc":{},"emm":[{"Type":"1","MainRange":35.1,"MainValue":0.18,"FarRange":39}],"sig":[{"t":"9-1","s":"","d":{"X":-0.61,"Y":-0.34}},{"t":"9-2","s":"","d":{"X":-0.26,"Y":0.29}},{"t":"X1","s":"","d":{"X":0.211,"Y":-0.048}}],"clr":{"R":253,"G":160,"B":178,"A":255}},"GR6-445-25":{"pid":"GR6-445","orb":1276.85,"per":21.28,"ang":106.52,"t":"ASTEROID","sp":"ASTEROID-3","s":17.06,"m":69.05,"gd":28.44,"wic":{},"woc":{},"wgc":{},"emm":[{"Type":"1","MainRange":66,"MainValue":0.22,"FarRange":146}],"sig":[{"t":"9-1","s":"","d":{"X":-0.76,"Y":0.21}},{"t":"9-2","s":"","d":{"X":-0.21,"Y":0.52}},{"t":"X1","s":"","d":{"X":-0.135,"Y":0.914}}],"clr":{"R":198,"G":239,"B":196,"A":255}},"GR6-445-3":{"pid":"GR6-445","orb":1289.01,"per":21.48,"ang":169.04,"t":"ASTEROID","sp":"ASTEROID-4","s":14.64,"m":43.64,"gd":24.41,"wic":{},"woc":{},"wgc":{},"emm":[{"Type":"1","MainRange":55,"MainValue":0.2,"FarRange":130}],"sig":[{"t":"9-1","s":"","d":{"X":0.04,"Y":-0.49}},{"t":"9-2","s":"","d":{"X":-0.72,"Y":-0.29}},{"t":"X1","s":"","d":{"X":-0.218,"Y":-0.103}}],"clr":{"R":207,"G":246,"B":237,"A":255}},"GR6-445-4":{"pid":"GR6-445","orb":1306.49,"per":21.77,"ang":265.64,"t":"ASTEROID","sp":"ASTEROID-1","s":23.09,"m":171.11,"gd":38.49,"wic":{},"woc":{},"wgc":{},"emm":[{"Type":"1","MainRange":46,"MainValue":0.27,"FarRange":146}],"sig":[{"t":"9-1","s":"","d":{"X":0.32,"Y":0.08}},{"t":"9-2","s":"","d":{"X":0.58,"Y":-0.49}},{"t":"X1","s":"","d":{"X":0.197,"Y":0.764}}],"clr":{"R":220,"G":194,"B":252,"A":255}},"GR6-445-5":{"pid":"GR6-445","orb":1238.82,"per":20.64,"ang":334.94,"t":"ASTEROID","sp":"ASTEROID-3","s":15.9,"m":55.91,"gd":26.51,"wic":{},"woc":{},"wgc":{},"emm":[{"Type":"1","MainRange":31,"MainValue":0.3,"FarRange":172}],"sig":[{"t":"9-1","s":"","d":{"X":0.2,"Y":0.76}},{"t":"9-2","s":"","d":{"X":-0.76,"Y":0.62}},{"t":"X1","s":"","d":{"X":-0.852,"Y":-0.039}}],"clr":{"R":230,"G":216,"B":251,"A":255}},"GR6-445-6":{"pid":"GR6-445","orb":1377.83,"per":22.96,"ang":19.76,"t":"ASTEROID","sp":"ASTEROID-3","s":15.38,"m":50.56,"gd":25.63,"wic":{},"woc":{},"wgc":{},"emm":[{"Type":"1","MainRange":50,"MainValue":0.13,"FarRange":174}],"sig":[{"t":"9-1","s":"","d":{"X":-0.55,"Y":0.74}},{"t":"9-2","s":"","d":{"X":0.82,"Y":0.05}},{"t":"X1","s":"","d":{"X":-0.401,"Y":0.87}}],"clr":{"R":253,"G":227,"B":235,"A":255}},"GR6-445-7":{"pid":"GR6-445","orb":1043.87,"per":17.39,"ang":266.36,"t":"ASTEROID","sp":"ASTEROID-2","s":22.57,"m":159.7,"gd":37.61,"wic":{},"woc":{},"wgc":{},"emm":[{"Type":"1","MainRange":61,"MainValue":0.28,"FarRange":144}],"sig":[{"t":"9-1","s":"","d":{"X":0.21,"Y":-0.67}},{"t":"9-2","s":"","d":{"X":0.61,"Y":-0.36}},{"t":"X1","s":"","d":{"X":-0.743,"Y":-0.053}}],"clr":{"R":253,"G":253,"B":254,"A":255}},"GR6-445-8":{"pid":"GR6-445","orb":1410,"per":23.5,"ang":125.91,"t":"ASTEROID","sp":"ASTEROID-3","s":17.47,"m":74.06,"gd":29.11,"wic":{},"woc":{},"wgc":{},"emm":[{"Type":"1","MainRange":49,"MainValue":0.19,"FarRange":171}],"sig":[{"t":"9-1","s":"","d":{"X":0.58,"Y":0.27}},{"t":"9-2","s":"","d":{"X":0.62,"Y":0.03}},{"t":"X1","s":"","d":{"X":-0.776,"Y":-0.179}}],"clr":{"R":218,"G":208,"B":243,"A":255}},"GR6-445-9":{"pid":"GR6-445","orb":1181.89,"per":19.69,"ang":15.49,"t":"ASTEROID","sp":"ASTEROID-5","s":22.34,"m":155.02,"gd":37.24,"wic":{},"woc":{},"wgc":{},"emm":[{"Type":"1","MainRange":62,"MainValue":0.19,"FarRange":180}],"sig":[{"t":"9-1","s":"","d":{"X":-0.37,"Y":0.51}},{"t":"9-2","s":"","d":{"X":0.16,"Y":0.24}},{"t":"X1","s":"","d":{"X":-0.872,"Y":0.403}}],"clr":{"R":250,"G":209,"B":239,"A":255}},"GR6-5-0":{"pid":"GR6-S","orb":12974.37,"per":216.23,"ang":228.74,"t":"ASTEROID","sp":"ASTEROID-5","s":16.38,"m":61.13,"gd":27.31,"wic":{},"woc":{},"wgc":{},"emm":[{"Type":"1","MainRange":64,"MainValue":0.18,"FarRange":127}],"sig":[{"t":"9-1","s":"","d":{"X":0.29,"Y":0.42}},{"t":"9-2","s":"","d":{"X":-0.19,"Y":0.54}},{"t":"X1","s":"","d":{"X":0.567,"Y":0.16}}],"clr":{"R":224,"G":173,"B":240,"A":255}},"GR6-5-1":{"pid":"GR6-S","orb":12325.58,"per":205.42,"ang":150.26,"t":"ASTEROID","sp":"ASTEROID-3","s":14.69,"m":44.11,"gd":24.49,"wic":{},"woc":{},"wgc":{},"emm":[{"Type":"1","MainRange":44,"MainValue":0.2,"FarRange":114},{"Type":"27","MainRange":45,"MainValue":0.22,"FarRange":88},{"Type":"13","MainRange":51.300000000000004,"MainValue":0.3,"FarRange":57}],"sig":[{"t":"9-1","s":"","d":{"X":-0.63,"Y":-0.74}},{"t":"9-2","s":"","d":{"X":0.06,"Y":-0.08}},{"t":"X1","s":"","d":{"X":-0.428,"Y":0.462}},{"t":"X27","s":"","d":{"X":-0.135,"Y":0.387}},{"t":"X13","s":"","d":{"X":-0.433,"Y":-0.416}}],"clr":{"R":228,"G":246,"B":166,"A":255}},"GR6-5-10":{"pid":"GR6-S","orb":12799.34,"per":213.32,"ang":311.38,"t":"ASTEROID","sp":"ASTEROID-3","s":28.51,"m":322.06,"gd":47.52,"wic":{},"woc":{},"wgc":{},"emm":[{"Type":"1","MainRange":22.5,"MainValue":0.3,"FarRange":25}],"sig":[{"t":"9-1","s":"","d":{"X":-0.6,"Y":0.42}},{"t":"9-2","s":"","d":{"X":0.51,"Y":0.21}},{"t":"X1","s":"","d":{"X":0.75,"Y":0.528}}],"clr":{"R":183,"G":206,"B":233,"A":255}},"GR6-5-11":{"pid":"GR6-S","orb":12675.65,"per":211.26,"ang":156.76,"t":"ASTEROID","sp":"ASTEROID-4","s":22.57,"m":159.69,"gd":37.61,"wic":{},"woc":{},"wgc":{},"emm":[{"Type":"1","MainRange":27,"MainValue":0.11,"FarRange":157},{"Type":"5","MainRange":43,"MainValue":0.29,"FarRange":49}],"sig":[{"t":"9-1","s":"","d":{"X":0.08,"Y":0.55}},{"t":"9-2","s":"","d":{"X":-0.58,"Y":0.56}},{"t":"X1","s":"","d":{"X":0.063,"Y":0.025}},{"t":"X5","s":"","d":{"X":0.8,"Y":-0.204}}],"clr":{"R":249,"G":246,"B":239,"A":255}},"GR6-5-12":{"pid":"GR6-S","orb":13214.99,"per":220.24,"ang":46.48,"t":"ASTEROID","sp":"ASTEROID-5","s":14.69,"m":44.06,"gd":24.49,"wic":{},"woc":{},"wgc":{},"emm":[{"Type":"1","MainRange":61,"MainValue":0.08,"FarRange":158}],"sig":[{"t":"9-1","s":"","d":{"X":-0.37,"Y":-0.6}},{"t":"9-2","s":"","d":{"X":-0.9,"Y":-0.26}},{"t":"X1","s":"","d":{"X":0.753,"Y":-0.52}}],"clr":{"R":243,"G":199,"B":198,"A":255}},"GR6-5-13":{"pid":"GR6-S","orb":13224.71,"per":220.41,"ang":198.61,"t":"ASTEROID","sp":"ASTEROID-2","s":19.76,"m":107.23,"gd":32.94,"wic":{},"woc":{},"wgc":{},"emm":[{"Type":"1","MainRange":52,"MainValue":0.27,"FarRange":99},{"Type":"2","MainRange":41,"MainValue":0.27,"FarRange":228}],"sig":[{"t":"9-1","s":"","d":{"X":-0.16,"Y":-0.17}},{"t":"9-2","s":"","d":{"X":0.36,"Y":0.77}},{"t":"X1","s":"","d":{"X":-0.553,"Y":-0.367}},{"t":"X2","s":"","d":{"X":0.995,"Y":0.037}}],"clr":{"R":215,"G":244,"B":249,"A":255}},"GR6-5-14":{"pid":"GR6-S","orb":11698.67,"per":194.97,"ang":303.33,"t":"ASTEROID","sp":"ASTEROID-3","s":12.38,"m":26.4,"gd":20.64,"wic":{},"woc":{},"wgc":{},"emm":[{"Type":"1","MainRange":49,"MainValue":0.24,"FarRange":199},{"Type":"2","MainRange":59,"MainValue":0.12,"FarRange":124},{"Type":"12","MainRange":49,"MainValue":0.26,"FarRange":178},{"Type":"26","MainRange":48,"MainValue":0.16,"FarRange":100}],"sig":[{"t":"9-1","s":"","d":{"X":-0.89,"Y":0.07}},{"t":"9-2","s":"","d":{"X":-0.61,"Y":-0.73}},{"t":"X1","s":"","d":{"X":-0.106,"Y":0.703}},{"t":"X2","s":"","d":{"X":-0.789,"Y":-0.299}},{"t":"X12","s":"","d":{"X":0.201,"Y":-0.458}},{"t":"X26","s":"","d":{"X":0.112,"Y":-0.701}}],"clr":{"R":235,"G":218,"B":192,"A":255}},"GR6-5-15":{"pid":"GR6-S","orb":12770.94,"per":212.84,"ang":71.12,"t":"ASTEROID","sp":"ASTEROID-5","s":29.4,"m":353.24,"gd":49.01,"wic":{},"woc":{},"wgc":{},"emm":[{"Type":"1","MainRange":49,"MainValue":0.25,"FarRange":164}],"sig":[{"t":"9-1","s":"","d":{"X":-0.39,"Y":-0.55}},{"t":"9-2","s":"","d":{"X":0.36,"Y":0.88}},{"t":"X1","s":"","d":{"X":-0.216,"Y":-0.65}}],"clr":{"R":195,"G":199,"B":253,"A":255}},"GR6-5-16":{"pid":"GR6-S","orb":11051,"per":184.18,"ang":103.48,"t":"ASTEROID","sp":"ASTEROID-4","s":22.07,"m":149.44,"gd":36.79,"wic":{},"woc":{},"wgc":{},"emm":[{"Type":"1","MainRange":53,"MainValue":0.29,"FarRange":163},{"Type":"5","MainRange":51,"MainValue":0.2,"FarRange":100}],"sig":[{"t":"9-1","s":"","d":{"X":0.17,"Y":0.29}},{"t":"9-2","s":"","d":{"X":0.3,"Y":-0.86}},{"t":"X1","s":"","d":{"X":0.567,"Y":0.21}},{"t":"X5","s":"","d":{"X":-0.419,"Y":-0.566}}],"clr":{"R":225,"G":241,"B":179,"A":255}},"GR6-5-17":{"pid":"GR6-S","orb":14509.71,"per":241.82,"ang":90.31,"t":"ASTEROID","sp":"ASTEROID-4","s":24.02,"m":192.69,"gd":40.04,"wic":{},"woc":{},"wgc":{},"emm":[{"Type":"1","MainRange":42,"MainValue":0.24,"FarRange":128}],"sig":[{"t":"9-1","s":"","d":{"X":0.74,"Y":0.62}},{"t":"9-2","s":"","d":{"X":-0.1,"Y":-0.67}},{"t":"X1","s":"","d":{"X":-0.89,"Y":0.125}}],"clr":{"R":231,"G":254,"B":241,"A":255}},"GR6-5-18":{"pid":"GR6-S","orb":11763.11,"per":196.05,"ang":293.57,"t":"ASTEROID","sp":"ASTEROID-2","s":23.52,"m":180.93,"gd":39.21,"wic":{},"woc":{},"wgc":{},"emm":[{"Type":"1","MainRange":71,"MainValue":0.28,"FarRange":169}],"sig":[{"t":"9-1","s":"","d":{"X":0.1,"Y":-0.14}},{"t":"9-2","s":"","d":{"X":0.69,"Y":-0.57}},{"t":"X1","s":"","d":{"X":0.172,"Y":-0.481}}],"clr":{"R":228,"G":252,"B":250,"A":255}},"GR6-5-19":{"pid":"GR6-S","orb":11985.82,"per":199.76,"ang":271.86,"t":"ASTEROID","sp":"ASTEROID-5","s":13.76,"m":36.19,"gd":22.93,"wic":{},"woc":{},"wgc":{},"emm":[{"Type":"1","MainRange":41,"MainValue":0.2,"FarRange":132}],"sig":[{"t":"9-1","s":"","d":{"X":0.91,"Y":0.32}},{"t":"9-2","s":"","d":{"X":-0.38,"Y":-0.89}},{"t":"X1","s":"","d":{"X":-0.691,"Y":-0.484}}],"clr":{"R":209,"G":248,"B":190,"A":255}},"GR6-5-2":{"pid":"GR6-S","orb":12491.43,"per":208.19,"ang":148.69,"t":"ASTEROID","sp":"ASTEROID-1","s":26.41,"m":255.97,"gd":44.02,"wic":{},"woc":{},"wgc":{},"emm":[{"Type":"1","MainRange":66,"MainValue":0.21,"FarRange":223},{"Type":"18","MainRange":42,"MainValue":0.2,"FarRange":111},{"Type":"27","MainRange":38,"MainValue":0.27,"FarRange":160},{"Type":"3","MainRange":34,"MainValue":0.19,"FarRange":67},{"Type":"15","MainRange":39,"MainValue":0.19,"FarRange":148}],"sig":[{"t":"9-1","s":"","d":{"X":-0.77,"Y":0.3}},{"t":"9-2","s":"","d":{"X":-0.27,"Y":-0.7}},{"t":"X1","s":"","d":{"X":0.619,"Y":-0.139}},{"t":"X18","s":"","d":{"X":-0.351,"Y":0.536}},{"t":"X27","s":"","d":{"X":0.97,"Y":0.069}},{"t":"X3","s":"","d":{"X":0.99,"Y":0.028}},{"t":"X15","s":"","d":{"X":0.876,"Y":0.225}}],"clr":{"R":241,"G":245,"B":252,"A":255}},"GR6-5-20":{"pid":"GR6-S","orb":12286.74,"per":204.77,"ang":273.56,"t":"ASTEROID","sp":"ASTEROID-2","s":17.88,"m":79.47,"gd":29.81,"wic":{},"woc":{},"wgc":{},"emm":[{"Type":"1","MainRange":53,"MainValue":0.14,"FarRange":140}],"sig":[{"t":"9-1","s":"","d":{"X":0.03,"Y":-0.46}},{"t":"9-2","s":"","d":{"X":-0.23,"Y":0.35}},{"t":"X1","s":"","d":{"X":0.13,"Y":-0.466}}],"clr":{"R":180,"G":246,"B":162,"A":255}},"GR6-5-21":{"pid":"GR6-S","orb":12531.26,"per":208.85,"ang":152.42,"t":"ASTEROID","sp":"ASTEROID-1","s":25.89,"m":241.19,"gd":43.16,"wic":{},"woc":{},"wgc":{},"emm":[{"Type":"1","MainRange":61,"MainValue":0.21,"FarRange":194}],"sig":[{"t":"9-1","s":"","d":{"X":-0.68,"Y":-0.42}},{"t":"9-2","s":"","d":{"X":0.08,"Y":-0.56}},{"t":"X1","s":"","d":{"X":0.883,"Y":-0.32}}],"clr":{"R":249,"G":252,"B":254,"A":255}},"GR6-5-22":{"pid":"GR6-S","orb":12897.26,"per":214.95,"ang":105.45,"t":"ASTEROID","sp":"ASTEROID-4","s":16.92,"m":67.28,"gd":28.2,"wic":{},"woc":{},"wgc":{},"emm":[{"Type":"1","MainRange":62,"MainValue":0.26,"FarRange":131}],"sig":[{"t":"9-1","s":"","d":{"X":-0.96,"Y":-0.22}},{"t":"9-2","s":"","d":{"X":-0.06,"Y":-0.07}},{"t":"X1","s":"","d":{"X":-0.638,"Y":0.356}}],"clr":{"R":245,"G":206,"B":225,"A":255}},"GR6-5-23":{"pid":"GR6-S","orb":10472.1,"per":174.53,"ang":118.83,"t":"ASTEROID","sp":"ASTEROID-2","s":18.56,"m":88.82,"gd":30.93,"wic":{},"woc":{},"wgc":{},"emm":[{"Type":"1","MainRange":45,"MainValue":0.21,"FarRange":196}],"sig":[{"t":"9-1","s":"","d":{"X":-0.63,"Y":0.06}},{"t":"9-2","s":"","d":{"X":0.04,"Y":0.18}},{"t":"X1","s":"","d":{"X":0.512,"Y":-0.499}}],"clr":{"R":241,"G":209,"B":241,"A":255}},"GR6-5-24":{"pid":"GR6-S","orb":13754.33,"per":229.23,"ang":249.34,"t":"ASTEROID","sp":"ASTEROID-5","s":14.12,"m":39.11,"gd":23.53,"wic":{},"woc":{},"wgc":{},"emm":[{"Type":"1","MainRange":51,"MainValue":0.23,"FarRange":209}],"sig":[{"t":"9-1","s":"","d":{"X":0.54,"Y":0.37}},{"t":"9-2","s":"","d":{"X":0.42,"Y":-0.51}},{"t":"X1","s":"","d":{"X":0.275,"Y":0.689}}],"clr":{"R":245,"G":221,"B":252,"A":255}},"GR6-5-25":{"pid":"GR6-S","orb":11662,"per":194.36,"ang":9.84,"t":"ASTEROID","sp":"ASTEROID-1","s":19.47,"m":102.53,"gd":32.45,"wic":{},"woc":{},"wgc":{},"emm":[{"Type":"1","MainRange":49,"MainValue":0.2,"FarRange":125},{"Type":"26","MainRange":54,"MainValue":0.22,"FarRange":204},{"Type":"13","MainRange":43,"MainValue":0.31,"FarRange":139},{"Type":"2","MainRange":41,"MainValue":0.2,"FarRange":159},{"Type":"3","MainRange":38,"MainValue":0.25,"FarRange":108},{"Type":"12","MainRange":50,"MainValue":0.23,"FarRange":210},{"Type":"19","MainRange":65,"MainValue":0.21,"FarRange":182},{"Type":"25","MainRange":62,"MainValue":0.13,"FarRange":275}],"sig":[{"t":"9-1","s":"","d":{"X":-0.28,"Y":0.02}},{"t":"9-2","s":"","d":{"X":0.79,"Y":-0.21}},{"t":"X1","s":"","d":{"X":0.989,"Y":0.014}},{"t":"X26","s":"","d":{"X":-0.13,"Y":-0.41}},{"t":"X13","s":"","d":{"X":-0.523,"Y":-0.503}},{"t":"X2","s":"","d":{"X":0.137,"Y":0.701}},{"t":"X3","s":"","d":{"X":0.761,"Y":0.611}},{"t":"X12","s":"","d":{"X":0.764,"Y":-0.141}},{"t":"X19","s":"","d":{"X":-0.398,"Y":0.119}},{"t":"X25","s":"","d":{"X":-0.37,"Y":-0.022}}],"clr":{"R":200,"G":254,"B":220,"A":255}},"GR6-5-26":{"pid":"GR6-S","orb":10819.31,"per":180.32,"ang":165.97,"t":"ASTEROID","sp":"ASTEROID-2","s":23.68,"m":184.59,"gd":39.47,"wic":{},"woc":{},"wgc":{},"emm":[{"Type":"1","MainRange":61,"MainValue":0.18,"FarRange":183}],"sig":[{"t":"9-1","s":"","d":{"X":0.26,"Y":0.17}},{"t":"9-2","s":"","d":{"X":-0.38,"Y":-0.53}},{"t":"X1","s":"","d":{"X":-0.845,"Y":-0.186}}],"clr":{"R":242,"G":241,"B":251,"A":255}},"GR6-5-27":{"pid":"GR6-S","orb":12072.39,"per":201.2,"ang":344.64,"t":"ASTEROID","sp":"ASTEROID-5","s":23.81,"m":187.57,"gd":39.69,"wic":{},"woc":{},"wgc":{},"emm":[{"Type":"1","MainRange":73,"MainValue":0.1,"FarRange":160},{"Type":"16","MainRange":63,"MainValue":0.17,"FarRange":163}],"sig":[{"t":"9-1","s":"","d":{"X":-0.22,"Y":0.52}},{"t":"9-2","s":"","d":{"X":-0.62,"Y":-0.14}},{"t":"X1","s":"","d":{"X":-0.847,"Y":0.13}},{"t":"X16","s":"","d":{"X":0.633,"Y":0.7}}],"clr":{"R":198,"G":234,"B":176,"A":255}},"GR6-5-28":{"pid":"GR6-S","orb":11859.71,"per":197.66,"ang":131.55,"t":"ASTEROID","sp":"ASTEROID-3","s":12.65,"m":28.13,"gd":21.08,"wic":{},"woc":{},"wgc":{},"emm":[{"Type":"1","MainRange":59,"MainValue":0.26,"FarRange":82}],"sig":[{"t":"9-1","s":"","d":{"X":-0.1,"Y":0.79}},{"t":"9-2","s":"","d":{"X":0.47,"Y":0.55}},{"t":"X1","s":"","d":{"X":-0.319,"Y":-0.913}}],"clr":{"R":245,"G":186,"B":212,"A":255}},"GR6-5-29":{"pid":"GR6-S","orb":11926.77,"per":198.77,"ang":217.13,"t":"ASTEROID","sp":"ASTEROID-2","s":22.6,"m":160.46,"gd":37.67,"wic":{},"woc":{},"wgc":{},"emm":[{"Type":"1","MainRange":87,"MainValue":0.2,"FarRange":139}],"sig":[{"t":"9-1","s":"","d":{"X":0.63,"Y":-0.52}},{"t":"9-2","s":"","d":{"X":0.8,"Y":0.19}},{"t":"X1","s":"","d":{"X":0.342,"Y":0.121}}],"clr":{"R":244,"G":206,"B":243,"A":255}},"GR6-5-3":{"pid":"GR6-S","orb":12462.65,"per":207.71,"ang":206.27,"t":"ASTEROID","sp":"ASTEROID-5","s":17.4,"m":73.18,"gd":29,"wic":{},"woc":{},"wgc":{},"emm":[{"Type":"1","MainRange":50,"MainValue":0.23,"FarRange":185}],"sig":[{"t":"9-1","s":"","d":{"X":-0.37,"Y":0.76}},{"t":"9-2","s":"","d":{"X":0.22,"Y":-0.83}},{"t":"X1","s":"","d":{"X":0.076,"Y":0.064}}],"clr":{"R":254,"G":254,"B":254,"A":255}},"GR6-5-30":{"pid":"GR6-S","orb":12889.13,"per":214.81,"ang":219.16,"t":"ASTEROID","sp":"ASTEROID-1","s":21.21,"m":132.59,"gd":35.35,"wic":{},"woc":{},"wgc":{},"emm":[{"Type":"1","MainRange":36,"MainValue":0.14,"FarRange":145}],"sig":[{"t":"9-1","s":"","d":{"X":0.56}},{"t":"9-2","s":"","d":{"X":0.12,"Y":0.21}},{"t":"X1","s":"","d":{"X":-0.846,"Y":-0.345}}],"clr":{"R":238,"G":251,"B":187,"A":255}},"GR6-5-31":{"pid":"GR6-S","orb":10738.85,"per":178.98,"ang":247.45,"t":"ASTEROID","sp":"ASTEROID-5","s":20.13,"m":113.39,"gd":33.55,"wic":{},"woc":{},"wgc":{},"emm":[{"Type":"1","MainRange":61,"MainValue":0.21,"FarRange":183}],"sig":[{"t":"9-1","s":"","d":{"X":-0.49,"Y":0.29}},{"t":"9-2","s":"","d":{"X":-0.77,"Y":0.61}},{"t":"X1","s":"","d":{"X":-0.108,"Y":0.084}}],"clr":{"R":252,"G":241,"B":232,"A":255}},"GR6-5-32":{"pid":"GR6-S","orb":12993.8,"per":216.56,"ang":273.85,"t":"ASTEROID","sp":"ASTEROID-2","s":20.48,"m":119.31,"gd":34.13,"wic":{},"woc":{},"wgc":{},"emm":[{"Type":"1","MainRange":66,"MainValue":0.05,"FarRange":187}],"sig":[{"t":"9-1","s":"","d":{"X":-0.16,"Y":0.79}},{"t":"9-2","s":"","d":{"X":0.68,"Y":0.01}},{"t":"X1","s":"","d":{"X":0.178,"Y":-0.93}}],"clr":{"R":222,"G":250,"B":234,"A":255}},"GR6-5-33":{"pid":"GR6-S","orb":12473.28,"per":207.88,"ang":146.85,"t":"ASTEROID","sp":"ASTEROID-5","s":19.46,"m":102.46,"gd":32.44,"wic":{},"woc":{},"wgc":{},"emm":[{"Type":"1","MainRange":33,"MainValue":0.21,"FarRange":215}],"sig":[{"t":"9-1","s":"","d":{"X":0.74,"Y":-0.18}},{"t":"9-2","s":"","d":{"X":0.38,"Y":-0.19}},{"t":"X1","s":"","d":{"X":-0.498,"Y":-0.041}}],"clr":{"R":252,"G":217,"B":198,"A":255}},"GR6-5-34":{"pid":"GR6-S","orb":10070.26,"per":167.83,"ang":261.51,"t":"ASTEROID","sp":"ASTEROID-2","s":25.02,"m":217.69,"gd":41.71,"wic":{},"woc":{},"wgc":{},"emm":[{"Type":"1","MainRange":61,"MainValue":0.17,"FarRange":217}],"sig":[{"t":"9-1","s":"","d":{"X":0.58,"Y":0.33}},{"t":"9-2","s":"","d":{"X":0.07,"Y":-0.35}},{"t":"X1","s":"","d":{"X":0.444,"Y":0.01}}],"clr":{"R":233,"G":239,"B":193,"A":255}},"GR6-5-35":{"pid":"GR6-S","orb":8959.28,"per":149.32,"ang":172.64,"t":"ASTEROID","sp":"ASTEROID-3","s":16.42,"m":61.53,"gd":27.37,"wic":{},"woc":{},"wgc":{},"emm":[{"Type":"1","MainRange":63,"MainValue":0.1,"FarRange":199}],"sig":[{"t":"9-1","s":"","d":{"X":-0.67,"Y":-0.54}},{"t":"9-2","s":"","d":{"X":0.09,"Y":-0.24}},{"t":"X1","s":"","d":{"X":0.797,"Y":-0.582}}],"clr":{"R":242,"G":211,"B":253,"A":255}},"GR6-5-36":{"pid":"GR6-S","orb":12908.17,"per":215.13,"ang":266.12,"t":"ASTEROID","sp":"ASTEROID-1","s":26.11,"m":247.3,"gd":43.52,"wic":{},"woc":{},"wgc":{},"emm":[{"Type":"1","MainRange":57,"MainValue":0.28,"FarRange":119}],"sig":[{"t":"9-1","s":"","d":{"X":0.71,"Y":0.41}},{"t":"9-2","s":"","d":{"X":-0.43,"Y":-0.03}},{"t":"X1","s":"","d":{"X":0.627,"Y":0.044}}],"clr":{"R":239,"G":245,"B":225,"A":255}},"GR6-5-37":{"pid":"GR6-S","orb":9395.56,"per":156.59,"ang":238.36,"t":"ASTEROID","sp":"ASTEROID-5","s":25.12,"m":220.17,"gd":41.86,"wic":{},"woc":{},"wgc":{},"emm":[{"Type":"1","MainRange":41,"MainValue":0.23,"FarRange":137},{"Type":"3","MainRange":39,"MainValue":0.21,"FarRange":96}],"sig":[{"t":"9-1","s":"","d":{"X":-0.55,"Y":0.38}},{"t":"9-2","s":"","d":{"X":-0.72,"Y":-0.34}},{"t":"X1","s":"","d":{"X":0.024,"Y":-0.247}},{"t":"X3","s":"","d":{"X":0.376,"Y":0.809}}],"clr":{"R":239,"G":178,"B":223,"A":255}},"GR6-5-38":{"pid":"GR6-S","orb":10492.94,"per":174.88,"ang":313.07,"t":"ASTEROID","sp":"ASTEROID-3","s":22.05,"m":148.99,"gd":36.75,"wic":{},"woc":{},"wgc":{},"emm":[{"Type":"1","MainRange":44,"MainValue":0.18,"FarRange":191}],"sig":[{"t":"9-1","s":"","d":{"X":0.61,"Y":0.08}},{"t":"9-2","s":"","d":{"X":0.73,"Y":0.67}},{"t":"X1","s":"","d":{"X":-0.565,"Y":0.617}}],"clr":{"R":158,"G":254,"B":167,"A":255}},"GR6-5-39":{"pid":"GR6-S","orb":13018.64,"per":216.97,"ang":70.82,"t":"ASTEROID","sp":"ASTEROID-2","s":30.87,"m":408.79,"gd":51.45,"wic":{},"woc":{},"wgc":{},"emm":[{"Type":"1","MainRange":46,"MainValue":0.25,"FarRange":90}],"sig":[{"t":"9-1","s":"","d":{"X":0.57,"Y":0.38}},{"t":"9-2","s":"","d":{"X":-0.11,"Y":0.19}},{"t":"X1","s":"","d":{"X":-0.33,"Y":0.2}}],"clr":{"R":251,"G":187,"B":161,"A":255}},"GR6-5-4":{"pid":"GR6-S","orb":11256.74,"per":187.61,"ang":100.29,"t":"ASTEROID","sp":"ASTEROID-2","s":22.73,"m":163.16,"gd":37.88,"wic":{},"woc":{},"wgc":{},"emm":[{"Type":"1","MainRange":59,"MainValue":0.26,"FarRange":199},{"Type":"25","MainRange":63,"MainValue":0.24,"FarRange":283}],"sig":[{"t":"9-1","s":"","d":{"X":-0.15,"Y":0.35}},{"t":"9-2","s":"","d":{"X":-0.08,"Y":-0.15}},{"t":"X1","s":"","d":{"X":0.371,"Y":0.6}},{"t":"X25","s":"","d":{"X":-0.567,"Y":0.422}}],"clr":{"R":254,"G":225,"B":250,"A":255}},"GR6-5-40":{"pid":"GR6-S","orb":11762.95,"per":196.04,"ang":313.75,"t":"ASTEROID","sp":"ASTEROID-5","s":22.57,"m":159.84,"gd":37.62,"wic":{},"woc":{},"wgc":{},"emm":[{"Type":"1","MainRange":33,"MainValue":0.07,"FarRange":145},{"Type":"12","MainRange":57,"MainValue":0.21,"FarRange":154},{"Type":"2","MainRange":46,"MainValue":0.24,"FarRange":117}],"sig":[{"t":"9-1","s":"","d":{"X":0.15,"Y":-0.05}},{"t":"9-2","s":"","d":{"X":0.52,"Y":-0.41}},{"t":"X1","s":"","d":{"X":-0.402,"Y":-0.101}},{"t":"X12","s":"","d":{"X":-0.326,"Y":-0.123}},{"t":"X2","s":"","d":{"X":-0.157,"Y":-0.508}}],"clr":{"R":241,"G":204,"B":231,"A":255}},"GR6-5-41":{"pid":"GR6-S","orb":12291.53,"per":204.85,"ang":18.94,"t":"ASTEROID","sp":"ASTEROID-1","s":17.32,"m":72.23,"gd":28.87,"wic":{},"woc":{},"wgc":{},"emm":[{"Type":"1","MainRange":33,"MainValue":0.29,"FarRange":62}],"sig":[{"t":"9-1","s":"","d":{"X":0.79,"Y":-0.27}},{"t":"9-2","s":"","d":{"X":-0.13,"Y":-0.82}},{"t":"X1","s":"","d":{"X":-0.576,"Y":0.609}}],"clr":{"R":238,"G":194,"B":232,"A":255}},"GR6-5-42":{"pid":"GR6-S","orb":10900.05,"per":181.66,"ang":69.97,"t":"ASTEROID","sp":"ASTEROID-1","s":25.54,"m":231.44,"gd":42.57,"wic":{},"woc":{},"wgc":{},"emm":[{"Type":"1","MainRange":72,"MainValue":0.25,"FarRange":152}],"sig":[{"t":"9-1","s":"","d":{"X":0.81,"Y":-0.3}},{"t":"9-2","s":"","d":{"X":-0.14,"Y":-0.27}},{"t":"X1","s":"","d":{"X":-0.718,"Y":0.062}}],"clr":{"R":203,"G":216,"B":243,"A":255}},"GR6-5-43":{"pid":"GR6-S","orb":11837.4,"per":197.29,"ang":240.67,"t":"ASTEROID","sp":"ASTEROID-4","s":17.54,"m":75.03,"gd":29.24,"wic":{},"woc":{},"wgc":{},"emm":[{"Type":"1","MainRange":65,"MainValue":0.09,"FarRange":165},{"Type":"27","MainRange":41,"MainValue":0.21,"FarRange":183},{"Type":"19","MainRange":40,"MainValue":0.15,"FarRange":180},{"Type":"20","MainRange":34,"MainValue":0.17,"FarRange":113}],"sig":[{"t":"9-1","s":"","d":{"X":0.19,"Y":0.8}},{"t":"9-2","s":"","d":{"X":-0.53,"Y":-0.21}},{"t":"X1","s":"","d":{"X":0.441,"Y":0.682}},{"t":"X27","s":"","d":{"X":0.259,"Y":-0.382}},{"t":"X19","s":"","d":{"X":-0.599,"Y":0.711}},{"t":"X20","s":"","d":{"X":0.456,"Y":0.488}}],"clr":{"R":241,"G":228,"B":254,"A":255}},"GR6-5-44":{"pid":"GR6-S","orb":13045,"per":217.41,"ang":75.75,"t":"ASTEROID","sp":"ASTEROID-5","s":18.63,"m":89.86,"gd":31.05,"wic":{},"woc":{},"wgc":{},"emm":[{"Type":"1","MainRange":54,"MainValue":0.19,"FarRange":118}],"sig":[{"t":"9-1","s":"","d":{"X":0.12,"Y":-0.08}},{"t":"9-2","s":"","d":{"X":0.45,"Y":-0.38}},{"t":"X1","s":"","d":{"X":-0.796,"Y":0.141}}],"clr":{"R":248,"G":186,"B":170,"A":255}},"GR6-5-45":{"pid":"GR6-S","orb":10774.74,"per":179.57,"ang":305.51,"t":"ASTEROID","sp":"ASTEROID-1","s":17.26,"m":71.53,"gd":28.78,"wic":{},"woc":{},"wgc":{},"emm":[{"Type":"1","MainRange":46,"MainValue":0.26,"FarRange":147}],"sig":[{"t":"9-1","s":"","d":{"Y":0.02}},{"t":"9-2","s":"","d":{"X":0.11,"Y":-0.44}},{"t":"X1","s":"","d":{"X":0.342,"Y":-0.731}}],"clr":{"R":231,"G":208,"B":251,"A":255}},"GR6-5-46":{"pid":"GR6-S","orb":11734.29,"per":195.57,"ang":42.84,"t":"ASTEROID","sp":"ASTEROID-1","s":21.09,"m":130.29,"gd":35.15,"wic":{},"woc":{},"wgc":{},"emm":[{"Type":"1","MainRange":51,"MainValue":0.2,"FarRange":171}],"sig":[{"t":"9-1","s":"","d":{"X":-0.2,"Y":-0.52}},{"t":"9-2","s":"","d":{"X":-0.09,"Y":0.82}},{"t":"X1","s":"","d":{"X":0.381,"Y":-0.437}}],"clr":{"R":253,"G":239,"B":248,"A":255}},"GR6-5-47":{"pid":"GR6-S","orb":12673.35,"per":211.22,"ang":140.54,"t":"ASTEROID","sp":"ASTEROID-2","s":8.81,"m":9.5,"gd":14.68,"wic":{},"woc":{},"wgc":{},"emm":[{"Type":"1","MainRange":47,"MainValue":0.33,"FarRange":124}],"sig":[{"t":"9-1","s":"","d":{"X":0.72,"Y":-0.24}},{"t":"9-2","s":"","d":{"X":0.37,"Y":0.44}},{"t":"X1","s":"","d":{"X":0.447,"Y":-0.88}}],"clr":{"R":178,"G":238,"B":228,"A":255}},"GR6-5-48":{"pid":"GR6-S","orb":10010.61,"per":166.84,"ang":300.43,"t":"ASTEROID","sp":"ASTEROID-4","s":11.77,"m":22.68,"gd":19.62,"wic":{},"woc":{},"wgc":{},"emm":[{"Type":"1","MainRange":54,"MainValue":0.23,"FarRange":198}],"sig":[{"t":"9-1","s":"","d":{"X":-0.11,"Y":-0.57}},{"t":"9-2","s":"","d":{"X":0.83,"Y":-0.33}},{"t":"X1","s":"","d":{"X":-0.478,"Y":0.305}}],"clr":{"R":206,"G":208,"B":249,"A":255}},"GR6-5-49":{"pid":"GR6-S","orb":11773.21,"per":196.22,"ang":221.14,"t":"ASTEROID","sp":"ASTEROID-4","s":17.32,"m":72.25,"gd":28.87,"wic":{},"woc":{},"wgc":{},"emm":[{"Type":"1","MainRange":17,"MainValue":0.33,"FarRange":138}],"sig":[{"t":"9-1","s":"","d":{"X":-0.45,"Y":0.26}},{"t":"9-2","s":"","d":{"X":0.63,"Y":0.2}},{"t":"X1","s":"","d":{"X":0.987,"Y":-0.057}}],"clr":{"R":254,"G":214,"B":216,"A":255}},"GR6-5-5":{"pid":"GR6-S","orb":14081.85,"per":234.69,"ang":187.58,"t":"ASTEROID","sp":"ASTEROID-1","s":22.19,"m":151.82,"gd":36.98,"wic":{},"woc":{},"wgc":{},"emm":[{"Type":"1","MainRange":44,"MainValue":0.13,"FarRange":156},{"Type":"14","MainRange":54,"MainValue":0.24,"FarRange":194}],"sig":[{"t":"9-1","s":"","d":{"X":-0.19,"Y":-0.83}},{"t":"9-2","s":"","d":{"X":-0.28,"Y":0.48}},{"t":"X1","s":"","d":{"X":0.487,"Y":0.213}},{"t":"X14","s":"","d":{"X":0.407,"Y":0.072}}],"clr":{"R":249,"G":237,"B":246,"A":255}},"GR6-5-50":{"pid":"GR6-S","orb":11775.37,"per":196.25,"ang":266.83,"t":"ASTEROID","sp":"ASTEROID-3","s":28.69,"m":328.05,"gd":47.82,"wic":{},"woc":{},"wgc":{},"emm":[{"Type":"1","MainRange":17,"MainValue":0.29,"FarRange":104}],"sig":[{"t":"9-1","s":"","d":{"X":-0.82,"Y":0.01}},{"t":"9-2","s":"","d":{"X":0.1,"Y":-0.18}},{"t":"X1","s":"","d":{"X":-0.236,"Y":-0.653}}],"clr":{"R":239,"G":217,"B":178,"A":255}},"GR6-5-51":{"pid":"GR6-S","orb":12168.77,"per":202.81,"ang":118.93,"t":"ASTEROID","sp":"ASTEROID-3","s":21.76,"m":143.26,"gd":36.28,"wic":{},"woc":{},"wgc":{},"emm":[{"Type":"1","MainRange":43,"MainValue":0.16,"FarRange":100},{"Type":"3","MainRange":50,"MainValue":0.26,"FarRange":153}],"sig":[{"t":"9-1","s":"","d":{"X":0.62,"Y":0.5}},{"t":"9-2","s":"","d":{"X":0.4,"Y":-0.55}},{"t":"X1","s":"","d":{"X":-0.805,"Y":0.135}},{"t":"X3","s":"","d":{"X":-0.267,"Y":-0.709}}],"clr":{"R":254,"G":201,"B":238,"A":255}},"GR6-5-52":{"pid":"GR6-S","orb":13206.28,"per":220.1,"ang":321.43,"t":"ASTEROID","sp":"ASTEROID-2","s":26.43,"m":256.66,"gd":44.06,"wic":{},"woc":{},"wgc":{},"emm":[{"Type":"1","MainRange":58,"MainValue":0.17,"FarRange":164},{"Type":"2","MainRange":27,"MainValue":0.13,"FarRange":159},{"Type":"16","MainRange":77,"MainValue":0.04,"FarRange":110}],"sig":[{"t":"9-1","s":"","d":{"X":-0.56,"Y":-0.73}},{"t":"9-2","s":"","d":{"X":-0.13,"Y":0.28}},{"t":"X1","s":"","d":{"X":0.763,"Y":-0.043}},{"t":"X2","s":"","d":{"X":0.077,"Y":0.479}},{"t":"X16","s":"","d":{"X":0.405,"Y":0.305}}],"clr":{"R":249,"G":248,"B":234,"A":255}},"GR6-5-53":{"pid":"GR6-S","orb":10348.27,"per":172.47,"ang":237.91,"t":"ASTEROID","sp":"ASTEROID-4","s":26.29,"m":252.48,"gd":43.82,"wic":{},"woc":{},"wgc":{},"emm":[{"Type":"1","MainRange":93,"MainValue":0.2,"FarRange":215}],"sig":[{"t":"9-1","s":"","d":{"X":-0.15,"Y":-0.93}},{"t":"9-2","s":"","d":{"X":0.79,"Y":0.22}},{"t":"X1","s":"","d":{"X":-0.416,"Y":-0.505}}],"clr":{"R":246,"G":251,"B":252,"A":255}},"GR6-5-54":{"pid":"GR6-S","orb":12797.27,"per":213.28,"ang":71.63,"t":"ASTEROID","sp":"ASTEROID-3","s":19.94,"m":110.21,"gd":33.24,"wic":{},"woc":{},"wgc":{},"emm":[{"Type":"1","MainRange":59,"MainValue":0.1,"FarRange":195}],"sig":[{"t":"9-1","s":"","d":{"X":0.13,"Y":0.71}},{"t":"9-2","s":"","d":{"X":0.58,"Y":-0.19}},{"t":"X1","s":"","d":{"X":0.444,"Y":0.668}}],"clr":{"R":235,"G":248,"B":254,"A":255}},"GR6-5-55":{"pid":"GR6-S","orb":11870.14,"per":197.83,"ang":36.89,"t":"ASTEROID","sp":"ASTEROID-2","s":37.55,"m":735.74,"gd":62.59,"wic":{},"woc":{},"wgc":{},"emm":[{"Type":"1","MainRange":33,"MainValue":0.18,"FarRange":93},{"Type":"15","MainRange":54,"MainValue":0.21,"FarRange":133},{"Type":"18","MainRange":73,"MainValue":0.22,"FarRange":185}],"sig":[{"t":"9-1","s":"","d":{"X":0.78,"Y":0.49}},{"t":"9-2","s":"","d":{"X":-0.24,"Y":-0.26}},{"t":"X1","s":"","d":{"X":-0.688,"Y":0.519}},{"t":"X15","s":"","d":{"X":-0.796,"Y":0.513}},{"t":"X18","s":"","d":{"X":-0.632,"Y":0.385}}],"clr":{"R":190,"G":191,"B":235,"A":255}},"GR6-5-56":{"pid":"GR6-S","orb":12257.96,"per":204.29,"ang":41.57,"t":"ASTEROID","sp":"ASTEROID-2","s":28.83,"m":332.97,"gd":48.05,"wic":{},"woc":{},"wgc":{},"emm":[{"Type":"1","MainRange":57,"MainValue":0.13,"FarRange":135}],"sig":[{"t":"9-1","s":"","d":{"X":0.63,"Y":0.41}},{"t":"9-2","s":"","d":{"X":-0.13,"Y":-0.51}},{"t":"X1","s":"","d":{"X":0.361,"Y":-0.606}}],"clr":{"R":217,"G":243,"B":222,"A":255}},"GR6-5-57":{"pid":"GR6-S","orb":11750.02,"per":195.83,"ang":301.81,"t":"ASTEROID","sp":"ASTEROID-1","s":21.41,"m":136.49,"gd":35.69,"wic":{},"woc":{},"wgc":{},"emm":[{"Type":"1","MainRange":33,"MainValue":0.27,"FarRange":208}],"sig":[{"t":"9-1","s":"","d":{"X":0.4,"Y":-0.69}},{"t":"9-2","s":"","d":{"X":-0.61,"Y":-0.59}},{"t":"X1","s":"","d":{"X":0.564,"Y":0.648}}],"clr":{"R":230,"G":192,"B":241,"A":255}},"GR6-5-58":{"pid":"GR6-S","orb":14295.84,"per":238.26,"ang":53.6,"t":"ASTEROID","sp":"ASTEROID-4","s":17.76,"m":77.86,"gd":29.6,"wic":{},"woc":{},"wgc":{},"emm":[{"Type":"1","MainRange":60,"MainValue":0.09,"FarRange":128}],"sig":[{"t":"9-1","s":"","d":{"X":0.62,"Y":0.51}},{"t":"9-2","s":"","d":{"X":-0.47,"Y":0.53}},{"t":"X1","s":"","d":{"X":-0.098,"Y":-0.004}}],"clr":{"R":191,"G":209,"B":254,"A":255}},"GR6-5-59":{"pid":"GR6-S","orb":10504.73,"per":175.07,"ang":330.2,"t":"ASTEROID","sp":"ASTEROID-1","s":27.46,"m":287.74,"gd":45.77,"wic":{},"woc":{},"wgc":{},"emm":[{"Type":"1","MainRange":37,"MainValue":0.03,"FarRange":131}],"sig":[{"t":"9-1","s":"","d":{"X":-0.34,"Y":-0.08}},{"t":"9-2","s":"","d":{"X":-0.52,"Y":-0.84}},{"t":"X1","s":"","d":{"X":-0.66,"Y":0.581}}],"clr":{"R":251,"G":230,"B":234,"A":255}},"GR6-5-6":{"pid":"GR6-S","orb":11486.22,"per":191.43,"ang":266.85,"t":"ASTEROID","sp":"ASTEROID-4","s":11.99,"m":23.95,"gd":19.98,"wic":{},"woc":{},"wgc":{},"emm":[{"Type":"1","MainRange":60,"MainValue":0.25,"FarRange":175}],"sig":[{"t":"9-1","s":"","d":{"X":-0.09,"Y":0.55}},{"t":"9-2","s":"","d":{"X":-0.74,"Y":-0.57}},{"t":"X1","s":"","d":{"X":0.452,"Y":0.374}}],"clr":{"R":253,"G":174,"B":230,"A":255}},"GR6-5-60":{"pid":"GR6-S","orb":11910.03,"per":198.5,"ang":347.73,"t":"ASTEROID","sp":"ASTEROID-5","s":29.1,"m":342.33,"gd":48.5,"wic":{},"woc":{},"wgc":{},"emm":[{"Type":"1","MainRange":21,"MainValue":0.2,"FarRange":142},{"Type":"17","MainRange":36,"MainValue":0.25,"FarRange":68}],"sig":[{"t":"9-1","s":"","d":{"X":0.56,"Y":-0.81}},{"t":"9-2","s":"","d":{"X":0.1,"Y":0.29}},{"t":"X1","s":"","d":{"X":-0.499,"Y":-0.681}},{"t":"X17","s":"","d":{"X":-0.454,"Y":-0.856}}],"clr":{"R":185,"G":216,"B":244,"A":255}},"GR6-5-61":{"pid":"GR6-S","orb":12819.3,"per":213.65,"ang":174.62,"t":"ASTEROID","sp":"ASTEROID-3","s":17.4,"m":73.22,"gd":29,"wic":{},"woc":{},"wgc":{},"emm":[{"Type":"1","MainRange":24,"MainValue":0.21,"FarRange":205}],"sig":[{"t":"9-1","s":"","d":{"X":0.87,"Y":0.21}},{"t":"9-2","s":"","d":{"X":0.71,"Y":-0.58}},{"t":"X1","s":"","d":{"X":-0.287,"Y":-0.101}}],"clr":{"R":239,"G":206,"B":196,"A":255}},"GR6-5-62":{"pid":"GR6-S","orb":13720.38,"per":228.67,"ang":348.71,"t":"ASTEROID","sp":"ASTEROID-2","s":11.31,"m":20.14,"gd":18.86,"wic":{},"woc":{},"wgc":{},"emm":[{"Type":"1","MainRange":48,"MainValue":0.21,"FarRange":178}],"sig":[{"t":"9-1","s":"","d":{"X":-0.49,"Y":-0.42}},{"t":"9-2","s":"","d":{"X":-0.03,"Y":0.85}},{"t":"X1","s":"","d":{"X":-0.13,"Y":-0.565}}],"clr":{"R":196,"G":248,"B":204,"A":255}},"GR6-5-63":{"pid":"GR6-S","orb":11674.42,"per":194.57,"ang":261.71,"t":"ASTEROID","sp":"ASTEROID-5","s":16.7,"m":64.8,"gd":27.84,"wic":{},"woc":{},"wgc":{},"emm":[{"Type":"1","MainRange":46,"MainValue":0.15,"FarRange":161}],"sig":[{"t":"9-1","s":"","d":{"Y":-0.35}},{"t":"9-2","s":"","d":{"X":0.3,"Y":-0.84}},{"t":"X1","s":"","d":{"X":-0.058,"Y":0.31}}],"clr":{"R":251,"G":203,"B":182,"A":255}},"GR6-5-64":{"pid":"GR6-S","orb":12585.79,"per":209.76,"ang":319.37,"t":"ASTEROID","sp":"ASTEROID-4","s":15.94,"m":56.25,"gd":26.56,"wic":{},"woc":{},"wgc":{},"emm":[{"Type":"1","MainRange":23,"MainValue":0.23,"FarRange":94}],"sig":[{"t":"9-1","s":"","d":{"X":0.38,"Y":-0.86}},{"t":"9-2","s":"","d":{"X":0.42,"Y":0.63}},{"t":"X1","s":"","d":{"X":-0.513,"Y":-0.666}}],"clr":{"R":222,"G":254,"B":230,"A":255}},"GR6-5-65":{"pid":"GR6-S","orb":10814.3,"per":180.23,"ang":226.34,"t":"ASTEROID","sp":"ASTEROID-1","s":27.5,"m":288.88,"gd":45.83,"wic":{},"woc":{},"wgc":{},"emm":[{"Type":"1","MainRange":56.7,"MainValue":0.17,"FarRange":63},{"Type":"14","MainRange":51,"MainValue":0.2,"FarRange":157}],"sig":[{"t":"9-1","s":"","d":{"X":0.99,"Y":0.01}},{"t":"9-2","s":"","d":{"X":-0.25,"Y":-0.44}},{"t":"X1","s":"","d":{"X":0.052,"Y":-0.239}},{"t":"X14","s":"","d":{"X":0.609,"Y":0.243}}],"clr":{"R":239,"G":203,"B":210,"A":255}},"GR6-5-66":{"pid":"GR6-S","orb":12316.01,"per":205.26,"ang":300.58,"t":"ASTEROID","sp":"ASTEROID-4","s":20.7,"m":123.24,"gd":34.5,"wic":{},"woc":{},"wgc":{},"emm":[{"Type":"1","MainRange":41,"MainValue":0.16,"FarRange":191},{"Type":"3","MainRange":92,"MainValue":0.17,"FarRange":215},{"Type":"5","MainRange":52,"MainValue":0.23,"FarRange":143},{"Type":"25","MainRange":42,"MainValue":0.09,"FarRange":165},{"Type":"18","MainRange":61,"MainValue":0.21,"FarRange":175},{"Type":"27","MainRange":32,"MainValue":0.25,"FarRange":201}],"sig":[{"t":"9-1","s":"","d":{"X":0.37,"Y":-0.38}},{"t":"9-2","s":"","d":{"X":0.13,"Y":0.56}},{"t":"X1","s":"","d":{"X":-0.026,"Y":-0.158}},{"t":"X3","s":"","d":{"X":-0.117,"Y":0.147}},{"t":"X5","s":"","d":{"X":0.906,"Y":0.231}},{"t":"X25","s":"","d":{"X":-0.818,"Y":-0.091}},{"t":"X18","s":"","d":{"X":-0.282,"Y":0.303}},{"t":"X27","s":"","d":{"X":0.518,"Y":0.578}}],"clr":{"R":231,"G":220,"B":245,"A":255}},"GR6-5-67":{"pid":"GR6-S","orb":13094.65,"per":218.24,"ang":61.46,"t":"ASTEROID","sp":"ASTEROID-4","s":23.41,"m":178.18,"gd":39.01,"wic":{},"woc":{},"wgc":{},"emm":[{"Type":"1","MainRange":31,"MainValue":0.23,"FarRange":177}],"sig":[{"t":"9-1","s":"","d":{"X":0.03,"Y":-0.47}},{"t":"9-2","s":"","d":{"X":0.71,"Y":-0.22}},{"t":"X1","s":"","d":{"X":0.214,"Y":0.352}}],"clr":{"R":252,"G":241,"B":254,"A":255}},"GR6-5-68":{"pid":"GR6-S","orb":13776.51,"per":229.6,"ang":118.51,"t":"ASTEROID","sp":"ASTEROID-5","s":17.32,"m":72.24,"gd":28.87,"wic":{},"woc":{},"wgc":{},"emm":[{"Type":"1","MainRange":46,"MainValue":0.15,"FarRange":215}],"sig":[{"t":"9-1","s":"","d":{"X":0.73,"Y":0.21}},{"t":"9-2","s":"","d":{"X":-0.96,"Y":-0.14}},{"t":"X1","s":"","d":{"X":0.338,"Y":0.336}}],"clr":{"R":174,"G":235,"B":224,"A":255}},"GR6-5-69":{"pid":"GR6-S","orb":10602.47,"per":176.7,"ang":180.88,"t":"ASTEROID","sp":"ASTEROID-2","s":19.08,"m":96.56,"gd":31.81,"wic":{},"woc":{},"wgc":{},"emm":[{"Type":"1","MainRange":54,"MainValue":0.22,"FarRange":179}],"sig":[{"t":"9-1","s":"","d":{"X":0.23,"Y":0.32}},{"t":"9-2","s":"","d":{"X":0.56,"Y":0.01}},{"t":"X1","s":"","d":{"X":0.471,"Y":0.681}}],"clr":{"R":244,"G":254,"B":248,"A":255}},"GR6-5-7":{"pid":"GR6-S","orb":13076.53,"per":217.94,"ang":61.26,"t":"ASTEROID","sp":"ASTEROID-2","s":25.18,"m":221.95,"gd":41.98,"wic":{},"woc":{},"wgc":{},"emm":[{"Type":"1","MainRange":57,"MainValue":0.17,"FarRange":116}],"sig":[{"t":"9-1","s":"","d":{"X":0.55,"Y":0.77}},{"t":"9-2","s":"","d":{"X":-0.43,"Y":-0.29}},{"t":"X1","s":"","d":{"X":0.376,"Y":-0.791}}],"clr":{"R":252,"G":246,"B":252,"A":255}},"GR6-5-70":{"pid":"GR6-S","orb":12889.75,"per":214.82,"ang":21.08,"t":"ASTEROID","sp":"ASTEROID-4","s":23.29,"m":175.51,"gd":38.82,"wic":{},"woc":{},"wgc":{},"emm":[{"Type":"1","MainRange":51,"MainValue":0.21,"FarRange":177}],"sig":[{"t":"9-1","s":"","d":{"X":-0.24,"Y":0.89}},{"t":"9-2","s":"","d":{"X":-0.02,"Y":-0.1}},{"t":"X1","s":"","d":{"X":0.603,"Y":-0.696}}],"clr":{"R":201,"G":215,"B":241,"A":255}},"GR6-5-71":{"pid":"GR6-S","orb":11903.84,"per":198.39,"ang":357.14,"t":"ASTEROID","sp":"ASTEROID-5","s":10.74,"m":17.23,"gd":17.9,"wic":{},"woc":{},"wgc":{},"emm":[{"Type":"1","MainRange":25,"MainValue":0.22,"FarRange":174}],"sig":[{"t":"9-1","s":"","d":{"X":0.58,"Y":-0.29}},{"t":"9-2","s":"","d":{"X":0.95,"Y":0.09}},{"t":"X1","s":"","d":{"X":0.898,"Y":0.314}}],"clr":{"R":232,"G":179,"B":250,"A":255}},"GR6-5-72":{"pid":"GR6-S","orb":10428.87,"per":173.81,"ang":33.23,"t":"ASTEROID","sp":"ASTEROID-2","s":22.89,"m":166.58,"gd":38.15,"wic":{},"woc":{},"wgc":{},"emm":[{"Type":"1","MainRange":40,"MainValue":0.19,"FarRange":144}],"sig":[{"t":"9-1","s":"","d":{"X":-0.67,"Y":0.28}},{"t":"9-2","s":"","d":{"X":0.41,"Y":-0.44}},{"t":"X1","s":"","d":{"X":-0.277,"Y":-0.341}}],"clr":{"R":241,"G":170,"B":235,"A":255}},"GR6-5-73":{"pid":"GR6-S","orb":11970.92,"per":199.51,"ang":151.53,"t":"ASTEROID","sp":"ASTEROID-4","s":25.7,"m":235.93,"gd":42.84,"wic":{},"woc":{},"wgc":{},"emm":[{"Type":"1","MainRange":40,"MainValue":0.23,"FarRange":143}],"sig":[{"t":"9-1","s":"","d":{"X":-0.72,"Y":0.24}},{"t":"9-2","s":"","d":{"X":0.23,"Y":-0.23}},{"t":"X1","s":"","d":{"X":0.395,"Y":-0.127}}],"clr":{"R":242,"G":253,"B":238,"A":255}},"GR6-5-74":{"pid":"GR6-S","orb":12301.73,"per":205.02,"ang":59.72,"t":"ASTEROID","sp":"ASTEROID-3","s":14.44,"m":41.87,"gd":24.07,"wic":{},"woc":{},"wgc":{},"emm":[{"Type":"1","MainRange":38,"MainValue":0.18,"FarRange":228}],"sig":[{"t":"9-1","s":"","d":{"Y":-0.84}},{"t":"9-2","s":"","d":{"X":0.8,"Y":-0.16}},{"t":"X1","s":"","d":{"X":-0.262,"Y":-0.073}}],"clr":{"R":249,"G":217,"B":238,"A":255}},"GR6-5-75":{"pid":"GR6-S","orb":12734.79,"per":212.24,"ang":276.66,"t":"ASTEROID","sp":"ASTEROID-4","s":12.78,"m":29,"gd":21.3,"wic":{},"woc":{},"wgc":{},"emm":[{"Type":"1","MainRange":31,"MainValue":0.28,"FarRange":138}],"sig":[{"t":"9-1","s":"","d":{"X":0.04,"Y":-0.04}},{"t":"9-2","s":"","d":{"X":-0.12,"Y":0.34}},{"t":"X1","s":"","d":{"X":0.037,"Y":-0.835}}],"clr":{"R":253,"G":237,"B":222,"A":255}},"GR6-5-76":{"pid":"GR6-S","orb":12970.07,"per":216.16,"ang":127.54,"t":"ASTEROID","sp":"ASTEROID-4","s":16.83,"m":66.24,"gd":28.05,"wic":{},"woc":{},"wgc":{},"emm":[{"Type":"1","MainRange":48,"MainValue":0.15,"FarRange":164}],"sig":[{"t":"9-1","s":"","d":{"X":0.44,"Y":-0.87}},{"t":"9-2","s":"","d":{"X":-0.8,"Y":0.24}},{"t":"X1","s":"","d":{"X":0.317,"Y":-0.933}}],"clr":{"R":241,"G":203,"B":208,"A":255}},"GR6-5-77":{"pid":"GR6-S","orb":13020.92,"per":217.01,"ang":305.61,"t":"ASTEROID","sp":"ASTEROID-4","s":11.28,"m":19.97,"gd":18.81,"wic":{},"woc":{},"wgc":{},"emm":[{"Type":"1","MainRange":51,"MainValue":0.08,"FarRange":156}],"sig":[{"t":"9-1","s":"","d":{"X":0.02,"Y":-0.52}},{"t":"9-2","s":"","d":{"X":0.18,"Y":0.68}},{"t":"X1","s":"","d":{"X":0.2,"Y":-0.181}}],"clr":{"R":253,"G":245,"B":250,"A":255}},"GR6-5-78":{"pid":"GR6-S","orb":12380.52,"per":206.34,"ang":163.16,"t":"ASTEROID","sp":"ASTEROID-3","s":18.29,"m":85.01,"gd":30.48,"wic":{},"woc":{},"wgc":{},"emm":[{"Type":"1","MainRange":34,"MainValue":0.23,"FarRange":198}],"sig":[{"t":"9-1","s":"","d":{"X":-0.68,"Y":-0.54}},{"t":"9-2","s":"","d":{"X":0.71,"Y":0.37}},{"t":"X1","s":"","d":{"X":-0.649,"Y":-0.263}}],"clr":{"R":237,"G":253,"B":249,"A":255}},"GR6-5-79":{"pid":"GR6-S","orb":12647.9,"per":210.79,"ang":247.96,"t":"ASTEROID","sp":"ASTEROID-1","s":24.58,"m":206.35,"gd":40.97,"wic":{},"woc":{},"wgc":{},"emm":[{"Type":"1","MainRange":54,"MainValue":0.14,"FarRange":203},{"Type":"10","MainRange":55,"MainValue":0.28,"FarRange":140}],"sig":[{"t":"9-1","s":"","d":{"X":-0.57,"Y":-0.11}},{"t":"9-2","s":"","d":{"X":0.7,"Y":0.16}},{"t":"X1","s":"","d":{"X":-0.623,"Y":-0.097}},{"t":"X10","s":"","d":{"X":0.359,"Y":-0.816}}],"clr":{"R":165,"G":247,"B":228,"A":255}},"GR6-5-8":{"pid":"GR6-S","orb":10705.68,"per":178.42,"ang":210.61,"t":"ASTEROID","sp":"ASTEROID-1","s":19.32,"m":100.17,"gd":32.2,"wic":{},"woc":{},"wgc":{},"emm":[{"Type":"1","MainRange":20,"MainValue":0.23,"FarRange":179}],"sig":[{"t":"9-1","s":"","d":{"X":0.01,"Y":-0.17}},{"t":"9-2","s":"","d":{"X":-0.61,"Y":-0.54}},{"t":"X1","s":"","d":{"X":0.902,"Y":0.355}}],"clr":{"R":251,"G":247,"B":254,"A":255}},"GR6-5-80":{"pid":"GR6-S","orb":12101.93,"per":201.69,"ang":318.3,"t":"ASTEROID","sp":"ASTEROID-1","s":24.96,"m":216.06,"gd":41.6,"wic":{},"woc":{},"wgc":{},"emm":[{"Type":"1","MainRange":20,"MainValue":0.09,"FarRange":191}],"sig":[{"t":"9-1","s":"","d":{"X":0.21,"Y":0.77}},{"t":"9-2","s":"","d":{"X":-0.03,"Y":0.45}},{"t":"X1","s":"","d":{"X":-0.113,"Y":0.876}}],"clr":{"R":254,"G":252,"B":250,"A":255}},"GR6-5-81":{"pid":"GR6-S","orb":12755.91,"per":212.59,"ang":236.86,"t":"ASTEROID","sp":"ASTEROID-2","s":16.73,"m":65.07,"gd":27.88,"wic":{},"woc":{},"wgc":{},"emm":[{"Type":"1","MainRange":57,"MainValue":0.08,"FarRange":193}],"sig":[{"t":"9-1","s":"","d":{"X":0.27,"Y":-0.96}},{"t":"9-2","s":"","d":{"X":-0.89,"Y":0.31}},{"t":"X1","s":"","d":{"X":-0.306,"Y":0.255}}],"clr":{"R":228,"G":190,"B":239,"A":255}},"GR6-5-82":{"pid":"GR6-S","orb":13347.29,"per":222.45,"ang":260.26,"t":"ASTEROID","sp":"ASTEROID-2","s":15.22,"m":49.01,"gd":25.37,"wic":{},"woc":{},"wgc":{},"emm":[{"Type":"1","MainRange":92,"MainValue":0.3,"FarRange":219}],"sig":[{"t":"9-1","s":"","d":{"X":-0.07,"Y":-0.62}},{"t":"9-2","s":"","d":{"X":0.63,"Y":0.14}},{"t":"X1","s":"","d":{"X":0.357,"Y":-0.119}}],"clr":{"R":252,"G":245,"B":253,"A":255}},"GR6-5-83":{"pid":"GR6-S","orb":12215.49,"per":203.59,"ang":182.19,"t":"ASTEROID","sp":"ASTEROID-1","s":10.45,"m":15.89,"gd":17.43,"wic":{},"woc":{},"wgc":{},"emm":[{"Type":"1","MainRange":49,"MainValue":0.13,"FarRange":202}],"sig":[{"t":"9-1","s":"","d":{"X":-0.9,"Y":-0.02}},{"t":"9-2","s":"","d":{"X":-0.35,"Y":0.47}},{"t":"X1","s":"","d":{"X":-0.577,"Y":0.382}}],"clr":{"R":210,"G":241,"B":192,"A":255}},"GR6-5-9":{"pid":"GR6-S","orb":11606.75,"per":193.44,"ang":356.65,"t":"ASTEROID","sp":"ASTEROID-2","s":25.34,"m":226.07,"gd":42.23,"wic":{},"woc":{},"wgc":{},"emm":[{"Type":"1","MainRange":81,"MainValue":0.15,"FarRange":106},{"Type":"14","MainRange":18,"MainValue":0.28,"FarRange":217},{"Type":"3","MainRange":33,"MainValue":0.12,"FarRange":178}],"sig":[{"t":"9-1","s":"","d":{"X":0.52,"Y":0.16}},{"t":"9-2","s":"","d":{"X":-0.31,"Y":0.61}},{"t":"X1","s":"","d":{"X":-0.451,"Y":0.477}},{"t":"X14","s":"","d":{"X":-0.869,"Y":0.012}},{"t":"X3","s":"","d":{"X":0.117,"Y":-0.578}}],"clr":{"R":179,"G":233,"B":184,"A":255}},"GR6-598":{"pid":"GR6-S","orb":20131.6,"per":335.52,"t":"GASPLANET","sp":"GASPLANET-17","s":127.22,"m":20021.56,"gd":212.04,"wic":{},"woc":{},"wgc":{},"sig":[{"t":"0-3","s":"","d":{"X":-0.71,"Y":-0.1}},{"t":"1-3","s":"","d":{"X":-0.02,"Y":-0.56}},{"t":"3-1","s":"","d":{"X":0.27,"Y":0.15}},{"t":"6-3","s":"","d":{"X":-0.87,"Y":0.43}},{"t":"7-2","s":"","d":{"X":-0.46,"Y":0.1}},{"t":"7-3","s":"","d":{"X":0.01,"Y":-0.52}},{"t":"8-2","s":"","d":{"X":0.49,"Y":0.74}},{"t":"10-1","s":"","d":{"X":-0.65,"Y":0.3}},{"t":"10-2","s":"","d":{"X":-0.16,"Y":-0.32}},{"t":"11-1","s":"","d":{"X":0.7,"Y":-0.17}}],"clr":{"R":243,"G":170,"B":177,"A":255}},"GR6-887":{"pid":"GR6-S","orb":1095.92,"per":18.26,"t":"HARDPLANET","sp":"HARDPLANET-40","s":70.59,"m":20510.01,"gd":201.68,"wic":{},"woc":{},"wgc":{},"sig":[{"t":"7-2","s":"","d":{"X":0.3,"Y":-0.49}},{"t":"8-1","s":"","d":{"X":0.03,"Y":0.83}},{"t":"8-2","s":"","d":{"X":-0.89,"Y":-0.41}},{"t":"9-1","s":"","d":{"X":-0.47,"Y":0.23}},{"t":"9-2","s":"","d":{"X":-0.48,"Y":-0.59}},{"t":"10-1","s":"","d":{"X":0.48,"Y":-0.02}},{"t":"10-2","s":"","d":{"X":-0.15,"Y":0.12}},{"t":"11-2","s":"","d":{"X":0.14,"Y":-0.72}},{"t":"12-4","s":"","d":{"X":0.14,"Y":0.52}},{"t":"13-1","s":"","d":{"X":0.85,"Y":0.42}},{"t":"13-2","s":"","d":{"X":0.29,"Y":-0.1}}],"clr":{"R":245,"G":246,"B":253,"A":255}},"GR6-S":{"t":"STAR","sp":"STAR-6","s":517.74,"m":7710511.77,"gd":1725.82,"wic":{},"woc":{},"wgc":{},"emm":[{"Type":"2","MainRange":908,"MainValue":7.21,"FarRange":3085},{"Type":"3","MainRange":692,"MainValue":7.38,"FarRange":4976}],"sig":[{"t":"X2","s":"","d":{"X":0.799,"Y":-0.055}},{"t":"X3","s":"","d":{"X":-0.512,"Y":0.626}}],"clr":{"R":254,"G":233,"B":237,"A":255}}}}