{"SpawnDistance":2718.188,"Points":{"EP6-115":{"pid":"EP6-S","orb":2471.08,"per":41.18,"t":"GASPLANET","sp":"GASPLANET-15","s":249.08,"m":150252.04,"gd":415.14,"wic":{},"woc":{},"wgc":{},"sig":[{"t":"0-2","s":"","d":{"X":-0.71,"Y":0.41}},{"t":"1-3","s":"","d":{"X":-0.35,"Y":-0.76}},{"t":"3-1","s":"","d":{"X":0.67,"Y":-0.56}},{"t":"6-3","s":"","d":{"X":0.76,"Y":-0.45}},{"t":"10-1","s":"","d":{"X":0.24,"Y":-0.1}},{"t":"11-1","s":"","d":{"X":0.64,"Y":-0.48}}],"clr":{"R":226,"G":232,"B":250,"A":255}},"EP6-737":{"pid":"EP6-S","orb":512.67,"per":8.54,"t":"HARDPLANET","sp":"HARDPLANET-4","s":35.95,"m":2711.37,"gd":102.74,"wic":{},"woc":{},"wgc":{},"sig":[{"t":"7-2","s":"","d":{"X":0.38,"Y":-0.23}},{"t":"8-1","s":"","d":{"X":0.85,"Y":-0.32}},{"t":"9-1","s":"","d":{"X":-0.4,"Y":-0.58}},{"t":"10-1","s":"","d":{"X":-0.66,"Y":0.13}},{"t":"11-2","s":"","d":{"X":-0.51,"Y":0.15}},{"t":"12-4","s":"","d":{"X":0.81,"Y":-0.36}},{"t":"13-1","s":"","d":{"X":0.79,"Y":-0.57}}],"clr":{"R":217,"G":241,"B":179,"A":255}},"EP6-S":{"t":"STAR","sp":"STAR-14","s":372.52,"m":2872020.76,"gd":1241.74,"wic":{},"woc":{},"wgc":{},"emm":[{"Type":"2","MainRange":775.8000000000001,"MainValue":3.89,"FarRange":862}],"sig":[{"t":"X2","s":"","d":{"X":-0.835,"Y":-0.383}}],"clr":{"R":190,"G":240,"B":223,"A":255}}}}