{"SpawnDistance":2398.3740000000003,"Points":{"DK9-006":{"pid":"DK9-S","orb":1370.86,"per":22.84,"t":"GASPLANET","sp":"GASPLANET-30","s":120.48,"m":17002.83,"gd":200.8,"wic":{},"woc":{},"wgc":{},"sig":[{"t":"0-2","s":"","d":{"X":0.67,"Y":-0.07}},{"t":"1-3","s":"","d":{"X":0.12,"Y":-0.7}},{"t":"3-1","s":"","d":{"X":0.39,"Y":-0.37}},{"t":"6-3","s":"","d":{"X":-0.53,"Y":0.54}},{"t":"7-3","s":"","d":{"X":-0.62,"Y":0.32}},{"t":"8-1","s":"","d":{"X":-0.63,"Y":-0.62}},{"t":"11-1","s":"","d":{"X":-0.32,"Y":-0.42}}],"clr":{"R":183,"G":235,"B":207,"A":255}},"DK9-329":{"pid":"DK9-S","orb":2180.34,"per":36.33,"t":"GASPLANET","sp":"GASPLANET-11","s":225.1,"m":110892.18,"gd":375.16,"wic":{},"woc":{},"wgc":{},"sig":[{"t":"0-2","s":"","d":{"X":-0.18,"Y":-0.03}},{"t":"1-3","s":"","d":{"X":-0.75,"Y":-0.07}},{"t":"3-1","s":"","d":{"X":-0.34,"Y":0.65}},{"t":"6-2","s":"","d":{"X":0.42,"Y":0.63}},{"t":"10-1","s":"","d":{"X":-0.31,"Y":-0.94}},{"t":"11-1","s":"","d":{"X":0.9,"Y":0.27}}],"clr":{"R":246,"G":252,"B":235,"A":255}},"DK9-329-0":{"pid":"DK9-329","orb":371.33,"per":6.18,"ang":96.29,"t":"ASTEROID","sp":"ASTEROID-2","s":27.36,"m":284.58,"gd":45.6,"wic":{},"woc":{},"wgc":{},"emm":[{"Type":"1","MainRange":39,"MainValue":0.21,"FarRange":185}],"sig":[{"t":"7-2","s":"","d":{"X":0.12,"Y":-0.11}},{"t":"8-1","s":"","d":{"X":-0.61,"Y":0.16}},{"t":"9-1","s":"","d":{"X":0.41,"Y":-0.44}},{"t":"X1","s":"","d":{"X":0.14,"Y":0.499}}],"clr":{"R":175,"G":204,"B":246,"A":255}},"DK9-329-1":{"pid":"DK9-329","orb":348.69,"per":5.81,"ang":37.17,"t":"ASTEROID","sp":"ASTEROID-5","s":11.62,"m":21.79,"gd":19.36,"wic":{},"woc":{},"wgc":{},"emm":[{"Type":"1","MainRange":34,"MainValue":0.2,"FarRange":137},{"Type":"10","MainRange":75,"MainValue":0.2,"FarRange":139}],"sig":[{"t":"7-2","s":"","d":{"X":0.54,"Y":-0.84}},{"t":"8-1","s":"","d":{"X":-0.51,"Y":0.66}},{"t":"9-1","s":"","d":{"X":0.95,"Y":0.02}},{"t":"X1","s":"","d":{"X":-0.588,"Y":-0.695}},{"t":"X10","s":"","d":{"X":0.453,"Y":0.617}}],"clr":{"R":250,"G":189,"B":214,"A":255}},"DK9-329-10":{"pid":"DK9-329","orb":319.98,"per":5.33,"ang":140.07,"t":"ASTEROID","sp":"ASTEROID-3","s":20.23,"m":114.99,"gd":33.71,"wic":{},"woc":{},"wgc":{},"emm":[{"Type":"1","MainRange":79,"MainValue":0.23,"FarRange":201}],"sig":[{"t":"7-2","s":"","d":{"X":-0.02,"Y":0.6}},{"t":"8-1","s":"","d":{"X":-0.06,"Y":0.68}},{"t":"9-1","s":"","d":{"X":-0.68,"Y":-0.47}},{"t":"X1","s":"","d":{"X":0.256,"Y":-0.147}}],"clr":{"R":194,"G":230,"B":252,"A":255}},"DK9-329-100":{"pid":"DK9-329","orb":472.09,"per":7.86,"ang":286.51,"t":"ASTEROID","sp":"ASTEROID-2","s":22.26,"m":153.39,"gd":37.11,"wic":{},"woc":{},"wgc":{},"emm":[{"Type":"1","MainRange":49,"MainValue":0.25,"FarRange":147}],"sig":[{"t":"7-2","s":"","d":{"X":0.73,"Y":-0.19}},{"t":"8-1","s":"","d":{"X":-0.62,"Y":0.18}},{"t":"9-1","s":"","d":{"X":-0.01,"Y":0.57}},{"t":"X1","s":"","d":{"X":-0.192,"Y":-0.078}}],"clr":{"R":252,"G":243,"B":251,"A":255}},"DK9-329-101":{"pid":"DK9-329","orb":413.31,"per":6.88,"ang":159.36,"t":"ASTEROID","sp":"ASTEROID-2","s":22.17,"m":151.35,"gd":36.95,"wic":{},"woc":{},"wgc":{},"emm":[{"Type":"1","MainRange":49,"MainValue":0.22,"FarRange":65}],"sig":[{"t":"7-2","s":"","d":{"X":0.29,"Y":-0.68}},{"t":"8-1","s":"","d":{"X":0.33,"Y":0.38}},{"t":"9-1","s":"","d":{"X":0.21,"Y":0.64}},{"t":"X1","s":"","d":{"X":0.409,"Y":0.383}}],"clr":{"R":235,"G":189,"B":248,"A":255}},"DK9-329-102":{"pid":"DK9-329","orb":458.28,"per":7.63,"ang":353.62,"t":"ASTEROID","sp":"ASTEROID-2","s":26.94,"m":271.73,"gd":44.9,"wic":{},"woc":{},"wgc":{},"emm":[{"Type":"1","MainRange":48,"MainValue":0.23,"FarRange":143},{"Type":"26","MainRange":62,"MainValue":0.13,"FarRange":154}],"sig":[{"t":"7-2","s":"","d":{"X":-0.78,"Y":0.43}},{"t":"8-1","s":"","d":{"X":0.17,"Y":-0.34}},{"t":"9-1","s":"","d":{"X":-0.39,"Y":-0.19}},{"t":"X1","s":"","d":{"X":0.225,"Y":0.641}},{"t":"X26","s":"","d":{"X":0.329,"Y":0.234}}],"clr":{"R":222,"G":232,"B":247,"A":255}},"DK9-329-103":{"pid":"DK9-329","orb":451.44,"per":7.52,"ang":312.02,"t":"ASTEROID","sp":"ASTEROID-2","s":10.44,"m":15.83,"gd":17.4,"wic":{},"woc":{},"wgc":{},"emm":[{"Type":"1","MainRange":70,"MainValue":0.26,"FarRange":182}],"sig":[{"t":"7-2","s":"","d":{"X":0.08,"Y":-0.72}},{"t":"8-1","s":"","d":{"X":-0.23,"Y":0.69}},{"t":"9-1","s":"","d":{"X":0.86,"Y":0.07}},{"t":"X1","s":"","d":{"X":0.903,"Y":-0.334}}],"clr":{"R":202,"G":251,"B":226,"A":255}},"DK9-329-104":{"pid":"DK9-329","orb":420.54,"per":7,"ang":117.23,"t":"ASTEROID","sp":"ASTEROID-1","s":21.53,"m":138.63,"gd":35.88,"wic":{},"woc":{},"wgc":{},"emm":[{"Type":"1","MainRange":61,"MainValue":0.26,"FarRange":204}],"sig":[{"t":"7-2","s":"","d":{"X":-0.26,"Y":-0.36}},{"t":"8-1","s":"","d":{"X":0.95,"Y":0.24}},{"t":"9-1","s":"","d":{"X":0.87,"Y":0.15}},{"t":"X1","s":"","d":{"X":-0.52,"Y":0.376}}],"clr":{"R":217,"G":213,"B":250,"A":255}},"DK9-329-105":{"pid":"DK9-329","orb":398.36,"per":6.63,"ang":194.92,"t":"ASTEROID","sp":"ASTEROID-5","s":14.95,"m":46.49,"gd":24.93,"wic":{},"woc":{},"wgc":{},"emm":[{"Type":"1","MainRange":50,"MainValue":0.17,"FarRange":143}],"sig":[{"t":"7-2","s":"","d":{"X":0.54,"Y":0.31}},{"t":"8-1","s":"","d":{"X":-0.72,"Y":0.23}},{"t":"9-1","s":"","d":{"X":-0.7,"Y":-0.14}},{"t":"X1","s":"","d":{"X":0.134,"Y":-0.012}}],"clr":{"R":239,"G":254,"B":240,"A":255}},"DK9-329-106":{"pid":"DK9-329","orb":390.88,"per":6.51,"ang":146.96,"t":"ASTEROID","sp":"ASTEROID-5","s":17.07,"m":69.1,"gd":28.45,"wic":{},"woc":{},"wgc":{},"emm":[{"Type":"1","MainRange":45,"MainValue":0.2,"FarRange":130}],"sig":[{"t":"7-2","s":"","d":{"X":-0.76,"Y":-0.1}},{"t":"8-1","s":"","d":{"X":0.7,"Y":-0.69}},{"t":"9-1","s":"","d":{"X":0.89,"Y":0.12}},{"t":"X1","s":"","d":{"X":0.511,"Y":0.799}}],"clr":{"R":170,"G":183,"B":251,"A":255}},"DK9-329-107":{"pid":"DK9-329","orb":409.88,"per":6.83,"ang":51.56,"t":"ASTEROID","sp":"ASTEROID-5","s":22.92,"m":167.38,"gd":38.21,"wic":{},"woc":{},"wgc":{},"emm":[{"Type":"1","MainRange":40,"MainValue":0.11,"FarRange":109}],"sig":[{"t":"7-2","s":"","d":{"X":0.05,"Y":0.59}},{"t":"8-1","s":"","d":{"X":-0.78,"Y":0.55}},{"t":"9-1","s":"","d":{"X":-0.85,"Y":0.49}},{"t":"X1","s":"","d":{"X":-0.236,"Y":-0.699}}],"clr":{"R":191,"G":239,"B":253,"A":255}},"DK9-329-108":{"pid":"DK9-329","orb":378.95,"per":6.31,"ang":195.28,"t":"ASTEROID","sp":"ASTEROID-2","s":31.66,"m":440.86,"gd":52.77,"wic":{},"woc":{},"wgc":{},"emm":[{"Type":"1","MainRange":38,"MainValue":0.22,"FarRange":121}],"sig":[{"t":"7-2","s":"","d":{"X":0.11,"Y":0.22}},{"t":"8-1","s":"","d":{"X":-0.6,"Y":0.06}},{"t":"9-1","s":"","d":{"X":-0.55,"Y":0.58}},{"t":"X1","s":"","d":{"X":-0.405,"Y":-0.744}}],"clr":{"R":247,"G":252,"B":246,"A":255}},"DK9-329-109":{"pid":"DK9-329","orb":363.42,"per":6.05,"ang":59.42,"t":"ASTEROID","sp":"ASTEROID-5","s":22.67,"m":161.98,"gd":37.79,"wic":{},"woc":{},"wgc":{},"emm":[{"Type":"1","MainRange":38,"MainValue":0.29,"FarRange":143}],"sig":[{"t":"7-2","s":"","d":{"X":-0.13,"Y":0.01}},{"t":"8-1","s":"","d":{"X":-0.38,"Y":0.84}},{"t":"9-1","s":"","d":{"X":0.59,"Y":0.08}},{"t":"X1","s":"","d":{"X":-0.034,"Y":-0.252}}],"clr":{"R":251,"G":249,"B":240,"A":255}},"DK9-329-11":{"pid":"DK9-329","orb":441.96,"per":7.36,"ang":88.57,"t":"ASTEROID","sp":"ASTEROID-1","s":20.04,"m":111.89,"gd":33.41,"wic":{},"woc":{},"wgc":{},"emm":[{"Type":"1","MainRange":54,"MainValue":0.3,"FarRange":177}],"sig":[{"t":"7-2","s":"","d":{"X":0.49,"Y":0.82}},{"t":"8-1","s":"","d":{"X":-0.01,"Y":-0.83}},{"t":"9-1","s":"","d":{"X":0.45,"Y":0.01}},{"t":"X1","s":"","d":{"X":0.52,"Y":-0.538}}],"clr":{"R":243,"G":218,"B":233,"A":255}},"DK9-329-110":{"pid":"DK9-329","orb":416.98,"per":6.94,"ang":258.37,"t":"ASTEROID","sp":"ASTEROID-4","s":17.9,"m":79.66,"gd":29.83,"wic":{},"woc":{},"wgc":{},"emm":[{"Type":"1","MainRange":45,"MainValue":0.24,"FarRange":133}],"sig":[{"t":"7-2","s":"","d":{"X":-0.24,"Y":-0.13}},{"t":"8-1","s":"","d":{"X":-0.78,"Y":0.06}},{"t":"9-1","s":"","d":{"X":-0.59,"Y":0.37}},{"t":"X1","s":"","d":{"X":-0.023,"Y":-0.645}}],"clr":{"R":240,"G":243,"B":250,"A":255}},"DK9-329-111":{"pid":"DK9-329","orb":353.84,"per":5.89,"ang":289.09,"t":"ASTEROID","sp":"ASTEROID-5","s":14.98,"m":46.71,"gd":24.97,"wic":{},"woc":{},"wgc":{},"emm":[{"Type":"1","MainRange":54,"MainValue":0.08,"FarRange":104}],"sig":[{"t":"7-2","s":"","d":{"X":0.55,"Y":0.74}},{"t":"8-1","s":"","d":{"X":-0.09,"Y":0.17}},{"t":"9-1","s":"","d":{"X":-0.61,"Y":-0.48}},{"t":"X1","s":"","d":{"X":-0.683,"Y":-0.212}}],"clr":{"R":241,"G":254,"B":243,"A":255}},"DK9-329-112":{"pid":"DK9-329","orb":436.53,"per":7.27,"ang":98.16,"t":"ASTEROID","sp":"ASTEROID-5","s":13.41,"m":33.5,"gd":22.35,"wic":{},"woc":{},"wgc":{},"emm":[{"Type":"1","MainRange":41,"MainValue":0.15,"FarRange":202}],"sig":[{"t":"7-2","s":"","d":{"X":-0.39,"Y":-0.53}},{"t":"8-1","s":"","d":{"X":0.35,"Y":0.26}},{"t":"9-1","s":"","d":{"X":0.56,"Y":0.35}},{"t":"X1","s":"","d":{"X":0.395,"Y":-0.05}}],"clr":{"R":241,"G":178,"B":200,"A":255}},"DK9-329-113":{"pid":"DK9-329","orb":310.67,"per":5.17,"ang":338.76,"t":"ASTEROID","sp":"ASTEROID-4","s":12.83,"m":29.39,"gd":21.39,"wic":{},"woc":{},"wgc":{},"emm":[{"Type":"1","MainRange":72,"MainValue":0.2,"FarRange":143},{"Type":"25","MainRange":38,"MainValue":0.18,"FarRange":131},{"Type":"10","MainRange":53.1,"MainValue":0.21,"FarRange":59},{"Type":"19","MainRange":28,"MainValue":0.17,"FarRange":243},{"Type":"6","MainRange":23,"MainValue":0.18,"FarRange":136},{"Type":"3","MainRange":36,"MainValue":0.12,"FarRange":141}],"sig":[{"t":"7-2","s":"","d":{"X":0.37,"Y":-0.1}},{"t":"8-1","s":"","d":{"X":0.79,"Y":0.27}},{"t":"9-1","s":"","d":{"X":-0.73,"Y":0.28}},{"t":"X1","s":"","d":{"X":-0.49,"Y":0.474}},{"t":"X25","s":"","d":{"X":-0.705,"Y":0.261}},{"t":"X10","s":"","d":{"X":0.643,"Y":0.277}},{"t":"X19","s":"","d":{"X":-0.781,"Y":-0.198}},{"t":"X6","s":"","d":{"X":0.318,"Y":-0.172}},{"t":"X3","s":"","d":{"X":-0.318,"Y":-0.417}}],"clr":{"R":225,"G":254,"B":237,"A":255}},"DK9-329-114":{"pid":"DK9-329","orb":415.69,"per":6.92,"ang":64.33,"t":"ASTEROID","sp":"ASTEROID-3","s":21.1,"m":130.53,"gd":35.17,"wic":{},"woc":{},"wgc":{},"emm":[{"Type":"1","MainRange":75,"MainValue":0.14,"FarRange":157}],"sig":[{"t":"7-2","s":"","d":{"X":0.82,"Y":0.33}},{"t":"8-1","s":"","d":{"X":-0.59,"Y":0.8}},{"t":"9-1","s":"","d":{"X":0.03,"Y":0.21}},{"t":"X1","s":"","d":{"X":-0.494,"Y":0.865}}],"clr":{"R":254,"G":196,"B":233,"A":255}},"DK9-329-115":{"pid":"DK9-329","orb":421.24,"per":7.02,"ang":354.99,"t":"ASTEROID","sp":"ASTEROID-2","s":16.36,"m":60.84,"gd":27.27,"wic":{},"woc":{},"wgc":{},"emm":[{"Type":"1","MainRange":19.8,"MainValue":0.18,"FarRange":22}],"sig":[{"t":"7-2","s":"","d":{"X":-0.26,"Y":0.42}},{"t":"8-1","s":"","d":{"X":0.9,"Y":0.04}},{"t":"9-1","s":"","d":{"X":-0.51,"Y":0.61}},{"t":"X1","s":"","d":{"X":-0.019,"Y":0.601}}],"clr":{"R":198,"G":241,"B":234,"A":255}},"DK9-329-12":{"pid":"DK9-329","orb":420.02,"per":7,"ang":22.77,"t":"ASTEROID","sp":"ASTEROID-5","s":19.41,"m":101.61,"gd":32.35,"wic":{},"woc":{},"wgc":{},"emm":[{"Type":"1","MainRange":39,"MainValue":0.22,"FarRange":244}],"sig":[{"t":"7-2","s":"","d":{"X":-0.15,"Y":0.76}},{"t":"8-1","s":"","d":{"X":-0.26,"Y":0.1}},{"t":"9-1","s":"","d":{"X":0.83,"Y":0.16}},{"t":"X1","s":"","d":{"X":0.258,"Y":0.645}}],"clr":{"R":210,"G":252,"B":205,"A":255}},"DK9-329-13":{"pid":"DK9-329","orb":453.07,"per":7.55,"ang":212.3,"t":"ASTEROID","sp":"ASTEROID-1","s":13.7,"m":35.75,"gd":22.84,"wic":{},"woc":{},"wgc":{},"emm":[{"Type":"1","MainRange":45,"MainValue":0.17,"FarRange":58}],"sig":[{"t":"7-2","s":"","d":{"X":0.05,"Y":0.14}},{"t":"8-1","s":"","d":{"X":-0.43,"Y":-0.76}},{"t":"9-1","s":"","d":{"X":-0.87,"Y":0.12}},{"t":"X1","s":"","d":{"X":-0.604,"Y":-0.179}}],"clr":{"R":185,"G":193,"B":233,"A":255}},"DK9-329-14":{"pid":"DK9-329","orb":426.6,"per":7.11,"ang":104.59,"t":"ASTEROID","sp":"ASTEROID-4","s":15.63,"m":53.12,"gd":26.06,"wic":{},"woc":{},"wgc":{},"emm":[{"Type":"1","MainRange":45,"MainValue":0.21,"FarRange":198}],"sig":[{"t":"7-2","s":"","d":{"X":-0.14,"Y":0.09}},{"t":"8-1","s":"","d":{"X":0.56,"Y":0.08}},{"t":"9-1","s":"","d":{"X":-0.15,"Y":-0.99}},{"t":"X1","s":"","d":{"X":-0.418,"Y":0.365}}],"clr":{"R":236,"G":248,"B":194,"A":255}},"DK9-329-15":{"pid":"DK9-329","orb":360.55,"per":6,"ang":135.48,"t":"ASTEROID","sp":"ASTEROID-3","s":27.9,"m":301.68,"gd":46.5,"wic":{},"woc":{},"wgc":{},"emm":[{"Type":"1","MainRange":60,"MainValue":0.24,"FarRange":96}],"sig":[{"t":"7-2","s":"","d":{"X":-0.15,"Y":0.33}},{"t":"8-1","s":"","d":{"Y":-0.07}},{"t":"9-1","s":"","d":{"X":-0.46,"Y":-0.33}},{"t":"X1","s":"","d":{"X":0.117,"Y":0.477}}],"clr":{"R":253,"G":254,"B":254,"A":255}},"DK9-329-16":{"pid":"DK9-329","orb":375.63,"per":6.26,"ang":261.62,"t":"ASTEROID","sp":"ASTEROID-2","s":18.57,"m":88.94,"gd":30.95,"wic":{},"woc":{},"wgc":{},"emm":[{"Type":"1","MainRange":51,"MainValue":0.24,"FarRange":71}],"sig":[{"t":"7-2","s":"","d":{"X":0.65,"Y":0.52}},{"t":"8-1","s":"","d":{"X":-0.18,"Y":0.9}},{"t":"9-1","s":"","d":{"X":-0.01,"Y":-0.11}},{"t":"X1","s":"","d":{"X":-0.124,"Y":-0.709}}],"clr":{"R":245,"G":234,"B":250,"A":255}},"DK9-329-17":{"pid":"DK9-329","orb":409.86,"per":6.83,"ang":342.27,"t":"ASTEROID","sp":"ASTEROID-5","s":18.87,"m":93.33,"gd":31.45,"wic":{},"woc":{},"wgc":{},"emm":[{"Type":"1","MainRange":54,"MainValue":0.17,"FarRange":124}],"sig":[{"t":"7-2","s":"","d":{"X":-0.79,"Y":0.01}},{"t":"8-1","s":"","d":{"X":0.67,"Y":0.71}},{"t":"9-1","s":"","d":{"X":0.11,"Y":0.76}},{"t":"X1","s":"","d":{"X":-0.092,"Y":-0.753}}],"clr":{"R":211,"G":251,"B":253,"A":255}},"DK9-329-18":{"pid":"DK9-329","orb":451.42,"per":7.52,"ang":300.97,"t":"ASTEROID","sp":"ASTEROID-2","s":17.09,"m":69.42,"gd":28.49,"wic":{},"woc":{},"wgc":{},"emm":[{"Type":"1","MainRange":59,"MainValue":0.3,"FarRange":110}],"sig":[{"t":"7-2","s":"","d":{"X":0.56,"Y":0.67}},{"t":"8-1","s":"","d":{"X":-0.43,"Y":-0.48}},{"t":"9-1","s":"","d":{"X":-0.35,"Y":0.64}},{"t":"X1","s":"","d":{"X":0.032,"Y":-0.644}}],"clr":{"R":243,"G":232,"B":252,"A":255}},"DK9-329-19":{"pid":"DK9-329","orb":441.58,"per":7.35,"ang":245.78,"t":"ASTEROID","sp":"ASTEROID-3","s":23.29,"m":175.6,"gd":38.82,"wic":{},"woc":{},"wgc":{},"emm":[{"Type":"1","MainRange":38,"MainValue":0.23,"FarRange":88}],"sig":[{"t":"7-2","s":"","d":{"X":0.3,"Y":0.48}},{"t":"8-1","s":"","d":{"X":0.52,"Y":0.14}},{"t":"9-1","s":"","d":{"X":0.17,"Y":0.14}},{"t":"X1","s":"","d":{"X":0.75,"Y":-0.427}}],"clr":{"R":244,"G":254,"B":250,"A":255}},"DK9-329-2":{"pid":"DK9-329","orb":381.21,"per":6.35,"ang":228.53,"t":"ASTEROID","sp":"ASTEROID-1","s":21.73,"m":142.56,"gd":36.22,"wic":{},"woc":{},"wgc":{},"emm":[{"Type":"1","MainRange":44,"MainValue":0.07,"FarRange":154}],"sig":[{"t":"7-2","s":"","d":{"X":-0.72,"Y":0.03}},{"t":"8-1","s":"","d":{"X":0.29,"Y":0.69}},{"t":"9-1","s":"","d":{"X":-0.68,"Y":0.15}},{"t":"X1","s":"","d":{"X":-0.577,"Y":0.345}}],"clr":{"R":227,"G":240,"B":199,"A":255}},"DK9-329-20":{"pid":"DK9-329","orb":369.88,"per":6.16,"ang":36.05,"t":"ASTEROID","sp":"ASTEROID-1","s":18.71,"m":91.06,"gd":31.19,"wic":{},"woc":{},"wgc":{},"emm":[{"Type":"1","MainRange":53,"MainValue":0.24,"FarRange":190}],"sig":[{"t":"7-2","s":"","d":{"X":0.02,"Y":0.02}},{"t":"8-1","s":"","d":{"X":0.34,"Y":-0.15}},{"t":"9-1","s":"","d":{"X":-0.56,"Y":-0.47}},{"t":"X1","s":"","d":{"X":-0.429,"Y":-0.483}}],"clr":{"R":249,"G":253,"B":227,"A":255}},"DK9-329-21":{"pid":"DK9-329","orb":342.66,"per":5.71,"ang":206.81,"t":"ASTEROID","sp":"ASTEROID-1","s":10.2,"m":14.74,"gd":17,"wic":{},"woc":{},"wgc":{},"emm":[{"Type":"1","MainRange":24,"MainValue":0.14,"FarRange":182}],"sig":[{"t":"7-2","s":"","d":{"X":0.93,"Y":0.33}},{"t":"8-1","s":"","d":{"X":-0.81,"Y":0.41}},{"t":"9-1","s":"","d":{"X":-0.28,"Y":-0.27}},{"t":"X1","s":"","d":{"X":-0.753,"Y":-0.585}}],"clr":{"R":174,"G":235,"B":186,"A":255}},"DK9-329-22":{"pid":"DK9-329","orb":446.18,"per":7.43,"ang":336.82,"t":"ASTEROID","sp":"ASTEROID-4","s":21.87,"m":145.31,"gd":36.45,"wic":{},"woc":{},"wgc":{},"emm":[{"Type":"1","MainRange":40,"MainValue":0.24,"FarRange":180}],"sig":[{"t":"7-2","s":"","d":{"X":-0.46,"Y":0.2}},{"t":"8-1","s":"","d":{"X":0.23,"Y":0.51}},{"t":"9-1","s":"","d":{"X":0.35,"Y":-0.28}},{"t":"X1","s":"","d":{"X":-0.543,"Y":0.75}}],"clr":{"R":243,"G":238,"B":164,"A":255}},"DK9-329-23":{"pid":"DK9-329","orb":369.32,"per":6.15,"ang":172.88,"t":"ASTEROID","sp":"ASTEROID-5","s":13.63,"m":35.19,"gd":22.72,"wic":{},"woc":{},"wgc":{},"emm":[{"Type":"1","MainRange":43,"MainValue":0.23,"FarRange":198}],"sig":[{"t":"7-2","s":"","d":{"X":-0.19,"Y":-0.56}},{"t":"8-1","s":"","d":{"X":-0.69,"Y":-0.42}},{"t":"9-1","s":"","d":{"X":-0.53,"Y":-0.36}},{"t":"X1","s":"","d":{"X":-0.417,"Y":0.154}}],"clr":{"R":172,"G":221,"B":239,"A":255}},"DK9-329-24":{"pid":"DK9-329","orb":312.17,"per":5.2,"ang":285.66,"t":"ASTEROID","sp":"ASTEROID-4","s":25.97,"m":243.44,"gd":43.29,"wic":{},"woc":{},"wgc":{},"emm":[{"Type":"1","MainRange":65,"MainValue":0.2,"FarRange":175}],"sig":[{"t":"7-2","s":"","d":{"X":0.25,"Y":0.15}},{"t":"8-1","s":"","d":{"X":-0.79,"Y":-0.41}},{"t":"9-1","s":"","d":{"X":0.03,"Y":-0.78}},{"t":"X1","s":"","d":{"X":0.466,"Y":-0.727}}],"clr":{"R":251,"G":198,"B":182,"A":255}},"DK9-329-25":{"pid":"DK9-329","orb":393.26,"per":6.55,"ang":180.68,"t":"ASTEROID","sp":"ASTEROID-4","s":21.71,"m":142.17,"gd":36.18,"wic":{},"woc":{},"wgc":{},"emm":[{"Type":"1","MainRange":45,"MainValue":0.1,"FarRange":126}],"sig":[{"t":"7-2","s":"","d":{"X":0.31,"Y":-0.19}},{"t":"8-1","s":"","d":{"X":-0.58,"Y":0.52}},{"t":"9-1","s":"","d":{"X":0.27,"Y":0.61}},{"t":"X1","s":"","d":{"X":-0.611,"Y":-0.541}}],"clr":{"R":239,"G":251,"B":225,"A":255}},"DK9-329-26":{"pid":"DK9-329","orb":400.33,"per":6.67,"ang":21.74,"t":"ASTEROID","sp":"ASTEROID-3","s":29.13,"m":343.53,"gd":48.56,"wic":{},"woc":{},"wgc":{},"emm":[{"Type":"1","MainRange":52,"MainValue":0.27,"FarRange":174}],"sig":[{"t":"7-2","s":"","d":{"X":-0.62,"Y":-0.5}},{"t":"8-1","s":"","d":{"X":-0.16,"Y":0.65}},{"t":"9-1","s":"","d":{"X":-0.83,"Y":-0.5}},{"t":"X1","s":"","d":{"X":-0.573,"Y":-0.296}}],"clr":{"R":246,"G":217,"B":234,"A":255}},"DK9-329-27":{"pid":"DK9-329","orb":432.58,"per":7.2,"ang":45.49,"t":"ASTEROID","sp":"ASTEROID-4","s":19.7,"m":106.2,"gd":32.83,"wic":{},"woc":{},"wgc":{},"emm":[{"Type":"1","MainRange":34,"MainValue":0.2,"FarRange":120}],"sig":[{"t":"7-2","s":"","d":{"X":-0.31,"Y":-0.34}},{"t":"8-1","s":"","d":{"X":-0.15,"Y":-0.35}},{"t":"9-1","s":"","d":{"X":0.43,"Y":-0.2}},{"t":"X1","s":"","d":{"X":0.089,"Y":0.961}}],"clr":{"R":242,"G":248,"B":254,"A":255}},"DK9-329-28":{"pid":"DK9-329","orb":375.25,"per":6.25,"ang":184.71,"t":"ASTEROID","sp":"ASTEROID-4","s":15.14,"m":48.26,"gd":25.24,"wic":{},"woc":{},"wgc":{},"emm":[{"Type":"1","MainRange":49,"MainValue":0.21,"FarRange":179}],"sig":[{"t":"7-2","s":"","d":{"X":-0.04,"Y":-0.08}},{"t":"8-1","s":"","d":{"X":0.74,"Y":0.12}},{"t":"9-1","s":"","d":{"X":-0.59,"Y":-0.36}},{"t":"X1","s":"","d":{"X":0.659,"Y":0.234}}],"clr":{"R":250,"G":183,"B":168,"A":255}},"DK9-329-29":{"pid":"DK9-329","orb":393.42,"per":6.55,"ang":160.47,"t":"ASTEROID","sp":"ASTEROID-3","s":15.32,"m":49.98,"gd":25.54,"wic":{},"woc":{},"wgc":{},"emm":[{"Type":"1","MainRange":51,"MainValue":0.27,"FarRange":113}],"sig":[{"t":"7-2","s":"","d":{"X":0.65,"Y":0.18}},{"t":"8-1","s":"","d":{"X":0.14,"Y":-0.9}},{"t":"9-1","s":"","d":{"X":-0.5,"Y":-0.69}},{"t":"X1","s":"","d":{"X":-0.57,"Y":0.346}}],"clr":{"R":239,"G":254,"B":224,"A":255}},"DK9-329-3":{"pid":"DK9-329","orb":457.86,"per":7.63,"ang":48.85,"t":"ASTEROID","sp":"ASTEROID-1","s":26.8,"m":267.61,"gd":44.68,"wic":{},"woc":{},"wgc":{},"emm":[{"Type":"1","MainRange":39,"MainValue":0.12,"FarRange":157}],"sig":[{"t":"7-2","s":"","d":{"X":-0.53,"Y":0.14}},{"t":"8-1","s":"","d":{"X":-0.19,"Y":-0.77}},{"t":"9-1","s":"","d":{"X":0.59,"Y":-0.58}},{"t":"X1","s":"","d":{"X":0.102,"Y":-0.514}}],"clr":{"R":193,"G":248,"B":249,"A":255}},"DK9-329-30":{"pid":"DK9-329","orb":363.48,"per":6.05,"ang":192.01,"t":"ASTEROID","sp":"ASTEROID-3","s":11.06,"m":18.82,"gd":18.44,"wic":{},"woc":{},"wgc":{},"emm":[{"Type":"1","MainRange":49,"MainValue":0.28,"FarRange":135}],"sig":[{"t":"7-2","s":"","d":{"X":0.16,"Y":-0.86}},{"t":"8-1","s":"","d":{"X":-0.66,"Y":-0.4}},{"t":"9-1","s":"","d":{"X":0.63,"Y":0.03}},{"t":"X1","s":"","d":{"X":0.202,"Y":0.23}}],"clr":{"R":242,"G":204,"B":218,"A":255}},"DK9-329-31":{"pid":"DK9-329","orb":455.38,"per":7.58,"ang":57.05,"t":"ASTEROID","sp":"ASTEROID-3","s":27.93,"m":302.79,"gd":46.55,"wic":{},"woc":{},"wgc":{},"emm":[{"Type":"1","MainRange":34,"MainValue":0.15,"FarRange":157}],"sig":[{"t":"7-2","s":"","d":{"X":0.41,"Y":-0.62}},{"t":"8-1","s":"","d":{"X":-0.21,"Y":0.87}},{"t":"9-1","s":"","d":{"X":-0.1,"Y":-0.05}},{"t":"X1","s":"","d":{"X":-0.171,"Y":0.095}}],"clr":{"R":237,"G":241,"B":251,"A":255}},"DK9-329-32":{"pid":"DK9-329","orb":372.08,"per":6.2,"ang":171.57,"t":"ASTEROID","sp":"ASTEROID-1","s":25.23,"m":223.24,"gd":42.06,"wic":{},"woc":{},"wgc":{},"emm":[{"Type":"1","MainRange":43,"MainValue":0.22,"FarRange":199}],"sig":[{"t":"7-2","s":"","d":{"X":0.48,"Y":0.18}},{"t":"8-1","s":"","d":{"X":0.51,"Y":0.58}},{"t":"9-1","s":"","d":{"X":-0.09,"Y":0.39}},{"t":"X1","s":"","d":{"X":0.352,"Y":-0.719}}],"clr":{"R":224,"G":205,"B":252,"A":255}},"DK9-329-33":{"pid":"DK9-329","orb":430.26,"per":7.17,"ang":198.27,"t":"ASTEROID","sp":"ASTEROID-3","s":18.91,"m":93.98,"gd":31.52,"wic":{},"woc":{},"wgc":{},"emm":[{"Type":"1","MainRange":46,"MainValue":0.21,"FarRange":191}],"sig":[{"t":"7-2","s":"","d":{"X":-0.43,"Y":0.29}},{"t":"8-1","s":"","d":{"X":0.27,"Y":-0.48}},{"t":"9-1","s":"","d":{"X":-0.84,"Y":0.29}},{"t":"X1","s":"","d":{"X":-0.942,"Y":-0.063}}],"clr":{"R":208,"G":241,"B":237,"A":255}},"DK9-329-34":{"pid":"DK9-329","orb":473.01,"per":7.88,"ang":120.19,"t":"ASTEROID","sp":"ASTEROID-2","s":20.01,"m":111.41,"gd":33.36,"wic":{},"woc":{},"wgc":{},"emm":[{"Type":"1","MainRange":65,"MainValue":0.14,"FarRange":144}],"sig":[{"t":"7-2","s":"","d":{"X":0.98,"Y":0.15}},{"t":"8-1","s":"","d":{"X":0.16,"Y":-0.37}},{"t":"9-1","s":"","d":{"X":-0.45,"Y":-0.83}},{"t":"X1","s":"","d":{"X":-0.089,"Y":0.412}}],"clr":{"R":250,"G":232,"B":233,"A":255}},"DK9-329-35":{"pid":"DK9-329","orb":361.51,"per":6.02,"ang":43.36,"t":"ASTEROID","sp":"ASTEROID-1","s":22.57,"m":159.73,"gd":37.62,"wic":{},"woc":{},"wgc":{},"emm":[{"Type":"1","MainRange":37,"MainValue":0.25,"FarRange":126}],"sig":[{"t":"7-2","s":"","d":{"Y":0.99}},{"t":"8-1","s":"","d":{"X":-0.02,"Y":0.65}},{"t":"9-1","s":"","d":{"X":0.39,"Y":-0.07}},{"t":"X1","s":"","d":{"X":-0.34,"Y":-0.229}}],"clr":{"R":248,"G":252,"B":236,"A":255}},"DK9-329-36":{"pid":"DK9-329","orb":395.19,"per":6.58,"ang":31.44,"t":"ASTEROID","sp":"ASTEROID-5","s":16.25,"m":59.7,"gd":27.09,"wic":{},"woc":{},"wgc":{},"emm":[{"Type":"1","MainRange":28,"MainValue":0.17,"FarRange":133}],"sig":[{"t":"7-2","s":"","d":{"X":-0.49,"Y":-0.37}},{"t":"8-1","s":"","d":{"X":-0.32,"Y":0.9}},{"t":"9-1","s":"","d":{"X":-0.32,"Y":-0.27}},{"t":"X1","s":"","d":{"X":-0.717,"Y":-0.389}}],"clr":{"R":254,"G":254,"B":251,"A":255}},"DK9-329-37":{"pid":"DK9-329","orb":398.49,"per":6.64,"ang":289.13,"t":"ASTEROID","sp":"ASTEROID-1","s":16.47,"m":62.11,"gd":27.45,"wic":{},"woc":{},"wgc":{},"emm":[{"Type":"1","MainRange":60,"MainValue":0.28,"FarRange":155}],"sig":[{"t":"7-2","s":"","d":{"X":-0.42,"Y":0.06}},{"t":"8-1","s":"","d":{"X":0.4,"Y":0.3}},{"t":"9-1","s":"","d":{"X":-0.85,"Y":-0.31}},{"t":"X1","s":"","d":{"X":-0.283,"Y":0.377}}],"clr":{"R":208,"G":252,"B":221,"A":255}},"DK9-329-38":{"pid":"DK9-329","orb":466.39,"per":7.77,"ang":16.44,"t":"ASTEROID","sp":"ASTEROID-2","s":25.64,"m":234.38,"gd":42.74,"wic":{},"woc":{},"wgc":{},"emm":[{"Type":"1","MainRange":46,"MainValue":0.13,"FarRange":155},{"Type":"17","MainRange":43,"MainValue":0.12,"FarRange":145}],"sig":[{"t":"7-2","s":"","d":{"X":0.29,"Y":-0.94}},{"t":"8-1","s":"","d":{"X":0.48,"Y":0.48}},{"t":"9-1","s":"","d":{"X":-0.37,"Y":0.37}},{"t":"X1","s":"","d":{"X":0.454,"Y":0.798}},{"t":"X17","s":"","d":{"X":-0.684,"Y":0.589}}],"clr":{"R":240,"G":250,"B":237,"A":255}},"DK9-329-39":{"pid":"DK9-329","orb":364.75,"per":6.07,"ang":98.43,"t":"ASTEROID","sp":"ASTEROID-5","s":20.22,"m":114.97,"gd":33.71,"wic":{},"woc":{},"wgc":{},"emm":[{"Type":"1","MainRange":51,"MainValue":0.18,"FarRange":128}],"sig":[{"t":"7-2","s":"","d":{"X":-0.57,"Y":0.2}},{"t":"8-1","s":"","d":{"X":-0.14,"Y":0.45}},{"t":"9-1","s":"","d":{"X":-0.24,"Y":-0.18}},{"t":"X1","s":"","d":{"X":0.73,"Y":0.343}}],"clr":{"R":253,"G":253,"B":254,"A":255}},"DK9-329-4":{"pid":"DK9-329","orb":375.87,"per":6.26,"ang":143.93,"t":"ASTEROID","sp":"ASTEROID-4","s":15.2,"m":48.82,"gd":25.34,"wic":{},"woc":{},"wgc":{},"emm":[{"Type":"1","MainRange":52,"MainValue":0.09,"FarRange":256}],"sig":[{"t":"7-2","s":"","d":{"X":-0.34,"Y":-0.15}},{"t":"8-1","s":"","d":{"X":0.62,"Y":-0.1}},{"t":"9-1","s":"","d":{"X":-0.29,"Y":-0.37}},{"t":"X1","s":"","d":{"X":-0.454,"Y":-0.621}}],"clr":{"R":252,"G":232,"B":218,"A":255}},"DK9-329-40":{"pid":"DK9-329","orb":443.43,"per":7.39,"ang":173.75,"t":"ASTEROID","sp":"ASTEROID-4","s":15.3,"m":49.78,"gd":25.5,"wic":{},"woc":{},"wgc":{},"emm":[{"Type":"1","MainRange":61,"MainValue":0.22,"FarRange":121}],"sig":[{"t":"7-2","s":"","d":{"X":-0.58,"Y":0.26}},{"t":"8-1","s":"","d":{"X":0.17,"Y":0.88}},{"t":"9-1","s":"","d":{"X":-0.66,"Y":0.07}},{"t":"X1","s":"","d":{"X":0.285,"Y":-0.178}}],"clr":{"R":244,"G":243,"B":193,"A":255}},"DK9-329-41":{"pid":"DK9-329","orb":338.01,"per":5.63,"ang":323.32,"t":"ASTEROID","sp":"ASTEROID-3","s":23.59,"m":182.44,"gd":39.32,"wic":{},"woc":{},"wgc":{},"emm":[{"Type":"1","MainRange":54,"MainValue":0.24,"FarRange":121}],"sig":[{"t":"7-2","s":"","d":{"X":0.58,"Y":0.76}},{"t":"8-1","s":"","d":{"X":0.53,"Y":0.51}},{"t":"9-1","s":"","d":{"X":0.88,"Y":-0.16}},{"t":"X1","s":"","d":{"X":-0.193,"Y":-0.478}}],"clr":{"R":233,"G":244,"B":250,"A":255}},"DK9-329-42":{"pid":"DK9-329","orb":423.35,"per":7.05,"ang":46.16,"t":"ASTEROID","sp":"ASTEROID-3","s":12.47,"m":26.97,"gd":20.79,"wic":{},"woc":{},"wgc":{},"emm":[{"Type":"1","MainRange":58,"MainValue":0.16,"FarRange":225}],"sig":[{"t":"7-2","s":"","d":{"X":0.03,"Y":-0.22}},{"t":"8-1","s":"","d":{"X":0.57,"Y":-0.01}},{"t":"9-1","s":"","d":{"X":-0.39,"Y":-0.93}},{"t":"X1","s":"","d":{"X":0.67,"Y":-0.6}}],"clr":{"R":210,"G":194,"B":235,"A":255}},"DK9-329-43":{"pid":"DK9-329","orb":376.74,"per":6.27,"ang":325.86,"t":"ASTEROID","sp":"ASTEROID-1","s":20.05,"m":111.96,"gd":33.41,"wic":{},"woc":{},"wgc":{},"emm":[{"Type":"1","MainRange":51,"MainValue":0.16,"FarRange":182}],"sig":[{"t":"7-2","s":"","d":{"X":0.21,"Y":0.37}},{"t":"8-1","s":"","d":{"X":0.35,"Y":-0.63}},{"t":"9-1","s":"","d":{"X":-0.37,"Y":0.38}},{"t":"X1","s":"","d":{"X":0.146,"Y":-0.032}}],"clr":{"R":235,"G":188,"B":221,"A":255}},"DK9-329-44":{"pid":"DK9-329","orb":403.14,"per":6.71,"ang":160.82,"t":"ASTEROID","sp":"ASTEROID-2","s":15.23,"m":49.08,"gd":25.38,"wic":{},"woc":{},"wgc":{},"emm":[{"Type":"1","MainRange":49,"MainValue":0.14,"FarRange":68}],"sig":[{"t":"7-2","s":"","d":{"X":-0.29,"Y":0.34}},{"t":"8-1","s":"","d":{"X":0.18,"Y":-0.47}},{"t":"9-1","s":"","d":{"X":0.65,"Y":-0.42}},{"t":"X1","s":"","d":{"X":0.84,"Y":-0.421}}],"clr":{"R":192,"G":234,"B":196,"A":255}},"DK9-329-45":{"pid":"DK9-329","orb":462.81,"per":7.71,"ang":1.28,"t":"ASTEROID","sp":"ASTEROID-1","s":18.83,"m":92.85,"gd":31.39,"wic":{},"woc":{},"wgc":{},"emm":[{"Type":"1","MainRange":72,"MainValue":0.19,"FarRange":126}],"sig":[{"t":"7-2","s":"","d":{"X":-0.13,"Y":-0.79}},{"t":"8-1","s":"","d":{"X":-0.3,"Y":0.18}},{"t":"9-1","s":"","d":{"X":0.33,"Y":0.2}},{"t":"X1","s":"","d":{"X":0.087,"Y":-0.387}}],"clr":{"R":208,"G":252,"B":186,"A":255}},"DK9-329-46":{"pid":"DK9-329","orb":472.48,"per":7.87,"ang":250.37,"t":"ASTEROID","sp":"ASTEROID-5","s":22.02,"m":148.46,"gd":36.71,"wic":{},"woc":{},"wgc":{},"emm":[{"Type":"1","MainRange":6,"MainValue":0.21,"FarRange":124}],"sig":[{"t":"7-2","s":"","d":{"X":-0.58,"Y":-0.65}},{"t":"8-1","s":"","d":{"X":0.54,"Y":-0.08}},{"t":"9-1","s":"","d":{"X":-0.47}},{"t":"X1","s":"","d":{"X":-0.817,"Y":0.189}}],"clr":{"R":254,"G":234,"B":252,"A":255}},"DK9-329-47":{"pid":"DK9-329","orb":434.92,"per":7.24,"ang":98.99,"t":"ASTEROID","sp":"ASTEROID-2","s":11.04,"m":18.71,"gd":18.4,"wic":{},"woc":{},"wgc":{},"emm":[{"Type":"1","MainRange":51,"MainValue":0.17,"FarRange":97}],"sig":[{"t":"7-2","s":"","d":{"X":0.34,"Y":0.88}},{"t":"8-1","s":"","d":{"X":0.57,"Y":-0.68}},{"t":"9-1","s":"","d":{"X":0.89,"Y":0.37}},{"t":"X1","s":"","d":{"X":0.582,"Y":0.308}}],"clr":{"R":182,"G":249,"B":197,"A":255}},"DK9-329-48":{"pid":"DK9-329","orb":409.65,"per":6.82,"ang":352.63,"t":"ASTEROID","sp":"ASTEROID-4","s":12.62,"m":27.97,"gd":21.04,"wic":{},"woc":{},"wgc":{},"emm":[{"Type":"1","MainRange":69,"MainValue":0.33,"FarRange":152}],"sig":[{"t":"7-2","s":"","d":{"X":-0.57,"Y":0.28}},{"t":"8-1","s":"","d":{"X":-0.32,"Y":0.74}},{"t":"9-1","s":"","d":{"X":-0.65,"Y":0.64}},{"t":"X1","s":"","d":{"X":-0.086,"Y":0.641}}],"clr":{"R":221,"G":248,"B":243,"A":255}},"DK9-329-49":{"pid":"DK9-329","orb":394.95,"per":6.58,"ang":199.64,"t":"ASTEROID","sp":"ASTEROID-5","s":21.89,"m":145.81,"gd":36.49,"wic":{},"woc":{},"wgc":{},"emm":[{"Type":"1","MainRange":48,"MainValue":0.14,"FarRange":92}],"sig":[{"t":"7-2","s":"","d":{"X":-0.33,"Y":-0.93}},{"t":"8-1","s":"","d":{"X":0.79,"Y":-0.57}},{"t":"9-1","s":"","d":{"X":-0.33,"Y":0.75}},{"t":"X1","s":"","d":{"X":-0.183,"Y":-0.846}}],"clr":{"R":188,"G":233,"B":248,"A":255}},"DK9-329-5":{"pid":"DK9-329","orb":379.82,"per":6.33,"ang":72.42,"t":"ASTEROID","sp":"ASTEROID-4","s":14.47,"m":42.14,"gd":24.12,"wic":{},"woc":{},"wgc":{},"emm":[{"Type":"1","MainRange":37,"MainValue":0.21,"FarRange":117}],"sig":[{"t":"7-2","s":"","d":{"X":-0.29,"Y":0.84}},{"t":"8-1","s":"","d":{"X":-0.44,"Y":0.87}},{"t":"9-1","s":"","d":{"X":0.65,"Y":-0.15}},{"t":"X1","s":"","d":{"X":0.721,"Y":0.331}}],"clr":{"R":219,"G":194,"B":243,"A":255}},"DK9-329-50":{"pid":"DK9-329","orb":407.97,"per":6.79,"ang":190.61,"t":"ASTEROID","sp":"ASTEROID-5","s":12.24,"m":25.53,"gd":20.41,"wic":{},"woc":{},"wgc":{},"emm":[{"Type":"1","MainRange":56,"MainValue":0.15,"FarRange":162}],"sig":[{"t":"7-2","s":"","d":{"X":0.81,"Y":0.07}},{"t":"8-1","s":"","d":{"X":0.33,"Y":0.33}},{"t":"9-1","s":"","d":{"X":-0.06,"Y":-0.27}},{"t":"X1","s":"","d":{"X":0.324,"Y":-0.835}}],"clr":{"R":249,"G":254,"B":249,"A":255}},"DK9-329-51":{"pid":"DK9-329","orb":431.08,"per":7.18,"ang":175.38,"t":"ASTEROID","sp":"ASTEROID-2","s":11.59,"m":21.64,"gd":19.32,"wic":{},"woc":{},"wgc":{},"emm":[{"Type":"1","MainRange":32,"MainValue":0.22,"FarRange":187}],"sig":[{"t":"7-2","s":"","d":{"X":-0.84,"Y":-0.08}},{"t":"8-1","s":"","d":{"X":0.65,"Y":0.01}},{"t":"9-1","s":"","d":{"X":0.28,"Y":-0.7}},{"t":"X1","s":"","d":{"X":-0.397,"Y":0.412}}],"clr":{"R":244,"G":240,"B":209,"A":255}},"DK9-329-52":{"pid":"DK9-329","orb":368.42,"per":6.14,"ang":290.83,"t":"ASTEROID","sp":"ASTEROID-3","s":21.85,"m":144.97,"gd":36.42,"wic":{},"woc":{},"wgc":{},"emm":[{"Type":"1","MainRange":61,"MainValue":0.07,"FarRange":139}],"sig":[{"t":"7-2","s":"","d":{"X":0.5,"Y":-0.32}},{"t":"8-1","s":"","d":{"X":-0.6,"Y":-0.72}},{"t":"9-1","s":"","d":{"X":-0.03,"Y":0.16}},{"t":"X1","s":"","d":{"X":-0.047,"Y":-0.445}}],"clr":{"R":242,"G":253,"B":233,"A":255}},"DK9-329-53":{"pid":"DK9-329","orb":430.86,"per":7.18,"ang":343.14,"t":"ASTEROID","sp":"ASTEROID-2","s":21.01,"m":128.88,"gd":35.02,"wic":{},"woc":{},"wgc":{},"emm":[{"Type":"1","MainRange":49,"MainValue":0.21,"FarRange":162}],"sig":[{"t":"7-2","s":"","d":{"X":0.07,"Y":-0.46}},{"t":"8-1","s":"","d":{"X":0.08,"Y":-0.29}},{"t":"9-1","s":"","d":{"X":-0.72,"Y":0.4}},{"t":"X1","s":"","d":{"X":0.54,"Y":0.038}}],"clr":{"R":254,"G":249,"B":253,"A":255}},"DK9-329-54":{"pid":"DK9-329","orb":421.04,"per":7.01,"ang":271.58,"t":"ASTEROID","sp":"ASTEROID-4","s":23.59,"m":182.55,"gd":39.33,"wic":{},"woc":{},"wgc":{},"emm":[{"Type":"1","MainRange":61,"MainValue":0.3,"FarRange":117}],"sig":[{"t":"7-2","s":"","d":{"X":0.56,"Y":0.42}},{"t":"8-1","s":"","d":{"X":-0.44,"Y":-0.22}},{"t":"9-1","s":"","d":{"X":-0.71,"Y":-0.61}},{"t":"X1","s":"","d":{"X":0.352,"Y":0.388}}],"clr":{"R":252,"G":193,"B":236,"A":255}},"DK9-329-55":{"pid":"DK9-329","orb":420.71,"per":7.01,"ang":178.21,"t":"ASTEROID","sp":"ASTEROID-2","s":13.18,"m":31.8,"gd":21.96,"wic":{},"woc":{},"wgc":{},"emm":[{"Type":"1","MainRange":39,"MainValue":0.19,"FarRange":153}],"sig":[{"t":"7-2","s":"","d":{"X":-0.47,"Y":-0.83}},{"t":"8-1","s":"","d":{"X":-0.8,"Y":0.48}},{"t":"9-1","s":"","d":{"X":0.54,"Y":0.75}},{"t":"X1","s":"","d":{"X":0.25,"Y":0.055}}],"clr":{"R":243,"G":220,"B":213,"A":255}},"DK9-329-56":{"pid":"DK9-329","orb":423.25,"per":7.05,"ang":295.93,"t":"ASTEROID","sp":"ASTEROID-4","s":16.15,"m":58.61,"gd":26.93,"wic":{},"woc":{},"wgc":{},"emm":[{"Type":"1","MainRange":32,"MainValue":0.22,"FarRange":230}],"sig":[{"t":"7-2","s":"","d":{"X":0.05,"Y":0.61}},{"t":"8-1","s":"","d":{"X":0.55,"Y":-0.49}},{"t":"9-1","s":"","d":{"X":-0.09,"Y":0.22}},{"t":"X1","s":"","d":{"X":0.527,"Y":0.595}}],"clr":{"R":211,"G":252,"B":201,"A":255}},"DK9-329-57":{"pid":"DK9-329","orb":388.16,"per":6.46,"ang":49.2,"t":"ASTEROID","sp":"ASTEROID-5","s":17.77,"m":77.99,"gd":29.62,"wic":{},"woc":{},"wgc":{},"emm":[{"Type":"1","MainRange":60,"MainValue":0.2,"FarRange":201},{"Type":"25","MainRange":40,"MainValue":0.18,"FarRange":133},{"Type":"3","MainRange":40,"MainValue":0.17,"FarRange":205},{"Type":"11","MainRange":58,"MainValue":0.14,"FarRange":168}],"sig":[{"t":"7-2","s":"","d":{"X":0.24,"Y":0.46}},{"t":"8-1","s":"","d":{"X":-0.63,"Y":0.29}},{"t":"9-1","s":"","d":{"X":0.74,"Y":-0.07}},{"t":"X1","s":"","d":{"X":-0.626,"Y":-0.04}},{"t":"X25","s":"","d":{"X":-0.225,"Y":0.269}},{"t":"X3","s":"","d":{"X":-0.147,"Y":0.878}},{"t":"X11","s":"","d":{"X":0.452,"Y":-0.795}}],"clr":{"R":225,"G":249,"B":250,"A":255}},"DK9-329-58":{"pid":"DK9-329","orb":375.12,"per":6.25,"ang":92.59,"t":"ASTEROID","sp":"ASTEROID-5","s":11.05,"m":18.76,"gd":18.42,"wic":{},"woc":{},"wgc":{},"emm":[{"Type":"1","MainRange":55,"MainValue":0.14,"FarRange":241}],"sig":[{"t":"7-2","s":"","d":{"X":0.17,"Y":-0.39}},{"t":"8-1","s":"","d":{"X":-0.45,"Y":-0.86}},{"t":"9-1","s":"","d":{"X":-0.81,"Y":0.03}},{"t":"X1","s":"","d":{"X":0.734,"Y":0.111}}],"clr":{"R":216,"G":254,"B":243,"A":255}},"DK9-329-59":{"pid":"DK9-329","orb":424.52,"per":7.07,"ang":285.47,"t":"ASTEROID","sp":"ASTEROID-3","s":23.57,"m":181.86,"gd":39.28,"wic":{},"woc":{},"wgc":{},"emm":[{"Type":"1","MainRange":58,"MainValue":0.17,"FarRange":186}],"sig":[{"t":"7-2","s":"","d":{"X":0.37,"Y":-0.42}},{"t":"8-1","s":"","d":{"X":-0.35,"Y":0.93}},{"t":"9-1","s":"","d":{"X":-0.54,"Y":-0.81}},{"t":"X1","s":"","d":{"X":-0.115,"Y":-0.836}}],"clr":{"R":236,"G":216,"B":252,"A":255}},"DK9-329-6":{"pid":"DK9-329","orb":404.17,"per":6.73,"ang":322.97,"t":"ASTEROID","sp":"ASTEROID-1","s":17.37,"m":72.84,"gd":28.95,"wic":{},"woc":{},"wgc":{},"emm":[{"Type":"1","MainRange":76,"MainValue":0.12,"FarRange":132}],"sig":[{"t":"7-2","s":"","d":{"X":0.55,"Y":-0.18}},{"t":"8-1","s":"","d":{"X":0.13,"Y":0.64}},{"t":"9-1","s":"","d":{"X":-0.19,"Y":-0.67}},{"t":"X1","s":"","d":{"X":-0.046,"Y":0.885}}],"clr":{"R":240,"G":250,"B":242,"A":255}},"DK9-329-60":{"pid":"DK9-329","orb":462.44,"per":7.7,"ang":167.49,"t":"ASTEROID","sp":"ASTEROID-5","s":21.42,"m":136.56,"gd":35.7,"wic":{},"woc":{},"wgc":{},"emm":[{"Type":"1","MainRange":74,"MainValue":0.13,"FarRange":209}],"sig":[{"t":"7-2","s":"","d":{"X":-0.85,"Y":0.19}},{"t":"8-1","s":"","d":{"X":-0.36,"Y":0.89}},{"t":"9-1","s":"","d":{"X":-0.27,"Y":0.47}},{"t":"X1","s":"","d":{"X":-0.133,"Y":-0.558}}],"clr":{"R":166,"G":235,"B":247,"A":255}},"DK9-329-61":{"pid":"DK9-329","orb":410.33,"per":6.83,"ang":307.83,"t":"ASTEROID","sp":"ASTEROID-3","s":14.75,"m":44.65,"gd":24.59,"wic":{},"woc":{},"wgc":{},"emm":[{"Type":"1","MainRange":84,"MainValue":0.23,"FarRange":200}],"sig":[{"t":"7-2","s":"","d":{"X":0.76,"Y":-0.43}},{"t":"8-1","s":"","d":{"X":-0.06,"Y":0.21}},{"t":"9-1","s":"","d":{"X":0.39,"Y":-0.36}},{"t":"X1","s":"","d":{"X":0.035,"Y":-0.666}}],"clr":{"R":220,"G":185,"B":232,"A":255}},"DK9-329-62":{"pid":"DK9-329","orb":396.81,"per":6.61,"ang":156.99,"t":"ASTEROID","sp":"ASTEROID-1","s":26.95,"m":271.99,"gd":44.92,"wic":{},"woc":{},"wgc":{},"emm":[{"Type":"1","MainRange":48,"MainValue":0.14,"FarRange":141}],"sig":[{"t":"7-2","s":"","d":{"X":0.31,"Y":0.85}},{"t":"8-1","s":"","d":{"X":-0.2,"Y":-0.08}},{"t":"9-1","s":"","d":{"X":-0.41,"Y":-0.61}},{"t":"X1","s":"","d":{"X":-0.057,"Y":-0.291}}],"clr":{"R":250,"G":254,"B":252,"A":255}},"DK9-329-63":{"pid":"DK9-329","orb":386.3,"per":6.43,"ang":158.79,"t":"ASTEROID","sp":"ASTEROID-3","s":21.45,"m":137.25,"gd":35.76,"wic":{},"woc":{},"wgc":{},"emm":[{"Type":"1","MainRange":56,"MainValue":0.27,"FarRange":69}],"sig":[{"t":"7-2","s":"","d":{"X":-0.33,"Y":0.36}},{"t":"8-1","s":"","d":{"X":-0.08,"Y":0.28}},{"t":"9-1","s":"","d":{"X":0.27,"Y":-0.13}},{"t":"X1","s":"","d":{"X":0.166,"Y":-0.149}}],"clr":{"R":243,"G":218,"B":210,"A":255}},"DK9-329-64":{"pid":"DK9-329","orb":392.28,"per":6.53,"ang":197.68,"t":"ASTEROID","sp":"ASTEROID-4","s":31.63,"m":439.66,"gd":52.72,"wic":{},"woc":{},"wgc":{},"emm":[{"Type":"1","MainRange":49,"MainValue":0.22,"FarRange":135}],"sig":[{"t":"7-2","s":"","d":{"X":0.19,"Y":-0.13}},{"t":"8-1","s":"","d":{"X":0.64,"Y":-0.47}},{"t":"9-1","s":"","d":{"X":-0.49,"Y":-0.6}},{"t":"X1","s":"","d":{"X":-0.151,"Y":-0.374}}],"clr":{"R":204,"G":253,"B":251,"A":255}},"DK9-329-65":{"pid":"DK9-329","orb":419.07,"per":6.98,"ang":103.19,"t":"ASTEROID","sp":"ASTEROID-1","s":17.74,"m":77.59,"gd":29.57,"wic":{},"woc":{},"wgc":{},"emm":[{"Type":"1","MainRange":47,"MainValue":0.19,"FarRange":140}],"sig":[{"t":"7-2","s":"","d":{"X":-0.11,"Y":-0.67}},{"t":"8-1","s":"","d":{"Y":0.22}},{"t":"9-1","s":"","d":{"X":-0.18,"Y":-0.24}},{"t":"X1","s":"","d":{"X":0.084,"Y":-0.017}}],"clr":{"R":209,"G":244,"B":220,"A":255}},"DK9-329-66":{"pid":"DK9-329","orb":394.05,"per":6.56,"ang":194.93,"t":"ASTEROID","sp":"ASTEROID-1","s":20.55,"m":120.53,"gd":34.25,"wic":{},"woc":{},"wgc":{},"emm":[{"Type":"1","MainRange":43,"MainValue":0.22,"FarRange":148}],"sig":[{"t":"7-2","s":"","d":{"X":0.91,"Y":0.39}},{"t":"8-1","s":"","d":{"X":0.88,"Y":0.38}},{"t":"9-1","s":"","d":{"X":0.86,"Y":-0.18}},{"t":"X1","s":"","d":{"X":-0.121,"Y":-0.755}}],"clr":{"R":207,"G":196,"B":245,"A":255}},"DK9-329-67":{"pid":"DK9-329","orb":459.08,"per":7.65,"ang":276.3,"t":"ASTEROID","sp":"ASTEROID-5","s":23.74,"m":186.03,"gd":39.58,"wic":{},"woc":{},"wgc":{},"emm":[{"Type":"1","MainRange":57,"MainValue":0.26,"FarRange":149}],"sig":[{"t":"7-2","s":"","d":{"X":0.21,"Y":-0.79}},{"t":"8-1","s":"","d":{"X":0.11,"Y":-0.68}},{"t":"9-1","s":"","d":{"X":0.86,"Y":-0.25}},{"t":"X1","s":"","d":{"X":-0.169,"Y":0.785}}],"clr":{"R":232,"G":230,"B":248,"A":255}},"DK9-329-68":{"pid":"DK9-329","orb":405.15,"per":6.75,"ang":195.78,"t":"ASTEROID","sp":"ASTEROID-5","s":14.25,"m":40.21,"gd":23.75,"wic":{},"woc":{},"wgc":{},"emm":[{"Type":"1","MainRange":32,"MainValue":0.2,"FarRange":177},{"Type":"17","MainRange":54,"MainValue":0.28,"FarRange":168},{"Type":"12","MainRange":77,"MainValue":0.1,"FarRange":106}],"sig":[{"t":"7-2","s":"","d":{"X":-0.52,"Y":-0.7}},{"t":"8-1","s":"","d":{"X":-0.79,"Y":-0.1}},{"t":"9-1","s":"","d":{"X":0.2,"Y":-0.8}},{"t":"X1","s":"","d":{"X":0.967,"Y":-0.181}},{"t":"X17","s":"","d":{"X":0.13,"Y":-0.119}},{"t":"X12","s":"","d":{"X":0.21,"Y":-0.438}}],"clr":{"R":235,"G":193,"B":224,"A":255}},"DK9-329-69":{"pid":"DK9-329","orb":418.29,"per":6.97,"ang":242.09,"t":"ASTEROID","sp":"ASTEROID-5","s":27.43,"m":286.91,"gd":45.73,"wic":{},"woc":{},"wgc":{},"emm":[{"Type":"1","MainRange":75,"MainValue":0.22,"FarRange":132}],"sig":[{"t":"7-2","s":"","d":{"X":0.79,"Y":0.48}},{"t":"8-1","s":"","d":{"X":0.16,"Y":0.4}},{"t":"9-1","s":"","d":{"X":-0.4,"Y":-0.34}},{"t":"X1","s":"","d":{"X":0.02,"Y":-0.647}}],"clr":{"R":173,"G":186,"B":247,"A":255}},"DK9-329-7":{"pid":"DK9-329","orb":405.89,"per":6.76,"ang":258.02,"t":"ASTEROID","sp":"ASTEROID-4","s":16.38,"m":61.07,"gd":27.3,"wic":{},"woc":{},"wgc":{},"emm":[{"Type":"1","MainRange":56,"MainValue":0.2,"FarRange":184}],"sig":[{"t":"7-2","s":"","d":{"X":-0.29,"Y":-0.45}},{"t":"8-1","s":"","d":{"X":-0.6,"Y":0.39}},{"t":"9-1","s":"","d":{"X":-0.77,"Y":-0.49}},{"t":"X1","s":"","d":{"X":-0.868,"Y":0.227}}],"clr":{"R":220,"G":195,"B":237,"A":255}},"DK9-329-70":{"pid":"DK9-329","orb":442.9,"per":7.38,"ang":126.57,"t":"ASTEROID","sp":"ASTEROID-4","s":16.01,"m":57.07,"gd":26.69,"wic":{},"woc":{},"wgc":{},"emm":[{"Type":"1","MainRange":58,"MainValue":0.17,"FarRange":218},{"Type":"14","MainRange":45,"MainValue":0.23,"FarRange":157},{"Type":"5","MainRange":57,"MainValue":0.3,"FarRange":130},{"Type":"6","MainRange":58,"MainValue":0.07,"FarRange":72},{"Type":"20","MainRange":55,"MainValue":0.3,"FarRange":167}],"sig":[{"t":"7-2","s":"","d":{"X":-0.13,"Y":-0.98}},{"t":"8-1","s":"","d":{"X":-0.9,"Y":-0.1}},{"t":"9-1","s":"","d":{"X":-0.74,"Y":-0.67}},{"t":"X1","s":"","d":{"X":-0.142,"Y":-0.961}},{"t":"X14","s":"","d":{"X":0.579,"Y":0.606}},{"t":"X5","s":"","d":{"X":0.515,"Y":0.71}},{"t":"X6","s":"","d":{"X":-0.727,"Y":-0.236}},{"t":"X20","s":"","d":{"X":0.672,"Y":-0.113}}],"clr":{"R":224,"G":233,"B":176,"A":255}},"DK9-329-71":{"pid":"DK9-329","orb":461.93,"per":7.69,"ang":4.75,"t":"ASTEROID","sp":"ASTEROID-4","s":20.77,"m":124.54,"gd":34.62,"wic":{},"woc":{},"wgc":{},"emm":[{"Type":"1","MainRange":78,"MainValue":0.34,"FarRange":229}],"sig":[{"t":"7-2","s":"","d":{"X":0.7,"Y":0.48}},{"t":"8-1","s":"","d":{"X":-0.13,"Y":-0.52}},{"t":"9-1","s":"","d":{"X":0.09,"Y":0.48}},{"t":"X1","s":"","d":{"X":0.471,"Y":-0.288}}],"clr":{"R":201,"G":246,"B":246,"A":255}},"DK9-329-72":{"pid":"DK9-329","orb":373.24,"per":6.22,"ang":245.01,"t":"ASTEROID","sp":"ASTEROID-5","s":27.31,"m":283.03,"gd":45.52,"wic":{},"woc":{},"wgc":{},"emm":[{"Type":"1","MainRange":51,"MainValue":0.2,"FarRange":158}],"sig":[{"t":"7-2","s":"","d":{"X":0.4,"Y":0.28}},{"t":"8-1","s":"","d":{"X":0.41,"Y":0.83}},{"t":"9-1","s":"","d":{"X":-0.26,"Y":-0.85}},{"t":"X1","s":"","d":{"X":-0.032,"Y":0.864}}],"clr":{"R":243,"G":235,"B":211,"A":255}},"DK9-329-73":{"pid":"DK9-329","orb":378.88,"per":6.31,"ang":174.22,"t":"ASTEROID","sp":"ASTEROID-2","s":28.8,"m":332.06,"gd":48.01,"wic":{},"woc":{},"wgc":{},"emm":[{"Type":"1","MainRange":72,"MainValue":0.1,"FarRange":191},{"Type":"24","MainRange":43,"MainValue":0.17,"FarRange":78},{"Type":"2","MainRange":48,"MainValue":0.23,"FarRange":154},{"Type":"3","MainRange":43,"MainValue":0.28,"FarRange":141}],"sig":[{"t":"7-2","s":"","d":{"X":-0.64,"Y":-0.45}},{"t":"8-1","s":"","d":{"X":0.2,"Y":-0.5}},{"t":"9-1","s":"","d":{"X":0.54,"Y":-0.66}},{"t":"X1","s":"","d":{"X":-0.481,"Y":-0.821}},{"t":"X24","s":"","d":{"X":-0.402,"Y":0.161}},{"t":"X2","s":"","d":{"X":-0.859,"Y":-0.45}},{"t":"X3","s":"","d":{"X":0.059,"Y":-0.295}}],"clr":{"R":248,"G":230,"B":204,"A":255}},"DK9-329-74":{"pid":"DK9-329","orb":366.51,"per":6.1,"ang":116.82,"t":"ASTEROID","sp":"ASTEROID-5","s":15.43,"m":51.03,"gd":25.71,"wic":{},"woc":{},"wgc":{},"emm":[{"Type":"1","MainRange":42,"MainValue":0.07,"FarRange":163}],"sig":[{"t":"7-2","s":"","d":{"X":0.32,"Y":-0.49}},{"t":"8-1","s":"","d":{"X":-0.82,"Y":-0.31}},{"t":"9-1","s":"","d":{"X":-0.54,"Y":0.18}},{"t":"X1","s":"","d":{"X":0.583,"Y":-0.104}}],"clr":{"R":213,"G":232,"B":247,"A":255}},"DK9-329-75":{"pid":"DK9-329","orb":390.19,"per":6.5,"ang":118.85,"t":"ASTEROID","sp":"ASTEROID-4","s":7.98,"m":7.07,"gd":13.3,"wic":{},"woc":{},"wgc":{},"emm":[{"Type":"1","MainRange":59,"MainValue":0.22,"FarRange":270}],"sig":[{"t":"7-2","s":"","d":{"X":0.43,"Y":-0.64}},{"t":"8-1","s":"","d":{"X":-0.28,"Y":-0.21}},{"t":"9-1","s":"","d":{"X":-0.69,"Y":-0.16}},{"t":"X1","s":"","d":{"X":-0.316,"Y":0.697}}],"clr":{"R":176,"G":243,"B":224,"A":255}},"DK9-329-76":{"pid":"DK9-329","orb":378.81,"per":6.31,"ang":25.2,"t":"ASTEROID","sp":"ASTEROID-2","s":19.57,"m":104.21,"gd":32.62,"wic":{},"woc":{},"wgc":{},"emm":[{"Type":"1","MainRange":67,"MainValue":0.2,"FarRange":140}],"sig":[{"t":"7-2","s":"","d":{"X":-0.41,"Y":-0.6}},{"t":"8-1","s":"","d":{"X":-0.33,"Y":-0.56}},{"t":"9-1","s":"","d":{"X":0.68,"Y":0.15}},{"t":"X1","s":"","d":{"X":-0.527,"Y":-0.774}}],"clr":{"R":202,"G":219,"B":243,"A":255}},"DK9-329-77":{"pid":"DK9-329","orb":370.06,"per":6.16,"ang":164.97,"t":"ASTEROID","sp":"ASTEROID-4","s":17.73,"m":77.45,"gd":29.55,"wic":{},"woc":{},"wgc":{},"emm":[{"Type":"1","MainRange":22.5,"MainValue":0.23,"FarRange":25}],"sig":[{"t":"7-2","s":"","d":{"X":-0.46,"Y":-0.26}},{"t":"8-1","s":"","d":{"X":0.3,"Y":-0.82}},{"t":"9-1","s":"","d":{"X":0.25,"Y":0.32}},{"t":"X1","s":"","d":{"X":-0.343,"Y":0.5}}],"clr":{"R":250,"G":230,"B":244,"A":255}},"DK9-329-78":{"pid":"DK9-329","orb":375.5,"per":6.25,"ang":333.68,"t":"ASTEROID","sp":"ASTEROID-1","s":19.57,"m":104.17,"gd":32.62,"wic":{},"woc":{},"wgc":{},"emm":[{"Type":"1","MainRange":27,"MainValue":0.26,"FarRange":114}],"sig":[{"t":"7-2","s":"","d":{"X":-0.44,"Y":0.45}},{"t":"8-1","s":"","d":{"X":0.09,"Y":-0.35}},{"t":"9-1","s":"","d":{"X":-0.25,"Y":-0.34}},{"t":"X1","s":"","d":{"X":0.555,"Y":0.619}}],"clr":{"R":245,"G":250,"B":205,"A":255}},"DK9-329-79":{"pid":"DK9-329","orb":402.82,"per":6.71,"ang":198.42,"t":"ASTEROID","sp":"ASTEROID-3","s":21.68,"m":141.54,"gd":36.13,"wic":{},"woc":{},"wgc":{},"emm":[{"Type":"1","MainRange":74,"MainValue":0.21,"FarRange":160}],"sig":[{"t":"7-2","s":"","d":{"X":0.29,"Y":0.26}},{"t":"8-1","s":"","d":{"X":-0.09,"Y":0.31}},{"t":"9-1","s":"","d":{"X":0.72,"Y":0.16}},{"t":"X1","s":"","d":{"X":0.256,"Y":-0.311}}],"clr":{"R":201,"G":163,"B":252,"A":255}},"DK9-329-8":{"pid":"DK9-329","orb":405.43,"per":6.75,"ang":45.17,"t":"ASTEROID","sp":"ASTEROID-1","s":23.5,"m":180.26,"gd":39.16,"wic":{},"woc":{},"wgc":{},"emm":[{"Type":"1","MainRange":60,"MainValue":0.22,"FarRange":117}],"sig":[{"t":"7-2","s":"","d":{"X":-0.61,"Y":0.55}},{"t":"8-1","s":"","d":{"X":-0.37,"Y":0.29}},{"t":"9-1","s":"","d":{"X":-0.48,"Y":0.1}},{"t":"X1","s":"","d":{"X":0.616,"Y":0.029}}],"clr":{"R":249,"G":253,"B":246,"A":255}},"DK9-329-80":{"pid":"DK9-329","orb":460.71,"per":7.67,"ang":107.24,"t":"ASTEROID","sp":"ASTEROID-5","s":15.76,"m":54.38,"gd":26.26,"wic":{},"woc":{},"wgc":{},"emm":[{"Type":"1","MainRange":87,"MainValue":0.35,"FarRange":151}],"sig":[{"t":"7-2","s":"","d":{"X":-0.34,"Y":-0.11}},{"t":"8-1","s":"","d":{"X":-0.15,"Y":0.72}},{"t":"9-1","s":"","d":{"X":-0.61,"Y":-0.37}},{"t":"X1","s":"","d":{"X":-0.254,"Y":-0.723}}],"clr":{"R":204,"G":207,"B":247,"A":255}},"DK9-329-81":{"pid":"DK9-329","orb":487.21,"per":8.12,"ang":183.21,"t":"ASTEROID","sp":"ASTEROID-1","s":17.71,"m":77.24,"gd":29.52,"wic":{},"woc":{},"wgc":{},"emm":[{"Type":"1","MainRange":67,"MainValue":0.14,"FarRange":153}],"sig":[{"t":"7-2","s":"","d":{"X":0.2,"Y":0.51}},{"t":"8-1","s":"","d":{"X":0.72,"Y":-0.2}},{"t":"9-1","s":"","d":{"X":-0.96,"Y":0.12}},{"t":"X1","s":"","d":{"X":0.001,"Y":0.023}}],"clr":{"R":184,"G":252,"B":206,"A":255}},"DK9-329-82":{"pid":"DK9-329","orb":373.68,"per":6.22,"ang":320.16,"t":"ASTEROID","sp":"ASTEROID-2","s":22.25,"m":153.01,"gd":37.08,"wic":{},"woc":{},"wgc":{},"emm":[{"Type":"1","MainRange":42,"MainValue":0.16,"FarRange":120}],"sig":[{"t":"7-2","s":"","d":{"X":-0.6,"Y":0.54}},{"t":"8-1","s":"","d":{"X":0.42,"Y":-0.46}},{"t":"9-1","s":"","d":{"X":-0.04,"Y":-0.73}},{"t":"X1","s":"","d":{"X":-0.723,"Y":-0.276}}],"clr":{"R":254,"G":254,"B":254,"A":255}},"DK9-329-83":{"pid":"DK9-329","orb":372.88,"per":6.21,"ang":87.02,"t":"ASTEROID","sp":"ASTEROID-4","s":24,"m":192.21,"gd":40.01,"wic":{},"woc":{},"wgc":{},"emm":[{"Type":"1","MainRange":49,"MainValue":0.18,"FarRange":159}],"sig":[{"t":"7-2","s":"","d":{"X":-0.59,"Y":-0.58}},{"t":"8-1","s":"","d":{"X":-0.47,"Y":0.6}},{"t":"9-1","s":"","d":{"X":0.31,"Y":0.1}},{"t":"X1","s":"","d":{"X":-0.646,"Y":-0.483}}],"clr":{"R":241,"G":171,"B":212,"A":255}},"DK9-329-84":{"pid":"DK9-329","orb":390.2,"per":6.5,"ang":295.02,"t":"ASTEROID","sp":"ASTEROID-5","s":29.5,"m":356.91,"gd":49.18,"wic":{},"woc":{},"wgc":{},"emm":[{"Type":"1","MainRange":50,"MainValue":0.03,"FarRange":148}],"sig":[{"t":"7-2","s":"","d":{"X":-0.37,"Y":0.15}},{"t":"8-1","s":"","d":{"X":-0.5,"Y":-0.42}},{"t":"9-1","s":"","d":{"X":-0.81,"Y":-0.4}},{"t":"X1","s":"","d":{"X":-0.558,"Y":-0.576}}],"clr":{"R":188,"G":253,"B":195,"A":255}},"DK9-329-85":{"pid":"DK9-329","orb":368.18,"per":6.13,"ang":297.83,"t":"ASTEROID","sp":"ASTEROID-4","s":25.47,"m":229.7,"gd":42.46,"wic":{},"woc":{},"wgc":{},"emm":[{"Type":"1","MainRange":44,"MainValue":0.17,"FarRange":191}],"sig":[{"t":"7-2","s":"","d":{"X":0.5,"Y":0.09}},{"t":"8-1","s":"","d":{"X":0.02,"Y":0.88}},{"t":"9-1","s":"","d":{"X":-0.79,"Y":-0.38}},{"t":"X1","s":"","d":{"X":-0.388,"Y":0.351}}],"clr":{"R":250,"G":254,"B":254,"A":255}},"DK9-329-86":{"pid":"DK9-329","orb":345.96,"per":5.76,"ang":291.75,"t":"ASTEROID","sp":"ASTEROID-1","s":22.03,"m":148.65,"gd":36.72,"wic":{},"woc":{},"wgc":{},"emm":[{"Type":"1","MainRange":38,"MainValue":0.12,"FarRange":138}],"sig":[{"t":"7-2","s":"","d":{"X":0.56,"Y":0.01}},{"t":"8-1","s":"","d":{"X":0.38,"Y":0.19}},{"t":"9-1","s":"","d":{"X":-0.27,"Y":0.51}},{"t":"X1","s":"","d":{"X":-0.184,"Y":-0.351}}],"clr":{"R":217,"G":248,"B":238,"A":255}},"DK9-329-87":{"pid":"DK9-329","orb":354.28,"per":5.9,"ang":4.71,"t":"ASTEROID","sp":"ASTEROID-3","s":23.47,"m":179.69,"gd":39.12,"wic":{},"woc":{},"wgc":{},"emm":[{"Type":"1","MainRange":47,"MainValue":0.12,"FarRange":149},{"Type":"12","MainRange":32,"MainValue":0.34,"FarRange":169}],"sig":[{"t":"7-2","s":"","d":{"X":0.06,"Y":-0.84}},{"t":"8-1","s":"","d":{"X":-0.91,"Y":0.4}},{"t":"9-1","s":"","d":{"X":0.91,"Y":0.32}},{"t":"X1","s":"","d":{"X":-0.252,"Y":-0.831}},{"t":"X12","s":"","d":{"X":0.296,"Y":0.648}}],"clr":{"R":219,"G":225,"B":251,"A":255}},"DK9-329-88":{"pid":"DK9-329","orb":413.71,"per":6.89,"ang":199.3,"t":"ASTEROID","sp":"ASTEROID-2","s":20.58,"m":121.14,"gd":34.3,"wic":{},"woc":{},"wgc":{},"emm":[{"Type":"1","MainRange":59,"MainValue":0.2,"FarRange":126}],"sig":[{"t":"7-2","s":"","d":{"X":0.69,"Y":-0.44}},{"t":"8-1","s":"","d":{"X":0.34,"Y":0.62}},{"t":"9-1","s":"","d":{"X":0.17,"Y":0.54}},{"t":"X1","s":"","d":{"X":0.736,"Y":-0.42}}],"clr":{"R":251,"G":164,"B":191,"A":255}},"DK9-329-89":{"pid":"DK9-329","orb":339.97,"per":5.66,"ang":125.57,"t":"ASTEROID","sp":"ASTEROID-3","s":21.62,"m":140.52,"gd":36.04,"wic":{},"woc":{},"wgc":{},"emm":[{"Type":"1","MainRange":28,"MainValue":0.21,"FarRange":263}],"sig":[{"t":"7-2","s":"","d":{"X":0.22,"Y":0.84}},{"t":"8-1","s":"","d":{"X":-0.35,"Y":0.7}},{"t":"9-1","s":"","d":{"X":-0.41,"Y":0.31}},{"t":"X1","s":"","d":{"X":0.333,"Y":0.427}}],"clr":{"R":224,"G":247,"B":236,"A":255}},"DK9-329-9":{"pid":"DK9-329","orb":451.58,"per":7.52,"ang":319.47,"t":"ASTEROID","sp":"ASTEROID-3","s":27.43,"m":286.75,"gd":45.72,"wic":{},"woc":{},"wgc":{},"emm":[{"Type":"1","MainRange":90,"MainValue":0.24,"FarRange":170}],"sig":[{"t":"7-2","s":"","d":{"X":-0.39,"Y":-0.8}},{"t":"8-1","s":"","d":{"X":-0.72,"Y":0.03}},{"t":"9-1","s":"","d":{"X":0.57,"Y":-0.37}},{"t":"X1","s":"","d":{"X":0.043,"Y":0.89}}],"clr":{"R":196,"G":240,"B":215,"A":255}},"DK9-329-90":{"pid":"DK9-329","orb":387.93,"per":6.46,"ang":240.39,"t":"ASTEROID","sp":"ASTEROID-3","s":22.07,"m":149.47,"gd":36.79,"wic":{},"woc":{},"wgc":{},"emm":[{"Type":"1","MainRange":49,"MainValue":0.28,"FarRange":177}],"sig":[{"t":"7-2","s":"","d":{"X":0.3,"Y":0.56}},{"t":"8-1","s":"","d":{"X":-0.27,"Y":0.57}},{"t":"9-1","s":"","d":{"X":-0.55,"Y":0.21}},{"t":"X1","s":"","d":{"X":-0.475,"Y":0.471}}],"clr":{"R":192,"G":248,"B":161,"A":255}},"DK9-329-91":{"pid":"DK9-329","orb":329.67,"per":5.49,"ang":49.67,"t":"ASTEROID","sp":"ASTEROID-4","s":26.66,"m":263.22,"gd":44.43,"wic":{},"woc":{},"wgc":{},"emm":[{"Type":"1","MainRange":68,"MainValue":0.24,"FarRange":103}],"sig":[{"t":"7-2","s":"","d":{"X":0.72,"Y":0.28}},{"t":"8-1","s":"","d":{"X":-0.72,"Y":0.32}},{"t":"9-1","s":"","d":{"X":-0.08,"Y":0.14}},{"t":"X1","s":"","d":{"X":-0.831,"Y":-0.231}}],"clr":{"R":238,"G":235,"B":191,"A":255}},"DK9-329-92":{"pid":"DK9-329","orb":436.35,"per":7.27,"ang":109.95,"t":"ASTEROID","sp":"ASTEROID-2","s":22.64,"m":161.29,"gd":37.74,"wic":{},"woc":{},"wgc":{},"emm":[{"Type":"1","MainRange":47,"MainValue":0.14,"FarRange":111}],"sig":[{"t":"7-2","s":"","d":{"X":0.3,"Y":0.26}},{"t":"8-1","s":"","d":{"X":0.78,"Y":-0.46}},{"t":"9-1","s":"","d":{"X":0.66,"Y":0.37}},{"t":"X1","s":"","d":{"X":-0.459,"Y":0.699}}],"clr":{"R":246,"G":246,"B":254,"A":255}},"DK9-329-93":{"pid":"DK9-329","orb":428.7,"per":7.14,"ang":48.2,"t":"ASTEROID","sp":"ASTEROID-3","s":23.04,"m":170.06,"gd":38.41,"wic":{},"woc":{},"wgc":{},"emm":[{"Type":"1","MainRange":59,"MainValue":0.08,"FarRange":119},{"Type":"14","MainRange":49,"MainValue":0.18,"FarRange":145},{"Type":"19","MainRange":48,"MainValue":0.23,"FarRange":152}],"sig":[{"t":"7-2","s":"","d":{"X":-0.88,"Y":0.31}},{"t":"8-1","s":"","d":{"X":0.14,"Y":-0.66}},{"t":"9-1","s":"","d":{"X":-0.91,"Y":0.34}},{"t":"X1","s":"","d":{"X":-0.318,"Y":-0.427}},{"t":"X14","s":"","d":{"X":-0.345,"Y":0.146}},{"t":"X19","s":"","d":{"X":0.244,"Y":0.279}}],"clr":{"R":209,"G":179,"B":250,"A":255}},"DK9-329-94":{"pid":"DK9-329","orb":354.65,"per":5.91,"ang":349.4,"t":"ASTEROID","sp":"ASTEROID-4","s":22.19,"m":151.76,"gd":36.98,"wic":{},"woc":{},"wgc":{},"emm":[{"Type":"1","MainRange":53,"MainValue":0.22,"FarRange":160},{"Type":"2","MainRange":32,"MainValue":0.16,"FarRange":198}],"sig":[{"t":"7-2","s":"","d":{"X":-0.11,"Y":0.68}},{"t":"8-1","s":"","d":{"X":0.75,"Y":-0.11}},{"t":"9-1","s":"","d":{"X":0.62,"Y":-0.68}},{"t":"X1","s":"","d":{"X":-0.443,"Y":0.287}},{"t":"X2","s":"","d":{"X":0.497,"Y":-0.615}}],"clr":{"R":240,"G":240,"B":202,"A":255}},"DK9-329-95":{"pid":"DK9-329","orb":379.57,"per":6.32,"ang":166.45,"t":"ASTEROID","sp":"ASTEROID-1","s":18.45,"m":87.27,"gd":30.75,"wic":{},"woc":{},"wgc":{},"emm":[{"Type":"1","MainRange":53,"MainValue":0.22,"FarRange":131}],"sig":[{"t":"7-2","s":"","d":{"X":0.07,"Y":0.76}},{"t":"8-1","s":"","d":{"X":-0.89,"Y":0.43}},{"t":"9-1","s":"","d":{"X":-0.03,"Y":-0.83}},{"t":"X1","s":"","d":{"X":-0.778,"Y":-0.123}}],"clr":{"R":213,"G":217,"B":249,"A":255}},"DK9-329-96":{"pid":"DK9-329","orb":415.7,"per":6.92,"ang":267.64,"t":"ASTEROID","sp":"ASTEROID-1","s":20.09,"m":112.62,"gd":33.48,"wic":{},"woc":{},"wgc":{},"emm":[{"Type":"1","MainRange":51,"MainValue":0.27,"FarRange":87}],"sig":[{"t":"7-2","s":"","d":{"X":0.29,"Y":0.48}},{"t":"8-1","s":"","d":{"X":-0.17,"Y":0.33}},{"t":"9-1","s":"","d":{"X":0.02,"Y":0.95}},{"t":"X1","s":"","d":{"X":-0.028,"Y":0.806}}],"clr":{"R":253,"G":254,"B":250,"A":255}},"DK9-329-97":{"pid":"DK9-329","orb":344.48,"per":5.74,"ang":11.36,"t":"ASTEROID","sp":"ASTEROID-4","s":21.71,"m":142.18,"gd":36.18,"wic":{},"woc":{},"wgc":{},"emm":[{"Type":"1","MainRange":39,"MainValue":0.16,"FarRange":160}],"sig":[{"t":"7-2","s":"","d":{"X":0.65,"Y":-0.2}},{"t":"8-1","s":"","d":{"X":0.07,"Y":0.12}},{"t":"9-1","s":"","d":{"X":-0.39,"Y":0.67}},{"t":"X1","s":"","d":{"X":0.38,"Y":-0.895}}],"clr":{"R":188,"G":201,"B":245,"A":255}},"DK9-329-98":{"pid":"DK9-329","orb":411.04,"per":6.85,"ang":17.09,"t":"ASTEROID","sp":"ASTEROID-5","s":14.15,"m":39.42,"gd":23.59,"wic":{},"woc":{},"wgc":{},"emm":[{"Type":"1","MainRange":73,"MainValue":0.34,"FarRange":189}],"sig":[{"t":"7-2","s":"","d":{"X":0.21,"Y":-0.96}},{"t":"8-1","s":"","d":{"X":-0.71,"Y":-0.03}},{"t":"9-1","s":"","d":{"X":-0.58,"Y":-0.24}},{"t":"X1","s":"","d":{"X":0.208,"Y":0.85}}],"clr":{"R":192,"G":174,"B":235,"A":255}},"DK9-329-99":{"pid":"DK9-329","orb":428.44,"per":7.14,"ang":215.2,"t":"ASTEROID","sp":"ASTEROID-2","s":16.93,"m":67.42,"gd":28.22,"wic":{},"woc":{},"wgc":{},"emm":[{"Type":"1","MainRange":63,"MainValue":0.24,"FarRange":215}],"sig":[{"t":"7-2","s":"","d":{"X":0.26,"Y":-0.92}},{"t":"8-1","s":"","d":{"X":-0.37,"Y":-0.41}},{"t":"9-1","s":"","d":{"X":-0.18,"Y":0.79}},{"t":"X1","s":"","d":{"X":-0.866,"Y":-0.375}}],"clr":{"R":205,"G":247,"B":178,"A":255}},"DK9-728":{"pid":"DK9-S","orb":1043.36,"per":17.38,"t":"GASPLANET","sp":"GASPLANET-29","s":264.73,"m":180383.42,"gd":441.22,"wic":{},"woc":{},"wgc":{},"emm":[{"Type":"19","MainRange":482,"MainValue":1.12,"FarRange":1493}],"sig":[{"t":"0-2","s":"","d":{"X":-0.39,"Y":-0.58}},{"t":"1-3","s":"","d":{"X":-0.5,"Y":0.68}},{"t":"3-1","s":"","d":{"X":-0.53,"Y":0.48}},{"t":"6-2","s":"","d":{"X":-0.14,"Y":-0.27}},{"t":"10-1","s":"","d":{"X":0.65,"Y":-0.07}},{"t":"11-1","s":"","d":{"X":-0.07,"Y":-0.95}},{"t":"X19","s":"","d":{"X":0.27,"Y":0.418}}],"clr":{"R":248,"G":220,"B":213,"A":255}},"DK9-728-0":{"pid":"DK9-728","orb":240.93,"per":4.01,"ang":337.16,"t":"ASTEROID","sp":"ASTEROID-4","s":11.85,"m":23.15,"gd":19.76,"wic":{},"woc":{},"wgc":{},"emm":[{"Type":"1","MainRange":26,"MainValue":0.27,"FarRange":107}],"sig":[{"t":"7-4","s":"","d":{"X":-0.59,"Y":-0.66}},{"t":"8-1","s":"","d":{"X":-0.24,"Y":0.15}},{"t":"9-1","s":"","d":{"X":0.58,"Y":0.5}},{"t":"X1","s":"","d":{"X":0.528,"Y":-0.278}}],"clr":{"R":244,"G":248,"B":251,"A":255}},"DK9-728-1":{"pid":"DK9-728","orb":195.95,"per":3.26,"ang":196.21,"t":"ASTEROID","sp":"ASTEROID-4","s":22.54,"m":159.25,"gd":37.58,"wic":{},"woc":{},"wgc":{},"emm":[{"Type":"1","MainRange":71,"MainValue":0.16,"FarRange":158}],"sig":[{"t":"7-4","s":"","d":{"X":0.09,"Y":0.96}},{"t":"8-1","s":"","d":{"X":0.48,"Y":0.19}},{"t":"9-1","s":"","d":{"X":-0.28,"Y":-0.64}},{"t":"X1","s":"","d":{"X":0.246,"Y":0.538}}],"clr":{"R":181,"G":202,"B":245,"A":255}},"DK9-728-10":{"pid":"DK9-728","orb":188.48,"per":3.14,"ang":304.41,"t":"ASTEROID","sp":"ASTEROID-4","s":20.48,"m":119.31,"gd":34.13,"wic":{},"woc":{},"wgc":{},"emm":[{"Type":"1","MainRange":31,"MainValue":0.28,"FarRange":112}],"sig":[{"t":"7-4","s":"","d":{"X":0.65,"Y":0.26}},{"t":"8-1","s":"","d":{"X":-0.46,"Y":-0.37}},{"t":"9-1","s":"","d":{"X":-0.23,"Y":0.18}},{"t":"X1","s":"","d":{"X":0.49,"Y":-0.534}}],"clr":{"R":248,"G":188,"B":228,"A":255}},"DK9-728-11":{"pid":"DK9-728","orb":234.02,"per":3.9,"ang":9.15,"t":"ASTEROID","sp":"ASTEROID-1","s":11.85,"m":23.16,"gd":19.76,"wic":{},"woc":{},"wgc":{},"emm":[{"Type":"1","MainRange":32,"MainValue":0.21,"FarRange":167}],"sig":[{"t":"7-4","s":"","d":{"X":0.43,"Y":0.39}},{"t":"8-1","s":"","d":{"X":0.87,"Y":-0.35}},{"t":"9-1","s":"","d":{"X":0.82,"Y":0.33}},{"t":"X1","s":"","d":{"X":0.548,"Y":-0.232}}],"clr":{"R":249,"G":246,"B":253,"A":255}},"DK9-728-12":{"pid":"DK9-728","orb":276.01,"per":4.6,"ang":128.77,"t":"ASTEROID","sp":"ASTEROID-4","s":23.39,"m":177.94,"gd":38.99,"wic":{},"woc":{},"wgc":{},"emm":[{"Type":"1","MainRange":66,"MainValue":0.17,"FarRange":151}],"sig":[{"t":"7-4","s":"","d":{"X":0.53,"Y":-0.4}},{"t":"8-1","s":"","d":{"X":0.95,"Y":-0.07}},{"t":"9-1","s":"","d":{"X":0.85,"Y":0.35}},{"t":"X1","s":"","d":{"X":-0.454,"Y":-0.637}}],"clr":{"R":250,"G":254,"B":252,"A":255}},"DK9-728-13":{"pid":"DK9-728","orb":195.84,"per":3.26,"ang":224.3,"t":"ASTEROID","sp":"ASTEROID-5","s":32.08,"m":458.59,"gd":53.46,"wic":{},"woc":{},"wgc":{},"emm":[{"Type":"1","MainRange":37,"MainValue":0.1,"FarRange":171}],"sig":[{"t":"7-4","s":"","d":{"X":-0.77,"Y":0.06}},{"t":"8-1","s":"","d":{"X":-0.12,"Y":-0.29}},{"t":"9-1","s":"","d":{"X":0.01,"Y":-0.32}},{"t":"X1","s":"","d":{"X":-0.234,"Y":-0.226}}],"clr":{"R":178,"G":252,"B":216,"A":255}},"DK9-728-14":{"pid":"DK9-728","orb":201.97,"per":3.36,"ang":1.7,"t":"ASTEROID","sp":"ASTEROID-5","s":29.85,"m":369.62,"gd":49.75,"wic":{},"woc":{},"wgc":{},"emm":[{"Type":"1","MainRange":25,"MainValue":0.13,"FarRange":207}],"sig":[{"t":"7-4","s":"","d":{"X":0.44,"Y":-0.55}},{"t":"8-1","s":"","d":{"X":-0.05,"Y":-0.91}},{"t":"9-1","s":"","d":{"X":0.08,"Y":0.76}},{"t":"X1","s":"","d":{"X":-0.391,"Y":0.203}}],"clr":{"R":222,"G":253,"B":242,"A":255}},"DK9-728-15":{"pid":"DK9-728","orb":266.03,"per":4.43,"ang":34.43,"t":"ASTEROID","sp":"ASTEROID-1","s":20.33,"m":116.86,"gd":33.89,"wic":{},"woc":{},"wgc":{},"emm":[{"Type":"1","MainRange":51,"MainValue":0.18,"FarRange":102}],"sig":[{"t":"7-4","s":"","d":{"X":0.33,"Y":-0.79}},{"t":"8-1","s":"","d":{"X":-0.29,"Y":0.79}},{"t":"9-1","s":"","d":{"X":-0.41,"Y":0.23}},{"t":"X1","s":"","d":{"X":0.443,"Y":0.872}}],"clr":{"R":249,"G":228,"B":207,"A":255}},"DK9-728-16":{"pid":"DK9-728","orb":194.35,"per":3.23,"ang":8.22,"t":"ASTEROID","sp":"ASTEROID-5","s":25.48,"m":229.96,"gd":42.47,"wic":{},"woc":{},"wgc":{},"emm":[{"Type":"1","MainRange":63,"MainValue":0.17,"FarRange":116}],"sig":[{"t":"7-4","s":"","d":{"X":0.66,"Y":-0.21}},{"t":"8-1","s":"","d":{"X":-0.15,"Y":-0.89}},{"t":"9-1","s":"","d":{"X":-0.55,"Y":-0.64}},{"t":"X1","s":"","d":{"X":-0.456,"Y":-0.103}}],"clr":{"R":252,"G":240,"B":231,"A":255}},"DK9-728-17":{"pid":"DK9-728","orb":236.72,"per":3.94,"ang":76.7,"t":"ASTEROID","sp":"ASTEROID-4","s":12.07,"m":24.47,"gd":20.13,"wic":{},"woc":{},"wgc":{},"emm":[{"Type":"1","MainRange":56,"MainValue":0.28,"FarRange":115},{"Type":"19","MainRange":46,"MainValue":0.11,"FarRange":133},{"Type":"3","MainRange":37,"MainValue":0.18,"FarRange":146}],"sig":[{"t":"7-4","s":"","d":{"X":0.02,"Y":-0.95}},{"t":"8-1","s":"","d":{"X":0.55,"Y":-0.83}},{"t":"9-1","s":"","d":{"X":0.79,"Y":0.36}},{"t":"X1","s":"","d":{"X":-0.202,"Y":-0.957}},{"t":"X19","s":"","d":{"X":0.905,"Y":0.271}},{"t":"X3","s":"","d":{"X":0.693,"Y":-0.68}}],"clr":{"R":177,"G":239,"B":206,"A":255}},"DK9-728-18":{"pid":"DK9-728","orb":226.95,"per":3.78,"ang":305.05,"t":"ASTEROID","sp":"ASTEROID-1","s":32.29,"m":467.72,"gd":53.82,"wic":{},"woc":{},"wgc":{},"emm":[{"Type":"1","MainRange":66,"MainValue":0.2,"FarRange":145}],"sig":[{"t":"7-4","s":"","d":{"X":-0.04,"Y":-0.69}},{"t":"8-1","s":"","d":{"X":0.67,"Y":-0.17}},{"t":"9-1","s":"","d":{"X":0.72,"Y":0.32}},{"t":"X1","s":"","d":{"X":-0.627,"Y":-0.722}}],"clr":{"R":248,"G":253,"B":253,"A":255}},"DK9-728-19":{"pid":"DK9-728","orb":270.76,"per":4.51,"ang":160.22,"t":"ASTEROID","sp":"ASTEROID-1","s":20.63,"m":122.05,"gd":34.39,"wic":{},"woc":{},"wgc":{},"emm":[{"Type":"1","MainRange":55,"MainValue":0.21,"FarRange":69}],"sig":[{"t":"7-4","s":"","d":{"X":-0.35,"Y":0.72}},{"t":"8-1","s":"","d":{"X":-0.19,"Y":0.37}},{"t":"9-1","s":"","d":{"X":-0.13,"Y":-0.66}},{"t":"X1","s":"","d":{"X":0.216,"Y":-0.854}}],"clr":{"R":237,"G":228,"B":252,"A":255}},"DK9-728-2":{"pid":"DK9-728","orb":238.09,"per":3.96,"ang":20.01,"t":"ASTEROID","sp":"ASTEROID-4","s":9.53,"m":12.02,"gd":15.88,"wic":{},"woc":{},"wgc":{},"emm":[{"Type":"1","MainRange":62,"MainValue":0.16,"FarRange":208}],"sig":[{"t":"7-4","s":"","d":{"X":0.2,"Y":0.62}},{"t":"8-1","s":"","d":{"X":-0.37,"Y":-0.32}},{"t":"9-1","s":"","d":{"X":-0.42,"Y":0.48}},{"t":"X1","s":"","d":{"X":0.941,"Y":-0.249}}],"clr":{"R":167,"G":250,"B":206,"A":255}},"DK9-728-20":{"pid":"DK9-728","orb":204.01,"per":3.4,"ang":266.77,"t":"ASTEROID","sp":"ASTEROID-4","s":24.34,"m":200.46,"gd":40.57,"wic":{},"woc":{},"wgc":{},"emm":[{"Type":"1","MainRange":66,"MainValue":0.25,"FarRange":86}],"sig":[{"t":"7-4","s":"","d":{"X":0.24,"Y":-0.55}},{"t":"8-1","s":"","d":{"X":0.19,"Y":0.22}},{"t":"9-1","s":"","d":{"X":0.64,"Y":0.63}},{"t":"X1","s":"","d":{"X":-0.559,"Y":0.53}}],"clr":{"R":246,"G":253,"B":240,"A":255}},"DK9-728-21":{"pid":"DK9-728","orb":228.31,"per":3.8,"ang":148.98,"t":"ASTEROID","sp":"ASTEROID-3","s":18.02,"m":81.32,"gd":30.04,"wic":{},"woc":{},"wgc":{},"emm":[{"Type":"1","MainRange":49,"MainValue":0.26,"FarRange":170}],"sig":[{"t":"7-4","s":"","d":{"X":0.23,"Y":0.76}},{"t":"8-1","s":"","d":{"X":-0.79,"Y":-0.45}},{"t":"9-1","s":"","d":{"X":-0.84,"Y":0.24}},{"t":"X1","s":"","d":{"X":-0.135,"Y":-0.35}}],"clr":{"R":241,"G":246,"B":252,"A":255}},"DK9-728-22":{"pid":"DK9-728","orb":221.2,"per":3.68,"ang":317.05,"t":"ASTEROID","sp":"ASTEROID-4","s":21.63,"m":140.6,"gd":36.05,"wic":{},"woc":{},"wgc":{},"emm":[{"Type":"1","MainRange":54,"MainValue":0.31,"FarRange":170}],"sig":[{"t":"7-4","s":"","d":{"X":0.4,"Y":-0.41}},{"t":"8-1","s":"","d":{"X":0.28,"Y":0.3}},{"t":"9-1","s":"","d":{"X":0.83,"Y":-0.29}},{"t":"X1","s":"","d":{"X":0.848,"Y":0.268}}],"clr":{"R":247,"G":232,"B":238,"A":255}},"DK9-728-23":{"pid":"DK9-728","orb":217.84,"per":3.63,"ang":306.02,"t":"ASTEROID","sp":"ASTEROID-3","s":15.7,"m":53.84,"gd":26.18,"wic":{},"woc":{},"wgc":{},"emm":[{"Type":"1","MainRange":26,"MainValue":0.14,"FarRange":140}],"sig":[{"t":"7-4","s":"","d":{"X":0.35,"Y":-0.31}},{"t":"8-1","s":"","d":{"X":0.43,"Y":-0.54}},{"t":"9-1","s":"","d":{"X":0.84,"Y":-0.06}},{"t":"X1","s":"","d":{"X":-0.08,"Y":-0.404}}],"clr":{"R":174,"G":219,"B":233,"A":255}},"DK9-728-24":{"pid":"DK9-728","orb":212.17,"per":3.53,"ang":227.68,"t":"ASTEROID","sp":"ASTEROID-1","s":15.55,"m":52.28,"gd":25.92,"wic":{},"woc":{},"wgc":{},"emm":[{"Type":"1","MainRange":16,"MainValue":0.15,"FarRange":196}],"sig":[{"t":"7-4","s":"","d":{"Y":-0.42}},{"t":"8-1","s":"","d":{"X":0.52,"Y":-0.35}},{"t":"9-1","s":"","d":{"X":-0.56,"Y":-0.23}},{"t":"X1","s":"","d":{"X":-0.042,"Y":-0.629}}],"clr":{"R":251,"G":235,"B":218,"A":255}},"DK9-728-25":{"pid":"DK9-728","orb":240.07,"per":4,"ang":205.49,"t":"ASTEROID","sp":"ASTEROID-4","s":11.5,"m":21.13,"gd":19.16,"wic":{},"woc":{},"wgc":{},"emm":[{"Type":"1","MainRange":50,"MainValue":0.26,"FarRange":167}],"sig":[{"t":"7-4","s":"","d":{"X":0.15,"Y":0.18}},{"t":"8-1","s":"","d":{"X":0.1,"Y":0.23}},{"t":"9-1","s":"","d":{"X":-0.49,"Y":0.52}},{"t":"X1","s":"","d":{"X":-0.28,"Y":0.661}}],"clr":{"R":246,"G":208,"B":167,"A":255}},"DK9-728-26":{"pid":"DK9-728","orb":195.12,"per":3.25,"ang":329.94,"t":"ASTEROID","sp":"ASTEROID-2","s":13.82,"m":36.68,"gd":23.03,"wic":{},"woc":{},"wgc":{},"emm":[{"Type":"1","MainRange":59,"MainValue":0.09,"FarRange":175}],"sig":[{"t":"7-4","s":"","d":{"X":0.89,"Y":-0.3}},{"t":"8-1","s":"","d":{"X":-0.2,"Y":0.69}},{"t":"9-1","s":"","d":{"X":-0.39,"Y":0.57}},{"t":"X1","s":"","d":{"X":0.036,"Y":-0.772}}],"clr":{"R":221,"G":250,"B":241,"A":255}},"DK9-728-27":{"pid":"DK9-728","orb":223.26,"per":3.72,"ang":178.01,"t":"ASTEROID","sp":"ASTEROID-5","s":22.73,"m":163.23,"gd":37.89,"wic":{},"woc":{},"wgc":{},"emm":[{"Type":"1","MainRange":44,"MainValue":0.27,"FarRange":174},{"Type":"19","MainRange":38,"MainValue":0.17,"FarRange":52}],"sig":[{"t":"7-4","s":"","d":{"X":0.47,"Y":0.64}},{"t":"8-1","s":"","d":{"X":0.76,"Y":0.57}},{"t":"9-1","s":"","d":{"X":0.33,"Y":-0.28}},{"t":"X1","s":"","d":{"X":-0.056,"Y":-0.832}},{"t":"X19","s":"","d":{"X":0.058,"Y":-0.695}}],"clr":{"R":233,"G":225,"B":245,"A":255}},"DK9-728-28":{"pid":"DK9-728","orb":257.69,"per":4.29,"ang":69.21,"t":"ASTEROID","sp":"ASTEROID-2","s":18.08,"m":82.1,"gd":30.13,"wic":{},"woc":{},"wgc":{},"emm":[{"Type":"1","MainRange":50,"MainValue":0.15,"FarRange":198}],"sig":[{"t":"7-4","s":"","d":{"X":-0.55,"Y":0.39}},{"t":"8-1","s":"","d":{"X":0.77,"Y":0.28}},{"t":"9-1","s":"","d":{"X":0.09,"Y":0.25}},{"t":"X1","s":"","d":{"X":-0.309,"Y":0.011}}],"clr":{"R":244,"G":230,"B":219,"A":255}},"DK9-728-29":{"pid":"DK9-728","orb":235.35,"per":3.92,"ang":273.21,"t":"ASTEROID","sp":"ASTEROID-1","s":16.9,"m":67.09,"gd":28.17,"wic":{},"woc":{},"wgc":{},"emm":[{"Type":"1","MainRange":43,"MainValue":0.31,"FarRange":141}],"sig":[{"t":"7-4","s":"","d":{"X":0.89,"Y":-0.05}},{"t":"8-1","s":"","d":{"X":0.6,"Y":-0.64}},{"t":"9-1","s":"","d":{"X":0.3,"Y":-0.01}},{"t":"X1","s":"","d":{"X":-0.035,"Y":0.617}}],"clr":{"R":197,"G":237,"B":240,"A":255}},"DK9-728-3":{"pid":"DK9-728","orb":211.16,"per":3.51,"ang":355.59,"t":"ASTEROID","sp":"ASTEROID-1","s":16.42,"m":61.55,"gd":27.37,"wic":{},"woc":{},"wgc":{},"emm":[{"Type":"1","MainRange":28,"MainValue":0.24,"FarRange":138},{"Type":"26","MainRange":39,"MainValue":0.15,"FarRange":157}],"sig":[{"t":"7-4","s":"","d":{"X":-0.4,"Y":-0.27}},{"t":"8-1","s":"","d":{"X":-0.54,"Y":-0.53}},{"t":"9-1","s":"","d":{"X":0.38,"Y":0.09}},{"t":"X1","s":"","d":{"X":-0.027,"Y":-0.556}},{"t":"X26","s":"","d":{"X":-0.108,"Y":0.755}}],"clr":{"R":227,"G":246,"B":232,"A":255}},"DK9-728-30":{"pid":"DK9-728","orb":251.1,"per":4.18,"ang":32.65,"t":"ASTEROID","sp":"ASTEROID-2","s":26.34,"m":254.06,"gd":43.91,"wic":{},"woc":{},"wgc":{},"emm":[{"Type":"1","MainRange":52,"MainValue":0.19,"FarRange":215}],"sig":[{"t":"7-4","s":"","d":{"X":-0.24,"Y":0.92}},{"t":"8-1","s":"","d":{"X":0.44,"Y":-0.5}},{"t":"9-1","s":"","d":{"X":-0.86,"Y":-0.19}},{"t":"X1","s":"","d":{"X":-0.226,"Y":-0.246}}],"clr":{"R":254,"G":252,"B":253,"A":255}},"DK9-728-31":{"pid":"DK9-728","orb":202.27,"per":3.37,"ang":66.79,"t":"ASTEROID","sp":"ASTEROID-1","s":14.05,"m":38.56,"gd":23.42,"wic":{},"woc":{},"wgc":{},"emm":[{"Type":"1","MainRange":70,"MainValue":0.19,"FarRange":110}],"sig":[{"t":"7-4","s":"","d":{"X":-0.41,"Y":0.84}},{"t":"8-1","s":"","d":{"X":0.24,"Y":0.66}},{"t":"9-1","s":"","d":{"X":0.56,"Y":-0.48}},{"t":"X1","s":"","d":{"X":0.228,"Y":-0.75}}],"clr":{"R":216,"G":204,"B":254,"A":255}},"DK9-728-32":{"pid":"DK9-728","orb":242.19,"per":4.03,"ang":277.39,"t":"ASTEROID","sp":"ASTEROID-1","s":17.54,"m":74.96,"gd":29.23,"wic":{},"woc":{},"wgc":{},"emm":[{"Type":"1","MainRange":47,"MainValue":0.18,"FarRange":189}],"sig":[{"t":"7-4","s":"","d":{"X":0.24,"Y":-0.85}},{"t":"8-1","s":"","d":{"X":-0.28,"Y":-0.49}},{"t":"9-1","s":"","d":{"X":0.45,"Y":-0.77}},{"t":"X1","s":"","d":{"X":0.581,"Y":0.194}}],"clr":{"R":251,"G":254,"B":244,"A":255}},"DK9-728-33":{"pid":"DK9-728","orb":199.76,"per":3.32,"ang":178.48,"t":"ASTEROID","sp":"ASTEROID-2","s":18.6,"m":89.48,"gd":31.01,"wic":{},"woc":{},"wgc":{},"emm":[{"Type":"1","MainRange":70,"MainValue":0.11,"FarRange":207}],"sig":[{"t":"7-4","s":"","d":{"X":0.72,"Y":0.06}},{"t":"8-1","s":"","d":{"X":-0.73,"Y":-0.67}},{"t":"9-1","s":"","d":{"X":-0.29,"Y":0.81}},{"t":"X1","s":"","d":{"X":-0.972,"Y":0.122}}],"clr":{"R":241,"G":251,"B":246,"A":255}},"DK9-728-34":{"pid":"DK9-728","orb":234.25,"per":3.9,"ang":84.84,"t":"ASTEROID","sp":"ASTEROID-3","s":23.69,"m":184.86,"gd":39.49,"wic":{},"woc":{},"wgc":{},"emm":[{"Type":"1","MainRange":59,"MainValue":0.12,"FarRange":81}],"sig":[{"t":"7-4","s":"","d":{"X":-0.4,"Y":-0.54}},{"t":"8-1","s":"","d":{"X":-0.04,"Y":-0.22}},{"t":"9-1","s":"","d":{"X":0.48,"Y":-0.5}},{"t":"X1","s":"","d":{"X":-0.26,"Y":-0.699}}],"clr":{"R":208,"G":239,"B":230,"A":255}},"DK9-728-35":{"pid":"DK9-728","orb":221.44,"per":3.69,"ang":210.81,"t":"ASTEROID","sp":"ASTEROID-3","s":23.44,"m":178.94,"gd":39.07,"wic":{},"woc":{},"wgc":{},"emm":[{"Type":"1","MainRange":66,"MainValue":0.16,"FarRange":137}],"sig":[{"t":"7-4","s":"","d":{"X":0.77,"Y":-0.4}},{"t":"8-1","s":"","d":{"X":0.33,"Y":-0.48}},{"t":"9-1","s":"","d":{"X":0.6,"Y":-0.66}},{"t":"X1","s":"","d":{"X":0.269,"Y":-0.209}}],"clr":{"R":189,"G":248,"B":235,"A":255}},"DK9-728-36":{"pid":"DK9-728","orb":229.59,"per":3.82,"ang":296.89,"t":"ASTEROID","sp":"ASTEROID-3","s":20.06,"m":112.24,"gd":33.44,"wic":{},"woc":{},"wgc":{},"emm":[{"Type":"1","MainRange":53,"MainValue":0.1,"FarRange":177}],"sig":[{"t":"7-4","s":"","d":{"X":-0.77,"Y":0.42}},{"t":"8-1","s":"","d":{"X":0.58,"Y":-0.64}},{"t":"9-1","s":"","d":{"X":0.19,"Y":-0.54}},{"t":"X1","s":"","d":{"X":0.085,"Y":-0.616}}],"clr":{"R":251,"G":253,"B":228,"A":255}},"DK9-728-37":{"pid":"DK9-728","orb":229.88,"per":3.83,"ang":122.08,"t":"ASTEROID","sp":"ASTEROID-3","s":22.02,"m":148.41,"gd":36.71,"wic":{},"woc":{},"wgc":{},"emm":[{"Type":"1","MainRange":69,"MainValue":0.26,"FarRange":165}],"sig":[{"t":"7-4","s":"","d":{"X":-0.3,"Y":-0.29}},{"t":"8-1","s":"","d":{"X":-0.2,"Y":0.78}},{"t":"9-1","s":"","d":{"X":-0.6,"Y":-0.68}},{"t":"X1","s":"","d":{"X":0.882,"Y":-0.174}}],"clr":{"R":222,"G":213,"B":244,"A":255}},"DK9-728-38":{"pid":"DK9-728","orb":207.35,"per":3.45,"ang":170.45,"t":"ASTEROID","sp":"ASTEROID-5","s":23.33,"m":176.41,"gd":38.88,"wic":{},"woc":{},"wgc":{},"emm":[{"Type":"1","MainRange":63,"MainValue":0.17,"FarRange":161}],"sig":[{"t":"7-4","s":"","d":{"X":-0.39,"Y":-0.08}},{"t":"8-1","s":"","d":{"X":0.71,"Y":-0.04}},{"t":"9-1","s":"","d":{"X":0.24,"Y":-0.53}},{"t":"X1","s":"","d":{"X":-0.178,"Y":0.808}}],"clr":{"R":245,"G":196,"B":186,"A":255}},"DK9-728-39":{"pid":"DK9-728","orb":234.04,"per":3.9,"ang":245.74,"t":"ASTEROID","sp":"ASTEROID-5","s":14.09,"m":38.89,"gd":23.49,"wic":{},"woc":{},"wgc":{},"emm":[{"Type":"1","MainRange":38,"MainValue":0.14,"FarRange":162}],"sig":[{"t":"7-4","s":"","d":{"X":0.36}},{"t":"8-1","s":"","d":{"X":-0.18,"Y":0.54}},{"t":"9-1","s":"","d":{"X":-0.44,"Y":-0.1}},{"t":"X1","s":"","d":{"X":0.793,"Y":0.482}}],"clr":{"R":250,"G":247,"B":237,"A":255}},"DK9-728-4":{"pid":"DK9-728","orb":239.09,"per":3.98,"ang":284.22,"t":"ASTEROID","sp":"ASTEROID-4","s":17.01,"m":68.39,"gd":28.35,"wic":{},"woc":{},"wgc":{},"emm":[{"Type":"1","MainRange":49,"MainValue":0.15,"FarRange":145}],"sig":[{"t":"7-4","s":"","d":{"X":0.8,"Y":-0.09}},{"t":"8-1","s":"","d":{"X":0.04,"Y":-0.1}},{"t":"9-1","s":"","d":{"X":0.19,"Y":-0.83}},{"t":"X1","s":"","d":{"X":-0.358,"Y":0.118}}],"clr":{"R":210,"G":191,"B":242,"A":255}},"DK9-728-40":{"pid":"DK9-728","orb":252.41,"per":4.2,"ang":306.98,"t":"ASTEROID","sp":"ASTEROID-1","s":17.56,"m":75.32,"gd":29.28,"wic":{},"woc":{},"wgc":{},"emm":[{"Type":"1","MainRange":46,"MainValue":0.26,"FarRange":88}],"sig":[{"t":"7-4","s":"","d":{"X":-0.35,"Y":-0.87}},{"t":"8-1","s":"","d":{"X":0.2,"Y":0.94}},{"t":"9-1","s":"","d":{"X":0.53,"Y":0.29}},{"t":"X1","s":"","d":{"X":0.138,"Y":0.567}}],"clr":{"R":239,"G":216,"B":207,"A":255}},"DK9-728-41":{"pid":"DK9-728","orb":203.55,"per":3.39,"ang":57.41,"t":"ASTEROID","sp":"ASTEROID-2","s":18.85,"m":93.08,"gd":31.42,"wic":{},"woc":{},"wgc":{},"emm":[{"Type":"1","MainRange":49,"MainValue":0.19,"FarRange":215}],"sig":[{"t":"7-4","s":"","d":{"X":0.28,"Y":-0.47}},{"t":"8-1","s":"","d":{"X":-0.36,"Y":0.62}},{"t":"9-1","s":"","d":{"X":0.55,"Y":0.67}},{"t":"X1","s":"","d":{"X":0.674,"Y":-0.572}}],"clr":{"R":180,"G":247,"B":240,"A":255}},"DK9-728-42":{"pid":"DK9-728","orb":237.91,"per":3.96,"ang":104.27,"t":"ASTEROID","sp":"ASTEROID-5","s":16.05,"m":57.52,"gd":26.76,"wic":{},"woc":{},"wgc":{},"emm":[{"Type":"1","MainRange":60,"MainValue":0.1,"FarRange":160}],"sig":[{"t":"7-4","s":"","d":{"X":-0.57,"Y":0.2}},{"t":"8-1","s":"","d":{"X":0.61,"Y":-0.52}},{"t":"9-1","s":"","d":{"X":0.67,"Y":0.42}},{"t":"X1","s":"","d":{"X":-0.129,"Y":-0.444}}],"clr":{"R":243,"G":175,"B":186,"A":255}},"DK9-728-43":{"pid":"DK9-728","orb":245.19,"per":4.08,"ang":284.81,"t":"ASTEROID","sp":"ASTEROID-5","s":26.07,"m":246.2,"gd":43.45,"wic":{},"woc":{},"wgc":{},"emm":[{"Type":"1","MainRange":53,"MainValue":0.26,"FarRange":84},{"Type":"13","MainRange":70,"MainValue":0.15,"FarRange":147}],"sig":[{"t":"7-4","s":"","d":{"X":0.1,"Y":0.62}},{"t":"8-1","s":"","d":{"X":-0.28,"Y":-0.71}},{"t":"9-1","s":"","d":{"X":0.89,"Y":-0.36}},{"t":"X1","s":"","d":{"X":0.178,"Y":0.845}},{"t":"X13","s":"","d":{"X":0.636,"Y":-0.644}}],"clr":{"R":226,"G":248,"B":181,"A":255}},"DK9-728-44":{"pid":"DK9-728","orb":252.15,"per":4.2,"ang":228,"t":"ASTEROID","sp":"ASTEROID-4","s":21.03,"m":129.26,"gd":35.05,"wic":{},"woc":{},"wgc":{},"emm":[{"Type":"1","MainRange":47,"MainValue":0.14,"FarRange":146}],"sig":[{"t":"7-4","s":"","d":{"X":-0.07,"Y":0.22}},{"t":"8-1","s":"","d":{"X":-0.92,"Y":-0.04}},{"t":"9-1","s":"","d":{"X":0.77,"Y":0.04}},{"t":"X1","s":"","d":{"X":0.505,"Y":-0.001}}],"clr":{"R":186,"G":247,"B":244,"A":255}},"DK9-728-45":{"pid":"DK9-728","orb":209.47,"per":3.49,"ang":253.16,"t":"ASTEROID","sp":"ASTEROID-4","s":23.67,"m":184.33,"gd":39.46,"wic":{},"woc":{},"wgc":{},"emm":[{"Type":"1","MainRange":59,"MainValue":0.22,"FarRange":180}],"sig":[{"t":"7-4","s":"","d":{"X":0.31,"Y":0.26}},{"t":"8-1","s":"","d":{"X":-0.27,"Y":-0.29}},{"t":"9-1","s":"","d":{"X":0.13,"Y":-0.84}},{"t":"X1","s":"","d":{"X":-0.241,"Y":-0.954}}],"clr":{"R":221,"G":252,"B":218,"A":255}},"DK9-728-46":{"pid":"DK9-728","orb":242.81,"per":4.04,"ang":175.03,"t":"ASTEROID","sp":"ASTEROID-5","s":16.74,"m":65.25,"gd":27.91,"wic":{},"woc":{},"wgc":{},"emm":[{"Type":"1","MainRange":24,"MainValue":0.21,"FarRange":135}],"sig":[{"t":"7-4","s":"","d":{"X":0.23,"Y":0.3}},{"t":"8-1","s":"","d":{"X":-0.24,"Y":-0.04}},{"t":"9-1","s":"","d":{"X":0.31,"Y":-0.4}},{"t":"X1","s":"","d":{"X":0.101,"Y":0.525}}],"clr":{"R":230,"G":220,"B":245,"A":255}},"DK9-728-47":{"pid":"DK9-728","orb":264.59,"per":4.4,"ang":297.97,"t":"ASTEROID","sp":"ASTEROID-3","s":22.67,"m":161.93,"gd":37.79,"wic":{},"woc":{},"wgc":{},"emm":[{"Type":"1","MainRange":59,"MainValue":0.21,"FarRange":178}],"sig":[{"t":"7-4","s":"","d":{"X":-0.01,"Y":0.22}},{"t":"8-1","s":"","d":{"X":-0.03,"Y":0.45}},{"t":"9-1","s":"","d":{"X":-0.72,"Y":-0.25}},{"t":"X1","s":"","d":{"X":-0.826,"Y":-0.316}}],"clr":{"R":252,"G":249,"B":254,"A":255}},"DK9-728-48":{"pid":"DK9-728","orb":234.71,"per":3.91,"ang":232.79,"t":"ASTEROID","sp":"ASTEROID-1","s":20.83,"m":125.67,"gd":34.73,"wic":{},"woc":{},"wgc":{},"emm":[{"Type":"1","MainRange":23,"MainValue":0.23,"FarRange":150}],"sig":[{"t":"7-4","s":"","d":{"X":-0.09,"Y":-0.54}},{"t":"8-1","s":"","d":{"X":-0.26,"Y":0.05}},{"t":"9-1","s":"","d":{"X":0.46,"Y":0.17}},{"t":"X1","s":"","d":{"X":0.47,"Y":0.127}}],"clr":{"R":241,"G":245,"B":212,"A":255}},"DK9-728-49":{"pid":"DK9-728","orb":213.9,"per":3.56,"ang":122.02,"t":"ASTEROID","sp":"ASTEROID-2","s":11.27,"m":19.91,"gd":18.79,"wic":{},"woc":{},"wgc":{},"emm":[{"Type":"1","MainRange":51,"MainValue":0.19,"FarRange":126},{"Type":"3","MainRange":39,"MainValue":0.09,"FarRange":52}],"sig":[{"t":"7-4","s":"","d":{"X":0.86,"Y":-0.44}},{"t":"8-1","s":"","d":{"X":-0.35,"Y":-0.86}},{"t":"9-1","s":"","d":{"X":-0.16,"Y":0.25}},{"t":"X1","s":"","d":{"X":0.527,"Y":-0.04}},{"t":"X3","s":"","d":{"X":-0.849,"Y":0.131}}],"clr":{"R":188,"G":215,"B":236,"A":255}},"DK9-728-5":{"pid":"DK9-728","orb":231.32,"per":3.85,"ang":205.44,"t":"ASTEROID","sp":"ASTEROID-3","s":19.66,"m":105.67,"gd":32.78,"wic":{},"woc":{},"wgc":{},"emm":[{"Type":"1","MainRange":69,"MainValue":0.24,"FarRange":191},{"Type":"10","MainRange":52,"MainValue":0.32,"FarRange":135},{"Type":"12","MainRange":70,"MainValue":0.22,"FarRange":151}],"sig":[{"t":"7-4","s":"","d":{"X":0.16,"Y":-0.48}},{"t":"8-1","s":"","d":{"X":-0.25,"Y":0.5}},{"t":"9-1","s":"","d":{"X":0.88,"Y":0.44}},{"t":"X1","s":"","d":{"X":-0.154,"Y":0.017}},{"t":"X10","s":"","d":{"X":0.306,"Y":0.272}},{"t":"X12","s":"","d":{"X":-0.251,"Y":-0.819}}],"clr":{"R":254,"G":227,"B":238,"A":255}},"DK9-728-50":{"pid":"DK9-728","orb":225.68,"per":3.76,"ang":291.29,"t":"ASTEROID","sp":"ASTEROID-3","s":17.07,"m":69.11,"gd":28.45,"wic":{},"woc":{},"wgc":{},"emm":[{"Type":"1","MainRange":31.5,"MainValue":0.25,"FarRange":35}],"sig":[{"t":"7-4","s":"","d":{"X":0.35,"Y":-0.26}},{"t":"8-1","s":"","d":{"X":-0.73,"Y":-0.16}},{"t":"9-1","s":"","d":{"X":-0.61,"Y":-0.64}},{"t":"X1","s":"","d":{"X":-0.146,"Y":-0.784}}],"clr":{"R":227,"G":242,"B":251,"A":255}},"DK9-728-51":{"pid":"DK9-728","orb":215.17,"per":3.58,"ang":351.14,"t":"ASTEROID","sp":"ASTEROID-3","s":26.21,"m":250.19,"gd":43.69,"wic":{},"woc":{},"wgc":{},"emm":[{"Type":"1","MainRange":52,"MainValue":0.19,"FarRange":151}],"sig":[{"t":"7-4","s":"","d":{"X":-0.14,"Y":-0.97}},{"t":"8-1","s":"","d":{"X":-0.12,"Y":0.81}},{"t":"9-1","s":"","d":{"X":-0.71,"Y":0.32}},{"t":"X1","s":"","d":{"X":-0.29,"Y":0.648}}],"clr":{"R":193,"G":234,"B":226,"A":255}},"DK9-728-52":{"pid":"DK9-728","orb":235.24,"per":3.92,"ang":140.91,"t":"ASTEROID","sp":"ASTEROID-5","s":15.42,"m":51.01,"gd":25.71,"wic":{},"woc":{},"wgc":{},"emm":[{"Type":"1","MainRange":83,"MainValue":0.21,"FarRange":182}],"sig":[{"t":"7-4","s":"","d":{"X":-0.24,"Y":-0.63}},{"t":"8-1","s":"","d":{"X":-0.67,"Y":-0.15}},{"t":"9-1","s":"","d":{"X":-0.02,"Y":0.12}},{"t":"X1","s":"","d":{"X":-0.738,"Y":0.422}}],"clr":{"R":235,"G":183,"B":185,"A":255}},"DK9-728-53":{"pid":"DK9-728","orb":234.58,"per":3.9,"ang":62.19,"t":"ASTEROID","sp":"ASTEROID-1","s":13.54,"m":34.54,"gd":22.58,"wic":{},"woc":{},"wgc":{},"emm":[{"Type":"1","MainRange":54,"MainValue":0.17,"FarRange":198}],"sig":[{"t":"7-4","s":"","d":{"X":-0.06,"Y":-0.58}},{"t":"8-1","s":"","d":{"X":-0.89,"Y":0.29}},{"t":"9-1","s":"","d":{"X":0.09,"Y":-0.68}},{"t":"X1","s":"","d":{"X":0.478,"Y":0.285}}],"clr":{"R":228,"G":229,"B":249,"A":255}},"DK9-728-54":{"pid":"DK9-728","orb":258.22,"per":4.3,"ang":295.9,"t":"ASTEROID","sp":"ASTEROID-1","s":29.19,"m":345.52,"gd":48.65,"wic":{},"woc":{},"wgc":{},"emm":[{"Type":"1","MainRange":51,"MainValue":0.16,"FarRange":69},{"Type":"5","MainRange":41,"MainValue":0.26,"FarRange":120},{"Type":"25","MainRange":54,"MainValue":0.23,"FarRange":178}],"sig":[{"t":"7-4","s":"","d":{"X":0.76,"Y":0.59}},{"t":"8-1","s":"","d":{"X":0.72,"Y":-0.61}},{"t":"9-1","s":"","d":{"X":0.5,"Y":0.51}},{"t":"X1","s":"","d":{"X":0.445,"Y":0.063}},{"t":"X5","s":"","d":{"X":-0.768,"Y":-0.046}},{"t":"X25","s":"","d":{"X":-0.559,"Y":0.644}}],"clr":{"R":243,"G":252,"B":239,"A":255}},"DK9-728-55":{"pid":"DK9-728","orb":201.28,"per":3.35,"ang":244.21,"t":"ASTEROID","sp":"ASTEROID-3","s":10.38,"m":15.54,"gd":17.3,"wic":{},"woc":{},"wgc":{},"emm":[{"Type":"1","MainRange":72,"MainValue":0.15,"FarRange":158},{"Type":"24","MainRange":41,"MainValue":0.22,"FarRange":180},{"Type":"26","MainRange":35,"MainValue":0.21,"FarRange":137},{"Type":"11","MainRange":57,"MainValue":0.14,"FarRange":154},{"Type":"17","MainRange":70.2,"MainValue":0.19,"FarRange":78},{"Type":"10","MainRange":36,"MainValue":0.22,"FarRange":179}],"sig":[{"t":"7-4","s":"","d":{"X":-0.31,"Y":-0.5}},{"t":"8-1","s":"","d":{"X":-0.15,"Y":-0.26}},{"t":"9-1","s":"","d":{"X":-0.06,"Y":-0.13}},{"t":"X1","s":"","d":{"X":-0.388,"Y":-0.545}},{"t":"X24","s":"","d":{"X":-0.236,"Y":-0.2}},{"t":"X26","s":"","d":{"X":-0.243,"Y":-0.029}},{"t":"X11","s":"","d":{"X":-0.558,"Y":-0.622}},{"t":"X17","s":"","d":{"X":-0.712,"Y":-0.001}},{"t":"X10","s":"","d":{"X":-0.826,"Y":0.409}}],"clr":{"R":176,"G":235,"B":197,"A":255}},"DK9-728-56":{"pid":"DK9-728","orb":205.14,"per":3.41,"ang":27.45,"t":"ASTEROID","sp":"ASTEROID-1","s":23.22,"m":173.91,"gd":38.7,"wic":{},"woc":{},"wgc":{},"emm":[{"Type":"1","MainRange":28,"MainValue":0.21,"FarRange":166}],"sig":[{"t":"7-4","s":"","d":{"X":0.73,"Y":-0.46}},{"t":"8-1","s":"","d":{"X":-0.66,"Y":0.68}},{"t":"9-1","s":"","d":{"X":-0.21,"Y":0.28}},{"t":"X1","s":"","d":{"X":-0.299,"Y":0.338}}],"clr":{"R":250,"G":210,"B":248,"A":255}},"DK9-728-57":{"pid":"DK9-728","orb":238.53,"per":3.97,"ang":253.2,"t":"ASTEROID","sp":"ASTEROID-2","s":16.08,"m":57.77,"gd":26.8,"wic":{},"woc":{},"wgc":{},"emm":[{"Type":"1","MainRange":46,"MainValue":0.15,"FarRange":108}],"sig":[{"t":"7-4","s":"","d":{"X":-0.71,"Y":-0.7}},{"t":"8-1","s":"","d":{"X":-0.3,"Y":0.8}},{"t":"9-1","s":"","d":{"X":-0.42,"Y":-0.04}},{"t":"X1","s":"","d":{"X":0.329,"Y":0.835}}],"clr":{"R":248,"G":237,"B":249,"A":255}},"DK9-728-58":{"pid":"DK9-728","orb":202.35,"per":3.37,"ang":345.83,"t":"ASTEROID","sp":"ASTEROID-4","s":18.38,"m":86.33,"gd":30.64,"wic":{},"woc":{},"wgc":{},"emm":[{"Type":"1","MainRange":53,"MainValue":0.11,"FarRange":173}],"sig":[{"t":"7-4","s":"","d":{"X":0.69,"Y":-0.38}},{"t":"8-1","s":"","d":{"X":-0.25,"Y":0.13}},{"t":"9-1","s":"","d":{"X":0.56,"Y":-0.42}},{"t":"X1","s":"","d":{"X":0.143,"Y":0.08}}],"clr":{"R":220,"G":196,"B":240,"A":255}},"DK9-728-59":{"pid":"DK9-728","orb":241.59,"per":4.02,"ang":152.51,"t":"ASTEROID","sp":"ASTEROID-3","s":9.89,"m":13.45,"gd":16.49,"wic":{},"woc":{},"wgc":{},"emm":[{"Type":"1","MainRange":62,"MainValue":0.26,"FarRange":89}],"sig":[{"t":"7-4","s":"","d":{"X":-0.6,"Y":0.16}},{"t":"8-1","s":"","d":{"X":0.37,"Y":-0.15}},{"t":"9-1","s":"","d":{"X":0.54,"Y":-0.04}},{"t":"X1","s":"","d":{"X":0.275,"Y":-0.717}}],"clr":{"R":183,"G":248,"B":235,"A":255}},"DK9-728-6":{"pid":"DK9-728","orb":227.49,"per":3.79,"ang":100.39,"t":"ASTEROID","sp":"ASTEROID-2","s":18.77,"m":91.95,"gd":31.29,"wic":{},"woc":{},"wgc":{},"emm":[{"Type":"1","MainRange":53,"MainValue":0.13,"FarRange":119}],"sig":[{"t":"7-4","s":"","d":{"X":-0.59,"Y":-0.42}},{"t":"8-1","s":"","d":{"X":-0.77,"Y":0.06}},{"t":"9-1","s":"","d":{"X":0.26,"Y":0.24}},{"t":"X1","s":"","d":{"X":-0.887,"Y":0.122}}],"clr":{"R":254,"G":246,"B":241,"A":255}},"DK9-728-60":{"pid":"DK9-728","orb":276.04,"per":4.6,"ang":48.22,"t":"ASTEROID","sp":"ASTEROID-4","s":18.81,"m":92.56,"gd":31.36,"wic":{},"woc":{},"wgc":{},"emm":[{"Type":"1","MainRange":44,"MainValue":0.14,"FarRange":191}],"sig":[{"t":"7-4","s":"","d":{"X":0.08,"Y":-0.52}},{"t":"8-1","s":"","d":{"X":0.36,"Y":0.27}},{"t":"9-1","s":"","d":{"X":0.73,"Y":0.37}},{"t":"X1","s":"","d":{"X":0.182,"Y":0.056}}],"clr":{"R":220,"G":210,"B":250,"A":255}},"DK9-728-61":{"pid":"DK9-728","orb":233.52,"per":3.89,"ang":218.57,"t":"ASTEROID","sp":"ASTEROID-2","s":28.86,"m":333.91,"gd":48.1,"wic":{},"woc":{},"wgc":{},"emm":[{"Type":"1","MainRange":16,"MainValue":0.19,"FarRange":201}],"sig":[{"t":"7-4","s":"","d":{"X":-0.73,"Y":0.55}},{"t":"8-1","s":"","d":{"X":-0.46,"Y":0.07}},{"t":"9-1","s":"","d":{"X":0.21,"Y":-0.49}},{"t":"X1","s":"","d":{"X":-0.288,"Y":0.921}}],"clr":{"R":251,"G":229,"B":225,"A":255}},"DK9-728-62":{"pid":"DK9-728","orb":222.1,"per":3.7,"ang":117.76,"t":"ASTEROID","sp":"ASTEROID-3","s":17.07,"m":69.14,"gd":28.45,"wic":{},"woc":{},"wgc":{},"emm":[{"Type":"1","MainRange":52,"MainValue":0.12,"FarRange":171}],"sig":[{"t":"7-4","s":"","d":{"X":0.18,"Y":0.44}},{"t":"8-1","s":"","d":{"X":-0.02,"Y":0.08}},{"t":"9-1","s":"","d":{"X":-0.1,"Y":-0.82}},{"t":"X1","s":"","d":{"X":0.606,"Y":-0.025}}],"clr":{"R":242,"G":197,"B":213,"A":255}},"DK9-728-63":{"pid":"DK9-728","orb":222.8,"per":3.71,"ang":8.68,"t":"ASTEROID","sp":"ASTEROID-4","s":14.58,"m":43.07,"gd":24.3,"wic":{},"woc":{},"wgc":{},"emm":[{"Type":"1","MainRange":20,"MainValue":0.26,"FarRange":197}],"sig":[{"t":"7-4","s":"","d":{"X":-0.37,"Y":-0.63}},{"t":"8-1","s":"","d":{"X":0.34,"Y":0.8}},{"t":"9-1","s":"","d":{"X":-0.32,"Y":0.92}},{"t":"X1","s":"","d":{"X":-0.052,"Y":0.217}}],"clr":{"R":225,"G":245,"B":172,"A":255}},"DK9-728-64":{"pid":"DK9-728","orb":198.01,"per":3.3,"ang":188.3,"t":"ASTEROID","sp":"ASTEROID-1","s":31.64,"m":440.09,"gd":52.74,"wic":{},"woc":{},"wgc":{},"emm":[{"Type":"1","MainRange":36,"MainValue":0.23,"FarRange":144}],"sig":[{"t":"7-4","s":"","d":{"X":0.51,"Y":0.45}},{"t":"8-1","s":"","d":{"X":0.69,"Y":-0.14}},{"t":"9-1","s":"","d":{"X":-0.07,"Y":-0.51}},{"t":"X1","s":"","d":{"X":-0.864,"Y":-0.302}}],"clr":{"R":249,"G":251,"B":233,"A":255}},"DK9-728-65":{"pid":"DK9-728","orb":229.88,"per":3.83,"ang":226.01,"t":"ASTEROID","sp":"ASTEROID-5","s":18.63,"m":89.88,"gd":31.05,"wic":{},"woc":{},"wgc":{},"emm":[{"Type":"1","MainRange":70,"MainValue":0.16,"FarRange":119}],"sig":[{"t":"7-4","s":"","d":{"X":-0.39,"Y":-0.29}},{"t":"8-1","s":"","d":{"X":-0.59,"Y":0.67}},{"t":"9-1","s":"","d":{"X":-0.77,"Y":-0.17}},{"t":"X1","s":"","d":{"X":-0.467,"Y":-0.88}}],"clr":{"R":240,"G":167,"B":197,"A":255}},"DK9-728-66":{"pid":"DK9-728","orb":232.77,"per":3.87,"ang":335.42,"t":"ASTEROID","sp":"ASTEROID-3","s":17.91,"m":79.81,"gd":29.85,"wic":{},"woc":{},"wgc":{},"emm":[{"Type":"1","MainRange":50,"MainValue":0.09,"FarRange":114}],"sig":[{"t":"7-4","s":"","d":{"X":-0.51,"Y":-0.47}},{"t":"8-1","s":"","d":{"X":0.51,"Y":0.81}},{"t":"9-1","s":"","d":{"X":0.37,"Y":0.29}},{"t":"X1","s":"","d":{"X":0.441,"Y":0.053}}],"clr":{"R":250,"G":184,"B":192,"A":255}},"DK9-728-67":{"pid":"DK9-728","orb":226.48,"per":3.77,"ang":158.58,"t":"ASTEROID","sp":"ASTEROID-5","s":24.46,"m":203.37,"gd":40.77,"wic":{},"woc":{},"wgc":{},"emm":[{"Type":"1","MainRange":65,"MainValue":0.15,"FarRange":121}],"sig":[{"t":"7-4","s":"","d":{"X":0.25,"Y":-0.52}},{"t":"8-1","s":"","d":{"X":0.64,"Y":-0.39}},{"t":"9-1","s":"","d":{"X":0.87,"Y":0.45}},{"t":"X1","s":"","d":{"X":0.03,"Y":-0.401}}],"clr":{"R":240,"G":243,"B":212,"A":255}},"DK9-728-68":{"pid":"DK9-728","orb":190.5,"per":3.17,"ang":19.63,"t":"ASTEROID","sp":"ASTEROID-4","s":15.95,"m":56.44,"gd":26.59,"wic":{},"woc":{},"wgc":{},"emm":[{"Type":"1","MainRange":69,"MainValue":0.21,"FarRange":166}],"sig":[{"t":"7-4","s":"","d":{"X":-0.15,"Y":0.75}},{"t":"8-1","s":"","d":{"X":0.45,"Y":-0.67}},{"t":"9-1","s":"","d":{"X":0.63,"Y":0.18}},{"t":"X1","s":"","d":{"X":-0.431,"Y":0.397}}],"clr":{"R":254,"G":254,"B":252,"A":255}},"DK9-728-69":{"pid":"DK9-728","orb":213.29,"per":3.55,"ang":30.05,"t":"ASTEROID","sp":"ASTEROID-3","s":23.41,"m":178.34,"gd":39.02,"wic":{},"woc":{},"wgc":{},"emm":[{"Type":"1","MainRange":65,"MainValue":0.23,"FarRange":187}],"sig":[{"t":"7-4","s":"","d":{"X":0.65,"Y":0.57}},{"t":"8-1","s":"","d":{"X":-0.67,"Y":0.06}},{"t":"9-1","s":"","d":{"X":0.82,"Y":-0.02}},{"t":"X1","s":"","d":{"X":-0.527,"Y":0.402}}],"clr":{"R":223,"G":236,"B":196,"A":255}},"DK9-728-7":{"pid":"DK9-728","orb":190.88,"per":3.18,"ang":339.52,"t":"ASTEROID","sp":"ASTEROID-1","s":30.48,"m":393.4,"gd":50.8,"wic":{},"woc":{},"wgc":{},"emm":[{"Type":"1","MainRange":55,"MainValue":0.15,"FarRange":153}],"sig":[{"t":"7-4","s":"","d":{"X":-0.08,"Y":-0.25}},{"t":"8-1","s":"","d":{"X":0.65,"Y":-0.63}},{"t":"9-1","s":"","d":{"X":-0.44,"Y":0.28}},{"t":"X1","s":"","d":{"X":-0.388,"Y":0.737}}],"clr":{"R":218,"G":238,"B":189,"A":255}},"DK9-728-70":{"pid":"DK9-728","orb":236.61,"per":3.94,"ang":67.85,"t":"ASTEROID","sp":"ASTEROID-3","s":13,"m":30.54,"gd":21.67,"wic":{},"woc":{},"wgc":{},"emm":[{"Type":"1","MainRange":64,"MainValue":0.26,"FarRange":84}],"sig":[{"t":"7-4","s":"","d":{"X":-0.19,"Y":0.2}},{"t":"8-1","s":"","d":{"X":0.68,"Y":0.7}},{"t":"9-1","s":"","d":{"X":-0.25,"Y":0.26}},{"t":"X1","s":"","d":{"X":-0.261,"Y":0.201}}],"clr":{"R":201,"G":250,"B":203,"A":255}},"DK9-728-71":{"pid":"DK9-728","orb":282.82,"per":4.71,"ang":253.1,"t":"ASTEROID","sp":"ASTEROID-3","s":19.09,"m":96.72,"gd":31.82,"wic":{},"woc":{},"wgc":{},"emm":[{"Type":"1","MainRange":14,"MainValue":0.22,"FarRange":157}],"sig":[{"t":"7-4","s":"","d":{"X":0.62,"Y":-0.45}},{"t":"8-1","s":"","d":{"X":0.67,"Y":-0.4}},{"t":"9-1","s":"","d":{"X":-0.07,"Y":-0.53}},{"t":"X1","s":"","d":{"X":0.155,"Y":0.804}}],"clr":{"R":219,"G":173,"B":243,"A":255}},"DK9-728-72":{"pid":"DK9-728","orb":229.9,"per":3.83,"ang":3.52,"t":"ASTEROID","sp":"ASTEROID-2","s":20.51,"m":119.95,"gd":34.19,"wic":{},"woc":{},"wgc":{},"emm":[{"Type":"1","MainRange":48,"MainValue":0.15,"FarRange":176}],"sig":[{"t":"7-4","s":"","d":{"X":-0.1,"Y":-0.74}},{"t":"8-1","s":"","d":{"X":0.3,"Y":-0.83}},{"t":"9-1","s":"","d":{"X":0.41,"Y":-0.87}},{"t":"X1","s":"","d":{"X":-0.167,"Y":0.772}}],"clr":{"R":254,"G":252,"B":254,"A":255}},"DK9-728-73":{"pid":"DK9-728","orb":267.31,"per":4.45,"ang":354.16,"t":"ASTEROID","sp":"ASTEROID-1","s":18.67,"m":90.45,"gd":31.12,"wic":{},"woc":{},"wgc":{},"emm":[{"Type":"1","MainRange":47,"MainValue":0.27,"FarRange":97}],"sig":[{"t":"7-4","s":"","d":{"X":0.45,"Y":-0.05}},{"t":"8-1","s":"","d":{"X":-0.7,"Y":0.61}},{"t":"9-1","s":"","d":{"X":-0.76,"Y":-0.21}},{"t":"X1","s":"","d":{"X":-0.364,"Y":0.708}}],"clr":{"R":239,"G":242,"B":212,"A":255}},"DK9-728-74":{"pid":"DK9-728","orb":238.31,"per":3.97,"ang":34.32,"t":"ASTEROID","sp":"ASTEROID-4","s":24.99,"m":216.84,"gd":41.65,"wic":{},"woc":{},"wgc":{},"emm":[{"Type":"1","MainRange":41,"MainValue":0.14,"FarRange":86}],"sig":[{"t":"7-4","s":"","d":{"X":0.32,"Y":-0.8}},{"t":"8-1","s":"","d":{"X":0.78,"Y":0.58}},{"t":"9-1","s":"","d":{"X":-0.43,"Y":0.45}},{"t":"X1","s":"","d":{"X":-0.161,"Y":0.615}}],"clr":{"R":247,"G":233,"B":248,"A":255}},"DK9-728-75":{"pid":"DK9-728","orb":227.84,"per":3.79,"ang":110.17,"t":"ASTEROID","sp":"ASTEROID-3","s":20.33,"m":116.75,"gd":33.88,"wic":{},"woc":{},"wgc":{},"emm":[{"Type":"1","MainRange":39,"MainValue":0.14,"FarRange":225}],"sig":[{"t":"7-4","s":"","d":{"X":-0.76,"Y":0.29}},{"t":"8-1","s":"","d":{"X":-0.73,"Y":-0.48}},{"t":"9-1","s":"","d":{"X":-0.15,"Y":-0.58}},{"t":"X1","s":"","d":{"X":-0.143,"Y":0.292}}],"clr":{"R":245,"G":191,"B":251,"A":255}},"DK9-728-76":{"pid":"DK9-728","orb":190.93,"per":3.18,"ang":263.64,"t":"ASTEROID","sp":"ASTEROID-2","s":24.89,"m":214.29,"gd":41.49,"wic":{},"woc":{},"wgc":{},"emm":[{"Type":"1","MainRange":54,"MainValue":0.07,"FarRange":106}],"sig":[{"t":"7-4","s":"","d":{"X":0.47,"Y":0.33}},{"t":"8-1","s":"","d":{"X":0.19,"Y":-0.87}},{"t":"9-1","s":"","d":{"X":-0.79,"Y":-0.43}},{"t":"X1","s":"","d":{"X":-0.002,"Y":0.277}}],"clr":{"R":250,"G":174,"B":225,"A":255}},"DK9-728-77":{"pid":"DK9-728","orb":279.83,"per":4.66,"ang":80.5,"t":"ASTEROID","sp":"ASTEROID-3","s":15.44,"m":51.12,"gd":25.73,"wic":{},"woc":{},"wgc":{},"emm":[{"Type":"1","MainRange":34,"MainValue":0.21,"FarRange":187}],"sig":[{"t":"7-4","s":"","d":{"X":0.33,"Y":-0.02}},{"t":"8-1","s":"","d":{"X":0.41,"Y":-0.41}},{"t":"9-1","s":"","d":{"X":-0.02,"Y":0.78}},{"t":"X1","s":"","d":{"X":-0.422,"Y":-0.116}}],"clr":{"R":245,"G":244,"B":216,"A":255}},"DK9-728-78":{"pid":"DK9-728","orb":200.36,"per":3.33,"ang":218.14,"t":"ASTEROID","sp":"ASTEROID-1","s":12.71,"m":28.57,"gd":21.19,"wic":{},"woc":{},"wgc":{},"emm":[{"Type":"1","MainRange":51,"MainValue":0.13,"FarRange":165}],"sig":[{"t":"7-4","s":"","d":{"X":-0.38,"Y":-0.04}},{"t":"8-1","s":"","d":{"X":-0.59,"Y":0.2}},{"t":"9-1","s":"","d":{"X":-0.04,"Y":0.08}},{"t":"X1","s":"","d":{"X":0.445,"Y":-0.668}}],"clr":{"R":185,"G":247,"B":221,"A":255}},"DK9-728-79":{"pid":"DK9-728","orb":266.62,"per":4.44,"ang":26.37,"t":"ASTEROID","sp":"ASTEROID-4","s":30.77,"m":404.96,"gd":51.29,"wic":{},"woc":{},"wgc":{},"emm":[{"Type":"1","MainRange":44,"MainValue":0.15,"FarRange":189}],"sig":[{"t":"7-4","s":"","d":{"X":-0.72,"Y":0.67}},{"t":"8-1","s":"","d":{"X":-0.44,"Y":-0.83}},{"t":"9-1","s":"","d":{"X":-0.04}},{"t":"X1","s":"","d":{"X":-0.623,"Y":0.289}}],"clr":{"R":241,"G":183,"B":195,"A":255}},"DK9-728-8":{"pid":"DK9-728","orb":198.46,"per":3.3,"ang":197.09,"t":"ASTEROID","sp":"ASTEROID-4","s":17.03,"m":68.62,"gd":28.38,"wic":{},"woc":{},"wgc":{},"emm":[{"Type":"1","MainRange":56,"MainValue":0.09,"FarRange":232}],"sig":[{"t":"7-4","s":"","d":{"X":-0.48}},{"t":"8-1","s":"","d":{"X":-0.53,"Y":0.79}},{"t":"9-1","s":"","d":{"X":0.43,"Y":0.29}},{"t":"X1","s":"","d":{"X":0.501,"Y":0.856}}],"clr":{"R":161,"G":252,"B":229,"A":255}},"DK9-728-80":{"pid":"DK9-728","orb":201.02,"per":3.35,"ang":53.29,"t":"ASTEROID","sp":"ASTEROID-2","s":22.64,"m":161.2,"gd":37.73,"wic":{},"woc":{},"wgc":{},"emm":[{"Type":"1","MainRange":68,"MainValue":0.31,"FarRange":146}],"sig":[{"t":"7-4","s":"","d":{"X":-0.03,"Y":0.37}},{"t":"8-1","s":"","d":{"X":0.87,"Y":0.15}},{"t":"9-1","s":"","d":{"X":-0.07,"Y":0.21}},{"t":"X1","s":"","d":{"X":0.576,"Y":0.482}}],"clr":{"R":252,"G":254,"B":253,"A":255}},"DK9-728-81":{"pid":"DK9-728","orb":243.42,"per":4.05,"ang":142.59,"t":"ASTEROID","sp":"ASTEROID-4","s":14.25,"m":40.22,"gd":23.75,"wic":{},"woc":{},"wgc":{},"emm":[{"Type":"1","MainRange":37,"MainValue":0.31,"FarRange":148},{"Type":"13","MainRange":63,"MainValue":0.21,"FarRange":155},{"Type":"12","MainRange":22,"MainValue":0.07,"FarRange":114}],"sig":[{"t":"7-4","s":"","d":{"X":0.44,"Y":0.51}},{"t":"8-1","s":"","d":{"X":-0.5,"Y":0.02}},{"t":"9-1","s":"","d":{"X":0.44,"Y":-0.74}},{"t":"X1","s":"","d":{"X":0.276,"Y":-0.641}},{"t":"X13","s":"","d":{"X":0.343,"Y":0.584}},{"t":"X12","s":"","d":{"X":-0.74,"Y":-0.082}}],"clr":{"R":230,"G":245,"B":223,"A":255}},"DK9-728-82":{"pid":"DK9-728","orb":221.23,"per":3.68,"ang":199,"t":"ASTEROID","sp":"ASTEROID-5","s":32.62,"m":482.13,"gd":54.36,"wic":{},"woc":{},"wgc":{},"emm":[{"Type":"1","MainRange":46,"MainValue":0.25,"FarRange":234}],"sig":[{"t":"7-4","s":"","d":{"X":-0.21,"Y":0.24}},{"t":"8-1","s":"","d":{"X":-0.93,"Y":-0.06}},{"t":"9-1","s":"","d":{"X":-0.81,"Y":-0.15}},{"t":"X1","s":"","d":{"X":0.787,"Y":-0.587}}],"clr":{"R":210,"G":252,"B":180,"A":255}},"DK9-728-9":{"pid":"DK9-728","orb":269.4,"per":4.49,"ang":272.34,"t":"ASTEROID","sp":"ASTEROID-3","s":11.78,"m":22.73,"gd":19.64,"wic":{},"woc":{},"wgc":{},"emm":[{"Type":"1","MainRange":48,"MainValue":0.25,"FarRange":132},{"Type":"3","MainRange":24.3,"MainValue":0.12,"FarRange":27},{"Type":"15","MainRange":49.5,"MainValue":0.27,"FarRange":55}],"sig":[{"t":"7-4","s":"","d":{"X":-0.51,"Y":0.69}},{"t":"8-1","s":"","d":{"X":-0.07,"Y":0.27}},{"t":"9-1","s":"","d":{"X":-0.45,"Y":0.08}},{"t":"X1","s":"","d":{"X":0.229,"Y":-0.735}},{"t":"X3","s":"","d":{"X":-0.319,"Y":-0.891}},{"t":"X15","s":"","d":{"X":0.023,"Y":0.842}}],"clr":{"R":178,"G":234,"B":183,"A":255}},"DK9-S":{"t":"STAR","sp":"STAR-13","s":553.25,"m":9408191.75,"gd":1844.18,"wic":{},"woc":{},"wgc":{},"emm":[{"Type":"2","MainRange":473,"MainValue":7.11,"FarRange":2520},{"Type":"12","MainRange":569,"MainValue":3.66,"FarRange":2146}],"sig":[{"t":"X2","s":"","d":{"X":-0.277,"Y":0.655}},{"t":"X12","s":"","d":{"X":0.133,"Y":0.373}}],"clr":{"R":213,"G":206,"B":244,"A":255}}}}