{"SpawnDistance":1650.0000000000002,"Points":{"GH5-175":{"pid":"GH5-S","orb":1427.21,"per":23.78,"t":"GASPLANET","sp":"GASPLANET-39","s":240.14,"m":134639.66,"gd":400.23,"wic":{},"woc":{},"wgc":{},"sig":[{"t":"0-3","s":"","d":{"X":-0.24,"Y":0.25}},{"t":"1-3","s":"","d":{"X":0.31,"Y":-0.44}},{"t":"3-1","s":"","d":{"X":0.85,"Y":-0.52}},{"t":"6-3","s":"","d":{"X":-0.06,"Y":-0.52}},{"t":"7-3","s":"","d":{"X":0.11,"Y":-0.76}},{"t":"8-1","s":"","d":{"X":-0.06,"Y":-0.09}},{"t":"10-1","s":"","d":{"X":0.88,"Y":0.37}},{"t":"11-1","s":"","d":{"X":0.65,"Y":-0.69}}],"clr":{"R":254,"G":249,"B":248,"A":255}},"GH5-S":{"t":"STAR","sp":"STAR-7","s":409.77,"m":3822778.65,"gd":1365.93,"wic":{},"woc":{},"wgc":{},"emm":[{"Type":"2","MainRange":1184,"MainValue":7.38,"FarRange":3225}],"sig":[{"t":"X2","s":"","d":{"X":0.312,"Y":0.062}}],"clr":{"R":226,"G":241,"B":189,"A":255}}}}