{"SpawnDistance":6270.319,"Points":{"HE9-0-0":{"pid":"HE9-S","orb":1556.17,"per":25.93,"ang":235.92,"t":"ASTEROID","sp":"ASTEROID-4","s":16.53,"m":62.82,"gd":27.56,"wic":{},"woc":{},"wgc":{},"emm":[{"Type":"1","MainRange":75,"MainValue":0.18,"FarRange":145}],"sig":[{"t":"7-4","s":"","d":{"X":0.65,"Y":-0.3}},{"t":"8-1","s":"","d":{"X":0.33,"Y":0.62}},{"t":"9-1","s":"","d":{"X":0.69,"Y":0.52}},{"t":"X1","s":"","d":{"X":-0.377,"Y":-0.616}}],"clr":{"R":242,"G":251,"B":170,"A":255}},"HE9-0-1":{"pid":"HE9-S","orb":1376.91,"per":22.94,"ang":286.12,"t":"ASTEROID","sp":"ASTEROID-2","s":18.18,"m":83.49,"gd":30.3,"wic":{},"woc":{},"wgc":{},"emm":[{"Type":"1","MainRange":62,"MainValue":0.25,"FarRange":133}],"sig":[{"t":"7-4","s":"","d":{"X":-0.62,"Y":-0.76}},{"t":"8-1","s":"","d":{"X":-0.12,"Y":-0.83}},{"t":"9-1","s":"","d":{"X":0.16,"Y":0.57}},{"t":"X1","s":"","d":{"X":0.57,"Y":0.145}}],"clr":{"R":247,"G":249,"B":209,"A":255}},"HE9-0-10":{"pid":"HE9-S","orb":1341.06,"per":22.35,"ang":81.83,"t":"ASTEROID","sp":"ASTEROID-2","s":17.95,"m":80.4,"gd":29.92,"wic":{},"woc":{},"wgc":{},"emm":[{"Type":"1","MainRange":65,"MainValue":0.24,"FarRange":131}],"sig":[{"t":"7-4","s":"","d":{"X":-0.44,"Y":0.49}},{"t":"8-1","s":"","d":{"X":0.13,"Y":-0.96}},{"t":"9-1","s":"","d":{"X":-0.35,"Y":0.56}},{"t":"X1","s":"","d":{"X":-0.186,"Y":0.22}}],"clr":{"R":246,"G":220,"B":253,"A":255}},"HE9-0-11":{"pid":"HE9-S","orb":1272,"per":21.2,"ang":317.7,"t":"ASTEROID","sp":"ASTEROID-2","s":18.3,"m":85.17,"gd":30.5,"wic":{},"woc":{},"wgc":{},"emm":[{"Type":"1","MainRange":36,"MainValue":0.12,"FarRange":228}],"sig":[{"t":"7-4","s":"","d":{"X":-0.53,"Y":-0.03}},{"t":"8-1","s":"","d":{"X":-0.25,"Y":-0.79}},{"t":"9-1","s":"","d":{"Y":-0.26}},{"t":"X1","s":"","d":{"X":0.304,"Y":0.581}}],"clr":{"R":254,"G":237,"B":233,"A":255}},"HE9-0-12":{"pid":"HE9-S","orb":1698.78,"per":28.31,"ang":245.76,"t":"ASTEROID","sp":"ASTEROID-4","s":22.6,"m":160.38,"gd":37.67,"wic":{},"woc":{},"wgc":{},"emm":[{"Type":"1","MainRange":37,"MainValue":0.24,"FarRange":149}],"sig":[{"t":"7-4","s":"","d":{"X":0.15,"Y":-0.55}},{"t":"8-1","s":"","d":{"X":0.29,"Y":-0.32}},{"t":"9-1","s":"","d":{"X":-0.32,"Y":-0.68}},{"t":"X1","s":"","d":{"X":-0.002,"Y":-0.213}}],"clr":{"R":248,"G":254,"B":254,"A":255}},"HE9-0-13":{"pid":"HE9-S","orb":1358.78,"per":22.64,"ang":112.76,"t":"ASTEROID","sp":"ASTEROID-3","s":21.18,"m":132.01,"gd":35.3,"wic":{},"woc":{},"wgc":{},"emm":[{"Type":"1","MainRange":58,"MainValue":0.16,"FarRange":103}],"sig":[{"t":"7-4","s":"","d":{"X":-0.39,"Y":0.08}},{"t":"8-1","s":"","d":{"X":-0.59,"Y":-0.3}},{"t":"9-1","s":"","d":{"X":-0.85,"Y":-0.19}},{"t":"X1","s":"","d":{"X":0.68,"Y":-0.132}}],"clr":{"R":238,"G":180,"B":207,"A":255}},"HE9-0-14":{"pid":"HE9-S","orb":1440.18,"per":24,"ang":84.06,"t":"ASTEROID","sp":"ASTEROID-5","s":22.47,"m":157.65,"gd":37.45,"wic":{},"woc":{},"wgc":{},"emm":[{"Type":"1","MainRange":44,"MainValue":0.24,"FarRange":147},{"Type":"6","MainRange":52,"MainValue":0.31,"FarRange":184}],"sig":[{"t":"7-4","s":"","d":{"X":-0.53,"Y":-0.52}},{"t":"8-1","s":"","d":{"X":0.89,"Y":-0.28}},{"t":"9-1","s":"","d":{"X":0.54,"Y":0.65}},{"t":"X1","s":"","d":{"X":-0.157,"Y":-0.028}},{"t":"X6","s":"","d":{"X":0.434,"Y":-0.863}}],"clr":{"R":250,"G":245,"B":241,"A":255}},"HE9-0-15":{"pid":"HE9-S","orb":1289.3,"per":21.48,"ang":293.4,"t":"ASTEROID","sp":"ASTEROID-1","s":17.69,"m":76.95,"gd":29.49,"wic":{},"woc":{},"wgc":{},"emm":[{"Type":"1","MainRange":67,"MainValue":0.27,"FarRange":127}],"sig":[{"t":"7-4","s":"","d":{"X":-0.09,"Y":-0.62}},{"t":"8-1","s":"","d":{"X":-0.55,"Y":0.18}},{"t":"9-1","s":"","d":{"X":0.73,"Y":0.65}},{"t":"X1","s":"","d":{"X":-0.54,"Y":-0.002}}],"clr":{"R":213,"G":235,"B":244,"A":255}},"HE9-0-16":{"pid":"HE9-S","orb":1454.35,"per":24.23,"ang":203.98,"t":"ASTEROID","sp":"ASTEROID-4","s":28.66,"m":327.22,"gd":47.77,"wic":{},"woc":{},"wgc":{},"emm":[{"Type":"1","MainRange":50,"MainValue":0.19,"FarRange":223}],"sig":[{"t":"7-4","s":"","d":{"X":0.41,"Y":-0.41}},{"t":"8-1","s":"","d":{"X":-0.36,"Y":-0.64}},{"t":"9-1","s":"","d":{"X":-0.29,"Y":-0.49}},{"t":"X1","s":"","d":{"X":0.185,"Y":0.352}}],"clr":{"R":253,"G":184,"B":215,"A":255}},"HE9-0-17":{"pid":"HE9-S","orb":1573.11,"per":26.21,"ang":307.32,"t":"ASTEROID","sp":"ASTEROID-2","s":16.46,"m":62.02,"gd":27.44,"wic":{},"woc":{},"wgc":{},"emm":[{"Type":"1","MainRange":38,"MainValue":0.3,"FarRange":107}],"sig":[{"t":"7-4","s":"","d":{"X":-0.49,"Y":0.16}},{"t":"8-1","s":"","d":{"X":-0.1,"Y":-0.92}},{"t":"9-1","s":"","d":{"X":0.05,"Y":0.72}},{"t":"X1","s":"","d":{"X":-0.727,"Y":-0.183}}],"clr":{"R":244,"G":223,"B":250,"A":255}},"HE9-0-18":{"pid":"HE9-S","orb":1401.58,"per":23.35,"ang":282.43,"t":"ASTEROID","sp":"ASTEROID-3","s":22.05,"m":148.92,"gd":36.75,"wic":{},"woc":{},"wgc":{},"emm":[{"Type":"1","MainRange":34,"MainValue":0.18,"FarRange":126}],"sig":[{"t":"7-4","s":"","d":{"X":0.33,"Y":0.68}},{"t":"8-1","s":"","d":{"X":-0.71,"Y":-0.35}},{"t":"9-1","s":"","d":{"X":-0.13,"Y":0.29}},{"t":"X1","s":"","d":{"X":-0.531,"Y":-0.767}}],"clr":{"R":254,"G":239,"B":244,"A":255}},"HE9-0-19":{"pid":"HE9-S","orb":1345.27,"per":22.42,"ang":162.64,"t":"ASTEROID","sp":"ASTEROID-4","s":20.86,"m":126.11,"gd":34.77,"wic":{},"woc":{},"wgc":{},"emm":[{"Type":"1","MainRange":38,"MainValue":0.03,"FarRange":143}],"sig":[{"t":"7-4","s":"","d":{"X":-0.17,"Y":0.37}},{"t":"8-1","s":"","d":{"X":0.95,"Y":0.28}},{"t":"9-1","s":"","d":{"X":0.69,"Y":-0.21}},{"t":"X1","s":"","d":{"X":0.782,"Y":-0.45}}],"clr":{"R":232,"G":187,"B":202,"A":255}},"HE9-0-2":{"pid":"HE9-S","orb":1766.96,"per":29.44,"ang":95.72,"t":"ASTEROID","sp":"ASTEROID-1","s":19.26,"m":99.22,"gd":32.1,"wic":{},"woc":{},"wgc":{},"emm":[{"Type":"1","MainRange":55,"MainValue":0.15,"FarRange":83}],"sig":[{"t":"7-4","s":"","d":{"X":-0.18,"Y":0.24}},{"t":"8-1","s":"","d":{"X":0.29,"Y":0.7}},{"t":"9-1","s":"","d":{"X":0.19,"Y":-0.46}},{"t":"X1","s":"","d":{"X":-0.845,"Y":-0.014}}],"clr":{"R":229,"G":251,"B":249,"A":255}},"HE9-0-3":{"pid":"HE9-S","orb":1608.05,"per":26.8,"ang":70.38,"t":"ASTEROID","sp":"ASTEROID-2","s":26.19,"m":249.76,"gd":43.66,"wic":{},"woc":{},"wgc":{},"emm":[{"Type":"1","MainRange":84,"MainValue":0.18,"FarRange":162}],"sig":[{"t":"7-4","s":"","d":{"X":-0.44,"Y":-0.42}},{"t":"8-1","s":"","d":{"X":-0.78,"Y":0.2}},{"t":"9-1","s":"","d":{"X":-0.77,"Y":-0.56}},{"t":"X1","s":"","d":{"X":-0.891,"Y":-0.396}}],"clr":{"R":253,"G":254,"B":254,"A":255}},"HE9-0-4":{"pid":"HE9-S","orb":1407.81,"per":23.46,"ang":4.32,"t":"ASTEROID","sp":"ASTEROID-4","s":17.93,"m":80.17,"gd":29.89,"wic":{},"woc":{},"wgc":{},"emm":[{"Type":"1","MainRange":70,"MainValue":0.18,"FarRange":146},{"Type":"2","MainRange":50,"MainValue":0.12,"FarRange":176}],"sig":[{"t":"7-4","s":"","d":{"X":-0.27,"Y":0.05}},{"t":"8-1","s":"","d":{"X":-0.82,"Y":-0.54}},{"t":"9-1","s":"","d":{"X":0.42,"Y":-0.51}},{"t":"X1","s":"","d":{"X":-0.797,"Y":-0.552}},{"t":"X2","s":"","d":{"X":0.088,"Y":0.012}}],"clr":{"R":240,"G":233,"B":254,"A":255}},"HE9-0-5":{"pid":"HE9-S","orb":1447.01,"per":24.11,"ang":71.4,"t":"ASTEROID","sp":"ASTEROID-2","s":21.82,"m":144.37,"gd":36.37,"wic":{},"woc":{},"wgc":{},"emm":[{"Type":"1","MainRange":26,"MainValue":0.23,"FarRange":72}],"sig":[{"t":"7-4","s":"","d":{"X":0.35,"Y":-0.17}},{"t":"8-1","s":"","d":{"X":-0.07,"Y":-0.36}},{"t":"9-1","s":"","d":{"X":-0.23,"Y":-0.28}},{"t":"X1","s":"","d":{"X":0.181,"Y":0.867}}],"clr":{"R":209,"G":218,"B":245,"A":255}},"HE9-0-6":{"pid":"HE9-S","orb":1459.1,"per":24.31,"ang":17.05,"t":"ASTEROID","sp":"ASTEROID-5","s":20.07,"m":112.3,"gd":33.45,"wic":{},"woc":{},"wgc":{},"emm":[{"Type":"1","MainRange":67,"MainValue":0.09,"FarRange":197}],"sig":[{"t":"7-4","s":"","d":{"X":-0.7,"Y":-0.13}},{"t":"8-1","s":"","d":{"X":0.68,"Y":-0.15}},{"t":"9-1","s":"","d":{"X":-0.05,"Y":-0.99}},{"t":"X1","s":"","d":{"X":0.307,"Y":0.852}}],"clr":{"R":237,"G":186,"B":217,"A":255}},"HE9-0-7":{"pid":"HE9-S","orb":1397.66,"per":23.29,"ang":100.34,"t":"ASTEROID","sp":"ASTEROID-2","s":33.64,"m":528.92,"gd":56.07,"wic":{},"woc":{},"wgc":{},"emm":[{"Type":"1","MainRange":33,"MainValue":0.18,"FarRange":98}],"sig":[{"t":"7-4","s":"","d":{"X":0.94,"Y":0.07}},{"t":"8-1","s":"","d":{"X":-0.29,"Y":-0.88}},{"t":"9-1","s":"","d":{"X":-0.06,"Y":0.84}},{"t":"X1","s":"","d":{"X":-0.039,"Y":-0.517}}],"clr":{"R":235,"G":190,"B":183,"A":255}},"HE9-0-8":{"pid":"HE9-S","orb":1492.92,"per":24.88,"ang":127.41,"t":"ASTEROID","sp":"ASTEROID-3","s":26.76,"m":266.4,"gd":44.61,"wic":{},"woc":{},"wgc":{},"emm":[{"Type":"1","MainRange":34,"MainValue":0.2,"FarRange":168}],"sig":[{"t":"7-4","s":"","d":{"X":-0.92,"Y":0.28}},{"t":"8-1","s":"","d":{"X":0.36,"Y":0.27}},{"t":"9-1","s":"","d":{"X":-0.1,"Y":0.3}},{"t":"X1","s":"","d":{"X":-0.816,"Y":-0.121}}],"clr":{"R":227,"G":235,"B":248,"A":255}},"HE9-0-9":{"pid":"HE9-S","orb":1498.77,"per":24.97,"ang":354.23,"t":"ASTEROID","sp":"ASTEROID-3","s":19.83,"m":108.32,"gd":33.05,"wic":{},"woc":{},"wgc":{},"emm":[{"Type":"1","MainRange":59,"MainValue":0.32,"FarRange":118}],"sig":[{"t":"7-4","s":"","d":{"X":-0.17,"Y":0.16}},{"t":"8-1","s":"","d":{"X":0.66,"Y":-0.18}},{"t":"9-1","s":"","d":{"X":0.56,"Y":-0.17}},{"t":"X1","s":"","d":{"X":-0.103,"Y":0.102}}],"clr":{"R":203,"G":247,"B":254,"A":255}},"HE9-131":{"pid":"HE9-S","orb":1985.89,"per":33.09,"t":"GASPLANET","sp":"GASPLANET-53","s":118.74,"m":16279.23,"gd":197.91,"wic":{},"woc":{},"wgc":{},"sig":[{"t":"0-2","s":"","d":{"X":-0.31,"Y":0.38}},{"t":"1-3","s":"","d":{"X":-0.76,"Y":0.35}},{"t":"3-1","s":"","d":{"X":0.41,"Y":0.43}},{"t":"6-3","s":"","d":{"X":0.21,"Y":0.89}},{"t":"7-3","s":"","d":{"X":0.69,"Y":0.05}},{"t":"8-1","s":"","d":{"X":-0.22,"Y":-0.77}},{"t":"10-1","s":"","d":{"X":0.26,"Y":0.27}},{"t":"11-1","s":"","d":{"X":-0.12,"Y":0.66}}],"clr":{"R":254,"G":247,"B":187,"A":255}},"HE9-331":{"pid":"HE9-S","orb":5700.29,"per":95,"t":"GASPLANET","sp":"GASPLANET-36","s":222.45,"m":107032.98,"gd":370.76,"wic":{},"woc":{},"wgc":{},"sig":[{"t":"0-3","s":"","d":{"X":-0.29,"Y":-0.36}},{"t":"1-3","s":"","d":{"X":-0.99,"Y":0.13}},{"t":"3-1","s":"","d":{"X":0.24,"Y":0.41}},{"t":"6-3","s":"","d":{"X":0.32,"Y":0.72}},{"t":"11-1","s":"","d":{"X":0.19,"Y":-0.88}}],"clr":{"R":200,"G":232,"B":239,"A":255}},"HE9-331-0":{"pid":"HE9-331","orb":1143.19,"per":19.05,"ang":114.93,"t":"ASTEROID","sp":"ASTEROID-5","s":15.25,"m":49.32,"gd":25.42,"wic":{},"woc":{},"wgc":{},"emm":[{"Type":"1","MainRange":42,"MainValue":0.24,"FarRange":167},{"Type":"10","MainRange":53,"MainValue":0.23,"FarRange":115},{"Type":"5","MainRange":54,"MainValue":0.16,"FarRange":226},{"Type":"11","MainRange":71,"MainValue":0.16,"FarRange":119},{"Type":"19","MainRange":49,"MainValue":0.24,"FarRange":145}],"sig":[{"t":"9-1","s":"","d":{"X":0.78,"Y":-0.08}},{"t":"X1","s":"","d":{"X":-0.1,"Y":0.948}},{"t":"X10","s":"","d":{"X":-0.143,"Y":-0.653}},{"t":"X5","s":"","d":{"X":-0.403,"Y":-0.693}},{"t":"X11","s":"","d":{"X":0.232,"Y":-0.046}},{"t":"X19","s":"","d":{"X":-0.273,"Y":-0.015}}],"clr":{"R":254,"G":254,"B":254,"A":255}},"HE9-331-1":{"pid":"HE9-331","orb":1476.92,"per":24.61,"ang":298.6,"t":"ASTEROID","sp":"ASTEROID-4","s":15.24,"m":49.24,"gd":25.41,"wic":{},"woc":{},"wgc":{},"emm":[{"Type":"1","MainRange":51,"MainValue":0.18,"FarRange":210},{"Type":"3","MainRange":67,"MainValue":0.14,"FarRange":136}],"sig":[{"t":"9-1","s":"","d":{"X":-0.4}},{"t":"X1","s":"","d":{"X":-0.415,"Y":-0.027}},{"t":"X3","s":"","d":{"X":0.018,"Y":-0.384}}],"clr":{"R":224,"G":191,"B":233,"A":255}},"HE9-331-10":{"pid":"HE9-331","orb":1283.53,"per":21.39,"ang":94.79,"t":"ASTEROID","sp":"ASTEROID-3","s":24.35,"m":200.63,"gd":40.59,"wic":{},"woc":{},"wgc":{},"emm":[{"Type":"1","MainRange":60,"MainValue":0.28,"FarRange":110}],"sig":[{"t":"9-1","s":"","d":{"X":0.72,"Y":0.34}},{"t":"X1","s":"","d":{"X":-0.281,"Y":-0.864}}],"clr":{"R":227,"G":242,"B":252,"A":255}},"HE9-331-11":{"pid":"HE9-331","orb":977.89,"per":16.29,"ang":77.24,"t":"ASTEROID","sp":"ASTEROID-1","s":25.3,"m":224.95,"gd":42.16,"wic":{},"woc":{},"wgc":{},"emm":[{"Type":"1","MainRange":46,"MainValue":0.18,"FarRange":152}],"sig":[{"t":"9-1","s":"","d":{"X":0.48,"Y":-0.2}},{"t":"X1","s":"","d":{"X":0.649,"Y":0.08}}],"clr":{"R":238,"G":246,"B":252,"A":255}},"HE9-331-12":{"pid":"HE9-331","orb":1164.49,"per":19.4,"ang":171.36,"t":"ASTEROID","sp":"ASTEROID-2","s":17.82,"m":78.68,"gd":29.71,"wic":{},"woc":{},"wgc":{},"emm":[{"Type":"1","MainRange":37,"MainValue":0.13,"FarRange":139}],"sig":[{"t":"9-1","s":"","d":{"X":0.89,"Y":0.18}},{"t":"X1","s":"","d":{"X":-0.687,"Y":0.114}}],"clr":{"R":205,"G":241,"B":220,"A":255}},"HE9-331-13":{"pid":"HE9-331","orb":1387.52,"per":23.12,"ang":296.77,"t":"ASTEROID","sp":"ASTEROID-3","s":14.56,"m":42.95,"gd":24.28,"wic":{},"woc":{},"wgc":{},"emm":[{"Type":"1","MainRange":79,"MainValue":0.18,"FarRange":135}],"sig":[{"t":"9-1","s":"","d":{"X":0.66,"Y":-0.24}},{"t":"X1","s":"","d":{"X":0.009,"Y":-0.907}}],"clr":{"R":226,"G":222,"B":251,"A":255}},"HE9-331-14":{"pid":"HE9-331","orb":1168.96,"per":19.48,"ang":134.62,"t":"ASTEROID","sp":"ASTEROID-2","s":22.34,"m":155.04,"gd":37.24,"wic":{},"woc":{},"wgc":{},"emm":[{"Type":"1","MainRange":69,"MainValue":0.2,"FarRange":177}],"sig":[{"t":"9-1","s":"","d":{"X":0.6,"Y":0.06}},{"t":"X1","s":"","d":{"X":-0.735,"Y":0.247}}],"clr":{"R":243,"G":216,"B":210,"A":255}},"HE9-331-15":{"pid":"HE9-331","orb":1161.56,"per":19.35,"ang":166.76,"t":"ASTEROID","sp":"ASTEROID-5","s":24.47,"m":203.71,"gd":40.79,"wic":{},"woc":{},"wgc":{},"emm":[{"Type":"1","MainRange":62,"MainValue":0.17,"FarRange":150}],"sig":[{"t":"9-1","s":"","d":{"X":0.94,"Y":0.02}},{"t":"X1","s":"","d":{"X":0.952,"Y":-0.03}}],"clr":{"R":243,"G":238,"B":176,"A":255}},"HE9-331-16":{"pid":"HE9-331","orb":1221.71,"per":20.36,"ang":290.27,"t":"ASTEROID","sp":"ASTEROID-1","s":16.9,"m":67.13,"gd":28.18,"wic":{},"woc":{},"wgc":{},"emm":[{"Type":"1","MainRange":27,"MainValue":0.16,"FarRange":159}],"sig":[{"t":"9-1","s":"","d":{"X":0.32,"Y":-0.79}},{"t":"X1","s":"","d":{"X":0.091,"Y":0.191}}],"clr":{"R":184,"G":233,"B":176,"A":255}},"HE9-331-17":{"pid":"HE9-331","orb":1044.87,"per":17.41,"ang":41.27,"t":"ASTEROID","sp":"ASTEROID-2","s":23.86,"m":188.66,"gd":39.76,"wic":{},"woc":{},"wgc":{},"emm":[{"Type":"1","MainRange":62,"MainValue":0.16,"FarRange":158}],"sig":[{"t":"9-1","s":"","d":{"X":0.01,"Y":-0.86}},{"t":"X1","s":"","d":{"X":-0.615,"Y":-0.748}}],"clr":{"R":254,"G":254,"B":254,"A":255}},"HE9-331-18":{"pid":"HE9-331","orb":1101.49,"per":18.35,"ang":1.89,"t":"ASTEROID","sp":"ASTEROID-2","s":22.69,"m":162.38,"gd":37.82,"wic":{},"woc":{},"wgc":{},"emm":[{"Type":"1","MainRange":72,"MainValue":0.16,"FarRange":126}],"sig":[{"t":"9-1","s":"","d":{"X":-0.39,"Y":-0.53}},{"t":"X1","s":"","d":{"X":0.061,"Y":-0.797}}],"clr":{"R":215,"G":251,"B":193,"A":255}},"HE9-331-19":{"pid":"HE9-331","orb":1117.12,"per":18.61,"ang":323.74,"t":"ASTEROID","sp":"ASTEROID-5","s":20.07,"m":112.43,"gd":33.46,"wic":{},"woc":{},"wgc":{},"emm":[{"Type":"1","MainRange":56,"MainValue":0.21,"FarRange":105}],"sig":[{"t":"9-1","s":"","d":{"X":-0.82,"Y":0.41}},{"t":"X1","s":"","d":{"X":0.265,"Y":-0.352}}],"clr":{"R":245,"G":245,"B":254,"A":255}},"HE9-331-2":{"pid":"HE9-331","orb":1013.84,"per":16.89,"ang":180.87,"t":"ASTEROID","sp":"ASTEROID-3","s":33,"m":499.3,"gd":55,"wic":{},"woc":{},"wgc":{},"emm":[{"Type":"1","MainRange":45,"MainValue":0.24,"FarRange":191}],"sig":[{"t":"9-1","s":"","d":{"X":-0.29,"Y":-0.79}},{"t":"X1","s":"","d":{"X":0.425,"Y":-0.566}}],"clr":{"R":214,"G":175,"B":242,"A":255}},"HE9-331-20":{"pid":"HE9-331","orb":1307.86,"per":21.79,"ang":103.87,"t":"ASTEROID","sp":"ASTEROID-4","s":20.3,"m":116.29,"gd":33.84,"wic":{},"woc":{},"wgc":{},"emm":[{"Type":"1","MainRange":47,"MainValue":0.22,"FarRange":166}],"sig":[{"t":"9-1","s":"","d":{"X":-0.34,"Y":0.69}},{"t":"X1","s":"","d":{"X":0.686,"Y":0.645}}],"clr":{"R":222,"G":252,"B":183,"A":255}},"HE9-331-21":{"pid":"HE9-331","orb":1205.84,"per":20.09,"ang":311.23,"t":"ASTEROID","sp":"ASTEROID-5","s":11.9,"m":23.46,"gd":19.84,"wic":{},"woc":{},"wgc":{},"emm":[{"Type":"1","MainRange":59,"MainValue":0.11,"FarRange":178}],"sig":[{"t":"9-1","s":"","d":{"X":-0.39,"Y":0.44}},{"t":"X1","s":"","d":{"X":0.178,"Y":0.85}}],"clr":{"R":252,"G":228,"B":203,"A":255}},"HE9-331-22":{"pid":"HE9-331","orb":1159.06,"per":19.31,"ang":38.03,"t":"ASTEROID","sp":"ASTEROID-1","s":23.7,"m":185.07,"gd":39.51,"wic":{},"woc":{},"wgc":{},"emm":[{"Type":"1","MainRange":78,"MainValue":0.1,"FarRange":158}],"sig":[{"t":"9-1","s":"","d":{"X":0.25,"Y":-0.49}},{"t":"X1","s":"","d":{"X":-0.455,"Y":-0.503}}],"clr":{"R":254,"G":217,"B":227,"A":255}},"HE9-331-23":{"pid":"HE9-331","orb":1297.14,"per":21.61,"ang":56.1,"t":"ASTEROID","sp":"ASTEROID-2","s":17.87,"m":79.35,"gd":29.79,"wic":{},"woc":{},"wgc":{},"emm":[{"Type":"1","MainRange":65,"MainValue":0.19,"FarRange":74}],"sig":[{"t":"9-1","s":"","d":{"X":-0.32,"Y":0.82}},{"t":"X1","s":"","d":{"X":0.914,"Y":0.059}}],"clr":{"R":249,"G":240,"B":252,"A":255}},"HE9-331-24":{"pid":"HE9-331","orb":1207.89,"per":20.13,"ang":23.8,"t":"ASTEROID","sp":"ASTEROID-3","s":15.26,"m":49.37,"gd":25.43,"wic":{},"woc":{},"wgc":{},"emm":[{"Type":"1","MainRange":31,"MainValue":0.28,"FarRange":209}],"sig":[{"t":"9-1","s":"","d":{"X":0.33,"Y":-0.46}},{"t":"X1","s":"","d":{"X":0.07,"Y":0.954}}],"clr":{"R":242,"G":237,"B":254,"A":255}},"HE9-331-25":{"pid":"HE9-331","orb":1193.58,"per":19.89,"ang":281,"t":"ASTEROID","sp":"ASTEROID-3","s":13.03,"m":30.73,"gd":21.71,"wic":{},"woc":{},"wgc":{},"emm":[{"Type":"1","MainRange":43,"MainValue":0.14,"FarRange":157}],"sig":[{"t":"9-1","s":"","d":{"X":-0.58,"Y":-0.5}},{"t":"X1","s":"","d":{"X":0.44,"Y":0.273}}],"clr":{"R":241,"G":235,"B":193,"A":255}},"HE9-331-26":{"pid":"HE9-331","orb":1149.21,"per":19.15,"ang":327.73,"t":"ASTEROID","sp":"ASTEROID-2","s":18.87,"m":93.32,"gd":31.45,"wic":{},"woc":{},"wgc":{},"emm":[{"Type":"1","MainRange":43,"MainValue":0.21,"FarRange":74}],"sig":[{"t":"9-1","s":"","d":{"X":-0.7,"Y":-0.5}},{"t":"X1","s":"","d":{"X":0.242,"Y":-0.7}}],"clr":{"R":252,"G":236,"B":167,"A":255}},"HE9-331-27":{"pid":"HE9-331","orb":1202.67,"per":20.04,"ang":342.63,"t":"ASTEROID","sp":"ASTEROID-4","s":17.3,"m":72.01,"gd":28.84,"wic":{},"woc":{},"wgc":{},"emm":[{"Type":"1","MainRange":41,"MainValue":0.27,"FarRange":155}],"sig":[{"t":"9-1","s":"","d":{"X":0.6,"Y":0.77}},{"t":"X1","s":"","d":{"X":0.881,"Y":0.198}}],"clr":{"R":235,"G":235,"B":253,"A":255}},"HE9-331-28":{"pid":"HE9-331","orb":1058.96,"per":17.64,"ang":251.25,"t":"ASTEROID","sp":"ASTEROID-5","s":29.94,"m":373.02,"gd":49.91,"wic":{},"woc":{},"wgc":{},"emm":[{"Type":"1","MainRange":33,"MainValue":0.19,"FarRange":77}],"sig":[{"t":"9-1","s":"","d":{"X":-0.9,"Y":0.29}},{"t":"X1","s":"","d":{"X":0.614,"Y":-0.021}}],"clr":{"R":241,"G":242,"B":206,"A":255}},"HE9-331-29":{"pid":"HE9-331","orb":1035.32,"per":17.25,"ang":99.22,"t":"ASTEROID","sp":"ASTEROID-5","s":18.39,"m":86.51,"gd":30.66,"wic":{},"woc":{},"wgc":{},"emm":[{"Type":"1","MainRange":40,"MainValue":0.17,"FarRange":165}],"sig":[{"t":"9-1","s":"","d":{"X":-0.53,"Y":-0.65}},{"t":"X1","s":"","d":{"X":0.921,"Y":-0.184}}],"clr":{"R":190,"G":178,"B":235,"A":255}},"HE9-331-3":{"pid":"HE9-331","orb":1197.07,"per":19.95,"ang":309.88,"t":"ASTEROID","sp":"ASTEROID-3","s":17,"m":68.33,"gd":28.34,"wic":{},"woc":{},"wgc":{},"emm":[{"Type":"1","MainRange":69,"MainValue":0.18,"FarRange":162}],"sig":[{"t":"9-1","s":"","d":{"X":-0.01,"Y":0.34}},{"t":"X1","s":"","d":{"X":0.231,"Y":-0.407}}],"clr":{"R":254,"G":254,"B":254,"A":255}},"HE9-331-30":{"pid":"HE9-331","orb":1227.03,"per":20.45,"ang":235.87,"t":"ASTEROID","sp":"ASTEROID-1","s":14.46,"m":42.04,"gd":24.11,"wic":{},"woc":{},"wgc":{},"emm":[{"Type":"1","MainRange":77,"MainValue":0.15,"FarRange":106}],"sig":[{"t":"9-1","s":"","d":{"X":-0.15,"Y":0.9}},{"t":"X1","s":"","d":{"X":-0.68,"Y":-0.136}}],"clr":{"R":250,"G":251,"B":254,"A":255}},"HE9-331-31":{"pid":"HE9-331","orb":1346.29,"per":22.43,"ang":106.09,"t":"ASTEROID","sp":"ASTEROID-1","s":11.29,"m":20,"gd":18.82,"wic":{},"woc":{},"wgc":{},"emm":[{"Type":"1","MainRange":43,"MainValue":0.33,"FarRange":200}],"sig":[{"t":"9-1","s":"","d":{"X":0.1,"Y":0.07}},{"t":"X1","s":"","d":{"X":-0.939,"Y":-0.198}}],"clr":{"R":248,"G":254,"B":253,"A":255}},"HE9-331-32":{"pid":"HE9-331","orb":1079.72,"per":17.99,"ang":69.16,"t":"ASTEROID","sp":"ASTEROID-1","s":27.58,"m":291.58,"gd":45.97,"wic":{},"woc":{},"wgc":{},"emm":[{"Type":"1","MainRange":35,"MainValue":0.21,"FarRange":159}],"sig":[{"t":"9-1","s":"","d":{"X":-0.05,"Y":-0.75}},{"t":"X1","s":"","d":{"X":-0.731,"Y":0.546}}],"clr":{"R":251,"G":248,"B":242,"A":255}},"HE9-331-33":{"pid":"HE9-331","orb":1127.51,"per":18.79,"ang":272.89,"t":"ASTEROID","sp":"ASTEROID-4","s":24.13,"m":195.3,"gd":40.22,"wic":{},"woc":{},"wgc":{},"emm":[{"Type":"1","MainRange":48,"MainValue":0.13,"FarRange":213}],"sig":[{"t":"9-1","s":"","d":{"X":-0.02,"Y":0.08}},{"t":"X1","s":"","d":{"X":0.437,"Y":0.664}}],"clr":{"R":226,"G":177,"B":249,"A":255}},"HE9-331-34":{"pid":"HE9-331","orb":1363.24,"per":22.72,"ang":87.96,"t":"ASTEROID","sp":"ASTEROID-4","s":21.67,"m":141.33,"gd":36.11,"wic":{},"woc":{},"wgc":{},"emm":[{"Type":"1","MainRange":41,"MainValue":0.21,"FarRange":235}],"sig":[{"t":"9-1","s":"","d":{"X":0.36,"Y":-0.76}},{"t":"X1","s":"","d":{"X":-0.28,"Y":-0.183}}],"clr":{"R":236,"G":201,"B":247,"A":255}},"HE9-331-35":{"pid":"HE9-331","orb":1160.22,"per":19.33,"ang":353.95,"t":"ASTEROID","sp":"ASTEROID-5","s":16.89,"m":67.01,"gd":28.16,"wic":{},"woc":{},"wgc":{},"emm":[{"Type":"1","MainRange":63,"MainValue":0.2,"FarRange":138}],"sig":[{"t":"9-1","s":"","d":{"X":-0.89,"Y":-0.13}},{"t":"X1","s":"","d":{"X":-0.378,"Y":-0.333}}],"clr":{"R":222,"G":231,"B":184,"A":255}},"HE9-331-36":{"pid":"HE9-331","orb":1461.91,"per":24.36,"ang":25.68,"t":"ASTEROID","sp":"ASTEROID-2","s":26.55,"m":259.95,"gd":44.25,"wic":{},"woc":{},"wgc":{},"emm":[{"Type":"1","MainRange":56,"MainValue":0.19,"FarRange":147}],"sig":[{"t":"9-1","s":"","d":{"X":-0.38,"Y":0.13}},{"t":"X1","s":"","d":{"X":0.293,"Y":0.67}}],"clr":{"R":251,"G":249,"B":253,"A":255}},"HE9-331-37":{"pid":"HE9-331","orb":1381.84,"per":23.03,"ang":107.75,"t":"ASTEROID","sp":"ASTEROID-5","s":13.39,"m":33.41,"gd":22.33,"wic":{},"woc":{},"wgc":{},"emm":[{"Type":"1","MainRange":58,"MainValue":0.21,"FarRange":91}],"sig":[{"t":"9-1","s":"","d":{"X":0.28,"Y":0.58}},{"t":"X1","s":"","d":{"X":0.472,"Y":0.257}}],"clr":{"R":176,"G":219,"B":253,"A":255}},"HE9-331-38":{"pid":"HE9-331","orb":1042.88,"per":17.38,"ang":244.67,"t":"ASTEROID","sp":"ASTEROID-1","s":9.96,"m":13.74,"gd":16.6,"wic":{},"woc":{},"wgc":{},"emm":[{"Type":"1","MainRange":48,"MainValue":0.17,"FarRange":73}],"sig":[{"t":"9-1","s":"","d":{"X":0.41,"Y":-0.33}},{"t":"X1","s":"","d":{"X":-0.339,"Y":0.145}}],"clr":{"R":253,"G":254,"B":254,"A":255}},"HE9-331-39":{"pid":"HE9-331","orb":1271.46,"per":21.19,"ang":190.69,"t":"ASTEROID","sp":"ASTEROID-1","s":24.67,"m":208.65,"gd":41.12,"wic":{},"woc":{},"wgc":{},"emm":[{"Type":"1","MainRange":65,"MainValue":0.23,"FarRange":159}],"sig":[{"t":"9-1","s":"","d":{"X":0.83,"Y":0.02}},{"t":"X1","s":"","d":{"X":-0.754,"Y":0.461}}],"clr":{"R":219,"G":246,"B":229,"A":255}},"HE9-331-4":{"pid":"HE9-331","orb":1144.93,"per":19.08,"ang":226.41,"t":"ASTEROID","sp":"ASTEROID-3","s":21.33,"m":134.84,"gd":35.55,"wic":{},"woc":{},"wgc":{},"emm":[{"Type":"1","MainRange":53,"MainValue":0.15,"FarRange":125}],"sig":[{"t":"9-1","s":"","d":{"X":-0.04,"Y":0.16}},{"t":"X1","s":"","d":{"X":-0.368,"Y":0.655}}],"clr":{"R":191,"G":254,"B":175,"A":255}},"HE9-331-40":{"pid":"HE9-331","orb":1258.35,"per":20.97,"ang":136.89,"t":"ASTEROID","sp":"ASTEROID-3","s":15.9,"m":55.86,"gd":26.5,"wic":{},"woc":{},"wgc":{},"emm":[{"Type":"1","MainRange":60,"MainValue":0.14,"FarRange":150}],"sig":[{"t":"9-1","s":"","d":{"X":0.03,"Y":-0.44}},{"t":"X1","s":"","d":{"X":0.926,"Y":-0.002}}],"clr":{"R":252,"G":254,"B":242,"A":255}},"HE9-331-41":{"pid":"HE9-331","orb":1413,"per":23.55,"ang":6.19,"t":"ASTEROID","sp":"ASTEROID-5","s":25.68,"m":235.45,"gd":42.81,"wic":{},"woc":{},"wgc":{},"emm":[{"Type":"1","MainRange":72,"MainValue":0.25,"FarRange":105}],"sig":[{"t":"9-1","s":"","d":{"X":0.03,"Y":0.63}},{"t":"X1","s":"","d":{"X":-0.696,"Y":0.52}}],"clr":{"R":188,"G":233,"B":205,"A":255}},"HE9-331-42":{"pid":"HE9-331","orb":1405.5,"per":23.42,"ang":303.9,"t":"ASTEROID","sp":"ASTEROID-4","s":19.01,"m":95.44,"gd":31.68,"wic":{},"woc":{},"wgc":{},"emm":[{"Type":"1","MainRange":69,"MainValue":0.2,"FarRange":151}],"sig":[{"t":"9-1","s":"","d":{"X":-0.62,"Y":0.27}},{"t":"X1","s":"","d":{"X":-0.642,"Y":0.033}}],"clr":{"R":181,"G":186,"B":231,"A":255}},"HE9-331-43":{"pid":"HE9-331","orb":1205.08,"per":20.08,"ang":43.04,"t":"ASTEROID","sp":"ASTEROID-4","s":22.89,"m":166.64,"gd":38.15,"wic":{},"woc":{},"wgc":{},"emm":[{"Type":"1","MainRange":37,"MainValue":0.12,"FarRange":164}],"sig":[{"t":"9-1","s":"","d":{"X":0.92,"Y":0.17}},{"t":"X1","s":"","d":{"X":-0.514,"Y":-0.614}}],"clr":{"R":252,"G":239,"B":230,"A":255}},"HE9-331-44":{"pid":"HE9-331","orb":1251.27,"per":20.85,"ang":79.94,"t":"ASTEROID","sp":"ASTEROID-2","s":22.85,"m":165.72,"gd":38.08,"wic":{},"woc":{},"wgc":{},"emm":[{"Type":"1","MainRange":46,"MainValue":0.06,"FarRange":92}],"sig":[{"t":"9-1","s":"","d":{"X":-0.35,"Y":-0.27}},{"t":"X1","s":"","d":{"X":-0.962,"Y":-0.267}}],"clr":{"R":225,"G":245,"B":246,"A":255}},"HE9-331-45":{"pid":"HE9-331","orb":1163.31,"per":19.38,"ang":41.62,"t":"ASTEROID","sp":"ASTEROID-3","s":16.82,"m":66.2,"gd":28.04,"wic":{},"woc":{},"wgc":{},"emm":[{"Type":"1","MainRange":41,"MainValue":0.1,"FarRange":133}],"sig":[{"t":"9-1","s":"","d":{"X":0.58,"Y":0.35}},{"t":"X1","s":"","d":{"X":-0.209,"Y":-0.609}}],"clr":{"R":252,"G":254,"B":252,"A":255}},"HE9-331-46":{"pid":"HE9-331","orb":1026.6,"per":17.11,"ang":151.57,"t":"ASTEROID","sp":"ASTEROID-2","s":20.07,"m":112.32,"gd":33.45,"wic":{},"woc":{},"wgc":{},"emm":[{"Type":"1","MainRange":42,"MainValue":0.26,"FarRange":115}],"sig":[{"t":"9-1","s":"","d":{"X":-0.29,"Y":-0.29}},{"t":"X1","s":"","d":{"X":-0.851,"Y":0.132}}],"clr":{"R":250,"G":209,"B":242,"A":255}},"HE9-331-47":{"pid":"HE9-331","orb":1180.88,"per":19.68,"ang":128.3,"t":"ASTEROID","sp":"ASTEROID-1","s":18.25,"m":84.48,"gd":30.42,"wic":{},"woc":{},"wgc":{},"emm":[{"Type":"1","MainRange":30,"MainValue":0.22,"FarRange":124}],"sig":[{"t":"9-1","s":"","d":{"Y":-0.26}},{"t":"X1","s":"","d":{"X":0.062,"Y":0.714}}],"clr":{"R":248,"G":243,"B":251,"A":255}},"HE9-331-48":{"pid":"HE9-331","orb":1109.43,"per":18.49,"ang":225.76,"t":"ASTEROID","sp":"ASTEROID-3","s":18.01,"m":81.23,"gd":30.02,"wic":{},"woc":{},"wgc":{},"emm":[{"Type":"1","MainRange":47,"MainValue":0.23,"FarRange":207}],"sig":[{"t":"9-1","s":"","d":{"X":0.45,"Y":0.23}},{"t":"X1","s":"","d":{"X":0.758,"Y":0.176}}],"clr":{"R":229,"G":201,"B":239,"A":255}},"HE9-331-49":{"pid":"HE9-331","orb":1087.46,"per":18.12,"ang":224.05,"t":"ASTEROID","sp":"ASTEROID-3","s":22.67,"m":161.93,"gd":37.79,"wic":{},"woc":{},"wgc":{},"emm":[{"Type":"1","MainRange":66,"MainValue":0.23,"FarRange":95}],"sig":[{"t":"9-1","s":"","d":{"X":0.36,"Y":-0.84}},{"t":"X1","s":"","d":{"X":-0.56,"Y":0.478}}],"clr":{"R":219,"G":192,"B":244,"A":255}},"HE9-331-5":{"pid":"HE9-331","orb":1231.07,"per":20.51,"ang":83.18,"t":"ASTEROID","sp":"ASTEROID-1","s":26.12,"m":247.56,"gd":43.53,"wic":{},"woc":{},"wgc":{},"emm":[{"Type":"1","MainRange":22,"MainValue":0.14,"FarRange":202}],"sig":[{"t":"9-1","s":"","d":{"X":-0.62,"Y":-0.58}},{"t":"X1","s":"","d":{"X":0.607,"Y":-0.099}}],"clr":{"R":169,"G":248,"B":223,"A":255}},"HE9-331-50":{"pid":"HE9-331","orb":1231.66,"per":20.52,"ang":338.54,"t":"ASTEROID","sp":"ASTEROID-5","s":21.9,"m":145.95,"gd":36.5,"wic":{},"woc":{},"wgc":{},"emm":[{"Type":"1","MainRange":27,"MainValue":0.2,"FarRange":92},{"Type":"2","MainRange":81,"MainValue":0.31,"FarRange":217}],"sig":[{"t":"9-1","s":"","d":{"X":0.05,"Y":0.59}},{"t":"X1","s":"","d":{"X":0.183,"Y":-0.62}},{"t":"X2","s":"","d":{"X":-0.098,"Y":0.37}}],"clr":{"R":254,"G":231,"B":245,"A":255}},"HE9-331-51":{"pid":"HE9-331","orb":1066.44,"per":17.77,"ang":324.92,"t":"ASTEROID","sp":"ASTEROID-2","s":12.83,"m":29.39,"gd":21.39,"wic":{},"woc":{},"wgc":{},"emm":[{"Type":"1","MainRange":53,"MainValue":0.16,"FarRange":73}],"sig":[{"t":"9-1","s":"","d":{"X":0.49,"Y":0.08}},{"t":"X1","s":"","d":{"X":-0.4,"Y":0.454}}],"clr":{"R":249,"G":236,"B":245,"A":255}},"HE9-331-52":{"pid":"HE9-331","orb":1338,"per":22.3,"ang":27.68,"t":"ASTEROID","sp":"ASTEROID-1","s":18.7,"m":90.96,"gd":31.18,"wic":{},"woc":{},"wgc":{},"emm":[{"Type":"1","MainRange":61,"MainValue":0.25,"FarRange":168}],"sig":[{"t":"9-1","s":"","d":{"X":-0.69,"Y":-0.32}},{"t":"X1","s":"","d":{"X":0.414,"Y":-0.38}}],"clr":{"R":196,"G":231,"B":241,"A":255}},"HE9-331-53":{"pid":"HE9-331","orb":1064.09,"per":17.73,"ang":155.99,"t":"ASTEROID","sp":"ASTEROID-5","s":14.79,"m":45.01,"gd":24.66,"wic":{},"woc":{},"wgc":{},"emm":[{"Type":"1","MainRange":42,"MainValue":0.12,"FarRange":131}],"sig":[{"t":"9-1","s":"","d":{"X":-0.46,"Y":0.58}},{"t":"X1","s":"","d":{"X":-0.501,"Y":0.141}}],"clr":{"R":240,"G":241,"B":214,"A":255}},"HE9-331-54":{"pid":"HE9-331","orb":1173.45,"per":19.55,"ang":157.62,"t":"ASTEROID","sp":"ASTEROID-1","s":25.04,"m":218.12,"gd":41.73,"wic":{},"woc":{},"wgc":{},"emm":[{"Type":"1","MainRange":32,"MainValue":0.2,"FarRange":92}],"sig":[{"t":"9-1","s":"","d":{"X":-0.29,"Y":-0.02}},{"t":"X1","s":"","d":{"X":-0.225,"Y":-0.252}}],"clr":{"R":249,"G":183,"B":200,"A":255}},"HE9-331-55":{"pid":"HE9-331","orb":979.61,"per":16.32,"ang":305.22,"t":"ASTEROID","sp":"ASTEROID-2","s":18.7,"m":90.88,"gd":31.17,"wic":{},"woc":{},"wgc":{},"emm":[{"Type":"1","MainRange":53,"MainValue":0.35,"FarRange":155},{"Type":"27","MainRange":36,"MainValue":0.16,"FarRange":121},{"Type":"3","MainRange":51,"MainValue":0.17,"FarRange":180}],"sig":[{"t":"9-1","s":"","d":{"X":-0.42,"Y":0.44}},{"t":"X1","s":"","d":{"X":0.346,"Y":-0.851}},{"t":"X27","s":"","d":{"X":0.315,"Y":-0.599}},{"t":"X3","s":"","d":{"X":0.456,"Y":-0.225}}],"clr":{"R":249,"G":235,"B":236,"A":255}},"HE9-331-56":{"pid":"HE9-331","orb":1428.17,"per":23.8,"ang":78.5,"t":"ASTEROID","sp":"ASTEROID-5","s":18.21,"m":83.93,"gd":30.35,"wic":{},"woc":{},"wgc":{},"emm":[{"Type":"1","MainRange":43,"MainValue":0.18,"FarRange":51}],"sig":[{"t":"9-1","s":"","d":{"X":0.78,"Y":0.59}},{"t":"X1","s":"","d":{"X":-0.604,"Y":0.226}}],"clr":{"R":170,"G":236,"B":246,"A":255}},"HE9-331-57":{"pid":"HE9-331","orb":1210.47,"per":20.17,"ang":347.59,"t":"ASTEROID","sp":"ASTEROID-4","s":18.96,"m":94.66,"gd":31.6,"wic":{},"woc":{},"wgc":{},"emm":[{"Type":"1","MainRange":28,"MainValue":0.16,"FarRange":196}],"sig":[{"t":"9-1","s":"","d":{"X":-0.45,"Y":-0.19}},{"t":"X1","s":"","d":{"X":0.286,"Y":0.425}}],"clr":{"R":245,"G":207,"B":226,"A":255}},"HE9-331-58":{"pid":"HE9-331","orb":1147.3,"per":19.12,"ang":249.51,"t":"ASTEROID","sp":"ASTEROID-5","s":25.07,"m":218.85,"gd":41.78,"wic":{},"woc":{},"wgc":{},"emm":[{"Type":"1","MainRange":43,"MainValue":0.11,"FarRange":241},{"Type":"16","MainRange":28,"MainValue":0.18,"FarRange":175},{"Type":"12","MainRange":53,"MainValue":0.11,"FarRange":145},{"Type":"2","MainRange":28,"MainValue":0.19,"FarRange":167}],"sig":[{"t":"9-1","s":"","d":{"X":0.68,"Y":0.63}},{"t":"X1","s":"","d":{"X":0.173,"Y":-0.673}},{"t":"X16","s":"","d":{"X":-0.578,"Y":-0.703}},{"t":"X12","s":"","d":{"X":0.483,"Y":0.084}},{"t":"X2","s":"","d":{"X":-0.166,"Y":-0.683}}],"clr":{"R":213,"G":236,"B":185,"A":255}},"HE9-331-59":{"pid":"HE9-331","orb":1136.42,"per":18.94,"ang":151.77,"t":"ASTEROID","sp":"ASTEROID-2","s":31.43,"m":431.25,"gd":52.38,"wic":{},"woc":{},"wgc":{},"emm":[{"Type":"1","MainRange":41,"MainValue":0.25,"FarRange":189}],"sig":[{"t":"9-1","s":"","d":{"X":0.09,"Y":0.07}},{"t":"X1","s":"","d":{"X":-0.505,"Y":-0.4}}],"clr":{"R":250,"G":253,"B":252,"A":255}},"HE9-331-6":{"pid":"HE9-331","orb":964.05,"per":16.06,"ang":306.47,"t":"ASTEROID","sp":"ASTEROID-3","s":26.16,"m":248.92,"gd":43.61,"wic":{},"woc":{},"wgc":{},"emm":[{"Type":"1","MainRange":46.800000000000004,"MainValue":0.01,"FarRange":52}],"sig":[{"t":"9-1","s":"","d":{"X":-0.43,"Y":-0.14}},{"t":"X1","s":"","d":{"X":-0.589,"Y":-0.349}}],"clr":{"R":242,"G":251,"B":176,"A":255}},"HE9-331-60":{"pid":"HE9-331","orb":1406.32,"per":23.43,"ang":70.27,"t":"ASTEROID","sp":"ASTEROID-2","s":32.17,"m":462.45,"gd":53.61,"wic":{},"woc":{},"wgc":{},"emm":[{"Type":"1","MainRange":58,"MainValue":0.24,"FarRange":180}],"sig":[{"t":"9-1","s":"","d":{"X":-0.7,"Y":0.51}},{"t":"X1","s":"","d":{"X":-0.846,"Y":0.44}}],"clr":{"R":202,"G":251,"B":221,"A":255}},"HE9-331-61":{"pid":"HE9-331","orb":1041.39,"per":17.35,"ang":240.99,"t":"ASTEROID","sp":"ASTEROID-2","s":18.07,"m":82,"gd":30.12,"wic":{},"woc":{},"wgc":{},"emm":[{"Type":"1","MainRange":51,"MainValue":0.3,"FarRange":94},{"Type":"17","MainRange":85,"MainValue":0.22,"FarRange":105}],"sig":[{"t":"9-1","s":"","d":{"X":-0.87,"Y":-0.17}},{"t":"X1","s":"","d":{"X":-0.243,"Y":0.644}},{"t":"X17","s":"","d":{"X":0.945,"Y":-0.132}}],"clr":{"R":237,"G":237,"B":252,"A":255}},"HE9-331-62":{"pid":"HE9-331","orb":1214.98,"per":20.24,"ang":312.53,"t":"ASTEROID","sp":"ASTEROID-1","s":14.6,"m":43.29,"gd":24.34,"wic":{},"woc":{},"wgc":{},"emm":[{"Type":"1","MainRange":49,"MainValue":0.16,"FarRange":142}],"sig":[{"t":"9-1","s":"","d":{"X":-0.32,"Y":-0.88}},{"t":"X1","s":"","d":{"X":0.137,"Y":-0.234}}],"clr":{"R":228,"G":224,"B":246,"A":255}},"HE9-331-63":{"pid":"HE9-331","orb":1192.86,"per":19.88,"ang":209.69,"t":"ASTEROID","sp":"ASTEROID-4","s":14.96,"m":46.51,"gd":24.93,"wic":{},"woc":{},"wgc":{},"emm":[{"Type":"1","MainRange":48,"MainValue":0.21,"FarRange":111}],"sig":[{"t":"9-1","s":"","d":{"X":0.24,"Y":0.42}},{"t":"X1","s":"","d":{"X":0.652,"Y":0.154}}],"clr":{"R":229,"G":253,"B":219,"A":255}},"HE9-331-64":{"pid":"HE9-331","orb":988.63,"per":16.47,"ang":109.85,"t":"ASTEROID","sp":"ASTEROID-3","s":19.94,"m":110.21,"gd":33.24,"wic":{},"woc":{},"wgc":{},"emm":[{"Type":"1","MainRange":53,"MainValue":0.23,"FarRange":143}],"sig":[{"t":"9-1","s":"","d":{"X":0.31,"Y":0.2}},{"t":"X1","s":"","d":{"X":0.243,"Y":0.627}}],"clr":{"R":236,"G":176,"B":188,"A":255}},"HE9-331-65":{"pid":"HE9-331","orb":1155.14,"per":19.25,"ang":298.8,"t":"ASTEROID","sp":"ASTEROID-3","s":16.4,"m":61.32,"gd":27.34,"wic":{},"woc":{},"wgc":{},"emm":[{"Type":"1","MainRange":73,"MainValue":0.18,"FarRange":108}],"sig":[{"t":"9-1","s":"","d":{"X":-0.53,"Y":0.51}},{"t":"X1","s":"","d":{"X":0.849,"Y":0.292}}],"clr":{"R":254,"G":246,"B":240,"A":255}},"HE9-331-66":{"pid":"HE9-331","orb":1362.66,"per":22.71,"ang":103.7,"t":"ASTEROID","sp":"ASTEROID-1","s":14.31,"m":40.72,"gd":23.85,"wic":{},"woc":{},"wgc":{},"emm":[{"Type":"1","MainRange":87,"MainValue":0.23,"FarRange":119}],"sig":[{"t":"9-1","s":"","d":{"X":0.34,"Y":0.77}},{"t":"X1","s":"","d":{"X":0.582,"Y":0.672}}],"clr":{"R":201,"G":253,"B":223,"A":255}},"HE9-331-67":{"pid":"HE9-331","orb":1076.6,"per":17.94,"ang":156.38,"t":"ASTEROID","sp":"ASTEROID-5","s":30.91,"m":410.53,"gd":51.53,"wic":{},"woc":{},"wgc":{},"emm":[{"Type":"1","MainRange":45,"MainValue":0.1,"FarRange":212}],"sig":[{"t":"9-1","s":"","d":{"X":-0.22,"Y":0.85}},{"t":"X1","s":"","d":{"X":0.239,"Y":-0.529}}],"clr":{"R":244,"G":190,"B":192,"A":255}},"HE9-331-68":{"pid":"HE9-331","orb":1331.54,"per":22.19,"ang":319.34,"t":"ASTEROID","sp":"ASTEROID-3","s":19.25,"m":99.21,"gd":32.09,"wic":{},"woc":{},"wgc":{},"emm":[{"Type":"1","MainRange":64,"MainValue":0.14,"FarRange":193}],"sig":[{"t":"9-1","s":"","d":{"X":-0.36,"Y":-0.07}},{"t":"X1","s":"","d":{"X":-0.063,"Y":0.189}}],"clr":{"R":252,"G":176,"B":247,"A":255}},"HE9-331-69":{"pid":"HE9-331","orb":1224.69,"per":20.41,"ang":175.46,"t":"ASTEROID","sp":"ASTEROID-2","s":19.06,"m":96.27,"gd":31.77,"wic":{},"woc":{},"wgc":{},"emm":[{"Type":"1","MainRange":63,"MainValue":0.22,"FarRange":159},{"Type":"16","MainRange":58,"MainValue":0.24,"FarRange":114}],"sig":[{"t":"9-1","s":"","d":{"X":0.62,"Y":0.43}},{"t":"X1","s":"","d":{"X":0.054,"Y":-0.463}},{"t":"X16","s":"","d":{"X":0.563,"Y":0.103}}],"clr":{"R":238,"G":252,"B":239,"A":255}},"HE9-331-7":{"pid":"HE9-331","orb":1098.87,"per":18.31,"ang":358.38,"t":"ASTEROID","sp":"ASTEROID-4","s":25.23,"m":223.31,"gd":42.06,"wic":{},"woc":{},"wgc":{},"emm":[{"Type":"1","MainRange":69,"MainValue":0.3,"FarRange":184}],"sig":[{"t":"9-1","s":"","d":{"X":-0.13,"Y":-0.38}},{"t":"X1","s":"","d":{"X":-0.275,"Y":-0.653}}],"clr":{"R":205,"G":254,"B":228,"A":255}},"HE9-331-70":{"pid":"HE9-331","orb":1206.27,"per":20.1,"ang":160.54,"t":"ASTEROID","sp":"ASTEROID-1","s":21.89,"m":145.8,"gd":36.49,"wic":{},"woc":{},"wgc":{},"emm":[{"Type":"1","MainRange":62,"MainValue":0.2,"FarRange":147}],"sig":[{"t":"9-1","s":"","d":{"X":-0.27,"Y":0.28}},{"t":"X1","s":"","d":{"X":-0.344,"Y":0.871}}],"clr":{"R":247,"G":166,"B":219,"A":255}},"HE9-331-71":{"pid":"HE9-331","orb":1049.25,"per":17.48,"ang":275.48,"t":"ASTEROID","sp":"ASTEROID-5","s":23.46,"m":179.47,"gd":39.11,"wic":{},"woc":{},"wgc":{},"emm":[{"Type":"1","MainRange":57,"MainValue":0.07,"FarRange":104}],"sig":[{"t":"9-1","s":"","d":{"X":-0.21,"Y":-0.63}},{"t":"X1","s":"","d":{"X":-0.649,"Y":0.715}}],"clr":{"R":208,"G":250,"B":250,"A":255}},"HE9-331-72":{"pid":"HE9-331","orb":1165.61,"per":19.42,"ang":112.24,"t":"ASTEROID","sp":"ASTEROID-3","s":30.99,"m":413.53,"gd":51.65,"wic":{},"woc":{},"wgc":{},"emm":[{"Type":"1","MainRange":44,"MainValue":0.11,"FarRange":54}],"sig":[{"t":"9-1","s":"","d":{"X":-0.42,"Y":0.1}},{"t":"X1","s":"","d":{"X":0.869,"Y":-0.082}}],"clr":{"R":252,"G":254,"B":222,"A":255}},"HE9-331-73":{"pid":"HE9-331","orb":1239.12,"per":20.65,"ang":250.97,"t":"ASTEROID","sp":"ASTEROID-1","s":20.03,"m":111.7,"gd":33.39,"wic":{},"woc":{},"wgc":{},"emm":[{"Type":"1","MainRange":41,"MainValue":0.15,"FarRange":154}],"sig":[{"t":"9-1","s":"","d":{"X":0.01,"Y":-0.08}},{"t":"X1","s":"","d":{"X":-0.387,"Y":0.915}}],"clr":{"R":211,"G":244,"B":229,"A":255}},"HE9-331-74":{"pid":"HE9-331","orb":1037.28,"per":17.28,"ang":184.35,"t":"ASTEROID","sp":"ASTEROID-2","s":13.06,"m":30.96,"gd":21.77,"wic":{},"woc":{},"wgc":{},"emm":[{"Type":"1","MainRange":50,"MainValue":0.18,"FarRange":154}],"sig":[{"t":"9-1","s":"","d":{"X":-0.38,"Y":0.41}},{"t":"X1","s":"","d":{"X":-0.837,"Y":0.33}}],"clr":{"R":208,"G":249,"B":188,"A":255}},"HE9-331-75":{"pid":"HE9-331","orb":1342.97,"per":22.38,"ang":80.36,"t":"ASTEROID","sp":"ASTEROID-5","s":14.45,"m":41.96,"gd":24.09,"wic":{},"woc":{},"wgc":{},"emm":[{"Type":"1","MainRange":75,"MainValue":0.24,"FarRange":173}],"sig":[{"t":"9-1","s":"","d":{"X":0.26,"Y":0.62}},{"t":"X1","s":"","d":{"X":-0.882,"Y":0.426}}],"clr":{"R":250,"G":223,"B":209,"A":255}},"HE9-331-76":{"pid":"HE9-331","orb":1233.42,"per":20.55,"ang":325.61,"t":"ASTEROID","sp":"ASTEROID-2","s":13.23,"m":32.23,"gd":22.06,"wic":{},"woc":{},"wgc":{},"emm":[{"Type":"1","MainRange":29,"MainValue":0.25,"FarRange":227}],"sig":[{"t":"9-1","s":"","d":{"X":-0.27,"Y":-0.43}},{"t":"X1","s":"","d":{"X":-0.629,"Y":0.477}}],"clr":{"R":248,"G":225,"B":186,"A":255}},"HE9-331-77":{"pid":"HE9-331","orb":1196.24,"per":19.93,"ang":278.45,"t":"ASTEROID","sp":"ASTEROID-1","s":15.35,"m":50.29,"gd":25.59,"wic":{},"woc":{},"wgc":{},"emm":[{"Type":"1","MainRange":60,"MainValue":0.16,"FarRange":201},{"Type":"26","MainRange":41,"MainValue":0.31,"FarRange":167},{"Type":"13","MainRange":47,"MainValue":0.15,"FarRange":185},{"Type":"3","MainRange":54,"MainValue":0.22,"FarRange":195}],"sig":[{"t":"9-1","s":"","d":{"X":-0.04,"Y":-0.8}},{"t":"X1","s":"","d":{"X":-0.047,"Y":-0.311}},{"t":"X26","s":"","d":{"X":-0.058,"Y":0.91}},{"t":"X13","s":"","d":{"X":-0.162,"Y":0.893}},{"t":"X3","s":"","d":{"X":0.057,"Y":-0.5}}],"clr":{"R":248,"G":242,"B":252,"A":255}},"HE9-331-78":{"pid":"HE9-331","orb":1185.41,"per":19.75,"ang":320.72,"t":"ASTEROID","sp":"ASTEROID-5","s":15.84,"m":55.2,"gd":26.4,"wic":{},"woc":{},"wgc":{},"emm":[{"Type":"1","MainRange":32,"MainValue":0.18,"FarRange":116}],"sig":[{"t":"9-1","s":"","d":{"X":0.18,"Y":-0.92}},{"t":"X1","s":"","d":{"X":-0.175,"Y":-0.703}}],"clr":{"R":241,"G":252,"B":246,"A":255}},"HE9-331-79":{"pid":"HE9-331","orb":1081.08,"per":18.01,"ang":89.99,"t":"ASTEROID","sp":"ASTEROID-4","s":18.43,"m":87.06,"gd":30.73,"wic":{},"woc":{},"wgc":{},"emm":[{"Type":"1","MainRange":74,"MainValue":0.14,"FarRange":209}],"sig":[{"t":"9-1","s":"","d":{"X":0.29,"Y":-0.39}},{"t":"X1","s":"","d":{"X":-0.468,"Y":0.01}}],"clr":{"R":244,"G":222,"B":204,"A":255}},"HE9-331-8":{"pid":"HE9-331","orb":1010.01,"per":16.83,"ang":0.63,"t":"ASTEROID","sp":"ASTEROID-5","s":18.84,"m":92.94,"gd":31.4,"wic":{},"woc":{},"wgc":{},"emm":[{"Type":"1","MainRange":57,"MainValue":0.11,"FarRange":162}],"sig":[{"t":"9-1","s":"","d":{"X":-0.56,"Y":0.18}},{"t":"X1","s":"","d":{"X":0.677,"Y":0.237}}],"clr":{"R":163,"G":253,"B":230,"A":255}},"HE9-331-80":{"pid":"HE9-331","orb":1201.59,"per":20.02,"ang":154.61,"t":"ASTEROID","sp":"ASTEROID-1","s":22.22,"m":152.47,"gd":37.04,"wic":{},"woc":{},"wgc":{},"emm":[{"Type":"1","MainRange":65,"MainValue":0.15,"FarRange":184}],"sig":[{"t":"9-1","s":"","d":{"X":0.62,"Y":-0.69}},{"t":"X1","s":"","d":{"X":-0.368,"Y":0.178}}],"clr":{"R":205,"G":229,"B":250,"A":255}},"HE9-331-81":{"pid":"HE9-331","orb":914.86,"per":15.24,"ang":161,"t":"ASTEROID","sp":"ASTEROID-5","s":24.66,"m":208.34,"gd":41.1,"wic":{},"woc":{},"wgc":{},"emm":[{"Type":"1","MainRange":66,"MainValue":0.24,"FarRange":81}],"sig":[{"t":"9-1","s":"","d":{"X":0.52,"Y":0.03}},{"t":"X1","s":"","d":{"X":0.699,"Y":0.011}}],"clr":{"R":254,"G":252,"B":252,"A":255}},"HE9-331-82":{"pid":"HE9-331","orb":1112.07,"per":18.53,"ang":155.28,"t":"ASTEROID","sp":"ASTEROID-3","s":19.84,"m":108.53,"gd":33.07,"wic":{},"woc":{},"wgc":{},"emm":[{"Type":"1","MainRange":51,"MainValue":0.3,"FarRange":236}],"sig":[{"t":"9-1","s":"","d":{"X":0.13,"Y":-0.14}},{"t":"X1","s":"","d":{"X":0.123,"Y":0.643}}],"clr":{"R":254,"G":238,"B":234,"A":255}},"HE9-331-9":{"pid":"HE9-331","orb":1191.52,"per":19.85,"ang":308.27,"t":"ASTEROID","sp":"ASTEROID-4","s":14.53,"m":42.64,"gd":24.22,"wic":{},"woc":{},"wgc":{},"emm":[{"Type":"1","MainRange":16,"MainValue":0.1,"FarRange":137}],"sig":[{"t":"9-1","s":"","d":{"X":0.64,"Y":-0.55}},{"t":"X1","s":"","d":{"X":-0.674,"Y":-0.594}}],"clr":{"R":248,"G":253,"B":235,"A":255}},"HE9-959":{"pid":"HE9-S","orb":3386.93,"per":56.44,"t":"GASPLANET","sp":"GASPLANET-3","s":331.33,"m":353649.18,"gd":552.22,"wic":{},"woc":{},"wgc":{},"emm":[{"Type":"2","MainRange":537,"MainValue":0.86,"FarRange":1253},{"Type":"11","MainRange":501,"MainValue":1,"FarRange":1013}],"sig":[{"t":"0-2","s":"","d":{"X":-0.83,"Y":0.38}},{"t":"1-3","s":"","d":{"X":0.52,"Y":0.81}},{"t":"3-1","s":"","d":{"X":-0.36,"Y":0.64}},{"t":"6-2","s":"","d":{"X":0.05,"Y":-0.01}},{"t":"7-2","s":"","d":{"X":0.04,"Y":-0.18}},{"t":"7-3","s":"","d":{"X":-0.89,"Y":0.43}},{"t":"8-1","s":"","d":{"X":-0.45,"Y":-0.34}},{"t":"10-1","s":"","d":{"X":-0.7,"Y":0.47}},{"t":"11-1","s":"","d":{"X":0.6,"Y":-0.67}},{"t":"X2","s":"","d":{"X":0.72,"Y":0.352}},{"t":"X11","s":"","d":{"X":-0.487,"Y":-0.312}}],"clr":{"R":192,"G":245,"B":219,"A":255}},"HE9-S":{"t":"STAR","sp":"STAR-8","s":540.65,"m":8780039.33,"gd":1802.19,"wic":{},"woc":{},"wgc":{},"emm":[{"Type":"2","MainRange":1149,"MainValue":5.24,"FarRange":2307}],"sig":[{"t":"X2","s":"","d":{"X":-0.862,"Y":0.456}}],"clr":{"R":253,"G":249,"B":248,"A":255}}}}