{"SpawnDistance":2243.4280000000003,"Points":{"JJ7-056":{"pid":"JJ7-S","orb":1179.43,"per":19.65,"t":"GASPLANET","sp":"GASPLANET-39","s":184.33,"m":60893.37,"gd":307.22,"wic":{},"woc":{},"wgc":{},"sig":[{"t":"0-3","s":"","d":{"X":0.2,"Y":-0.42}},{"t":"1-3","s":"","d":{"X":0.76,"Y":0.44}},{"t":"3-1","s":"","d":{"X":0.18,"Y":0.53}},{"t":"6-3","s":"","d":{"X":-0.17,"Y":-0.1}},{"t":"7-2","s":"","d":{"X":-0.3,"Y":0.27}},{"t":"7-3","s":"","d":{"X":-0.4,"Y":-0.22}},{"t":"8-1","s":"","d":{"X":-0.69,"Y":-0.73}},{"t":"10-1","s":"","d":{"X":0.22,"Y":0.34}},{"t":"11-1","s":"","d":{"X":-0.87,"Y":-0.27}}],"clr":{"R":189,"G":251,"B":238,"A":255}},"JJ7-056-0":{"pid":"JJ7-056","orb":311.57,"per":5.19,"ang":46.74,"t":"ASTEROID","sp":"ASTEROID-5","s":23.9,"m":189.7,"gd":39.83,"wic":{},"woc":{},"wgc":{},"emm":[{"Type":"1","MainRange":61,"MainValue":0.13,"FarRange":120}],"sig":[{"t":"9-1","s":"","d":{"X":-0.75,"Y":-0.29}},{"t":"X1","s":"","d":{"X":-0.792,"Y":-0.597}}],"clr":{"R":201,"G":197,"B":239,"A":255}},"JJ7-056-1":{"pid":"JJ7-056","orb":230.89,"per":3.84,"ang":117.8,"t":"ASTEROID","sp":"ASTEROID-5","s":24.42,"m":202.43,"gd":40.71,"wic":{},"woc":{},"wgc":{},"emm":[{"Type":"1","MainRange":48,"MainValue":0.2,"FarRange":192}],"sig":[{"t":"9-1","s":"","d":{"X":-0.5,"Y":-0.86}},{"t":"X1","s":"","d":{"X":0.147,"Y":-0.349}}],"clr":{"R":238,"G":202,"B":241,"A":255}},"JJ7-056-2":{"pid":"JJ7-056","orb":320.56,"per":5.34,"ang":59.11,"t":"ASTEROID","sp":"ASTEROID-2","s":12.92,"m":29.97,"gd":21.53,"wic":{},"woc":{},"wgc":{},"emm":[{"Type":"1","MainRange":18,"MainValue":0.12,"FarRange":154}],"sig":[{"t":"9-1","s":"","d":{"X":-0.32,"Y":0.18}},{"t":"X1","s":"","d":{"X":0.012,"Y":0.864}}],"clr":{"R":246,"G":230,"B":242,"A":255}},"JJ7-056-3":{"pid":"JJ7-056","orb":265.27,"per":4.42,"ang":230.31,"t":"ASTEROID","sp":"ASTEROID-3","s":10.89,"m":17.96,"gd":18.15,"wic":{},"woc":{},"wgc":{},"emm":[{"Type":"1","MainRange":37,"MainValue":0.16,"FarRange":219}],"sig":[{"t":"9-1","s":"","d":{"X":0.51,"Y":0.11}},{"t":"X1","s":"","d":{"X":0.146,"Y":-0.5}}],"clr":{"R":253,"G":218,"B":223,"A":255}},"JJ7-056-4":{"pid":"JJ7-056","orb":255.54,"per":4.25,"ang":25.39,"t":"ASTEROID","sp":"ASTEROID-4","s":23.63,"m":183.33,"gd":39.38,"wic":{},"woc":{},"wgc":{},"emm":[{"Type":"1","MainRange":58,"MainValue":0.17,"FarRange":141}],"sig":[{"t":"9-1","s":"","d":{"X":0.17,"Y":0.51}},{"t":"X1","s":"","d":{"X":-0.059,"Y":0.709}}],"clr":{"R":219,"G":179,"B":230,"A":255}},"JJ7-681":{"pid":"JJ7-S","orb":2039.48,"per":33.99,"t":"GASPLANET","sp":"GASPLANET-4","s":138.61,"m":25892.32,"gd":231.02,"wic":{},"woc":{},"wgc":{},"sig":[{"t":"0-3","s":"","d":{"X":0.14,"Y":0.03}},{"t":"1-3","s":"","d":{"X":0.15,"Y":-0.97}},{"t":"3-1","s":"","d":{"X":0.31,"Y":-0.9}},{"t":"6-2","s":"","d":{"X":0.72,"Y":0.15}},{"t":"10-1","s":"","d":{"X":0.28,"Y":-0.31}},{"t":"11-1","s":"","d":{"X":0.19,"Y":0.67}}],"clr":{"R":254,"G":251,"B":246,"A":255}},"JJ7-681-0":{"pid":"JJ7-681","orb":447.09,"per":7.45,"ang":145.31,"t":"ASTEROID","sp":"ASTEROID-4","s":28.57,"m":323.91,"gd":47.61,"wic":{},"woc":{},"wgc":{},"emm":[{"Type":"1","MainRange":40,"MainValue":0.17,"FarRange":199}],"sig":[{"t":"9-1","s":"","d":{"X":0.09,"Y":-0.04}},{"t":"X1","s":"","d":{"X":-0.584,"Y":-0.156}}],"clr":{"R":253,"G":252,"B":233,"A":255}},"JJ7-681-1":{"pid":"JJ7-681","orb":527.03,"per":8.78,"ang":14.5,"t":"ASTEROID","sp":"ASTEROID-3","s":13.72,"m":35.89,"gd":22.87,"wic":{},"woc":{},"wgc":{},"emm":[{"Type":"1","MainRange":48,"MainValue":0.22,"FarRange":201}],"sig":[{"t":"9-1","s":"","d":{"X":0.27,"Y":0.67}},{"t":"X1","s":"","d":{"X":-0.774,"Y":-0.299}}],"clr":{"R":247,"G":206,"B":246,"A":255}},"JJ7-681-10":{"pid":"JJ7-681","orb":468.59,"per":7.8,"ang":347.11,"t":"ASTEROID","sp":"ASTEROID-5","s":21.33,"m":134.89,"gd":35.56,"wic":{},"woc":{},"wgc":{},"emm":[{"Type":"1","MainRange":41,"MainValue":0.24,"FarRange":175}],"sig":[{"t":"9-1","s":"","d":{"X":-0.14,"Y":0.83}},{"t":"X1","s":"","d":{"X":0.428,"Y":0.768}}],"clr":{"R":229,"G":248,"B":206,"A":255}},"JJ7-681-11":{"pid":"JJ7-681","orb":482.93,"per":8.04,"ang":12.69,"t":"ASTEROID","sp":"ASTEROID-5","s":9.72,"m":12.77,"gd":16.2,"wic":{},"woc":{},"wgc":{},"emm":[{"Type":"1","MainRange":37,"MainValue":0.3,"FarRange":182}],"sig":[{"t":"9-1","s":"","d":{"X":0.04,"Y":0.5}},{"t":"X1","s":"","d":{"X":0.298,"Y":-0.492}}],"clr":{"R":196,"G":246,"B":206,"A":255}},"JJ7-681-12":{"pid":"JJ7-681","orb":531.6,"per":8.86,"ang":107.69,"t":"ASTEROID","sp":"ASTEROID-5","s":16.37,"m":61.03,"gd":27.29,"wic":{},"woc":{},"wgc":{},"emm":[{"Type":"1","MainRange":63,"MainValue":0.22,"FarRange":123}],"sig":[{"t":"9-1","s":"","d":{"X":0.51,"Y":0.13}},{"t":"X1","s":"","d":{"X":0.781,"Y":0.322}}],"clr":{"R":233,"G":248,"B":243,"A":255}},"JJ7-681-13":{"pid":"JJ7-681","orb":562.35,"per":9.37,"ang":53.88,"t":"ASTEROID","sp":"ASTEROID-1","s":26.08,"m":246.47,"gd":43.47,"wic":{},"woc":{},"wgc":{},"emm":[{"Type":"1","MainRange":57,"MainValue":0.17,"FarRange":235}],"sig":[{"t":"9-1","s":"","d":{"X":0.42,"Y":0.12}},{"t":"X1","s":"","d":{"X":-0.049,"Y":0.541}}],"clr":{"R":233,"G":249,"B":236,"A":255}},"JJ7-681-14":{"pid":"JJ7-681","orb":421.64,"per":7.02,"ang":110.35,"t":"ASTEROID","sp":"ASTEROID-3","s":20.18,"m":114.16,"gd":33.63,"wic":{},"woc":{},"wgc":{},"emm":[{"Type":"1","MainRange":34,"MainValue":0.15,"FarRange":170}],"sig":[{"t":"9-1","s":"","d":{"X":-0.65,"Y":-0.5}},{"t":"X1","s":"","d":{"X":0.285,"Y":0.846}}],"clr":{"R":196,"G":251,"B":192,"A":255}},"JJ7-681-15":{"pid":"JJ7-681","orb":442.27,"per":7.37,"ang":235.47,"t":"ASTEROID","sp":"ASTEROID-5","s":14.94,"m":46.39,"gd":24.91,"wic":{},"woc":{},"wgc":{},"emm":[{"Type":"1","MainRange":49,"MainValue":0.21,"FarRange":226}],"sig":[{"t":"9-1","s":"","d":{"X":-0.86,"Y":0.29}},{"t":"X1","s":"","d":{"X":-0.23,"Y":-0.795}}],"clr":{"R":226,"G":240,"B":200,"A":255}},"JJ7-681-16":{"pid":"JJ7-681","orb":501.77,"per":8.36,"ang":19.55,"t":"ASTEROID","sp":"ASTEROID-1","s":11.98,"m":23.91,"gd":19.97,"wic":{},"woc":{},"wgc":{},"emm":[{"Type":"1","MainRange":82,"MainValue":0.06,"FarRange":214}],"sig":[{"t":"9-1","s":"","d":{"X":0.8,"Y":0.01}},{"t":"X1","s":"","d":{"X":0.08,"Y":-0.979}}],"clr":{"R":225,"G":250,"B":231,"A":255}},"JJ7-681-17":{"pid":"JJ7-681","orb":501.35,"per":8.35,"ang":77,"t":"ASTEROID","sp":"ASTEROID-4","s":14.62,"m":43.43,"gd":24.37,"wic":{},"woc":{},"wgc":{},"emm":[{"Type":"1","MainRange":16,"MainValue":0.33,"FarRange":119}],"sig":[{"t":"9-1","s":"","d":{"X":-0.48,"Y":0.57}},{"t":"X1","s":"","d":{"X":-0.121,"Y":-0.578}}],"clr":{"R":239,"G":182,"B":213,"A":255}},"JJ7-681-18":{"pid":"JJ7-681","orb":605.01,"per":10.08,"ang":189.72,"t":"ASTEROID","sp":"ASTEROID-5","s":16.64,"m":64.02,"gd":27.73,"wic":{},"woc":{},"wgc":{},"emm":[{"Type":"1","MainRange":24,"MainValue":0.21,"FarRange":162}],"sig":[{"t":"9-1","s":"","d":{"X":-0.88,"Y":0.23}},{"t":"X1","s":"","d":{"X":-0.794,"Y":0.17}}],"clr":{"R":254,"G":238,"B":174,"A":255}},"JJ7-681-19":{"pid":"JJ7-681","orb":500.25,"per":8.33,"ang":135.57,"t":"ASTEROID","sp":"ASTEROID-3","s":17.68,"m":76.83,"gd":29.47,"wic":{},"woc":{},"wgc":{},"emm":[{"Type":"1","MainRange":42,"MainValue":0.14,"FarRange":179}],"sig":[{"t":"9-1","s":"","d":{"X":0.08,"Y":-0.53}},{"t":"X1","s":"","d":{"X":0.216,"Y":-0.972}}],"clr":{"R":181,"G":197,"B":252,"A":255}},"JJ7-681-2":{"pid":"JJ7-681","orb":538.28,"per":8.97,"ang":18.83,"t":"ASTEROID","sp":"ASTEROID-2","s":17.9,"m":79.67,"gd":29.83,"wic":{},"woc":{},"wgc":{},"emm":[{"Type":"1","MainRange":58,"MainValue":0.21,"FarRange":101}],"sig":[{"t":"9-1","s":"","d":{"X":-0.62,"Y":0.5}},{"t":"X1","s":"","d":{"X":-0.175,"Y":0.612}}],"clr":{"R":198,"G":206,"B":241,"A":255}},"JJ7-681-20":{"pid":"JJ7-681","orb":482.8,"per":8.04,"ang":77.77,"t":"ASTEROID","sp":"ASTEROID-2","s":17.78,"m":78.16,"gd":29.64,"wic":{},"woc":{},"wgc":{},"emm":[{"Type":"1","MainRange":61,"MainValue":0.17,"FarRange":198}],"sig":[{"t":"9-1","s":"","d":{"X":0.03,"Y":0.13}},{"t":"X1","s":"","d":{"X":0.465,"Y":0.225}}],"clr":{"R":251,"G":229,"B":236,"A":255}},"JJ7-681-21":{"pid":"JJ7-681","orb":455.41,"per":7.59,"ang":265.18,"t":"ASTEROID","sp":"ASTEROID-1","s":25.99,"m":243.9,"gd":43.32,"wic":{},"woc":{},"wgc":{},"emm":[{"Type":"1","MainRange":19,"MainValue":0.22,"FarRange":174}],"sig":[{"t":"9-1","s":"","d":{"X":-0.25,"Y":-0.96}},{"t":"X1","s":"","d":{"X":-0.66,"Y":-0.427}}],"clr":{"R":218,"G":239,"B":191,"A":255}},"JJ7-681-22":{"pid":"JJ7-681","orb":337.63,"per":5.62,"ang":250.57,"t":"ASTEROID","sp":"ASTEROID-1","s":16.92,"m":67.37,"gd":28.21,"wic":{},"woc":{},"wgc":{},"emm":[{"Type":"1","MainRange":44,"MainValue":0.24,"FarRange":100}],"sig":[{"t":"9-1","s":"","d":{"X":0.25,"Y":0.93}},{"t":"X1","s":"","d":{"X":0.911,"Y":0.215}}],"clr":{"R":239,"G":250,"B":242,"A":255}},"JJ7-681-23":{"pid":"JJ7-681","orb":567.33,"per":9.45,"ang":84.18,"t":"ASTEROID","sp":"ASTEROID-2","s":22.4,"m":156.29,"gd":37.34,"wic":{},"woc":{},"wgc":{},"emm":[{"Type":"1","MainRange":47,"MainValue":0.19,"FarRange":152}],"sig":[{"t":"9-1","s":"","d":{"X":0.37,"Y":0.2}},{"t":"X1","s":"","d":{"X":-0.2,"Y":-0.765}}],"clr":{"R":182,"G":165,"B":252,"A":255}},"JJ7-681-24":{"pid":"JJ7-681","orb":505.25,"per":8.42,"ang":137.42,"t":"ASTEROID","sp":"ASTEROID-5","s":22.75,"m":163.55,"gd":37.91,"wic":{},"woc":{},"wgc":{},"emm":[{"Type":"1","MainRange":34,"MainValue":0.27,"FarRange":85}],"sig":[{"t":"9-1","s":"","d":{"X":0.29,"Y":-0.16}},{"t":"X1","s":"","d":{"X":0.304,"Y":-0.35}}],"clr":{"R":245,"G":253,"B":254,"A":255}},"JJ7-681-25":{"pid":"JJ7-681","orb":535.29,"per":8.92,"ang":353.16,"t":"ASTEROID","sp":"ASTEROID-5","s":8.56,"m":8.73,"gd":14.27,"wic":{},"woc":{},"wgc":{},"emm":[{"Type":"1","MainRange":36,"MainValue":0.18,"FarRange":115}],"sig":[{"t":"9-1","s":"","d":{"X":0.32,"Y":0.52}},{"t":"X1","s":"","d":{"X":-0.058,"Y":0.351}}],"clr":{"R":219,"G":252,"B":253,"A":255}},"JJ7-681-26":{"pid":"JJ7-681","orb":459.97,"per":7.66,"ang":259.99,"t":"ASTEROID","sp":"ASTEROID-4","s":20.75,"m":124.25,"gd":34.59,"wic":{},"woc":{},"wgc":{},"emm":[{"Type":"1","MainRange":24,"MainValue":0.28,"FarRange":126}],"sig":[{"t":"9-1","s":"","d":{"X":0.62,"Y":-0.69}},{"t":"X1","s":"","d":{"X":0.838,"Y":0.063}}],"clr":{"R":226,"G":230,"B":250,"A":255}},"JJ7-681-27":{"pid":"JJ7-681","orb":432.13,"per":7.2,"ang":79.46,"t":"ASTEROID","sp":"ASTEROID-3","s":27.54,"m":290.27,"gd":45.9,"wic":{},"woc":{},"wgc":{},"emm":[{"Type":"1","MainRange":65,"MainValue":0.15,"FarRange":106}],"sig":[{"t":"9-1","s":"","d":{"X":0.56,"Y":0.66}},{"t":"X1","s":"","d":{"X":0.203,"Y":-0.648}}],"clr":{"R":220,"G":247,"B":252,"A":255}},"JJ7-681-28":{"pid":"JJ7-681","orb":475.53,"per":7.92,"ang":297.92,"t":"ASTEROID","sp":"ASTEROID-3","s":21.38,"m":135.81,"gd":35.64,"wic":{},"woc":{},"wgc":{},"emm":[{"Type":"1","MainRange":63,"MainValue":0.25,"FarRange":75},{"Type":"26","MainRange":39,"MainValue":0.16,"FarRange":211}],"sig":[{"t":"9-1","s":"","d":{"X":0.3,"Y":0.52}},{"t":"X1","s":"","d":{"X":-0.649,"Y":0.221}},{"t":"X26","s":"","d":{"X":0.788,"Y":-0.239}}],"clr":{"R":226,"G":243,"B":254,"A":255}},"JJ7-681-29":{"pid":"JJ7-681","orb":531.57,"per":8.85,"ang":168.21,"t":"ASTEROID","sp":"ASTEROID-5","s":19.17,"m":97.96,"gd":31.96,"wic":{},"woc":{},"wgc":{},"emm":[{"Type":"1","MainRange":49,"MainValue":0.2,"FarRange":144}],"sig":[{"t":"9-1","s":"","d":{"X":0.69,"Y":-0.49}},{"t":"X1","s":"","d":{"X":-0.263,"Y":0.243}}],"clr":{"R":167,"G":231,"B":250,"A":255}},"JJ7-681-3":{"pid":"JJ7-681","orb":496.72,"per":8.27,"ang":33.74,"t":"ASTEROID","sp":"ASTEROID-4","s":11.16,"m":19.31,"gd":18.6,"wic":{},"woc":{},"wgc":{},"emm":[{"Type":"1","MainRange":46,"MainValue":0.18,"FarRange":137}],"sig":[{"t":"9-1","s":"","d":{"X":0.55,"Y":0.82}},{"t":"X1","s":"","d":{"X":0.538,"Y":0.694}}],"clr":{"R":253,"G":247,"B":253,"A":255}},"JJ7-681-30":{"pid":"JJ7-681","orb":445.65,"per":7.42,"ang":319.72,"t":"ASTEROID","sp":"ASTEROID-3","s":18.53,"m":88.4,"gd":30.88,"wic":{},"woc":{},"wgc":{},"emm":[{"Type":"1","MainRange":46,"MainValue":0.22,"FarRange":100}],"sig":[{"t":"9-1","s":"","d":{"X":0.93,"Y":0.18}},{"t":"X1","s":"","d":{"X":-0.226,"Y":-0.2}}],"clr":{"R":253,"G":244,"B":250,"A":255}},"JJ7-681-31":{"pid":"JJ7-681","orb":439.22,"per":7.32,"ang":247.06,"t":"ASTEROID","sp":"ASTEROID-5","s":22.23,"m":152.62,"gd":37.05,"wic":{},"woc":{},"wgc":{},"emm":[{"Type":"1","MainRange":57,"MainValue":0.12,"FarRange":92}],"sig":[{"t":"9-1","s":"","d":{"X":-0.38,"Y":-0.38}},{"t":"X1","s":"","d":{"X":-0.308,"Y":-0.896}}],"clr":{"R":254,"G":249,"B":241,"A":255}},"JJ7-681-32":{"pid":"JJ7-681","orb":472.51,"per":7.87,"ang":344.38,"t":"ASTEROID","sp":"ASTEROID-1","s":26.97,"m":272.64,"gd":44.95,"wic":{},"woc":{},"wgc":{},"emm":[{"Type":"1","MainRange":65,"MainValue":0.24,"FarRange":131},{"Type":"20","MainRange":33,"MainValue":0.15,"FarRange":155},{"Type":"14","MainRange":34,"MainValue":0.23,"FarRange":214},{"Type":"10","MainRange":50,"MainValue":0.17,"FarRange":182},{"Type":"2","MainRange":67,"MainValue":0.14,"FarRange":160}],"sig":[{"t":"9-1","s":"","d":{"X":0.15,"Y":0.02}},{"t":"X1","s":"","d":{"X":0.235,"Y":-0.461}},{"t":"X20","s":"","d":{"X":0.259,"Y":0.472}},{"t":"X14","s":"","d":{"X":0.775,"Y":-0.157}},{"t":"X10","s":"","d":{"X":-0.579,"Y":0.169}},{"t":"X2","s":"","d":{"X":0.708,"Y":-0.229}}],"clr":{"R":207,"G":243,"B":196,"A":255}},"JJ7-681-33":{"pid":"JJ7-681","orb":487.62,"per":8.12,"ang":115.99,"t":"ASTEROID","sp":"ASTEROID-5","s":17.5,"m":74.51,"gd":29.17,"wic":{},"woc":{},"wgc":{},"emm":[{"Type":"1","MainRange":26,"MainValue":0.21,"FarRange":82}],"sig":[{"t":"9-1","s":"","d":{"X":-0.31,"Y":-0.66}},{"t":"X1","s":"","d":{"X":0.412,"Y":-0.621}}],"clr":{"R":242,"G":192,"B":179,"A":255}},"JJ7-681-34":{"pid":"JJ7-681","orb":487.56,"per":8.12,"ang":215.63,"t":"ASTEROID","sp":"ASTEROID-4","s":25.92,"m":241.87,"gd":43.2,"wic":{},"woc":{},"wgc":{},"emm":[{"Type":"1","MainRange":33,"MainValue":0.18,"FarRange":195}],"sig":[{"t":"9-1","s":"","d":{"X":-0.84,"Y":-0.25}},{"t":"X1","s":"","d":{"X":0.21,"Y":-0.808}}],"clr":{"R":250,"G":228,"B":206,"A":255}},"JJ7-681-35":{"pid":"JJ7-681","orb":526.06,"per":8.76,"ang":293.25,"t":"ASTEROID","sp":"ASTEROID-3","s":17.64,"m":76.24,"gd":29.4,"wic":{},"woc":{},"wgc":{},"emm":[{"Type":"1","MainRange":30.6,"MainValue":0.17,"FarRange":34}],"sig":[{"t":"9-1","s":"","d":{"X":-0.58,"Y":-0.55}},{"t":"X1","s":"","d":{"X":-0.934,"Y":0.062}}],"clr":{"R":242,"G":254,"B":246,"A":255}},"JJ7-681-36":{"pid":"JJ7-681","orb":419.77,"per":6.99,"ang":311.52,"t":"ASTEROID","sp":"ASTEROID-2","s":24.69,"m":209.04,"gd":41.15,"wic":{},"woc":{},"wgc":{},"emm":[{"Type":"1","MainRange":43,"MainValue":0.25,"FarRange":138},{"Type":"6","MainRange":58,"MainValue":0.14,"FarRange":74}],"sig":[{"t":"9-1","s":"","d":{"X":0.97,"Y":0.07}},{"t":"X1","s":"","d":{"X":-0.105,"Y":-0.11}},{"t":"X6","s":"","d":{"X":-0.045,"Y":0.493}}],"clr":{"R":216,"G":249,"B":241,"A":255}},"JJ7-681-37":{"pid":"JJ7-681","orb":552.19,"per":9.2,"ang":255.77,"t":"ASTEROID","sp":"ASTEROID-1","s":20.14,"m":113.54,"gd":33.57,"wic":{},"woc":{},"wgc":{},"emm":[{"Type":"1","MainRange":66,"MainValue":0.34,"FarRange":184}],"sig":[{"t":"9-1","s":"","d":{"X":0.13,"Y":0.85}},{"t":"X1","s":"","d":{"X":-0.512,"Y":-0.625}}],"clr":{"R":236,"G":242,"B":215,"A":255}},"JJ7-681-38":{"pid":"JJ7-681","orb":446.43,"per":7.44,"ang":82.87,"t":"ASTEROID","sp":"ASTEROID-2","s":18.21,"m":83.92,"gd":30.35,"wic":{},"woc":{},"wgc":{},"emm":[{"Type":"1","MainRange":57,"MainValue":0.25,"FarRange":137}],"sig":[{"t":"9-1","s":"","d":{"X":-0.62,"Y":0.51}},{"t":"X1","s":"","d":{"X":-0.869,"Y":0.4}}],"clr":{"R":253,"G":253,"B":250,"A":255}},"JJ7-681-39":{"pid":"JJ7-681","orb":547.66,"per":9.12,"ang":234.03,"t":"ASTEROID","sp":"ASTEROID-3","s":12.96,"m":30.28,"gd":21.61,"wic":{},"woc":{},"wgc":{},"emm":[{"Type":"1","MainRange":25,"MainValue":0.17,"FarRange":135},{"Type":"26","MainRange":56,"MainValue":0.12,"FarRange":179}],"sig":[{"t":"9-1","s":"","d":{"X":-0.25,"Y":-0.34}},{"t":"X1","s":"","d":{"X":0.589,"Y":0.5}},{"t":"X26","s":"","d":{"X":0.788,"Y":0.599}}],"clr":{"R":234,"G":247,"B":191,"A":255}},"JJ7-681-4":{"pid":"JJ7-681","orb":464.13,"per":7.73,"ang":275.8,"t":"ASTEROID","sp":"ASTEROID-1","s":21.65,"m":141.09,"gd":36.09,"wic":{},"woc":{},"wgc":{},"emm":[{"Type":"1","MainRange":55,"MainValue":0.26,"FarRange":97}],"sig":[{"t":"9-1","s":"","d":{"X":-0.19,"Y":0.9}},{"t":"X1","s":"","d":{"X":0.342,"Y":0.389}}],"clr":{"R":246,"G":234,"B":204,"A":255}},"JJ7-681-40":{"pid":"JJ7-681","orb":511.18,"per":8.51,"ang":179.28,"t":"ASTEROID","sp":"ASTEROID-2","s":16.37,"m":61.01,"gd":27.29,"wic":{},"woc":{},"wgc":{},"emm":[{"Type":"1","MainRange":59,"MainValue":0.23,"FarRange":82}],"sig":[{"t":"9-1","s":"","d":{"X":-0.57,"Y":-0.63}},{"t":"X1","s":"","d":{"X":-0.644,"Y":0.636}}],"clr":{"R":195,"G":251,"B":208,"A":255}},"JJ7-681-41":{"pid":"JJ7-681","orb":531.78,"per":8.86,"ang":251.5,"t":"ASTEROID","sp":"ASTEROID-2","s":23.39,"m":177.88,"gd":38.99,"wic":{},"woc":{},"wgc":{},"emm":[{"Type":"1","MainRange":72,"MainValue":0.26,"FarRange":118}],"sig":[{"t":"9-1","s":"","d":{"X":-0.54,"Y":0.67}},{"t":"X1","s":"","d":{"X":-0.041,"Y":-0.558}}],"clr":{"R":253,"G":212,"B":233,"A":255}},"JJ7-681-42":{"pid":"JJ7-681","orb":460.74,"per":7.67,"ang":76.96,"t":"ASTEROID","sp":"ASTEROID-1","s":23.3,"m":175.87,"gd":38.84,"wic":{},"woc":{},"wgc":{},"emm":[{"Type":"1","MainRange":40,"MainValue":0.14,"FarRange":128}],"sig":[{"t":"9-1","s":"","d":{"X":0.42,"Y":-0.84}},{"t":"X1","s":"","d":{"X":0.079,"Y":0.132}}],"clr":{"R":205,"G":240,"B":212,"A":255}},"JJ7-681-43":{"pid":"JJ7-681","orb":554.55,"per":9.24,"ang":27.15,"t":"ASTEROID","sp":"ASTEROID-4","s":18.02,"m":81.27,"gd":30.03,"wic":{},"woc":{},"wgc":{},"emm":[{"Type":"1","MainRange":59,"MainValue":0.15,"FarRange":171}],"sig":[{"t":"9-1","s":"","d":{"X":-0.13,"Y":-0.39}},{"t":"X1","s":"","d":{"X":0.737,"Y":0.484}}],"clr":{"R":212,"G":254,"B":200,"A":255}},"JJ7-681-44":{"pid":"JJ7-681","orb":565.73,"per":9.42,"ang":24.8,"t":"ASTEROID","sp":"ASTEROID-4","s":16.64,"m":64.1,"gd":27.74,"wic":{},"woc":{},"wgc":{},"emm":[{"Type":"1","MainRange":59,"MainValue":0.08,"FarRange":167}],"sig":[{"t":"9-1","s":"","d":{"X":0.53,"Y":-0.37}},{"t":"X1","s":"","d":{"X":0.408,"Y":-0.774}}],"clr":{"R":253,"G":179,"B":227,"A":255}},"JJ7-681-45":{"pid":"JJ7-681","orb":535.68,"per":8.92,"ang":247.32,"t":"ASTEROID","sp":"ASTEROID-4","s":12.19,"m":25.19,"gd":20.32,"wic":{},"woc":{},"wgc":{},"emm":[{"Type":"1","MainRange":38,"MainValue":0.18,"FarRange":166}],"sig":[{"t":"9-1","s":"","d":{"X":-0.2,"Y":0.65}},{"t":"X1","s":"","d":{"X":-0.236,"Y":0.168}}],"clr":{"R":252,"G":233,"B":234,"A":255}},"JJ7-681-46":{"pid":"JJ7-681","orb":474.31,"per":7.9,"ang":354.88,"t":"ASTEROID","sp":"ASTEROID-4","s":27.17,"m":278.74,"gd":45.29,"wic":{},"woc":{},"wgc":{},"emm":[{"Type":"1","MainRange":43,"MainValue":0.21,"FarRange":201},{"Type":"26","MainRange":13.5,"MainValue":0.22,"FarRange":15},{"Type":"10","MainRange":59,"MainValue":0.32,"FarRange":179}],"sig":[{"t":"9-1","s":"","d":{"X":-0.58,"Y":0.79}},{"t":"X1","s":"","d":{"X":0.07,"Y":-0.337}},{"t":"X26","s":"","d":{"X":-0.144,"Y":-0.286}},{"t":"X10","s":"","d":{"X":-0.661,"Y":0.06}}],"clr":{"R":249,"G":253,"B":248,"A":255}},"JJ7-681-47":{"pid":"JJ7-681","orb":497.09,"per":8.28,"ang":277.91,"t":"ASTEROID","sp":"ASTEROID-3","s":27.01,"m":273.73,"gd":45.01,"wic":{},"woc":{},"wgc":{},"emm":[{"Type":"1","MainRange":29,"MainValue":0.22,"FarRange":155}],"sig":[{"t":"9-1","s":"","d":{"X":0.08,"Y":0.81}},{"t":"X1","s":"","d":{"X":-0.222,"Y":-0.075}}],"clr":{"R":180,"G":247,"B":184,"A":255}},"JJ7-681-48":{"pid":"JJ7-681","orb":553.51,"per":9.22,"ang":82.45,"t":"ASTEROID","sp":"ASTEROID-2","s":13.33,"m":32.95,"gd":22.23,"wic":{},"woc":{},"wgc":{},"emm":[{"Type":"1","MainRange":37,"MainValue":0.15,"FarRange":231}],"sig":[{"t":"9-1","s":"","d":{"X":0.45,"Y":-0.82}},{"t":"X1","s":"","d":{"X":0.69,"Y":0.341}}],"clr":{"R":197,"G":185,"B":252,"A":255}},"JJ7-681-49":{"pid":"JJ7-681","orb":487.33,"per":8.12,"ang":308.87,"t":"ASTEROID","sp":"ASTEROID-2","s":28.14,"m":309.69,"gd":46.91,"wic":{},"woc":{},"wgc":{},"emm":[{"Type":"1","MainRange":51,"MainValue":0.15,"FarRange":74}],"sig":[{"t":"9-1","s":"","d":{"X":0.25,"Y":0.21}},{"t":"X1","s":"","d":{"X":0.3,"Y":-0.306}}],"clr":{"R":232,"G":253,"B":209,"A":255}},"JJ7-681-5":{"pid":"JJ7-681","orb":420.29,"per":7,"ang":135.92,"t":"ASTEROID","sp":"ASTEROID-1","s":15.23,"m":49.09,"gd":25.38,"wic":{},"woc":{},"wgc":{},"emm":[{"Type":"1","MainRange":39,"MainValue":0.18,"FarRange":251}],"sig":[{"t":"9-1","s":"","d":{"X":-0.43,"Y":0.53}},{"t":"X1","s":"","d":{"X":0.637,"Y":-0.058}}],"clr":{"R":254,"G":250,"B":253,"A":255}},"JJ7-681-50":{"pid":"JJ7-681","orb":420.16,"per":7,"ang":237.47,"t":"ASTEROID","sp":"ASTEROID-3","s":26.1,"m":247.13,"gd":43.51,"wic":{},"woc":{},"wgc":{},"emm":[{"Type":"1","MainRange":61,"MainValue":0.23,"FarRange":160}],"sig":[{"t":"9-1","s":"","d":{"X":0.83,"Y":-0.52}},{"t":"X1","s":"","d":{"X":-0.515,"Y":-0.058}}],"clr":{"R":241,"G":235,"B":250,"A":255}},"JJ7-681-51":{"pid":"JJ7-681","orb":496.36,"per":8.27,"ang":19.37,"t":"ASTEROID","sp":"ASTEROID-2","s":27.98,"m":304.27,"gd":46.63,"wic":{},"woc":{},"wgc":{},"emm":[{"Type":"1","MainRange":68,"MainValue":0.24,"FarRange":165}],"sig":[{"t":"9-1","s":"","d":{"X":-0.11,"Y":0.3}},{"t":"X1","s":"","d":{"X":-0.431,"Y":0.117}}],"clr":{"R":223,"G":246,"B":224,"A":255}},"JJ7-681-52":{"pid":"JJ7-681","orb":442.39,"per":7.37,"ang":112.43,"t":"ASTEROID","sp":"ASTEROID-3","s":25.13,"m":220.47,"gd":41.88,"wic":{},"woc":{},"wgc":{},"emm":[{"Type":"1","MainRange":57,"MainValue":0.17,"FarRange":132}],"sig":[{"t":"9-1","s":"","d":{"X":-0.31,"Y":-0.76}},{"t":"X1","s":"","d":{"X":-0.398,"Y":0.365}}],"clr":{"R":219,"G":225,"B":247,"A":255}},"JJ7-681-53":{"pid":"JJ7-681","orb":474.13,"per":7.9,"ang":129.21,"t":"ASTEROID","sp":"ASTEROID-3","s":10.99,"m":18.46,"gd":18.32,"wic":{},"woc":{},"wgc":{},"emm":[{"Type":"1","MainRange":57,"MainValue":0.1,"FarRange":138}],"sig":[{"t":"9-1","s":"","d":{"X":-0.07,"Y":-0.38}},{"t":"X1","s":"","d":{"X":0.229,"Y":0.155}}],"clr":{"R":238,"G":183,"B":195,"A":255}},"JJ7-681-54":{"pid":"JJ7-681","orb":463.98,"per":7.73,"ang":71.22,"t":"ASTEROID","sp":"ASTEROID-4","s":21.75,"m":142.99,"gd":36.25,"wic":{},"woc":{},"wgc":{},"emm":[{"Type":"1","MainRange":39,"MainValue":0.25,"FarRange":155},{"Type":"5","MainRange":66,"MainValue":0.12,"FarRange":113}],"sig":[{"t":"9-1","s":"","d":{"X":0.33,"Y":-0.13}},{"t":"X1","s":"","d":{"X":0.192,"Y":0.893}},{"t":"X5","s":"","d":{"X":0.738,"Y":-0.479}}],"clr":{"R":207,"G":202,"B":240,"A":255}},"JJ7-681-55":{"pid":"JJ7-681","orb":464.33,"per":7.73,"ang":346.91,"t":"ASTEROID","sp":"ASTEROID-4","s":21.67,"m":141.42,"gd":36.12,"wic":{},"woc":{},"wgc":{},"emm":[{"Type":"1","MainRange":25,"MainValue":0.2,"FarRange":107}],"sig":[{"t":"9-1","s":"","d":{"X":0.11,"Y":0.19}},{"t":"X1","s":"","d":{"X":0.454,"Y":0.335}}],"clr":{"R":246,"G":254,"B":220,"A":255}},"JJ7-681-56":{"pid":"JJ7-681","orb":466.75,"per":7.77,"ang":266.7,"t":"ASTEROID","sp":"ASTEROID-5","s":20.83,"m":125.67,"gd":34.73,"wic":{},"woc":{},"wgc":{},"emm":[{"Type":"1","MainRange":60,"MainValue":0.18,"FarRange":171}],"sig":[{"t":"9-1","s":"","d":{"X":0.55,"Y":0.2}},{"t":"X1","s":"","d":{"X":-0.701,"Y":-0.708}}],"clr":{"R":215,"G":228,"B":253,"A":255}},"JJ7-681-57":{"pid":"JJ7-681","orb":427.38,"per":7.12,"ang":65.2,"t":"ASTEROID","sp":"ASTEROID-2","s":16.29,"m":60.05,"gd":27.15,"wic":{},"woc":{},"wgc":{},"emm":[{"Type":"1","MainRange":47,"MainValue":0.2,"FarRange":148}],"sig":[{"t":"9-1","s":"","d":{"X":-0.36,"Y":0.6}},{"t":"X1","s":"","d":{"X":0.053,"Y":-0.661}}],"clr":{"R":253,"G":246,"B":253,"A":255}},"JJ7-681-58":{"pid":"JJ7-681","orb":415.9,"per":6.93,"ang":355.69,"t":"ASTEROID","sp":"ASTEROID-3","s":19.44,"m":102.18,"gd":32.41,"wic":{},"woc":{},"wgc":{},"emm":[{"Type":"1","MainRange":20,"MainValue":0.2,"FarRange":198}],"sig":[{"t":"9-1","s":"","d":{"X":0.49,"Y":0.31}},{"t":"X1","s":"","d":{"X":0.171,"Y":-0.67}}],"clr":{"R":195,"G":239,"B":199,"A":255}},"JJ7-681-59":{"pid":"JJ7-681","orb":506.51,"per":8.44,"ang":330.52,"t":"ASTEROID","sp":"ASTEROID-4","s":32.57,"m":480.18,"gd":54.29,"wic":{},"woc":{},"wgc":{},"emm":[{"Type":"1","MainRange":56,"MainValue":0.19,"FarRange":126}],"sig":[{"t":"9-1","s":"","d":{"X":0.54,"Y":0.22}},{"t":"X1","s":"","d":{"X":-0.46,"Y":0.021}}],"clr":{"R":247,"G":237,"B":229,"A":255}},"JJ7-681-6":{"pid":"JJ7-681","orb":464.23,"per":7.73,"ang":204.86,"t":"ASTEROID","sp":"ASTEROID-3","s":34.91,"m":590.98,"gd":58.18,"wic":{},"woc":{},"wgc":{},"emm":[{"Type":"1","MainRange":41,"MainValue":0.22,"FarRange":151}],"sig":[{"t":"9-1","s":"","d":{"X":0.29,"Y":0.62}},{"t":"X1","s":"","d":{"X":-0.239,"Y":-0.545}}],"clr":{"R":186,"G":169,"B":250,"A":255}},"JJ7-681-60":{"pid":"JJ7-681","orb":442.21,"per":7.37,"ang":127.59,"t":"ASTEROID","sp":"ASTEROID-4","s":14.02,"m":38.31,"gd":23.37,"wic":{},"woc":{},"wgc":{},"emm":[{"Type":"1","MainRange":72,"MainValue":0.21,"FarRange":155},{"Type":"6","MainRange":55,"MainValue":0.21,"FarRange":160}],"sig":[{"t":"9-1","s":"","d":{"X":-0.04,"Y":-0.11}},{"t":"X1","s":"","d":{"X":0.86,"Y":0.491}},{"t":"X6","s":"","d":{"X":-0.592,"Y":0.104}}],"clr":{"R":235,"G":245,"B":197,"A":255}},"JJ7-681-61":{"pid":"JJ7-681","orb":520.99,"per":8.68,"ang":324.07,"t":"ASTEROID","sp":"ASTEROID-1","s":9.22,"m":10.91,"gd":15.37,"wic":{},"woc":{},"wgc":{},"emm":[{"Type":"1","MainRange":61,"MainValue":0.16,"FarRange":179}],"sig":[{"t":"9-1","s":"","d":{"X":0.48,"Y":-0.17}},{"t":"X1","s":"","d":{"X":-0.946,"Y":-0.321}}],"clr":{"R":254,"G":252,"B":244,"A":255}},"JJ7-681-62":{"pid":"JJ7-681","orb":493.45,"per":8.22,"ang":58.49,"t":"ASTEROID","sp":"ASTEROID-4","s":22.47,"m":157.75,"gd":37.46,"wic":{},"woc":{},"wgc":{},"emm":[{"Type":"1","MainRange":50,"MainValue":0.15,"FarRange":61}],"sig":[{"t":"9-1","s":"","d":{"X":-0.53,"Y":-0.47}},{"t":"X1","s":"","d":{"X":-0.803,"Y":-0.251}}],"clr":{"R":247,"G":253,"B":242,"A":255}},"JJ7-681-63":{"pid":"JJ7-681","orb":381.61,"per":6.36,"ang":18.3,"t":"ASTEROID","sp":"ASTEROID-2","s":28.3,"m":314.88,"gd":47.17,"wic":{},"woc":{},"wgc":{},"emm":[{"Type":"1","MainRange":26,"MainValue":0.18,"FarRange":193},{"Type":"6","MainRange":52,"MainValue":0.19,"FarRange":120}],"sig":[{"t":"9-1","s":"","d":{"X":-0.64,"Y":0.25}},{"t":"X1","s":"","d":{"X":-0.274,"Y":0.497}},{"t":"X6","s":"","d":{"X":-0.104,"Y":-0.951}}],"clr":{"R":239,"G":253,"B":248,"A":255}},"JJ7-681-64":{"pid":"JJ7-681","orb":557.85,"per":9.29,"ang":143.92,"t":"ASTEROID","sp":"ASTEROID-3","s":22.97,"m":168.46,"gd":38.29,"wic":{},"woc":{},"wgc":{},"emm":[{"Type":"1","MainRange":47,"MainValue":0.11,"FarRange":125}],"sig":[{"t":"9-1","s":"","d":{"X":-0.61,"Y":0.24}},{"t":"X1","s":"","d":{"X":-0.858,"Y":-0.322}}],"clr":{"R":215,"G":242,"B":233,"A":255}},"JJ7-681-7":{"pid":"JJ7-681","orb":468.23,"per":7.8,"ang":225.79,"t":"ASTEROID","sp":"ASTEROID-2","s":22.57,"m":159.85,"gd":37.63,"wic":{},"woc":{},"wgc":{},"emm":[{"Type":"1","MainRange":81,"MainValue":0.29,"FarRange":123},{"Type":"25","MainRange":62,"MainValue":0.16,"FarRange":216},{"Type":"18","MainRange":51,"MainValue":0.28,"FarRange":66},{"Type":"2","MainRange":29,"MainValue":0.23,"FarRange":94}],"sig":[{"t":"9-1","s":"","d":{"X":0.37,"Y":0.81}},{"t":"X1","s":"","d":{"X":-0.327,"Y":0.162}},{"t":"X25","s":"","d":{"X":0.384,"Y":0.723}},{"t":"X18","s":"","d":{"X":-0.346,"Y":-0.13}},{"t":"X2","s":"","d":{"X":0.528,"Y":0.596}}],"clr":{"R":231,"G":248,"B":230,"A":255}},"JJ7-681-8":{"pid":"JJ7-681","orb":429.44,"per":7.15,"ang":332.85,"t":"ASTEROID","sp":"ASTEROID-2","s":18.11,"m":82.61,"gd":30.19,"wic":{},"woc":{},"wgc":{},"emm":[{"Type":"1","MainRange":60,"MainValue":0.21,"FarRange":107}],"sig":[{"t":"9-1","s":"","d":{"X":-0.06,"Y":0.11}},{"t":"X1","s":"","d":{"X":0.337,"Y":0.029}}],"clr":{"R":214,"G":219,"B":253,"A":255}},"JJ7-681-9":{"pid":"JJ7-681","orb":485.14,"per":8.08,"ang":186.71,"t":"ASTEROID","sp":"ASTEROID-4","s":18.57,"m":88.96,"gd":30.95,"wic":{},"woc":{},"wgc":{},"emm":[{"Type":"1","MainRange":53,"MainValue":0.1,"FarRange":166}],"sig":[{"t":"9-1","s":"","d":{"X":0.09,"Y":0.97}},{"t":"X1","s":"","d":{"X":0.558,"Y":0.475}}],"clr":{"R":239,"G":177,"B":211,"A":255}},"JJ7-S":{"t":"STAR","sp":"STAR-11","s":343.39,"m":2249702.62,"gd":1144.66,"wic":{},"woc":{},"wgc":{},"emm":[{"Type":"2","MainRange":618,"MainValue":4.81,"FarRange":2960},{"Type":"27","MainRange":1134,"MainValue":5.42,"FarRange":4522},{"Type":"20","MainRange":632,"MainValue":5.01,"FarRange":3913}],"sig":[{"t":"X2","s":"","d":{"X":0.095,"Y":-0.426}},{"t":"X27","s":"","d":{"X":0.705,"Y":0.686}},{"t":"X20","s":"","d":{"X":0.423,"Y":-0.711}}],"clr":{"R":238,"G":238,"B":178,"A":255}}}}