{"SpawnDistance":6862.680000000001,"Points":{"DS2-1-0":{"pid":"DS2-S","orb":2200.4,"per":36.67,"ang":138.59,"t":"ASTEROID","sp":"ASTEROID-4","s":23.69,"m":184.73,"gd":39.48,"wic":{},"woc":{},"wgc":{},"emm":[{"Type":"1","MainRange":44.1,"MainValue":0.22,"FarRange":49}],"sig":[{"t":"9-1","s":"","d":{"X":-0.74,"Y":-0.58}},{"t":"9-2","s":"","d":{"X":0.45,"Y":0.33}},{"t":"X1","s":"","d":{"X":-0.792,"Y":0.36}}],"clr":{"R":223,"G":212,"B":244,"A":255}},"DS2-1-1":{"pid":"DS2-S","orb":2159.66,"per":35.99,"ang":215.66,"t":"ASTEROID","sp":"ASTEROID-3","s":20.89,"m":126.78,"gd":34.83,"wic":{},"woc":{},"wgc":{},"emm":[{"Type":"1","MainRange":23,"MainValue":0.07,"FarRange":266}],"sig":[{"t":"9-1","s":"","d":{"X":0.51,"Y":-0.53}},{"t":"9-2","s":"","d":{"X":0.26,"Y":0.8}},{"t":"X1","s":"","d":{"X":0.878,"Y":-0.396}}],"clr":{"R":237,"G":242,"B":193,"A":255}},"DS2-1-10":{"pid":"DS2-S","orb":2165.5,"per":36.09,"ang":124.65,"t":"ASTEROID","sp":"ASTEROID-2","s":17.3,"m":71.92,"gd":28.83,"wic":{},"woc":{},"wgc":{},"emm":[{"Type":"1","MainRange":48,"MainValue":0.26,"FarRange":113}],"sig":[{"t":"9-1","s":"","d":{"X":0.11,"Y":-0.02}},{"t":"9-2","s":"","d":{"X":-0.22,"Y":0.07}},{"t":"X1","s":"","d":{"X":0.052,"Y":0.739}}],"clr":{"R":216,"G":253,"B":156,"A":255}},"DS2-1-11":{"pid":"DS2-S","orb":2232.2,"per":37.2,"ang":84.63,"t":"ASTEROID","sp":"ASTEROID-5","s":14.78,"m":44.88,"gd":24.64,"wic":{},"woc":{},"wgc":{},"emm":[{"Type":"1","MainRange":40,"MainValue":0.24,"FarRange":152}],"sig":[{"t":"9-1","s":"","d":{"X":0.05,"Y":-0.41}},{"t":"9-2","s":"","d":{"X":0.68,"Y":0.04}},{"t":"X1","s":"","d":{"X":0.565,"Y":-0.648}}],"clr":{"R":244,"G":185,"B":176,"A":255}},"DS2-1-12":{"pid":"DS2-S","orb":2058.61,"per":34.31,"ang":352.82,"t":"ASTEROID","sp":"ASTEROID-2","s":23.85,"m":188.47,"gd":39.75,"wic":{},"woc":{},"wgc":{},"emm":[{"Type":"1","MainRange":39,"MainValue":0.14,"FarRange":163}],"sig":[{"t":"9-1","s":"","d":{"X":-0.33,"Y":-0.55}},{"t":"9-2","s":"","d":{"X":0.55,"Y":0.29}},{"t":"X1","s":"","d":{"X":-0.408,"Y":-0.499}}],"clr":{"R":245,"G":233,"B":200,"A":255}},"DS2-1-13":{"pid":"DS2-S","orb":2122.47,"per":35.37,"ang":25.94,"t":"ASTEROID","sp":"ASTEROID-1","s":14.68,"m":43.95,"gd":24.46,"wic":{},"woc":{},"wgc":{},"emm":[{"Type":"1","MainRange":40,"MainValue":0.2,"FarRange":142}],"sig":[{"t":"9-1","s":"","d":{"X":0.06,"Y":-0.11}},{"t":"9-2","s":"","d":{"Y":0.94}},{"t":"X1","s":"","d":{"X":-0.862,"Y":0.349}}],"clr":{"R":228,"G":252,"B":222,"A":255}},"DS2-1-14":{"pid":"DS2-S","orb":2275.73,"per":37.92,"ang":68.08,"t":"ASTEROID","sp":"ASTEROID-1","s":18.36,"m":86,"gd":30.6,"wic":{},"woc":{},"wgc":{},"emm":[{"Type":"1","MainRange":46,"MainValue":0.17,"FarRange":177}],"sig":[{"t":"9-1","s":"","d":{"X":-0.99,"Y":0.06}},{"t":"9-2","s":"","d":{"X":0.46,"Y":-0.05}},{"t":"X1","s":"","d":{"X":-0.828,"Y":0.025}}],"clr":{"R":248,"G":207,"B":169,"A":255}},"DS2-1-15":{"pid":"DS2-S","orb":2082.95,"per":34.71,"ang":134.55,"t":"ASTEROID","sp":"ASTEROID-4","s":22.75,"m":163.7,"gd":37.92,"wic":{},"woc":{},"wgc":{},"emm":[{"Type":"1","MainRange":63,"MainValue":0.08,"FarRange":174}],"sig":[{"t":"9-1","s":"","d":{"X":-0.07,"Y":0.59}},{"t":"9-2","s":"","d":{"X":0.5,"Y":-0.18}},{"t":"X1","s":"","d":{"X":-0.648,"Y":-0.291}}],"clr":{"R":235,"G":254,"B":248,"A":255}},"DS2-1-16":{"pid":"DS2-S","orb":1863.26,"per":31.05,"ang":4.02,"t":"ASTEROID","sp":"ASTEROID-5","s":17.68,"m":76.77,"gd":29.46,"wic":{},"woc":{},"wgc":{},"emm":[{"Type":"1","MainRange":25,"MainValue":0.3,"FarRange":189}],"sig":[{"t":"9-1","s":"","d":{"X":0.9,"Y":-0.42}},{"t":"9-2","s":"","d":{"X":-0.39,"Y":-0.73}},{"t":"X1","s":"","d":{"X":-0.388,"Y":-0.595}}],"clr":{"R":233,"G":253,"B":216,"A":255}},"DS2-1-17":{"pid":"DS2-S","orb":2139.14,"per":35.65,"ang":49.32,"t":"ASTEROID","sp":"ASTEROID-1","s":9.63,"m":12.43,"gd":16.06,"wic":{},"woc":{},"wgc":{},"emm":[{"Type":"1","MainRange":59,"MainValue":0.12,"FarRange":133}],"sig":[{"t":"9-1","s":"","d":{"X":-0.24,"Y":-0.68}},{"t":"9-2","s":"","d":{"X":-0.57,"Y":0.82}},{"t":"X1","s":"","d":{"X":-0.408,"Y":-0.516}}],"clr":{"R":203,"G":247,"B":249,"A":255}},"DS2-1-18":{"pid":"DS2-S","orb":2325.49,"per":38.75,"ang":293.19,"t":"ASTEROID","sp":"ASTEROID-2","s":9.43,"m":11.68,"gd":15.73,"wic":{},"woc":{},"wgc":{},"emm":[{"Type":"1","MainRange":60,"MainValue":0.17,"FarRange":151}],"sig":[{"t":"9-1","s":"","d":{"X":0.06,"Y":0.02}},{"t":"9-2","s":"","d":{"X":0.04,"Y":0.08}},{"t":"X1","s":"","d":{"X":-0.49,"Y":-0.522}}],"clr":{"R":241,"G":251,"B":254,"A":255}},"DS2-1-19":{"pid":"DS2-S","orb":2121.15,"per":35.35,"ang":87.05,"t":"ASTEROID","sp":"ASTEROID-3","s":26.84,"m":268.68,"gd":44.74,"wic":{},"woc":{},"wgc":{},"emm":[{"Type":"1","MainRange":71,"MainValue":0.21,"FarRange":189}],"sig":[{"t":"9-1","s":"","d":{"X":0.3,"Y":0.65}},{"t":"9-2","s":"","d":{"X":-0.22,"Y":-0.54}},{"t":"X1","s":"","d":{"X":0.517,"Y":0.632}}],"clr":{"R":195,"G":236,"B":207,"A":255}},"DS2-1-2":{"pid":"DS2-S","orb":2377.66,"per":39.62,"ang":251.37,"t":"ASTEROID","sp":"ASTEROID-1","s":25.09,"m":219.38,"gd":41.81,"wic":{},"woc":{},"wgc":{},"emm":[{"Type":"1","MainRange":56,"MainValue":0.3,"FarRange":150}],"sig":[{"t":"9-1","s":"","d":{"X":0.31,"Y":-0.34}},{"t":"9-2","s":"","d":{"X":-0.01,"Y":0.32}},{"t":"X1","s":"","d":{"X":0.198,"Y":0.885}}],"clr":{"R":183,"G":205,"B":245,"A":255}},"DS2-1-20":{"pid":"DS2-S","orb":2011.03,"per":33.51,"ang":319.71,"t":"ASTEROID","sp":"ASTEROID-2","s":18.51,"m":88.2,"gd":30.86,"wic":{},"woc":{},"wgc":{},"emm":[{"Type":"1","MainRange":48,"MainValue":0.16,"FarRange":229}],"sig":[{"t":"9-1","s":"","d":{"X":-0.23,"Y":0.45}},{"t":"9-2","s":"","d":{"X":-0.85,"Y":0.46}},{"t":"X1","s":"","d":{"X":0.394,"Y":-0.207}}],"clr":{"R":244,"G":253,"B":246,"A":255}},"DS2-1-21":{"pid":"DS2-S","orb":1823.45,"per":30.39,"ang":68.99,"t":"ASTEROID","sp":"ASTEROID-3","s":20.51,"m":119.89,"gd":34.18,"wic":{},"woc":{},"wgc":{},"emm":[{"Type":"1","MainRange":66,"MainValue":0.29,"FarRange":138}],"sig":[{"t":"9-1","s":"","d":{"X":0.57,"Y":-0.13}},{"t":"9-2","s":"","d":{"X":-0.2,"Y":0.86}},{"t":"X1","s":"","d":{"X":0.107,"Y":-0.653}}],"clr":{"R":235,"G":227,"B":248,"A":255}},"DS2-1-22":{"pid":"DS2-S","orb":2047.96,"per":34.13,"ang":185.53,"t":"ASTEROID","sp":"ASTEROID-4","s":10.82,"m":17.6,"gd":18.03,"wic":{},"woc":{},"wgc":{},"emm":[{"Type":"1","MainRange":68,"MainValue":0.16,"FarRange":241}],"sig":[{"t":"9-1","s":"","d":{"X":-0.14,"Y":0.57}},{"t":"9-2","s":"","d":{"X":0.51,"Y":0.62}},{"t":"X1","s":"","d":{"X":0.919,"Y":-0.165}}],"clr":{"R":248,"G":180,"B":242,"A":255}},"DS2-1-23":{"pid":"DS2-S","orb":1839.37,"per":30.65,"ang":321.26,"t":"ASTEROID","sp":"ASTEROID-2","s":24.88,"m":214.06,"gd":41.47,"wic":{},"woc":{},"wgc":{},"emm":[{"Type":"1","MainRange":66,"MainValue":0.18,"FarRange":167}],"sig":[{"t":"9-1","s":"","d":{"X":0.61,"Y":0.17}},{"t":"9-2","s":"","d":{"X":-0.49,"Y":-0.7}},{"t":"X1","s":"","d":{"X":0.545,"Y":0.253}}],"clr":{"R":179,"G":195,"B":249,"A":255}},"DS2-1-24":{"pid":"DS2-S","orb":2103.9,"per":35.06,"ang":80.41,"t":"ASTEROID","sp":"ASTEROID-1","s":16.75,"m":65.27,"gd":27.91,"wic":{},"woc":{},"wgc":{},"emm":[{"Type":"1","MainRange":13.5,"MainValue":0.2,"FarRange":15}],"sig":[{"t":"9-1","s":"","d":{"X":-0.67,"Y":-0.73}},{"t":"9-2","s":"","d":{"X":0.14,"Y":-0.59}},{"t":"X1","s":"","d":{"X":-0.819,"Y":-0.228}}],"clr":{"R":226,"G":253,"B":214,"A":255}},"DS2-1-25":{"pid":"DS2-S","orb":2216.15,"per":36.93,"ang":119.29,"t":"ASTEROID","sp":"ASTEROID-3","s":15.41,"m":50.9,"gd":25.69,"wic":{},"woc":{},"wgc":{},"emm":[{"Type":"1","MainRange":59,"MainValue":0.15,"FarRange":115}],"sig":[{"t":"9-1","s":"","d":{"X":0.02,"Y":-0.05}},{"t":"9-2","s":"","d":{"X":0.38,"Y":0.24}},{"t":"X1","s":"","d":{"X":-0.918,"Y":0.267}}],"clr":{"R":192,"G":205,"B":242,"A":255}},"DS2-1-26":{"pid":"DS2-S","orb":2088.93,"per":34.81,"ang":9.74,"t":"ASTEROID","sp":"ASTEROID-4","s":20.1,"m":112.82,"gd":33.5,"wic":{},"woc":{},"wgc":{},"emm":[{"Type":"1","MainRange":35,"MainValue":0.28,"FarRange":185},{"Type":"18","MainRange":79,"MainValue":0.11,"FarRange":163},{"Type":"19","MainRange":53,"MainValue":0.27,"FarRange":112},{"Type":"26","MainRange":50,"MainValue":0.28,"FarRange":155}],"sig":[{"t":"9-1","s":"","d":{"X":-0.57,"Y":-0.05}},{"t":"9-2","s":"","d":{"X":0.26,"Y":-0.47}},{"t":"X1","s":"","d":{"X":0.672,"Y":-0.318}},{"t":"X18","s":"","d":{"X":0.95,"Y":-0.269}},{"t":"X19","s":"","d":{"X":-0.887,"Y":-0.132}},{"t":"X26","s":"","d":{"X":0.647,"Y":-0.288}}],"clr":{"R":247,"G":253,"B":241,"A":255}},"DS2-1-27":{"pid":"DS2-S","orb":2548.84,"per":42.48,"ang":101.69,"t":"ASTEROID","sp":"ASTEROID-3","s":29.05,"m":340.59,"gd":48.42,"wic":{},"woc":{},"wgc":{},"emm":[{"Type":"1","MainRange":73,"MainValue":0.25,"FarRange":200}],"sig":[{"t":"9-1","s":"","d":{"X":-0.66,"Y":0.2}},{"t":"9-2","s":"","d":{"X":-0.5,"Y":-0.35}},{"t":"X1","s":"","d":{"X":-0.409,"Y":0.605}}],"clr":{"R":241,"G":216,"B":248,"A":255}},"DS2-1-28":{"pid":"DS2-S","orb":2281.14,"per":38.01,"ang":291.82,"t":"ASTEROID","sp":"ASTEROID-2","s":23.32,"m":176.3,"gd":38.87,"wic":{},"woc":{},"wgc":{},"emm":[{"Type":"1","MainRange":49,"MainValue":0.16,"FarRange":148}],"sig":[{"t":"9-1","s":"","d":{"X":-0.55,"Y":0.05}},{"t":"9-2","s":"","d":{"X":-0.78,"Y":0.54}},{"t":"X1","s":"","d":{"X":-0.741,"Y":-0.583}}],"clr":{"R":224,"G":189,"B":249,"A":255}},"DS2-1-29":{"pid":"DS2-S","orb":2008.65,"per":33.47,"ang":303.1,"t":"ASTEROID","sp":"ASTEROID-5","s":22.68,"m":162.19,"gd":37.81,"wic":{},"woc":{},"wgc":{},"emm":[{"Type":"1","MainRange":63,"MainValue":0.14,"FarRange":159}],"sig":[{"t":"9-1","s":"","d":{"X":-0.17,"Y":-0.68}},{"t":"9-2","s":"","d":{"X":0.91,"Y":0.02}},{"t":"X1","s":"","d":{"X":0.184,"Y":0.353}}],"clr":{"R":240,"G":254,"B":191,"A":255}},"DS2-1-3":{"pid":"DS2-S","orb":2397.06,"per":39.95,"ang":48.19,"t":"ASTEROID","sp":"ASTEROID-4","s":17.73,"m":77.44,"gd":29.55,"wic":{},"woc":{},"wgc":{},"emm":[{"Type":"1","MainRange":41,"MainValue":0.18,"FarRange":199}],"sig":[{"t":"9-1","s":"","d":{"X":-0.15,"Y":-0.79}},{"t":"9-2","s":"","d":{"X":-0.31,"Y":0.12}},{"t":"X1","s":"","d":{"X":-0.692,"Y":0.144}}],"clr":{"R":243,"G":236,"B":220,"A":255}},"DS2-1-30":{"pid":"DS2-S","orb":1943.75,"per":32.39,"ang":128.23,"t":"ASTEROID","sp":"ASTEROID-2","s":12.54,"m":27.45,"gd":20.91,"wic":{},"woc":{},"wgc":{},"emm":[{"Type":"1","MainRange":55,"MainValue":0.24,"FarRange":92}],"sig":[{"t":"9-1","s":"","d":{"X":-0.28,"Y":0.2}},{"t":"9-2","s":"","d":{"X":0.24,"Y":-0.89}},{"t":"X1","s":"","d":{"X":0.765,"Y":-0.35}}],"clr":{"R":251,"G":160,"B":246,"A":255}},"DS2-1-31":{"pid":"DS2-S","orb":2353.28,"per":39.22,"ang":313.58,"t":"ASTEROID","sp":"ASTEROID-3","s":19.59,"m":104.51,"gd":32.66,"wic":{},"woc":{},"wgc":{},"emm":[{"Type":"1","MainRange":49,"MainValue":0.18,"FarRange":178}],"sig":[{"t":"9-1","s":"","d":{"X":0.36,"Y":0.52}},{"t":"9-2","s":"","d":{"X":-0.1,"Y":-0.72}},{"t":"X1","s":"","d":{"X":0.072,"Y":-0.006}}],"clr":{"R":231,"G":245,"B":206,"A":255}},"DS2-1-32":{"pid":"DS2-S","orb":2389.41,"per":39.82,"ang":279.09,"t":"ASTEROID","sp":"ASTEROID-3","s":24.58,"m":206.5,"gd":40.98,"wic":{},"woc":{},"wgc":{},"emm":[{"Type":"1","MainRange":25,"MainValue":0.27,"FarRange":211}],"sig":[{"t":"9-1","s":"","d":{"X":0.04,"Y":0.91}},{"t":"9-2","s":"","d":{"X":-0.05,"Y":0.61}},{"t":"X1","s":"","d":{"X":-0.987,"Y":-0.025}}],"clr":{"R":217,"G":235,"B":242,"A":255}},"DS2-1-33":{"pid":"DS2-S","orb":2211.64,"per":36.86,"ang":80.77,"t":"ASTEROID","sp":"ASTEROID-5","s":17.46,"m":74.02,"gd":29.11,"wic":{},"woc":{},"wgc":{},"emm":[{"Type":"1","MainRange":42,"MainValue":0.25,"FarRange":129}],"sig":[{"t":"9-1","s":"","d":{"X":0.42,"Y":0.5}},{"t":"9-2","s":"","d":{"X":0.06,"Y":0.96}},{"t":"X1","s":"","d":{"X":-0.099,"Y":-0.179}}],"clr":{"R":246,"G":174,"B":164,"A":255}},"DS2-1-34":{"pid":"DS2-S","orb":2276.69,"per":37.94,"ang":150.14,"t":"ASTEROID","sp":"ASTEROID-2","s":20.45,"m":118.86,"gd":34.09,"wic":{},"woc":{},"wgc":{},"emm":[{"Type":"1","MainRange":61,"MainValue":0.19,"FarRange":86}],"sig":[{"t":"9-1","s":"","d":{"X":0.21,"Y":0.84}},{"t":"9-2","s":"","d":{"X":0.53,"Y":0.19}},{"t":"X1","s":"","d":{"X":-0.186,"Y":-0.821}}],"clr":{"R":253,"G":184,"B":169,"A":255}},"DS2-1-35":{"pid":"DS2-S","orb":2487.71,"per":41.46,"ang":192.48,"t":"ASTEROID","sp":"ASTEROID-1","s":12.57,"m":27.62,"gd":20.95,"wic":{},"woc":{},"wgc":{},"emm":[{"Type":"1","MainRange":34,"MainValue":0.19,"FarRange":176}],"sig":[{"t":"9-1","s":"","d":{"X":-0.16,"Y":0.88}},{"t":"9-2","s":"","d":{"X":-0.34,"Y":0.71}},{"t":"X1","s":"","d":{"X":-0.029,"Y":0.465}}],"clr":{"R":250,"G":235,"B":239,"A":255}},"DS2-1-36":{"pid":"DS2-S","orb":2478.47,"per":41.3,"ang":299.31,"t":"ASTEROID","sp":"ASTEROID-5","s":15.56,"m":52.35,"gd":25.93,"wic":{},"woc":{},"wgc":{},"emm":[{"Type":"1","MainRange":57,"MainValue":0.1,"FarRange":132}],"sig":[{"t":"9-1","s":"","d":{"X":-0.3,"Y":0.56}},{"t":"9-2","s":"","d":{"X":0.05,"Y":-0.32}},{"t":"X1","s":"","d":{"X":0.463,"Y":-0.09}}],"clr":{"R":195,"G":241,"B":245,"A":255}},"DS2-1-37":{"pid":"DS2-S","orb":2311.67,"per":38.52,"ang":119.03,"t":"ASTEROID","sp":"ASTEROID-5","s":14.43,"m":41.8,"gd":24.06,"wic":{},"woc":{},"wgc":{},"emm":[{"Type":"1","MainRange":34,"MainValue":0.13,"FarRange":182}],"sig":[{"t":"9-1","s":"","d":{"X":-0.67,"Y":-0.06}},{"t":"9-2","s":"","d":{"X":0.67,"Y":0.69}},{"t":"X1","s":"","d":{"X":0.131,"Y":-0.111}}],"clr":{"R":239,"G":178,"B":170,"A":255}},"DS2-1-38":{"pid":"DS2-S","orb":2114.51,"per":35.24,"ang":178.3,"t":"ASTEROID","sp":"ASTEROID-5","s":23.35,"m":177.02,"gd":38.93,"wic":{},"woc":{},"wgc":{},"emm":[{"Type":"1","MainRange":61,"MainValue":0.11,"FarRange":155}],"sig":[{"t":"9-1","s":"","d":{"X":-0.65,"Y":-0.17}},{"t":"9-2","s":"","d":{"X":0.27,"Y":-0.75}},{"t":"X1","s":"","d":{"X":-0.1,"Y":0.68}}],"clr":{"R":253,"G":185,"B":208,"A":255}},"DS2-1-39":{"pid":"DS2-S","orb":2324.64,"per":38.74,"ang":63.26,"t":"ASTEROID","sp":"ASTEROID-4","s":32.55,"m":479.19,"gd":54.25,"wic":{},"woc":{},"wgc":{},"emm":[{"Type":"1","MainRange":54,"MainValue":0.22,"FarRange":166}],"sig":[{"t":"9-1","s":"","d":{"X":-0.84,"Y":0.15}},{"t":"9-2","s":"","d":{"X":-0.62,"Y":-0.15}},{"t":"X1","s":"","d":{"X":0.676,"Y":-0.06}}],"clr":{"R":175,"G":225,"B":233,"A":255}},"DS2-1-4":{"pid":"DS2-S","orb":2131.97,"per":35.53,"ang":201.91,"t":"ASTEROID","sp":"ASTEROID-3","s":19.58,"m":104.34,"gd":32.64,"wic":{},"woc":{},"wgc":{},"emm":[{"Type":"1","MainRange":32,"MainValue":0.31,"FarRange":128}],"sig":[{"t":"9-1","s":"","d":{"X":-0.2,"Y":0.74}},{"t":"9-2","s":"","d":{"X":0.54,"Y":0.16}},{"t":"X1","s":"","d":{"X":-0.381,"Y":-0.91}}],"clr":{"R":218,"G":243,"B":228,"A":255}},"DS2-1-40":{"pid":"DS2-S","orb":1994.57,"per":33.24,"ang":341.64,"t":"ASTEROID","sp":"ASTEROID-1","s":20.36,"m":117.24,"gd":33.93,"wic":{},"woc":{},"wgc":{},"emm":[{"Type":"1","MainRange":50,"MainValue":0.19,"FarRange":226}],"sig":[{"t":"9-1","s":"","d":{"X":0.03,"Y":-0.27}},{"t":"9-2","s":"","d":{"X":0.34,"Y":0.67}},{"t":"X1","s":"","d":{"X":-0.509,"Y":-0.612}}],"clr":{"R":216,"G":201,"B":237,"A":255}},"DS2-1-41":{"pid":"DS2-S","orb":2417.43,"per":40.29,"ang":100.88,"t":"ASTEROID","sp":"ASTEROID-4","s":21.86,"m":145.14,"gd":36.43,"wic":{},"woc":{},"wgc":{},"emm":[{"Type":"1","MainRange":28,"MainValue":0.27,"FarRange":177}],"sig":[{"t":"9-1","s":"","d":{"X":-0.21,"Y":-0.23}},{"t":"9-2","s":"","d":{"X":-0.11,"Y":-0.53}},{"t":"X1","s":"","d":{"X":0.037,"Y":-0.895}}],"clr":{"R":177,"G":183,"B":236,"A":255}},"DS2-1-42":{"pid":"DS2-S","orb":2006.13,"per":33.43,"ang":247.19,"t":"ASTEROID","sp":"ASTEROID-4","s":26.68,"m":263.81,"gd":44.46,"wic":{},"woc":{},"wgc":{},"emm":[{"Type":"1","MainRange":49,"MainValue":0.21,"FarRange":132}],"sig":[{"t":"9-1","s":"","d":{"X":-0.49,"Y":0.19}},{"t":"9-2","s":"","d":{"X":0.2,"Y":-0.36}},{"t":"X1","s":"","d":{"X":0.608,"Y":0.09}}],"clr":{"R":203,"G":211,"B":238,"A":255}},"DS2-1-5":{"pid":"DS2-S","orb":2013.15,"per":33.55,"ang":40.07,"t":"ASTEROID","sp":"ASTEROID-1","s":14.6,"m":43.24,"gd":24.33,"wic":{},"woc":{},"wgc":{},"emm":[{"Type":"1","MainRange":42,"MainValue":0.14,"FarRange":165}],"sig":[{"t":"9-1","s":"","d":{"X":-0.04,"Y":-0.08}},{"t":"9-2","s":"","d":{"X":0.16,"Y":-0.95}},{"t":"X1","s":"","d":{"X":-0.289,"Y":0.212}}],"clr":{"R":252,"G":219,"B":251,"A":255}},"DS2-1-6":{"pid":"DS2-S","orb":2254.21,"per":37.57,"ang":175.62,"t":"ASTEROID","sp":"ASTEROID-5","s":18.89,"m":93.69,"gd":31.49,"wic":{},"woc":{},"wgc":{},"emm":[{"Type":"1","MainRange":62,"MainValue":0.09,"FarRange":196}],"sig":[{"t":"9-1","s":"","d":{"X":0.37,"Y":0.54}},{"t":"9-2","s":"","d":{"X":-0.09,"Y":0.9}},{"t":"X1","s":"","d":{"X":-0.836,"Y":-0.236}}],"clr":{"R":232,"G":253,"B":251,"A":255}},"DS2-1-7":{"pid":"DS2-S","orb":2195.97,"per":36.59,"ang":327.16,"t":"ASTEROID","sp":"ASTEROID-4","s":20.46,"m":119.06,"gd":34.11,"wic":{},"woc":{},"wgc":{},"emm":[{"Type":"1","MainRange":48,"MainValue":0.25,"FarRange":124},{"Type":"17","MainRange":48,"MainValue":0.19,"FarRange":285}],"sig":[{"t":"9-1","s":"","d":{"X":0.13,"Y":0.95}},{"t":"9-2","s":"","d":{"X":0.07,"Y":0.77}},{"t":"X1","s":"","d":{"X":-0.473,"Y":0.162}},{"t":"X17","s":"","d":{"X":-0.286,"Y":0.874}}],"clr":{"R":250,"G":244,"B":253,"A":255}},"DS2-1-8":{"pid":"DS2-S","orb":1957.56,"per":32.62,"ang":277.27,"t":"ASTEROID","sp":"ASTEROID-4","s":24.68,"m":208.93,"gd":41.14,"wic":{},"woc":{},"wgc":{},"emm":[{"Type":"1","MainRange":30,"MainValue":0.15,"FarRange":152}],"sig":[{"t":"9-1","s":"","d":{"X":0.84,"Y":0.29}},{"t":"9-2","s":"","d":{"X":-0.68,"Y":0.47}},{"t":"X1","s":"","d":{"X":0.613,"Y":0.004}}],"clr":{"R":159,"G":159,"B":251,"A":255}},"DS2-1-9":{"pid":"DS2-S","orb":2657.38,"per":44.28,"ang":278.02,"t":"ASTEROID","sp":"ASTEROID-2","s":16.31,"m":60.31,"gd":27.19,"wic":{},"woc":{},"wgc":{},"emm":[{"Type":"1","MainRange":73,"MainValue":0.34,"FarRange":152}],"sig":[{"t":"9-1","s":"","d":{"X":-0.58,"Y":0.36}},{"t":"9-2","s":"","d":{"X":0.76,"Y":-0.05}},{"t":"X1","s":"","d":{"X":-0.618,"Y":0.548}}],"clr":{"R":210,"G":191,"B":240,"A":255}},"DS2-126":{"pid":"DS2-S","orb":6238.8,"per":103.98,"t":"GASPLANET","sp":"GASPLANET-4","s":180.42,"m":57097.85,"gd":300.7,"wic":{},"woc":{},"wgc":{},"sig":[{"t":"0-3","s":"","d":{"X":0.13,"Y":-0.48}},{"t":"1-3","s":"","d":{"X":-0.27,"Y":0.17}},{"t":"3-1","s":"","d":{"X":-0.38,"Y":0.62}},{"t":"6-3","s":"","d":{"X":0.15,"Y":0.17}},{"t":"7-3","s":"","d":{"X":0.2,"Y":-0.57}},{"t":"8-1","s":"","d":{"X":0.95,"Y":-0.25}},{"t":"8-2","s":"","d":{"X":-0.46,"Y":-0.43}},{"t":"11-1","s":"","d":{"X":-0.53,"Y":-0.48}}],"clr":{"R":238,"G":249,"B":240,"A":255}},"DS2-310":{"pid":"DS2-S","orb":2961.75,"per":49.36,"t":"HARDPLANET","sp":"HARDPLANET-11","s":53.04,"m":8703.56,"gd":151.56,"wic":{},"woc":{},"wgc":{},"mi":[5],"sig":[{"t":"3-2","s":"","d":{"X":-0.01,"Y":0.24}},{"t":"6-1","s":"","d":{"X":0.03,"Y":0.91}},{"t":"9-1","s":"","d":{"X":0.08,"Y":0.84}},{"t":"9-2","s":"","d":{"X":-0.34,"Y":-0.35}},{"t":"10-1","s":"","d":{"X":0.32,"Y":-0.73}},{"t":"10-2","s":"","d":{"X":0.14,"Y":0.69}},{"t":"11-2","s":"","d":{"X":-0.56,"Y":-0.44}},{"t":"12-2","s":"","d":{"X":-0.69,"Y":0.69}},{"t":"13-1","s":"","d":{"X":-0.06,"Y":-0.41}},{"t":"13-2","s":"","d":{"X":0.65,"Y":-0.48}},{"t":"14-4","s":"","d":{"X":-0.91,"Y":0.39}}],"clr":{"R":236,"G":254,"B":235,"A":255}},"DS2-348":{"pid":"DS2-S","orb":4515.69,"per":75.26,"t":"GASPLANET","sp":"GASPLANET-42","s":113.61,"m":14259.29,"gd":189.36,"wic":{},"woc":{},"wgc":{},"sig":[{"t":"0-2","s":"","d":{"X":-0.65,"Y":-0.42}},{"t":"1-3","s":"","d":{"X":0.21,"Y":-0.28}},{"t":"3-1","s":"","d":{"X":-0.58,"Y":-0.27}},{"t":"6-2","s":"","d":{"X":-0.71,"Y":-0.23}},{"t":"7-3","s":"","d":{"X":0.63,"Y":-0.4}},{"t":"8-2","s":"","d":{"X":-0.58,"Y":-0.8}},{"t":"10-2","s":"","d":{"X":-0.4,"Y":-0.4}},{"t":"11-1","s":"","d":{"X":-0.45,"Y":-0.8}}],"clr":{"R":237,"G":220,"B":170,"A":255}},"DS2-364":{"pid":"DS2-S","orb":1203.21,"per":20.05,"t":"HARDPLANET","sp":"HARDPLANET-18","s":23.87,"m":793.11,"gd":68.2,"wic":{},"woc":{},"wgc":{},"sig":[{"t":"0-3","s":"","d":{"X":0.83,"Y":0.51}},{"t":"1-3","s":"","d":{"X":-0.6,"Y":0.77}},{"t":"7-2","s":"","d":{"X":-0.1,"Y":-0.19}},{"t":"8-1","s":"","d":{"X":-0.1,"Y":0.45}},{"t":"8-2","s":"","d":{"X":0.85,"Y":0.01}},{"t":"9-1","s":"","d":{"X":-0.18,"Y":-0.95}},{"t":"9-2","s":"","d":{"X":-0.83,"Y":-0.39}},{"t":"10-1","s":"","d":{"X":0.2,"Y":-0.94}},{"t":"10-2","s":"","d":{"X":-0.35,"Y":-0.61}},{"t":"11-1","s":"","d":{"X":0.12,"Y":0.47}},{"t":"12-4","s":"","d":{"X":0.22,"Y":0.37}},{"t":"13-1","s":"","d":{"X":-0.2,"Y":-0.06}},{"t":"13-2","s":"","d":{"X":-0.6,"Y":0.57}}],"clr":{"R":242,"G":253,"B":233,"A":255}},"DS2-S":{"t":"STAR","sp":"STAR-12","s":512.3,"m":7469773.32,"gd":1707.67,"wic":{},"woc":{},"wgc":{},"emm":[{"Type":"2","MainRange":833,"MainValue":3.04,"FarRange":2828},{"Type":"17","MainRange":744,"MainValue":8.03,"FarRange":4007}],"sig":[{"t":"X2","s":"","d":{"X":0.467,"Y":0.754}},{"t":"X17","s":"","d":{"X":-0.75,"Y":-0.447}}],"clr":{"R":193,"G":202,"B":253,"A":255}}}}