{"SpawnDistance":25788.114000000005,"Points":{"AN6-2-0":{"pid":"AN6-sv","orb":11941.24,"per":68.5,"ang":75.17,"t":"ASTEROID","sp":"ASTEROID-5","s":20.77,"m":124.48,"gd":34.62,"wic":{},"woc":{},"wgc":{},"emm":[{"Type":"1","MainRange":37,"MainValue":0.23,"FarRange":153}],"sig":[{"t":"9-1","s":"","d":{"X":0.18,"Y":-0.71}},{"t":"9-2","s":"","d":{"X":0.67,"Y":0.08}},{"t":"X1","s":"","d":{"X":0.652,"Y":-0.342}}],"clr":{"R":233,"G":249,"B":245,"A":255}},"AN6-2-1":{"pid":"AN6-sv","orb":11637.28,"per":66.76,"ang":204.89,"t":"ASTEROID","sp":"ASTEROID-4","s":30.25,"m":384.59,"gd":50.42,"wic":{},"woc":{},"wgc":{},"emm":[{"Type":"1","MainRange":52,"MainValue":0.21,"FarRange":172}],"sig":[{"t":"9-1","s":"","d":{"X":0.74,"Y":0.33}},{"t":"9-2","s":"","d":{"X":-0.49,"Y":-0.61}},{"t":"X1","s":"","d":{"X":0.079,"Y":0.648}}],"clr":{"R":204,"G":202,"B":251,"A":255}},"AN6-2-10":{"pid":"AN6-sv","orb":10508.79,"per":60.28,"ang":21.84,"t":"ASTEROID","sp":"ASTEROID-3","s":31.87,"m":449.84,"gd":53.12,"wic":{},"woc":{},"wgc":{},"emm":[{"Type":"1","MainRange":43,"MainValue":0.14,"FarRange":192}],"sig":[{"t":"9-1","s":"","d":{"X":-0.26,"Y":-0.9}},{"t":"9-2","s":"","d":{"X":0.9,"Y":0.18}},{"t":"X1","s":"","d":{"X":-0.402,"Y":-0.486}}],"clr":{"R":254,"G":251,"B":252,"A":255}},"AN6-2-11":{"pid":"AN6-sv","orb":9887.05,"per":56.71,"ang":316.77,"t":"ASTEROID","sp":"ASTEROID-3","s":21.07,"m":129.99,"gd":35.12,"wic":{},"woc":{},"wgc":{},"emm":[{"Type":"1","MainRange":65,"MainValue":0.2,"FarRange":159}],"sig":[{"t":"9-1","s":"","d":{"X":0.08,"Y":-0.94}},{"t":"9-2","s":"","d":{"X":0.56,"Y":-0.21}},{"t":"X1","s":"","d":{"X":0.668,"Y":-0.145}}],"clr":{"R":200,"G":245,"B":249,"A":255}},"AN6-2-12":{"pid":"AN6-sv","orb":11159.2,"per":64.01,"ang":288.38,"t":"ASTEROID","sp":"ASTEROID-3","s":21.1,"m":130.57,"gd":35.17,"wic":{},"woc":{},"wgc":{},"emm":[{"Type":"1","MainRange":47,"MainValue":0.21,"FarRange":87}],"sig":[{"t":"9-1","s":"","d":{"X":-0.57,"Y":-0.15}},{"t":"9-2","s":"","d":{"X":-0.71,"Y":0.66}},{"t":"X1","s":"","d":{"X":-0.171,"Y":-0.837}}],"clr":{"R":176,"G":219,"B":242,"A":255}},"AN6-2-13":{"pid":"AN6-sv","orb":11316.89,"per":64.92,"ang":273.46,"t":"ASTEROID","sp":"ASTEROID-4","s":11.68,"m":22.18,"gd":19.48,"wic":{},"woc":{},"wgc":{},"emm":[{"Type":"1","MainRange":43,"MainValue":0.31,"FarRange":129}],"sig":[{"t":"9-1","s":"","d":{"X":-0.03,"Y":-0.74}},{"t":"9-2","s":"","d":{"X":-0.03,"Y":0.66}},{"t":"X1","s":"","d":{"X":-0.48,"Y":-0.766}}],"clr":{"R":253,"G":242,"B":206,"A":255}},"AN6-2-14":{"pid":"AN6-sv","orb":11838.79,"per":67.91,"ang":63.74,"t":"ASTEROID","sp":"ASTEROID-5","s":24.08,"m":193.96,"gd":40.13,"wic":{},"woc":{},"wgc":{},"emm":[{"Type":"1","MainRange":51,"MainValue":0.13,"FarRange":203}],"sig":[{"t":"9-1","s":"","d":{"X":0.14,"Y":0.28}},{"t":"9-2","s":"","d":{"X":-0.52}},{"t":"X1","s":"","d":{"X":-0.556,"Y":-0.769}}],"clr":{"R":164,"G":233,"B":250,"A":255}},"AN6-2-15":{"pid":"AN6-sv","orb":13478.21,"per":77.32,"ang":252.12,"t":"ASTEROID","sp":"ASTEROID-4","s":28.61,"m":325.46,"gd":47.69,"wic":{},"woc":{},"wgc":{},"emm":[{"Type":"1","MainRange":39,"MainValue":0.14,"FarRange":118}],"sig":[{"t":"9-1","s":"","d":{"X":-0.54,"Y":-0.35}},{"t":"9-2","s":"","d":{"X":-0.27,"Y":-0.11}},{"t":"X1","s":"","d":{"X":0.641,"Y":-0.496}}],"clr":{"R":248,"G":236,"B":163,"A":255}},"AN6-2-16":{"pid":"AN6-sv","orb":10753.83,"per":61.69,"ang":345.91,"t":"ASTEROID","sp":"ASTEROID-1","s":13.32,"m":32.87,"gd":22.21,"wic":{},"woc":{},"wgc":{},"emm":[{"Type":"1","MainRange":24,"MainValue":0.22,"FarRange":92}],"sig":[{"t":"9-1","s":"","d":{"X":-0.21,"Y":-0.93}},{"t":"9-2","s":"","d":{"X":0.06,"Y":-0.63}},{"t":"X1","s":"","d":{"X":0.172,"Y":0.472}}],"clr":{"R":169,"G":168,"B":248,"A":255}},"AN6-2-17":{"pid":"AN6-sv","orb":10317.85,"per":59.19,"ang":247.23,"t":"ASTEROID","sp":"ASTEROID-1","s":20.68,"m":122.87,"gd":34.47,"wic":{},"woc":{},"wgc":{},"emm":[{"Type":"1","MainRange":30,"MainValue":0.14,"FarRange":135}],"sig":[{"t":"9-1","s":"","d":{"X":0.13,"Y":0.84}},{"t":"9-2","s":"","d":{"X":-0.93,"Y":-0.21}},{"t":"X1","s":"","d":{"X":-0.508,"Y":0.021}}],"clr":{"R":206,"G":239,"B":174,"A":255}},"AN6-2-18":{"pid":"AN6-sv","orb":9913.44,"per":56.87,"ang":185.89,"t":"ASTEROID","sp":"ASTEROID-3","s":12.83,"m":29.35,"gd":21.38,"wic":{},"woc":{},"wgc":{},"emm":[{"Type":"1","MainRange":50,"MainValue":0.2,"FarRange":149}],"sig":[{"t":"9-1","s":"","d":{"X":-0.19,"Y":-0.1}},{"t":"9-2","s":"","d":{"X":-0.4,"Y":-0.48}},{"t":"X1","s":"","d":{"X":-0.644,"Y":-0.068}}],"clr":{"R":222,"G":184,"B":238,"A":255}},"AN6-2-19":{"pid":"AN6-sv","orb":9904.91,"per":56.82,"ang":155.15,"t":"ASTEROID","sp":"ASTEROID-5","s":26.05,"m":245.66,"gd":43.42,"wic":{},"woc":{},"wgc":{},"emm":[{"Type":"1","MainRange":51,"MainValue":0.19,"FarRange":134}],"sig":[{"t":"9-1","s":"","d":{"X":-0.38,"Y":-0.09}},{"t":"9-2","s":"","d":{"X":-0.74,"Y":-0.53}},{"t":"X1","s":"","d":{"X":0.675,"Y":-0.37}}],"clr":{"R":218,"G":250,"B":230,"A":255}},"AN6-2-2":{"pid":"AN6-sv","orb":12407.02,"per":71.17,"ang":76.29,"t":"ASTEROID","sp":"ASTEROID-2","s":17.17,"m":70.38,"gd":28.62,"wic":{},"woc":{},"wgc":{},"emm":[{"Type":"1","MainRange":68,"MainValue":0.13,"FarRange":160}],"sig":[{"t":"9-1","s":"","d":{"X":-0.04,"Y":-0.45}},{"t":"9-2","s":"","d":{"X":-0.17,"Y":-0.02}},{"t":"X1","s":"","d":{"X":0.136,"Y":-0.846}}],"clr":{"R":211,"G":253,"B":226,"A":255}},"AN6-2-20":{"pid":"AN6-sv","orb":12308.37,"per":70.61,"ang":317.47,"t":"ASTEROID","sp":"ASTEROID-2","s":16.43,"m":61.64,"gd":27.39,"wic":{},"woc":{},"wgc":{},"emm":[{"Type":"1","MainRange":45,"MainValue":0.19,"FarRange":130}],"sig":[{"t":"9-1","s":"","d":{"X":-0.86,"Y":0.46}},{"t":"9-2","s":"","d":{"X":-0.08,"Y":-0.34}},{"t":"X1","s":"","d":{"X":-0.653,"Y":-0.525}}],"clr":{"R":226,"G":223,"B":249,"A":255}},"AN6-2-21":{"pid":"AN6-sv","orb":11531.09,"per":66.15,"ang":204.26,"t":"ASTEROID","sp":"ASTEROID-4","s":23.13,"m":171.89,"gd":38.55,"wic":{},"woc":{},"wgc":{},"emm":[{"Type":"1","MainRange":32,"MainValue":0.23,"FarRange":181}],"sig":[{"t":"9-1","s":"","d":{"X":-0.8,"Y":-0.26}},{"t":"9-2","s":"","d":{"X":0.41,"Y":0.26}},{"t":"X1","s":"","d":{"X":-0.018,"Y":-0.107}}],"clr":{"R":217,"G":249,"B":234,"A":255}},"AN6-2-22":{"pid":"AN6-sv","orb":11580.2,"per":66.43,"ang":21.92,"t":"ASTEROID","sp":"ASTEROID-1","s":17.51,"m":74.61,"gd":29.18,"wic":{},"woc":{},"wgc":{},"emm":[{"Type":"1","MainRange":52,"MainValue":0.17,"FarRange":69}],"sig":[{"t":"9-1","s":"","d":{"X":-0.48,"Y":0.4}},{"t":"9-2","s":"","d":{"X":0.12,"Y":0.59}},{"t":"X1","s":"","d":{"X":-0.574,"Y":-0.447}}],"clr":{"R":249,"G":241,"B":231,"A":255}},"AN6-2-23":{"pid":"AN6-sv","orb":12676.55,"per":72.72,"ang":56.83,"t":"ASTEROID","sp":"ASTEROID-1","s":20.4,"m":118.05,"gd":34.01,"wic":{},"woc":{},"wgc":{},"emm":[{"Type":"1","MainRange":30,"MainValue":0.2,"FarRange":125}],"sig":[{"t":"9-1","s":"","d":{"X":-0.59,"Y":-0.53}},{"t":"9-2","s":"","d":{"X":-0.54,"Y":-0.27}},{"t":"X1","s":"","d":{"X":0.221,"Y":0.008}}],"clr":{"R":243,"G":213,"B":197,"A":255}},"AN6-2-24":{"pid":"AN6-sv","orb":11742.28,"per":67.36,"ang":79.66,"t":"ASTEROID","sp":"ASTEROID-3","s":19.37,"m":100.99,"gd":32.28,"wic":{},"woc":{},"wgc":{},"emm":[{"Type":"1","MainRange":45,"MainValue":0.15,"FarRange":171},{"Type":"20","MainRange":44,"MainValue":0.24,"FarRange":149}],"sig":[{"t":"9-1","s":"","d":{"X":0.76,"Y":0.53}},{"t":"9-2","s":"","d":{"X":-0.69,"Y":-0.37}},{"t":"X1","s":"","d":{"X":-0.282,"Y":0.847}},{"t":"X20","s":"","d":{"X":-0.306,"Y":-0.86}}],"clr":{"R":158,"G":252,"B":166,"A":255}},"AN6-2-25":{"pid":"AN6-sv","orb":14192.16,"per":81.41,"ang":295.99,"t":"ASTEROID","sp":"ASTEROID-5","s":23.27,"m":175.18,"gd":38.79,"wic":{},"woc":{},"wgc":{},"emm":[{"Type":"1","MainRange":33,"MainValue":0.14,"FarRange":128}],"sig":[{"t":"9-1","s":"","d":{"X":0.64,"Y":0.69}},{"t":"9-2","s":"","d":{"X":0.27,"Y":0.78}},{"t":"X1","s":"","d":{"X":0.753,"Y":-0.419}}],"clr":{"R":242,"G":208,"B":228,"A":255}},"AN6-2-26":{"pid":"AN6-sv","orb":12310.75,"per":70.62,"ang":37.53,"t":"ASTEROID","sp":"ASTEROID-3","s":14.74,"m":44.54,"gd":24.57,"wic":{},"woc":{},"wgc":{},"emm":[{"Type":"1","MainRange":38,"MainValue":0.15,"FarRange":139}],"sig":[{"t":"9-1","s":"","d":{"X":0.3,"Y":0.41}},{"t":"9-2","s":"","d":{"X":0.75,"Y":-0.66}},{"t":"X1","s":"","d":{"X":-0.622,"Y":-0.771}}],"clr":{"R":175,"G":174,"B":245,"A":255}},"AN6-2-27":{"pid":"AN6-sv","orb":12688.48,"per":72.79,"ang":355.87,"t":"ASTEROID","sp":"ASTEROID-5","s":21.06,"m":129.79,"gd":35.1,"wic":{},"woc":{},"wgc":{},"emm":[{"Type":"1","MainRange":62,"MainValue":0.18,"FarRange":124}],"sig":[{"t":"9-1","s":"","d":{"X":0.49,"Y":0.47}},{"t":"9-2","s":"","d":{"X":0.73,"Y":0.55}},{"t":"X1","s":"","d":{"X":-0.29,"Y":-0.071}}],"clr":{"R":244,"G":231,"B":220,"A":255}},"AN6-2-28":{"pid":"AN6-sv","orb":11946.1,"per":68.53,"ang":64.08,"t":"ASTEROID","sp":"ASTEROID-4","s":30.04,"m":376.64,"gd":50.07,"wic":{},"woc":{},"wgc":{},"emm":[{"Type":"1","MainRange":54,"MainValue":0.24,"FarRange":152}],"sig":[{"t":"9-1","s":"","d":{"X":-0.81,"Y":0.12}},{"t":"9-2","s":"","d":{"X":-0.66,"Y":-0.69}},{"t":"X1","s":"","d":{"X":0.479,"Y":0.628}}],"clr":{"R":250,"G":159,"B":226,"A":255}},"AN6-2-29":{"pid":"AN6-sv","orb":11402.8,"per":65.41,"ang":92.18,"t":"ASTEROID","sp":"ASTEROID-3","s":25.46,"m":229.34,"gd":42.44,"wic":{},"woc":{},"wgc":{},"emm":[{"Type":"1","MainRange":52,"MainValue":0.12,"FarRange":155}],"sig":[{"t":"9-1","s":"","d":{"X":-0.12,"Y":-0.87}},{"t":"9-2","s":"","d":{"X":-0.04,"Y":-0.36}},{"t":"X1","s":"","d":{"X":0.604,"Y":-0.249}}],"clr":{"R":205,"G":240,"B":176,"A":255}},"AN6-2-3":{"pid":"AN6-sv","orb":10251.95,"per":58.81,"ang":54.99,"t":"ASTEROID","sp":"ASTEROID-3","s":21.29,"m":134.09,"gd":35.48,"wic":{},"woc":{},"wgc":{},"emm":[{"Type":"1","MainRange":60,"MainValue":0.23,"FarRange":183}],"sig":[{"t":"9-1","s":"","d":{"X":0.57,"Y":0.74}},{"t":"9-2","s":"","d":{"X":0.71,"Y":0.33}},{"t":"X1","s":"","d":{"X":0.619,"Y":0.118}}],"clr":{"R":240,"G":195,"B":243,"A":255}},"AN6-2-30":{"pid":"AN6-sv","orb":10235.55,"per":58.71,"ang":28.28,"t":"ASTEROID","sp":"ASTEROID-2","s":11.63,"m":21.88,"gd":19.39,"wic":{},"woc":{},"wgc":{},"emm":[{"Type":"1","MainRange":53,"MainValue":0.27,"FarRange":234}],"sig":[{"t":"9-1","s":"","d":{"X":-0.3,"Y":-0.87}},{"t":"9-2","s":"","d":{"X":-0.79,"Y":-0.46}},{"t":"X1","s":"","d":{"X":-0.184,"Y":-0.333}}],"clr":{"R":220,"G":182,"B":242,"A":255}},"AN6-2-31":{"pid":"AN6-sv","orb":11433.58,"per":65.59,"ang":194.06,"t":"ASTEROID","sp":"ASTEROID-4","s":29.03,"m":339.94,"gd":48.39,"wic":{},"woc":{},"wgc":{},"emm":[{"Type":"1","MainRange":48,"MainValue":0.07,"FarRange":182}],"sig":[{"t":"9-1","s":"","d":{"X":-0.55,"Y":-0.25}},{"t":"9-2","s":"","d":{"X":0.42,"Y":-0.02}},{"t":"X1","s":"","d":{"X":0.041,"Y":0.45}}],"clr":{"R":243,"G":228,"B":203,"A":255}},"AN6-2-32":{"pid":"AN6-sv","orb":11748.59,"per":67.39,"ang":205.11,"t":"ASTEROID","sp":"ASTEROID-2","s":14.94,"m":46.32,"gd":24.9,"wic":{},"woc":{},"wgc":{},"emm":[{"Type":"1","MainRange":58,"MainValue":0.28,"FarRange":235}],"sig":[{"t":"9-1","s":"","d":{"X":-0.06,"Y":0.86}},{"t":"9-2","s":"","d":{"X":-0.15,"Y":-0.94}},{"t":"X1","s":"","d":{"X":0.167,"Y":0.8}}],"clr":{"R":242,"G":211,"B":221,"A":255}},"AN6-2-33":{"pid":"AN6-sv","orb":10177.81,"per":58.38,"ang":338.74,"t":"ASTEROID","sp":"ASTEROID-5","s":15.41,"m":50.86,"gd":25.69,"wic":{},"woc":{},"wgc":{},"emm":[{"Type":"1","MainRange":29,"MainValue":0.18,"FarRange":40}],"sig":[{"t":"9-1","s":"","d":{"X":-0.27,"Y":-0.87}},{"t":"9-2","s":"","d":{"X":-0.92,"Y":-0.26}},{"t":"X1","s":"","d":{"X":0.234,"Y":0.34}}],"clr":{"R":237,"G":195,"B":236,"A":255}},"AN6-2-34":{"pid":"AN6-sv","orb":12762.63,"per":73.21,"ang":274.04,"t":"ASTEROID","sp":"ASTEROID-4","s":13.71,"m":35.79,"gd":22.85,"wic":{},"woc":{},"wgc":{},"emm":[{"Type":"1","MainRange":47,"MainValue":0.12,"FarRange":101}],"sig":[{"t":"9-1","s":"","d":{"X":0.01,"Y":0.89}},{"t":"9-2","s":"","d":{"X":-0.67,"Y":0.47}},{"t":"X1","s":"","d":{"X":-0.703,"Y":-0.524}}],"clr":{"R":230,"G":221,"B":250,"A":255}},"AN6-2-35":{"pid":"AN6-sv","orb":12901.62,"per":74.01,"ang":301.47,"t":"ASTEROID","sp":"ASTEROID-4","s":13.1,"m":31.28,"gd":21.84,"wic":{},"woc":{},"wgc":{},"emm":[{"Type":"1","MainRange":56,"MainValue":0.21,"FarRange":169}],"sig":[{"t":"9-1","s":"","d":{"X":-0.08,"Y":0.3}},{"t":"9-2","s":"","d":{"X":-0.28,"Y":-0.23}},{"t":"X1","s":"","d":{"X":-0.333,"Y":-0.107}}],"clr":{"R":254,"G":221,"B":232,"A":255}},"AN6-2-36":{"pid":"AN6-sv","orb":12374.94,"per":70.99,"ang":229.49,"t":"ASTEROID","sp":"ASTEROID-3","s":18.96,"m":94.72,"gd":31.6,"wic":{},"woc":{},"wgc":{},"emm":[{"Type":"1","MainRange":22,"MainValue":0.19,"FarRange":164}],"sig":[{"t":"9-1","s":"","d":{"X":0.48,"Y":0.31}},{"t":"9-2","s":"","d":{"X":-0.24,"Y":0.77}},{"t":"X1","s":"","d":{"X":0.027,"Y":-0.019}}],"clr":{"R":227,"G":239,"B":254,"A":255}},"AN6-2-37":{"pid":"AN6-sv","orb":11135.03,"per":63.87,"ang":316.52,"t":"ASTEROID","sp":"ASTEROID-2","s":24.33,"m":200.03,"gd":40.55,"wic":{},"woc":{},"wgc":{},"emm":[{"Type":"1","MainRange":38,"MainValue":0.19,"FarRange":143}],"sig":[{"t":"9-1","s":"","d":{"X":0.52,"Y":0.43}},{"t":"9-2","s":"","d":{"X":-0.19,"Y":0.66}},{"t":"X1","s":"","d":{"X":0.222,"Y":0.772}}],"clr":{"R":248,"G":231,"B":213,"A":255}},"AN6-2-38":{"pid":"AN6-sv","orb":11628.78,"per":66.71,"ang":246.57,"t":"ASTEROID","sp":"ASTEROID-5","s":24.84,"m":212.99,"gd":41.4,"wic":{},"woc":{},"wgc":{},"emm":[{"Type":"1","MainRange":36,"MainValue":0.14,"FarRange":141}],"sig":[{"t":"9-1","s":"","d":{"X":-0.91,"Y":-0.43}},{"t":"9-2","s":"","d":{"X":-0.47,"Y":0.12}},{"t":"X1","s":"","d":{"X":-0.436,"Y":0.691}}],"clr":{"R":222,"G":182,"B":254,"A":255}},"AN6-2-39":{"pid":"AN6-sv","orb":10366.43,"per":59.46,"ang":204.33,"t":"ASTEROID","sp":"ASTEROID-3","s":12.4,"m":26.51,"gd":20.67,"wic":{},"woc":{},"wgc":{},"emm":[{"Type":"1","MainRange":50,"MainValue":0.13,"FarRange":84}],"sig":[{"t":"9-1","s":"","d":{"X":-0.79,"Y":0.52}},{"t":"9-2","s":"","d":{"X":0.13,"Y":-0.91}},{"t":"X1","s":"","d":{"X":0.185,"Y":0.456}}],"clr":{"R":229,"G":252,"B":239,"A":255}},"AN6-2-4":{"pid":"AN6-sv","orb":9233.42,"per":52.97,"ang":20.09,"t":"ASTEROID","sp":"ASTEROID-3","s":20.68,"m":122.97,"gd":34.47,"wic":{},"woc":{},"wgc":{},"emm":[{"Type":"1","MainRange":33,"MainValue":0.2,"FarRange":168}],"sig":[{"t":"9-1","s":"","d":{"X":0.15,"Y":0.07}},{"t":"9-2","s":"","d":{"X":0.99,"Y":0.02}},{"t":"X1","s":"","d":{"X":-0.126,"Y":0.066}}],"clr":{"R":186,"G":251,"B":242,"A":255}},"AN6-2-40":{"pid":"AN6-sv","orb":12293.38,"per":70.52,"ang":39.04,"t":"ASTEROID","sp":"ASTEROID-1","s":29.08,"m":341.69,"gd":48.47,"wic":{},"woc":{},"wgc":{},"emm":[{"Type":"1","MainRange":39,"MainValue":0.3,"FarRange":208}],"sig":[{"t":"9-1","s":"","d":{"X":0.49,"Y":0.75}},{"t":"9-2","s":"","d":{"X":-0.58,"Y":-0.31}},{"t":"X1","s":"","d":{"X":0.332,"Y":0.263}}],"clr":{"R":221,"G":222,"B":244,"A":255}},"AN6-2-41":{"pid":"AN6-sv","orb":11220.12,"per":64.36,"ang":301.23,"t":"ASTEROID","sp":"ASTEROID-2","s":28.61,"m":325.48,"gd":47.69,"wic":{},"woc":{},"wgc":{},"emm":[{"Type":"1","MainRange":76,"MainValue":0.1,"FarRange":234}],"sig":[{"t":"9-1","s":"","d":{"X":-0.5,"Y":-0.14}},{"t":"9-2","s":"","d":{"X":-0.25}},{"t":"X1","s":"","d":{"X":-0.874,"Y":0.401}}],"clr":{"R":252,"G":254,"B":253,"A":255}},"AN6-2-42":{"pid":"AN6-sv","orb":9897.41,"per":56.77,"ang":290.84,"t":"ASTEROID","sp":"ASTEROID-5","s":31.12,"m":418.83,"gd":51.87,"wic":{},"woc":{},"wgc":{},"emm":[{"Type":"1","MainRange":40,"MainValue":0.27,"FarRange":158}],"sig":[{"t":"9-1","s":"","d":{"X":-0.79,"Y":0.43}},{"t":"9-2","s":"","d":{"X":-0.06,"Y":-0.61}},{"t":"X1","s":"","d":{"X":-0.376,"Y":-0.751}}],"clr":{"R":247,"G":234,"B":248,"A":255}},"AN6-2-43":{"pid":"AN6-sv","orb":12837.33,"per":73.64,"ang":300.62,"t":"ASTEROID","sp":"ASTEROID-5","s":24.24,"m":197.98,"gd":40.41,"wic":{},"woc":{},"wgc":{},"emm":[{"Type":"1","MainRange":50,"MainValue":0.14,"FarRange":167}],"sig":[{"t":"9-1","s":"","d":{"X":-0.21,"Y":-0.28}},{"t":"9-2","s":"","d":{"X":-0.53,"Y":-0.56}},{"t":"X1","s":"","d":{"X":0.371,"Y":-0.561}}],"clr":{"R":254,"G":254,"B":254,"A":255}},"AN6-2-44":{"pid":"AN6-sv","orb":11457.26,"per":65.72,"ang":60.59,"t":"ASTEROID","sp":"ASTEROID-4","s":13.87,"m":37.13,"gd":23.13,"wic":{},"woc":{},"wgc":{},"emm":[{"Type":"1","MainRange":56,"MainValue":0.19,"FarRange":133}],"sig":[{"t":"9-1","s":"","d":{"X":-0.74,"Y":-0.49}},{"t":"9-2","s":"","d":{"X":-0.53,"Y":0.62}},{"t":"X1","s":"","d":{"X":-0.038,"Y":0.634}}],"clr":{"R":184,"G":165,"B":249,"A":255}},"AN6-2-45":{"pid":"AN6-sv","orb":11513.9,"per":66.05,"ang":293.78,"t":"ASTEROID","sp":"ASTEROID-4","s":15.26,"m":49.4,"gd":25.44,"wic":{},"woc":{},"wgc":{},"emm":[{"Type":"1","MainRange":48.6,"MainValue":0.35,"FarRange":54}],"sig":[{"t":"9-1","s":"","d":{"X":0.35,"Y":-0.82}},{"t":"9-2","s":"","d":{"X":0.56,"Y":-0.21}},{"t":"X1","s":"","d":{"X":-0.824,"Y":-0.432}}],"clr":{"R":254,"G":251,"B":252,"A":255}},"AN6-2-46":{"pid":"AN6-sv","orb":12333.32,"per":70.75,"ang":285.85,"t":"ASTEROID","sp":"ASTEROID-3","s":18.13,"m":82.78,"gd":30.21,"wic":{},"woc":{},"wgc":{},"emm":[{"Type":"1","MainRange":50.4,"MainValue":0.23,"FarRange":56}],"sig":[{"t":"9-1","s":"","d":{"X":0.66,"Y":0.11}},{"t":"9-2","s":"","d":{"X":-0.28,"Y":0.6}},{"t":"X1","s":"","d":{"X":-0.047,"Y":0.454}}],"clr":{"R":232,"G":252,"B":254,"A":255}},"AN6-2-47":{"pid":"AN6-sv","orb":10726.77,"per":61.53,"ang":106.56,"t":"ASTEROID","sp":"ASTEROID-2","s":22.08,"m":149.67,"gd":36.81,"wic":{},"woc":{},"wgc":{},"emm":[{"Type":"1","MainRange":32,"MainValue":0.06,"FarRange":134}],"sig":[{"t":"9-1","s":"","d":{"X":-0.67,"Y":-0.42}},{"t":"9-2","s":"","d":{"X":-0.37,"Y":0.48}},{"t":"X1","s":"","d":{"X":0.636,"Y":-0.456}}],"clr":{"R":196,"G":178,"B":233,"A":255}},"AN6-2-48":{"pid":"AN6-sv","orb":10784.76,"per":61.86,"ang":204.39,"t":"ASTEROID","sp":"ASTEROID-4","s":13.15,"m":31.63,"gd":21.92,"wic":{},"woc":{},"wgc":{},"emm":[{"Type":"1","MainRange":57,"MainValue":0.18,"FarRange":106}],"sig":[{"t":"9-1","s":"","d":{"X":-0.73,"Y":0.5}},{"t":"9-2","s":"","d":{"X":0.28,"Y":-0.11}},{"t":"X1","s":"","d":{"X":-0.547,"Y":0.467}}],"clr":{"R":254,"G":250,"B":238,"A":255}},"AN6-2-49":{"pid":"AN6-sv","orb":11547.9,"per":66.24,"ang":177.31,"t":"ASTEROID","sp":"ASTEROID-2","s":11.13,"m":19.15,"gd":18.55,"wic":{},"woc":{},"wgc":{},"emm":[{"Type":"1","MainRange":49,"MainValue":0.3,"FarRange":112}],"sig":[{"t":"9-1","s":"","d":{"X":-0.22,"Y":-0.47}},{"t":"9-2","s":"","d":{"X":0.89,"Y":0.36}},{"t":"X1","s":"","d":{"X":-0.947,"Y":0.117}}],"clr":{"R":219,"G":249,"B":227,"A":255}},"AN6-2-5":{"pid":"AN6-sv","orb":13568.65,"per":77.84,"ang":102.45,"t":"ASTEROID","sp":"ASTEROID-2","s":20.59,"m":121.4,"gd":34.33,"wic":{},"woc":{},"wgc":{},"emm":[{"Type":"1","MainRange":53,"MainValue":0.14,"FarRange":186}],"sig":[{"t":"9-1","s":"","d":{"X":0.13,"Y":0.04}},{"t":"9-2","s":"","d":{"X":-0.71,"Y":0.67}},{"t":"X1","s":"","d":{"X":-0.057,"Y":0.137}}],"clr":{"R":191,"G":249,"B":224,"A":255}},"AN6-2-50":{"pid":"AN6-sv","orb":10620.72,"per":60.92,"ang":218.16,"t":"ASTEROID","sp":"ASTEROID-5","s":8.34,"m":8.05,"gd":13.9,"wic":{},"woc":{},"wgc":{},"emm":[{"Type":"1","MainRange":62,"MainValue":0.15,"FarRange":128}],"sig":[{"t":"9-1","s":"","d":{"X":-0.37,"Y":0.45}},{"t":"9-2","s":"","d":{"X":0.87,"Y":0.02}},{"t":"X1","s":"","d":{"X":0.543,"Y":-0.128}}],"clr":{"R":235,"G":246,"B":254,"A":255}},"AN6-2-51":{"pid":"AN6-sv","orb":12075.34,"per":69.27,"ang":139.58,"t":"ASTEROID","sp":"ASTEROID-2","s":20.18,"m":114.14,"gd":33.63,"wic":{},"woc":{},"wgc":{},"emm":[{"Type":"1","MainRange":44,"MainValue":0.19,"FarRange":206}],"sig":[{"t":"9-1","s":"","d":{"X":0.04,"Y":-0.07}},{"t":"9-2","s":"","d":{"X":0.4,"Y":-0.65}},{"t":"X1","s":"","d":{"X":0.134,"Y":0.717}}],"clr":{"R":167,"G":247,"B":163,"A":255}},"AN6-2-52":{"pid":"AN6-sv","orb":10765.18,"per":61.75,"ang":97.53,"t":"ASTEROID","sp":"ASTEROID-4","s":33.05,"m":501.81,"gd":55.09,"wic":{},"woc":{},"wgc":{},"emm":[{"Type":"1","MainRange":49,"MainValue":0.22,"FarRange":114}],"sig":[{"t":"9-1","s":"","d":{"X":0.36,"Y":-0.23}},{"t":"9-2","s":"","d":{"X":-0.86,"Y":-0.41}},{"t":"X1","s":"","d":{"X":-0.446,"Y":0.518}}],"clr":{"R":237,"G":233,"B":253,"A":255}},"AN6-2-53":{"pid":"AN6-sv","orb":10976.59,"per":62.97,"ang":27.16,"t":"ASTEROID","sp":"ASTEROID-5","s":22.15,"m":151.08,"gd":36.92,"wic":{},"woc":{},"wgc":{},"emm":[{"Type":"1","MainRange":46,"MainValue":0.14,"FarRange":113}],"sig":[{"t":"9-1","s":"","d":{"X":0.43,"Y":0.01}},{"t":"9-2","s":"","d":{"X":0.25,"Y":0.24}},{"t":"X1","s":"","d":{"X":0.563,"Y":-0.581}}],"clr":{"R":237,"G":249,"B":202,"A":255}},"AN6-2-54":{"pid":"AN6-sv","orb":10702.68,"per":61.39,"ang":105.49,"t":"ASTEROID","sp":"ASTEROID-5","s":20.56,"m":120.82,"gd":34.27,"wic":{},"woc":{},"wgc":{},"emm":[{"Type":"1","MainRange":64,"MainValue":0.18,"FarRange":127},{"Type":"3","MainRange":57,"MainValue":0.26,"FarRange":129},{"Type":"2","MainRange":12,"MainValue":0.15,"FarRange":52},{"Type":"13","MainRange":70,"MainValue":0.21,"FarRange":198}],"sig":[{"t":"9-1","s":"","d":{"X":0.03,"Y":-0.09}},{"t":"9-2","s":"","d":{"X":-0.23,"Y":0.71}},{"t":"X1","s":"","d":{"X":0.542,"Y":-0.301}},{"t":"X3","s":"","d":{"X":-0.13,"Y":0.036}},{"t":"X2","s":"","d":{"X":-0.084,"Y":0.479}},{"t":"X13","s":"","d":{"X":-0.337,"Y":0.103}}],"clr":{"R":253,"G":228,"B":242,"A":255}},"AN6-2-55":{"pid":"AN6-sv","orb":10598.78,"per":60.8,"ang":204.93,"t":"ASTEROID","sp":"ASTEROID-2","s":15.68,"m":53.58,"gd":26.13,"wic":{},"woc":{},"wgc":{},"emm":[{"Type":"1","MainRange":28,"MainValue":0.23,"FarRange":124}],"sig":[{"t":"9-1","s":"","d":{"X":-0.54,"Y":0.27}},{"t":"9-2","s":"","d":{"X":-0.54,"Y":-0.45}},{"t":"X1","s":"","d":{"X":-0.529,"Y":-0.168}}],"clr":{"R":246,"G":175,"B":171,"A":255}},"AN6-2-56":{"pid":"AN6-sv","orb":11636.2,"per":66.75,"ang":337.11,"t":"ASTEROID","sp":"ASTEROID-3","s":24.39,"m":201.63,"gd":40.65,"wic":{},"woc":{},"wgc":{},"emm":[{"Type":"1","MainRange":55,"MainValue":0.21,"FarRange":174}],"sig":[{"t":"9-1","s":"","d":{"X":0.52,"Y":0.8}},{"t":"9-2","s":"","d":{"X":0.07,"Y":0.87}},{"t":"X1","s":"","d":{"X":0.298,"Y":-0.141}}],"clr":{"R":253,"G":245,"B":245,"A":255}},"AN6-2-57":{"pid":"AN6-sv","orb":10221.16,"per":58.63,"ang":347.28,"t":"ASTEROID","sp":"ASTEROID-1","s":16.78,"m":65.65,"gd":27.97,"wic":{},"woc":{},"wgc":{},"emm":[{"Type":"1","MainRange":36,"MainValue":0.12,"FarRange":138},{"Type":"10","MainRange":76,"MainValue":0.12,"FarRange":127},{"Type":"5","MainRange":62,"MainValue":0.27,"FarRange":168}],"sig":[{"t":"9-1","s":"","d":{"X":-0.18,"Y":-0.8}},{"t":"9-2","s":"","d":{"X":0.71,"Y":0.13}},{"t":"X1","s":"","d":{"X":0.629,"Y":0.197}},{"t":"X10","s":"","d":{"X":0.468,"Y":-0.263}},{"t":"X5","s":"","d":{"X":-0.189,"Y":0.6}}],"clr":{"R":246,"G":242,"B":214,"A":255}},"AN6-2-58":{"pid":"AN6-sv","orb":9271.19,"per":53.18,"ang":158.82,"t":"ASTEROID","sp":"ASTEROID-5","s":12.83,"m":29.35,"gd":21.38,"wic":{},"woc":{},"wgc":{},"emm":[{"Type":"1","MainRange":41,"MainValue":0.22,"FarRange":117}],"sig":[{"t":"9-1","s":"","d":{"X":-0.88,"Y":0.36}},{"t":"9-2","s":"","d":{"X":-0.43,"Y":-0.61}},{"t":"X1","s":"","d":{"X":-0.731,"Y":0.262}}],"clr":{"R":188,"G":228,"B":235,"A":255}},"AN6-2-59":{"pid":"AN6-sv","orb":11563.19,"per":66.33,"ang":248.31,"t":"ASTEROID","sp":"ASTEROID-1","s":11.75,"m":22.58,"gd":19.59,"wic":{},"woc":{},"wgc":{},"emm":[{"Type":"1","MainRange":40,"MainValue":0.16,"FarRange":160}],"sig":[{"t":"9-1","s":"","d":{"X":-0.41,"Y":0.51}},{"t":"9-2","s":"","d":{"X":0.27,"Y":0.51}},{"t":"X1","s":"","d":{"X":-0.775,"Y":0.481}}],"clr":{"R":247,"G":246,"B":218,"A":255}},"AN6-2-6":{"pid":"AN6-sv","orb":11367.48,"per":65.21,"ang":326.7,"t":"ASTEROID","sp":"ASTEROID-4","s":15.63,"m":53.04,"gd":26.05,"wic":{},"woc":{},"wgc":{},"emm":[{"Type":"1","MainRange":79,"MainValue":0.18,"FarRange":137}],"sig":[{"t":"9-1","s":"","d":{"X":-0.14,"Y":-0.42}},{"t":"9-2","s":"","d":{"X":0.61,"Y":-0.38}},{"t":"X1","s":"","d":{"X":-0.317,"Y":0.323}}],"clr":{"R":254,"G":246,"B":239,"A":255}},"AN6-2-60":{"pid":"AN6-sv","orb":9940.36,"per":57.02,"ang":294.27,"t":"ASTEROID","sp":"ASTEROID-4","s":13.63,"m":35.19,"gd":22.72,"wic":{},"woc":{},"wgc":{},"emm":[{"Type":"1","MainRange":13.5,"MainValue":0.12,"FarRange":15}],"sig":[{"t":"9-1","s":"","d":{"X":-0.47,"Y":0.28}},{"t":"9-2","s":"","d":{"X":0.19,"Y":0.11}},{"t":"X1","s":"","d":{"X":-0.301,"Y":-0.303}}],"clr":{"R":247,"G":170,"B":209,"A":255}},"AN6-2-61":{"pid":"AN6-sv","orb":13163.86,"per":75.51,"ang":245.5,"t":"ASTEROID","sp":"ASTEROID-4","s":14.92,"m":46.18,"gd":24.87,"wic":{},"woc":{},"wgc":{},"emm":[{"Type":"1","MainRange":59,"MainValue":0.2,"FarRange":149}],"sig":[{"t":"9-1","s":"","d":{"X":-0.32,"Y":-0.29}},{"t":"9-2","s":"","d":{"X":-0.14,"Y":0.39}},{"t":"X1","s":"","d":{"X":-0.038,"Y":-0.865}}],"clr":{"R":233,"G":248,"B":252,"A":255}},"AN6-2-62":{"pid":"AN6-sv","orb":11180,"per":64.13,"ang":291.82,"t":"ASTEROID","sp":"ASTEROID-3","s":11.9,"m":23.45,"gd":19.84,"wic":{},"woc":{},"wgc":{},"emm":[{"Type":"1","MainRange":36,"MainValue":0.22,"FarRange":195}],"sig":[{"t":"9-1","s":"","d":{"X":-0.81,"Y":0.21}},{"t":"9-2","s":"","d":{"X":0.61,"Y":0.36}},{"t":"X1","s":"","d":{"X":0.193,"Y":-0.832}}],"clr":{"R":240,"G":248,"B":222,"A":255}},"AN6-2-63":{"pid":"AN6-sv","orb":12181.76,"per":69.88,"ang":74.36,"t":"ASTEROID","sp":"ASTEROID-5","s":38.85,"m":814.67,"gd":64.75,"wic":{},"woc":{},"wgc":{},"emm":[{"Type":"1","MainRange":29,"MainValue":0.11,"FarRange":158},{"Type":"11","MainRange":53,"MainValue":0.17,"FarRange":130}],"sig":[{"t":"9-1","s":"","d":{"X":-0.27,"Y":-0.62}},{"t":"9-2","s":"","d":{"X":0.14,"Y":-0.39}},{"t":"X1","s":"","d":{"X":0.171,"Y":0.884}},{"t":"X11","s":"","d":{"X":-0.278,"Y":0.774}}],"clr":{"R":250,"G":253,"B":250,"A":255}},"AN6-2-64":{"pid":"AN6-sv","orb":11874.18,"per":68.11,"ang":309.92,"t":"ASTEROID","sp":"ASTEROID-3","s":19.87,"m":109.1,"gd":33.13,"wic":{},"woc":{},"wgc":{},"emm":[{"Type":"1","MainRange":73,"MainValue":0.3,"FarRange":246},{"Type":"25","MainRange":34,"MainValue":0.24,"FarRange":115}],"sig":[{"t":"9-1","s":"","d":{"X":0.87,"Y":-0.12}},{"t":"9-2","s":"","d":{"X":-0.73,"Y":0.04}},{"t":"X1","s":"","d":{"X":0.189,"Y":-0.823}},{"t":"X25","s":"","d":{"X":-0.298,"Y":-0.616}}],"clr":{"R":250,"G":162,"B":173,"A":255}},"AN6-2-65":{"pid":"AN6-sv","orb":11559.7,"per":66.31,"ang":331.41,"t":"ASTEROID","sp":"ASTEROID-1","s":27.24,"m":280.81,"gd":45.4,"wic":{},"woc":{},"wgc":{},"emm":[{"Type":"1","MainRange":46,"MainValue":0.15,"FarRange":120}],"sig":[{"t":"9-1","s":"","d":{"X":-0.71,"Y":-0.56}},{"t":"9-2","s":"","d":{"X":0.1,"Y":-0.93}},{"t":"X1","s":"","d":{"X":0.849,"Y":-0.44}}],"clr":{"R":222,"G":172,"B":236,"A":255}},"AN6-2-66":{"pid":"AN6-sv","orb":11516.28,"per":66.06,"ang":8.61,"t":"ASTEROID","sp":"ASTEROID-3","s":23.34,"m":176.72,"gd":38.9,"wic":{},"woc":{},"wgc":{},"emm":[{"Type":"1","MainRange":20,"MainValue":0.1,"FarRange":93}],"sig":[{"t":"9-1","s":"","d":{"X":-0.03,"Y":0.16}},{"t":"9-2","s":"","d":{"X":0.06,"Y":0.27}},{"t":"X1","s":"","d":{"X":0.247,"Y":-0.361}}],"clr":{"R":254,"G":247,"B":253,"A":255}},"AN6-2-67":{"pid":"AN6-sv","orb":10483.91,"per":60.14,"ang":185.45,"t":"ASTEROID","sp":"ASTEROID-4","s":12.86,"m":29.59,"gd":21.44,"wic":{},"woc":{},"wgc":{},"emm":[{"Type":"1","MainRange":61,"MainValue":0.17,"FarRange":161}],"sig":[{"t":"9-1","s":"","d":{"X":-0.17,"Y":-0.37}},{"t":"9-2","s":"","d":{"X":0.22,"Y":0.27}},{"t":"X1","s":"","d":{"X":0.86,"Y":0.098}}],"clr":{"R":190,"G":248,"B":190,"A":255}},"AN6-2-68":{"pid":"AN6-sv","orb":11238.57,"per":64.47,"ang":303.43,"t":"ASTEROID","sp":"ASTEROID-4","s":20.21,"m":114.71,"gd":33.68,"wic":{},"woc":{},"wgc":{},"emm":[{"Type":"1","MainRange":67,"MainValue":0.18,"FarRange":174}],"sig":[{"t":"9-1","s":"","d":{"X":-0.84,"Y":-0.02}},{"t":"9-2","s":"","d":{"X":-0.11,"Y":0.3}},{"t":"X1","s":"","d":{"X":-0.037,"Y":0.137}}],"clr":{"R":250,"G":252,"B":245,"A":255}},"AN6-2-69":{"pid":"AN6-sv","orb":9829.19,"per":56.38,"ang":90.61,"t":"ASTEROID","sp":"ASTEROID-5","s":6.22,"m":3.35,"gd":10.37,"wic":{},"woc":{},"wgc":{},"emm":[{"Type":"1","MainRange":66,"MainValue":0.21,"FarRange":150}],"sig":[{"t":"9-1","s":"","d":{"X":0.41,"Y":-0.45}},{"t":"9-2","s":"","d":{"X":-0.2,"Y":0.29}},{"t":"X1","s":"","d":{"X":-0.311,"Y":0.85}}],"clr":{"R":251,"G":253,"B":253,"A":255}},"AN6-2-7":{"pid":"AN6-sv","orb":11078.07,"per":63.55,"ang":255.87,"t":"ASTEROID","sp":"ASTEROID-5","s":19.2,"m":98.41,"gd":32.01,"wic":{},"woc":{},"wgc":{},"emm":[{"Type":"1","MainRange":57,"MainValue":0.14,"FarRange":146}],"sig":[{"t":"9-1","s":"","d":{"X":0.8,"Y":0.18}},{"t":"9-2","s":"","d":{"X":0.37,"Y":0.21}},{"t":"X1","s":"","d":{"X":0.486,"Y":-0.193}}],"clr":{"R":254,"G":249,"B":252,"A":255}},"AN6-2-70":{"pid":"AN6-sv","orb":8450.05,"per":48.47,"ang":173.77,"t":"ASTEROID","sp":"ASTEROID-5","s":26.28,"m":252.33,"gd":43.81,"wic":{},"woc":{},"wgc":{},"emm":[{"Type":"1","MainRange":56,"MainValue":0.23,"FarRange":225}],"sig":[{"t":"9-1","s":"","d":{"X":-0.31,"Y":-0.77}},{"t":"9-2","s":"","d":{"X":0.51,"Y":-0.79}},{"t":"X1","s":"","d":{"X":-0.749,"Y":0.36}}],"clr":{"R":181,"G":219,"B":234,"A":255}},"AN6-2-71":{"pid":"AN6-sv","orb":13183.22,"per":75.62,"ang":119.45,"t":"ASTEROID","sp":"ASTEROID-4","s":25.8,"m":238.58,"gd":43,"wic":{},"woc":{},"wgc":{},"emm":[{"Type":"1","MainRange":68,"MainValue":0.13,"FarRange":217}],"sig":[{"t":"9-1","s":"","d":{"X":0.19,"Y":-0.61}},{"t":"9-2","s":"","d":{"X":-0.08,"Y":-0.23}},{"t":"X1","s":"","d":{"X":-0.278,"Y":-0.359}}],"clr":{"R":212,"G":249,"B":234,"A":255}},"AN6-2-72":{"pid":"AN6-sv","orb":8905.06,"per":51.08,"ang":110.01,"t":"ASTEROID","sp":"ASTEROID-3","s":34,"m":545.91,"gd":56.66,"wic":{},"woc":{},"wgc":{},"emm":[{"Type":"1","MainRange":62,"MainValue":0.14,"FarRange":151}],"sig":[{"t":"9-1","s":"","d":{"X":0.08,"Y":-0.43}},{"t":"9-2","s":"","d":{"X":-0.85,"Y":-0.24}},{"t":"X1","s":"","d":{"X":-0.597,"Y":0.64}}],"clr":{"R":254,"G":251,"B":252,"A":255}},"AN6-2-73":{"pid":"AN6-sv","orb":12061.75,"per":69.19,"ang":76.61,"t":"ASTEROID","sp":"ASTEROID-3","s":18.95,"m":94.55,"gd":31.58,"wic":{},"woc":{},"wgc":{},"emm":[{"Type":"1","MainRange":61,"MainValue":0.16,"FarRange":148}],"sig":[{"t":"9-1","s":"","d":{"X":-0.36,"Y":-0.35}},{"t":"9-2","s":"","d":{"X":-0.41,"Y":0.66}},{"t":"X1","s":"","d":{"X":0.554,"Y":-0.198}}],"clr":{"R":253,"G":248,"B":243,"A":255}},"AN6-2-74":{"pid":"AN6-sv","orb":12668.81,"per":72.67,"ang":206.16,"t":"ASTEROID","sp":"ASTEROID-3","s":17.72,"m":77.34,"gd":29.54,"wic":{},"woc":{},"wgc":{},"emm":[{"Type":"1","MainRange":47,"MainValue":0.2,"FarRange":149}],"sig":[{"t":"9-1","s":"","d":{"X":-0.26,"Y":-0.14}},{"t":"9-2","s":"","d":{"X":0.22,"Y":-0.22}},{"t":"X1","s":"","d":{"X":0.607,"Y":-0.46}}],"clr":{"R":201,"G":173,"B":242,"A":255}},"AN6-2-75":{"pid":"AN6-sv","orb":10039.13,"per":57.59,"ang":336.09,"t":"ASTEROID","sp":"ASTEROID-4","s":21.54,"m":138.89,"gd":35.9,"wic":{},"woc":{},"wgc":{},"emm":[{"Type":"1","MainRange":28,"MainValue":0.2,"FarRange":193}],"sig":[{"t":"9-1","s":"","d":{"X":-0.61,"Y":-0.76}},{"t":"9-2","s":"","d":{"X":-0.1,"Y":0.02}},{"t":"X1","s":"","d":{"X":0.257,"Y":0.946}}],"clr":{"R":230,"G":245,"B":206,"A":255}},"AN6-2-76":{"pid":"AN6-sv","orb":12466.04,"per":71.51,"ang":226.92,"t":"ASTEROID","sp":"ASTEROID-5","s":24.39,"m":201.65,"gd":40.65,"wic":{},"woc":{},"wgc":{},"emm":[{"Type":"1","MainRange":41,"MainValue":0.27,"FarRange":183}],"sig":[{"t":"9-1","s":"","d":{"X":-0.86,"Y":0.22}},{"t":"9-2","s":"","d":{"X":-0.2,"Y":0.71}},{"t":"X1","s":"","d":{"X":-0.004,"Y":0.72}}],"clr":{"R":243,"G":215,"B":220,"A":255}},"AN6-2-77":{"pid":"AN6-sv","orb":9907.13,"per":56.83,"ang":347.58,"t":"ASTEROID","sp":"ASTEROID-4","s":25.62,"m":233.79,"gd":42.71,"wic":{},"woc":{},"wgc":{},"emm":[{"Type":"1","MainRange":55,"MainValue":0.25,"FarRange":124}],"sig":[{"t":"9-1","s":"","d":{"X":0.26,"Y":0.77}},{"t":"9-2","s":"","d":{"X":-0.16,"Y":-0.81}},{"t":"X1","s":"","d":{"X":-0.556,"Y":-0.313}}],"clr":{"R":207,"G":244,"B":253,"A":255}},"AN6-2-78":{"pid":"AN6-sv","orb":10349.77,"per":59.37,"ang":139.36,"t":"ASTEROID","sp":"ASTEROID-3","s":18.65,"m":90.19,"gd":31.09,"wic":{},"woc":{},"wgc":{},"emm":[{"Type":"1","MainRange":47,"MainValue":0.24,"FarRange":93}],"sig":[{"t":"9-1","s":"","d":{"X":-0.72,"Y":-0.66}},{"t":"9-2","s":"","d":{"X":-0.13,"Y":0.85}},{"t":"X1","s":"","d":{"X":-0.088,"Y":0.117}}],"clr":{"R":242,"G":254,"B":243,"A":255}},"AN6-2-8":{"pid":"AN6-sv","orb":11446.07,"per":65.66,"ang":187.9,"t":"ASTEROID","sp":"ASTEROID-2","s":11.32,"m":20.15,"gd":18.86,"wic":{},"woc":{},"wgc":{},"emm":[{"Type":"1","MainRange":58,"MainValue":0.15,"FarRange":85}],"sig":[{"t":"9-1","s":"","d":{"X":0.3,"Y":0.94}},{"t":"9-2","s":"","d":{"X":-0.15,"Y":-0.56}},{"t":"X1","s":"","d":{"X":0.281,"Y":-0.422}}],"clr":{"R":251,"G":253,"B":251,"A":255}},"AN6-2-9":{"pid":"AN6-sv","orb":11737.52,"per":67.33,"ang":69.97,"t":"ASTEROID","sp":"ASTEROID-2","s":21.3,"m":134.3,"gd":35.5,"wic":{},"woc":{},"wgc":{},"emm":[{"Type":"1","MainRange":31,"MainValue":0.19,"FarRange":136}],"sig":[{"t":"9-1","s":"","d":{"X":0.11,"Y":0.4}},{"t":"9-2","s":"","d":{"X":-0.37,"Y":0.19}},{"t":"X1","s":"","d":{"X":-0.328,"Y":-0.89}}],"clr":{"R":204,"G":240,"B":183,"A":255}},"AN6-242":{"pid":"AN6-sv","orb":23036.45,"per":132.15,"t":"GASPLANET","sp":"GASPLANET-29","s":77.41,"m":4510.13,"gd":129.01,"wic":{},"woc":{},"wgc":{},"sig":[{"t":"0-2","s":"","d":{"X":0.19,"Y":-0.33}},{"t":"1-3","s":"","d":{"X":-0.69,"Y":-0.37}},{"t":"3-1","s":"","d":{"X":0.42,"Y":0.5}},{"t":"6-3","s":"","d":{"X":-0.83,"Y":0.22}},{"t":"7-3","s":"","d":{"X":-0.29,"Y":0.45}},{"t":"8-1","s":"","d":{"X":0.8,"Y":0.42}},{"t":"8-2","s":"","d":{"X":0.63,"Y":0.66}},{"t":"10-2","s":"","d":{"X":-0.68,"Y":-0.27}},{"t":"11-1","s":"","d":{"X":-0.88,"Y":0.48}}],"clr":{"R":251,"G":231,"B":231,"A":255}},"AN6-262":{"pid":"AN6-sv","orb":23443.74,"per":134.49,"t":"GASPLANET","sp":"GASPLANET-3","s":141.51,"m":27554.58,"gd":235.86,"wic":{},"woc":{},"wgc":{},"sig":[{"t":"0-3","s":"","d":{"X":-0.24,"Y":-0.79}},{"t":"1-3","s":"","d":{"X":-0.47,"Y":0.76}},{"t":"3-1","s":"","d":{"X":-0.66,"Y":0.08}},{"t":"6-3","s":"","d":{"X":-0.6,"Y":0.01}},{"t":"10-1","s":"","d":{"X":-0.16,"Y":-0.99}},{"t":"10-2","s":"","d":{"X":0.9,"Y":-0.37}},{"t":"11-1","s":"","d":{"X":0.24,"Y":0.68}}],"clr":{"R":239,"G":235,"B":252,"A":255}},"AN6-262-0":{"pid":"AN6-262","orb":3844.55,"per":22.05,"ang":265.47,"t":"ASTEROID","sp":"ASTEROID-2","s":23.64,"m":183.71,"gd":39.41,"wic":{},"woc":{},"wgc":{},"emm":[{"Type":"1","MainRange":44,"MainValue":0.15,"FarRange":151}],"sig":[{"t":"9-1","s":"","d":{"X":0.75,"Y":-0.22}},{"t":"9-2","s":"","d":{"X":0.54,"Y":0.47}},{"t":"X1","s":"","d":{"X":0.958,"Y":-0.013}}],"clr":{"R":220,"G":216,"B":248,"A":255}},"AN6-262-1":{"pid":"AN6-262","orb":4235.04,"per":24.29,"ang":29.63,"t":"ASTEROID","sp":"ASTEROID-4","s":23.66,"m":184.16,"gd":39.44,"wic":{},"woc":{},"wgc":{},"emm":[{"Type":"1","MainRange":57,"MainValue":0.1,"FarRange":137}],"sig":[{"t":"9-1","s":"","d":{"X":0.44,"Y":0.11}},{"t":"9-2","s":"","d":{"X":0.32,"Y":-0.26}},{"t":"X1","s":"","d":{"X":-0.592,"Y":-0.555}}],"clr":{"R":218,"G":249,"B":237,"A":255}},"AN6-262-10":{"pid":"AN6-262","orb":4296.27,"per":24.64,"ang":189.4,"t":"ASTEROID","sp":"ASTEROID-5","s":18.1,"m":82.41,"gd":30.17,"wic":{},"woc":{},"wgc":{},"emm":[{"Type":"1","MainRange":62,"MainValue":0.3,"FarRange":166}],"sig":[{"t":"9-1","s":"","d":{"X":-0.17,"Y":0.52}},{"t":"9-2","s":"","d":{"X":-0.76,"Y":-0.22}},{"t":"X1","s":"","d":{"X":-0.165,"Y":0.026}}],"clr":{"R":249,"G":252,"B":246,"A":255}},"AN6-262-11":{"pid":"AN6-262","orb":4368.68,"per":25.06,"ang":10.92,"t":"ASTEROID","sp":"ASTEROID-4","s":26.62,"m":262.06,"gd":44.37,"wic":{},"woc":{},"wgc":{},"emm":[{"Type":"1","MainRange":46,"MainValue":0.3,"FarRange":166}],"sig":[{"t":"9-1","s":"","d":{"X":0.12,"Y":-0.23}},{"t":"9-2","s":"","d":{"X":0.2,"Y":0.79}},{"t":"X1","s":"","d":{"X":0.62,"Y":0.086}}],"clr":{"R":206,"G":254,"B":232,"A":255}},"AN6-262-12":{"pid":"AN6-262","orb":4463.16,"per":25.6,"ang":275.78,"t":"ASTEROID","sp":"ASTEROID-1","s":18.05,"m":81.73,"gd":30.09,"wic":{},"woc":{},"wgc":{},"emm":[{"Type":"1","MainRange":58.5,"MainValue":0.28,"FarRange":65}],"sig":[{"t":"9-1","s":"","d":{"X":-0.47,"Y":0.73}},{"t":"9-2","s":"","d":{"X":0.25,"Y":-0.08}},{"t":"X1","s":"","d":{"X":0.372,"Y":-0.703}}],"clr":{"R":182,"G":248,"B":183,"A":255}},"AN6-262-13":{"pid":"AN6-262","orb":4346.88,"per":24.93,"ang":268.41,"t":"ASTEROID","sp":"ASTEROID-2","s":24.63,"m":207.76,"gd":41.06,"wic":{},"woc":{},"wgc":{},"emm":[{"Type":"1","MainRange":79,"MainValue":0.3,"FarRange":199}],"sig":[{"t":"9-1","s":"","d":{"X":0.16,"Y":-0.86}},{"t":"9-2","s":"","d":{"X":0.29,"Y":-0.51}},{"t":"X1","s":"","d":{"X":-0.884,"Y":-0.3}}],"clr":{"R":252,"G":208,"B":171,"A":255}},"AN6-262-14":{"pid":"AN6-262","orb":3948.74,"per":22.65,"ang":313.01,"t":"ASTEROID","sp":"ASTEROID-4","s":16.35,"m":60.72,"gd":27.25,"wic":{},"woc":{},"wgc":{},"emm":[{"Type":"1","MainRange":51,"MainValue":0.18,"FarRange":139}],"sig":[{"t":"9-1","s":"","d":{"X":0.85,"Y":-0.09}},{"t":"9-2","s":"","d":{"X":-0.81,"Y":-0.14}},{"t":"X1","s":"","d":{"X":0.013,"Y":-0.324}}],"clr":{"R":237,"G":201,"B":181,"A":255}},"AN6-262-15":{"pid":"AN6-262","orb":4010.79,"per":23,"ang":296.09,"t":"ASTEROID","sp":"ASTEROID-4","s":8.35,"m":8.11,"gd":13.93,"wic":{},"woc":{},"wgc":{},"emm":[{"Type":"1","MainRange":81,"MainValue":0.27,"FarRange":178}],"sig":[{"t":"9-1","s":"","d":{"X":0.44,"Y":0.09}},{"t":"9-2","s":"","d":{"X":0.01,"Y":-0.87}},{"t":"X1","s":"","d":{"X":-0.346,"Y":-0.768}}],"clr":{"R":253,"G":250,"B":249,"A":255}},"AN6-262-16":{"pid":"AN6-262","orb":3473.9,"per":19.92,"ang":87.3,"t":"ASTEROID","sp":"ASTEROID-4","s":15.63,"m":53.09,"gd":26.06,"wic":{},"woc":{},"wgc":{},"emm":[{"Type":"1","MainRange":33,"MainValue":0.26,"FarRange":182}],"sig":[{"t":"9-1","s":"","d":{"X":0.19,"Y":0.33}},{"t":"9-2","s":"","d":{"X":0.44,"Y":0.28}},{"t":"X1","s":"","d":{"X":0.635,"Y":0.221}}],"clr":{"R":253,"G":249,"B":253,"A":255}},"AN6-262-17":{"pid":"AN6-262","orb":3077.52,"per":17.65,"ang":62.01,"t":"ASTEROID","sp":"ASTEROID-5","s":28.75,"m":330.25,"gd":47.92,"wic":{},"woc":{},"wgc":{},"emm":[{"Type":"1","MainRange":56,"MainValue":0.26,"FarRange":128}],"sig":[{"t":"9-1","s":"","d":{"X":0.66}},{"t":"9-2","s":"","d":{"X":-0.88,"Y":-0.34}},{"t":"X1","s":"","d":{"X":0.821,"Y":0.432}}],"clr":{"R":248,"G":254,"B":225,"A":255}},"AN6-262-18":{"pid":"AN6-262","orb":3845,"per":22.05,"ang":65.22,"t":"ASTEROID","sp":"ASTEROID-4","s":21.84,"m":144.87,"gd":36.41,"wic":{},"woc":{},"wgc":{},"emm":[{"Type":"1","MainRange":53,"MainValue":0.15,"FarRange":235}],"sig":[{"t":"9-1","s":"","d":{"X":0.35,"Y":0.54}},{"t":"9-2","s":"","d":{"X":-0.66,"Y":0.64}},{"t":"X1","s":"","d":{"X":0.186,"Y":-0.002}}],"clr":{"R":248,"G":234,"B":244,"A":255}},"AN6-262-19":{"pid":"AN6-262","orb":3590.49,"per":20.59,"ang":334.7,"t":"ASTEROID","sp":"ASTEROID-2","s":18.4,"m":86.59,"gd":30.67,"wic":{},"woc":{},"wgc":{},"emm":[{"Type":"1","MainRange":60,"MainValue":0.27,"FarRange":224}],"sig":[{"t":"9-1","s":"","d":{"X":-0.85,"Y":-0.53}},{"t":"9-2","s":"","d":{"X":-0.73,"Y":-0.68}},{"t":"X1","s":"","d":{"X":0.512,"Y":-0.152}}],"clr":{"R":231,"G":188,"B":251,"A":255}},"AN6-262-2":{"pid":"AN6-262","orb":4310.23,"per":24.72,"ang":128.71,"t":"ASTEROID","sp":"ASTEROID-2","s":19.56,"m":104.05,"gd":32.61,"wic":{},"woc":{},"wgc":{},"emm":[{"Type":"1","MainRange":43,"MainValue":0.26,"FarRange":177}],"sig":[{"t":"9-1","s":"","d":{"X":0.13,"Y":0.87}},{"t":"9-2","s":"","d":{"X":-0.66,"Y":-0.02}},{"t":"X1","s":"","d":{"X":0.37,"Y":0.548}}],"clr":{"R":249,"G":210,"B":191,"A":255}},"AN6-262-20":{"pid":"AN6-262","orb":3491.89,"per":20.03,"ang":6.33,"t":"ASTEROID","sp":"ASTEROID-5","s":16.88,"m":66.9,"gd":28.14,"wic":{},"woc":{},"wgc":{},"emm":[{"Type":"1","MainRange":30,"MainValue":0.14,"FarRange":223}],"sig":[{"t":"9-1","s":"","d":{"X":-0.46,"Y":0.09}},{"t":"9-2","s":"","d":{"X":0.47,"Y":-0.84}},{"t":"X1","s":"","d":{"X":-0.41,"Y":-0.487}}],"clr":{"R":254,"G":252,"B":253,"A":255}},"AN6-262-21":{"pid":"AN6-262","orb":4783.31,"per":27.44,"ang":182.36,"t":"ASTEROID","sp":"ASTEROID-1","s":25.24,"m":223.37,"gd":42.07,"wic":{},"woc":{},"wgc":{},"emm":[{"Type":"1","MainRange":24,"MainValue":0.16,"FarRange":170}],"sig":[{"t":"9-1","s":"","d":{"X":0.06,"Y":-0.3}},{"t":"9-2","s":"","d":{"X":0.54,"Y":0.58}},{"t":"X1","s":"","d":{"X":-0.101,"Y":0.89}}],"clr":{"R":244,"G":243,"B":251,"A":255}},"AN6-262-22":{"pid":"AN6-262","orb":3794.88,"per":21.77,"ang":9.81,"t":"ASTEROID","sp":"ASTEROID-1","s":28.65,"m":326.64,"gd":47.75,"wic":{},"woc":{},"wgc":{},"emm":[{"Type":"1","MainRange":31,"MainValue":0.15,"FarRange":65}],"sig":[{"t":"9-1","s":"","d":{"X":-0.18,"Y":0.24}},{"t":"9-2","s":"","d":{"X":0.17,"Y":0.24}},{"t":"X1","s":"","d":{"X":0.156,"Y":-0.222}}],"clr":{"R":229,"G":249,"B":210,"A":255}},"AN6-262-23":{"pid":"AN6-262","orb":3696.37,"per":21.2,"ang":149.88,"t":"ASTEROID","sp":"ASTEROID-5","s":19.36,"m":100.87,"gd":32.27,"wic":{},"woc":{},"wgc":{},"emm":[{"Type":"1","MainRange":41,"MainValue":0.18,"FarRange":191}],"sig":[{"t":"9-1","s":"","d":{"X":-0.32,"Y":-0.62}},{"t":"9-2","s":"","d":{"X":-0.2,"Y":-0.56}},{"t":"X1","s":"","d":{"X":-0.501,"Y":-0.375}}],"clr":{"R":228,"G":240,"B":247,"A":255}},"AN6-262-24":{"pid":"AN6-262","orb":3407.46,"per":19.54,"ang":344.12,"t":"ASTEROID","sp":"ASTEROID-5","s":26.15,"m":248.47,"gd":43.59,"wic":{},"woc":{},"wgc":{},"emm":[{"Type":"1","MainRange":40,"MainValue":0.26,"FarRange":146}],"sig":[{"t":"9-1","s":"","d":{"X":0.85,"Y":-0.49}},{"t":"9-2","s":"","d":{"X":-0.23,"Y":-0.69}},{"t":"X1","s":"","d":{"X":-0.186,"Y":0.113}}],"clr":{"R":251,"G":254,"B":250,"A":255}},"AN6-262-25":{"pid":"AN6-262","orb":4294.73,"per":24.63,"ang":321.36,"t":"ASTEROID","sp":"ASTEROID-3","s":11.65,"m":21.97,"gd":19.42,"wic":{},"woc":{},"wgc":{},"emm":[{"Type":"1","MainRange":20,"MainValue":0.19,"FarRange":179}],"sig":[{"t":"9-1","s":"","d":{"X":-0.53,"Y":0.4}},{"t":"9-2","s":"","d":{"X":-0.23,"Y":-0.53}},{"t":"X1","s":"","d":{"X":-0.515,"Y":0.652}}],"clr":{"R":185,"G":237,"B":175,"A":255}},"AN6-262-26":{"pid":"AN6-262","orb":4074.24,"per":23.37,"ang":49.17,"t":"ASTEROID","sp":"ASTEROID-1","s":25.06,"m":218.6,"gd":41.76,"wic":{},"woc":{},"wgc":{},"emm":[{"Type":"1","MainRange":63,"MainValue":0.19,"FarRange":221}],"sig":[{"t":"9-1","s":"","d":{"X":0.21,"Y":-0.67}},{"t":"9-2","s":"","d":{"X":-0.69,"Y":-0.39}},{"t":"X1","s":"","d":{"X":-0.524,"Y":0.174}}],"clr":{"R":166,"G":254,"B":180,"A":255}},"AN6-262-27":{"pid":"AN6-262","orb":4095.45,"per":23.49,"ang":6.48,"t":"ASTEROID","sp":"ASTEROID-2","s":23.75,"m":186.11,"gd":39.58,"wic":{},"woc":{},"wgc":{},"emm":[{"Type":"1","MainRange":54,"MainValue":0.23,"FarRange":178}],"sig":[{"t":"9-1","s":"","d":{"X":-0.58,"Y":-0.12}},{"t":"9-2","s":"","d":{"X":-0.56,"Y":0.2}},{"t":"X1","s":"","d":{"X":-0.4,"Y":0.646}}],"clr":{"R":181,"G":194,"B":241,"A":255}},"AN6-262-28":{"pid":"AN6-262","orb":3787.6,"per":21.72,"ang":306.63,"t":"ASTEROID","sp":"ASTEROID-4","s":14.87,"m":45.72,"gd":24.79,"wic":{},"woc":{},"wgc":{},"emm":[{"Type":"1","MainRange":69,"MainValue":0.13,"FarRange":252}],"sig":[{"t":"9-1","s":"","d":{"X":-0.41,"Y":0.36}},{"t":"9-2","s":"","d":{"Y":0.43}},{"t":"X1","s":"","d":{"X":-0.836,"Y":0.351}}],"clr":{"R":219,"G":205,"B":242,"A":255}},"AN6-262-29":{"pid":"AN6-262","orb":3555.67,"per":20.39,"ang":275.78,"t":"ASTEROID","sp":"ASTEROID-3","s":26.46,"m":257.32,"gd":44.1,"wic":{},"woc":{},"wgc":{},"emm":[{"Type":"1","MainRange":67,"MainValue":0.21,"FarRange":151}],"sig":[{"t":"9-1","s":"","d":{"X":-0.23,"Y":-0.75}},{"t":"9-2","s":"","d":{"X":0.54,"Y":0.47}},{"t":"X1","s":"","d":{"X":0.868,"Y":0.093}}],"clr":{"R":248,"G":211,"B":218,"A":255}},"AN6-262-3":{"pid":"AN6-262","orb":3997.59,"per":22.93,"ang":187.67,"t":"ASTEROID","sp":"ASTEROID-3","s":15.16,"m":48.42,"gd":25.27,"wic":{},"woc":{},"wgc":{},"emm":[{"Type":"1","MainRange":60,"MainValue":0.14,"FarRange":81}],"sig":[{"t":"9-1","s":"","d":{"X":-0.22,"Y":0.04}},{"t":"9-2","s":"","d":{"X":-0.17,"Y":-0.62}},{"t":"X1","s":"","d":{"X":-0.067,"Y":-0.96}}],"clr":{"R":233,"G":200,"B":249,"A":255}},"AN6-262-30":{"pid":"AN6-262","orb":3608.22,"per":20.69,"ang":349.39,"t":"ASTEROID","sp":"ASTEROID-4","s":12.57,"m":27.63,"gd":20.96,"wic":{},"woc":{},"wgc":{},"emm":[{"Type":"1","MainRange":50,"MainValue":0.31,"FarRange":186}],"sig":[{"t":"9-1","s":"","d":{"X":-0.48,"Y":-0.2}},{"t":"9-2","s":"","d":{"X":-0.99,"Y":0.07}},{"t":"X1","s":"","d":{"X":0.25,"Y":-0.233}}],"clr":{"R":221,"G":250,"B":219,"A":255}},"AN6-262-31":{"pid":"AN6-262","orb":3882.97,"per":22.27,"ang":58.84,"t":"ASTEROID","sp":"ASTEROID-4","s":19.82,"m":108.16,"gd":33.03,"wic":{},"woc":{},"wgc":{},"emm":[{"Type":"1","MainRange":66,"MainValue":0.2,"FarRange":124}],"sig":[{"t":"9-1","s":"","d":{"X":0.38,"Y":-0.78}},{"t":"9-2","s":"","d":{"X":0.52,"Y":-0.72}},{"t":"X1","s":"","d":{"X":-0.118,"Y":0.669}}],"clr":{"R":250,"G":246,"B":233,"A":255}},"AN6-262-32":{"pid":"AN6-262","orb":3688.22,"per":21.15,"ang":69.11,"t":"ASTEROID","sp":"ASTEROID-2","s":14.91,"m":46.06,"gd":24.85,"wic":{},"woc":{},"wgc":{},"emm":[{"Type":"1","MainRange":71,"MainValue":0.16,"FarRange":186}],"sig":[{"t":"9-1","s":"","d":{"X":0.51,"Y":0.14}},{"t":"9-2","s":"","d":{"X":-0.95,"Y":-0.24}},{"t":"X1","s":"","d":{"X":0.885,"Y":-0.208}}],"clr":{"R":248,"G":207,"B":252,"A":255}},"AN6-262-33":{"pid":"AN6-262","orb":4164.17,"per":23.88,"ang":251.22,"t":"ASTEROID","sp":"ASTEROID-4","s":22.3,"m":154.18,"gd":37.17,"wic":{},"woc":{},"wgc":{},"emm":[{"Type":"1","MainRange":48,"MainValue":0.17,"FarRange":128}],"sig":[{"t":"9-1","s":"","d":{"X":0.41,"Y":0.63}},{"t":"9-2","s":"","d":{"X":0.87,"Y":0.33}},{"t":"X1","s":"","d":{"X":0.123,"Y":0.933}}],"clr":{"R":254,"G":254,"B":254,"A":255}},"AN6-262-34":{"pid":"AN6-262","orb":3899.69,"per":22.37,"ang":76.22,"t":"ASTEROID","sp":"ASTEROID-4","s":21.29,"m":134.05,"gd":35.48,"wic":{},"woc":{},"wgc":{},"emm":[{"Type":"1","MainRange":36,"MainValue":0.19,"FarRange":145}],"sig":[{"t":"9-1","s":"","d":{"X":0.43,"Y":0.81}},{"t":"9-2","s":"","d":{"X":0.34,"Y":0.89}},{"t":"X1","s":"","d":{"X":0.893,"Y":-0.401}}],"clr":{"R":231,"G":166,"B":252,"A":255}},"AN6-262-35":{"pid":"AN6-262","orb":3481.73,"per":19.97,"ang":151.03,"t":"ASTEROID","sp":"ASTEROID-1","s":16.55,"m":63.01,"gd":27.59,"wic":{},"woc":{},"wgc":{},"emm":[{"Type":"1","MainRange":36,"MainValue":0.16,"FarRange":40}],"sig":[{"t":"9-1","s":"","d":{"X":0.58,"Y":-0.76}},{"t":"9-2","s":"","d":{"X":-0.57,"Y":0.75}},{"t":"X1","s":"","d":{"X":-0.041,"Y":0.655}}],"clr":{"R":243,"G":222,"B":250,"A":255}},"AN6-262-36":{"pid":"AN6-262","orb":3906.37,"per":22.4,"ang":333.8,"t":"ASTEROID","sp":"ASTEROID-5","s":18.05,"m":81.78,"gd":30.09,"wic":{},"woc":{},"wgc":{},"emm":[{"Type":"1","MainRange":39,"MainValue":0.25,"FarRange":101}],"sig":[{"t":"9-1","s":"","d":{"X":-0.36,"Y":0.08}},{"t":"9-2","s":"","d":{"X":-0.51,"Y":-0.77}},{"t":"X1","s":"","d":{"X":-0.741,"Y":0.574}}],"clr":{"R":254,"G":252,"B":253,"A":255}},"AN6-262-37":{"pid":"AN6-262","orb":3562.64,"per":20.43,"ang":44.67,"t":"ASTEROID","sp":"ASTEROID-3","s":21.94,"m":146.8,"gd":36.57,"wic":{},"woc":{},"wgc":{},"emm":[{"Type":"1","MainRange":45,"MainValue":0.2,"FarRange":85}],"sig":[{"t":"9-1","s":"","d":{"X":0.45,"Y":0.71}},{"t":"9-2","s":"","d":{"X":-0.61,"Y":0.11}},{"t":"X1","s":"","d":{"X":0.483,"Y":0.17}}],"clr":{"R":244,"G":240,"B":253,"A":255}},"AN6-262-38":{"pid":"AN6-262","orb":4591.17,"per":26.33,"ang":88.84,"t":"ASTEROID","sp":"ASTEROID-5","s":11.77,"m":22.68,"gd":19.62,"wic":{},"woc":{},"wgc":{},"emm":[{"Type":"1","MainRange":54,"MainValue":0.13,"FarRange":152}],"sig":[{"t":"9-1","s":"","d":{"X":-0.53,"Y":-0.31}},{"t":"9-2","s":"","d":{"X":-0.88,"Y":-0.03}},{"t":"X1","s":"","d":{"X":0.627,"Y":0.504}}],"clr":{"R":247,"G":204,"B":177,"A":255}},"AN6-262-4":{"pid":"AN6-262","orb":3292.49,"per":18.88,"ang":175.35,"t":"ASTEROID","sp":"ASTEROID-2","s":15.71,"m":53.91,"gd":26.19,"wic":{},"woc":{},"wgc":{},"emm":[{"Type":"1","MainRange":65,"MainValue":0.12,"FarRange":213}],"sig":[{"t":"9-1","s":"","d":{"X":0.15,"Y":0.8}},{"t":"9-2","s":"","d":{"X":-0.08,"Y":-0.03}},{"t":"X1","s":"","d":{"X":-0.666,"Y":-0.466}}],"clr":{"R":216,"G":246,"B":238,"A":255}},"AN6-262-5":{"pid":"AN6-262","orb":3626.79,"per":20.8,"ang":200.66,"t":"ASTEROID","sp":"ASTEROID-1","s":15.13,"m":48.17,"gd":25.22,"wic":{},"woc":{},"wgc":{},"emm":[{"Type":"1","MainRange":56,"MainValue":0.21,"FarRange":119},{"Type":"2","MainRange":35,"MainValue":0.24,"FarRange":143}],"sig":[{"t":"9-1","s":"","d":{"X":-0.01,"Y":0.71}},{"t":"9-2","s":"","d":{"X":0.34,"Y":-0.23}},{"t":"X1","s":"","d":{"X":-0.168,"Y":-0.804}},{"t":"X2","s":"","d":{"X":-0.578,"Y":-0.519}}],"clr":{"R":178,"G":233,"B":241,"A":255}},"AN6-262-6":{"pid":"AN6-262","orb":3557.72,"per":20.4,"ang":227.78,"t":"ASTEROID","sp":"ASTEROID-4","s":14.82,"m":45.24,"gd":24.7,"wic":{},"woc":{},"wgc":{},"emm":[{"Type":"1","MainRange":56,"MainValue":0.19,"FarRange":207}],"sig":[{"t":"9-1","s":"","d":{"X":0.12,"Y":0.67}},{"t":"9-2","s":"","d":{"X":0.9,"Y":0.36}},{"t":"X1","s":"","d":{"X":0.409,"Y":-0.429}}],"clr":{"R":254,"G":244,"B":242,"A":255}},"AN6-262-7":{"pid":"AN6-262","orb":3534.62,"per":20.27,"ang":153.65,"t":"ASTEROID","sp":"ASTEROID-3","s":18.39,"m":86.46,"gd":30.66,"wic":{},"woc":{},"wgc":{},"emm":[{"Type":"1","MainRange":51,"MainValue":0.23,"FarRange":132}],"sig":[{"t":"9-1","s":"","d":{"X":-0.1,"Y":-0.27}},{"t":"9-2","s":"","d":{"X":-0.76,"Y":0.2}},{"t":"X1","s":"","d":{"X":-0.16,"Y":0.623}}],"clr":{"R":245,"G":249,"B":253,"A":255}},"AN6-262-8":{"pid":"AN6-262","orb":3230.92,"per":18.53,"ang":175.34,"t":"ASTEROID","sp":"ASTEROID-3","s":19.24,"m":99.06,"gd":32.08,"wic":{},"woc":{},"wgc":{},"emm":[{"Type":"1","MainRange":62,"MainValue":0.19,"FarRange":153}],"sig":[{"t":"9-1","s":"","d":{"X":0.31,"Y":-0.5}},{"t":"9-2","s":"","d":{"X":-0.65,"Y":0.22}},{"t":"X1","s":"","d":{"X":0.757,"Y":-0.619}}],"clr":{"R":253,"G":246,"B":207,"A":255}},"AN6-262-9":{"pid":"AN6-262","orb":3642.16,"per":20.89,"ang":99.22,"t":"ASTEROID","sp":"ASTEROID-3","s":13.18,"m":31.82,"gd":21.97,"wic":{},"woc":{},"wgc":{},"emm":[{"Type":"1","MainRange":43,"MainValue":0.08,"FarRange":139},{"Type":"19","MainRange":29,"MainValue":0.22,"FarRange":154}],"sig":[{"t":"9-1","s":"","d":{"X":0.71,"Y":-0.7}},{"t":"9-2","s":"","d":{"X":-0.66,"Y":0.44}},{"t":"X1","s":"","d":{"X":0.54,"Y":0.413}},{"t":"X19","s":"","d":{"X":-0.135,"Y":0.198}}],"clr":{"R":234,"G":220,"B":247,"A":255}},"AN6-388":{"pid":"AN6-sv","orb":2835.5,"per":16.26,"t":"HARDPLANET","sp":"HARDPLANET-64","s":44.75,"m":5228.64,"gd":127.88,"wic":{},"woc":{},"wgc":{},"sig":[{"t":"0-1","s":"","d":{"X":-0.17,"Y":0.59}},{"t":"1-1","s":"","d":{"X":0.78,"Y":0.01}},{"t":"7-2","s":"","d":{"X":-0.76,"Y":-0.05}},{"t":"8-2","s":"","d":{"X":0.42,"Y":0.3}},{"t":"9-1","s":"","d":{"X":-0.15,"Y":-0.43}},{"t":"9-2","s":"","d":{"X":-0.31,"Y":0.41}},{"t":"10-1","s":"","d":{"X":-0.73,"Y":-0.02}},{"t":"10-2","s":"","d":{"X":-0.67,"Y":-0.19}},{"t":"11-1","s":"","d":{"X":0.34,"Y":0.92}},{"t":"12-2","s":"","d":{"X":0.9,"Y":0.2}},{"t":"13-1","s":"","d":{"X":-0.36,"Y":-0.9}},{"t":"13-2","s":"","d":{"X":0.82,"Y":-0.37}}],"clr":{"R":254,"G":254,"B":254,"A":255}},"AN6-478":{"pid":"AN6-sv","orb":8836.33,"per":50.69,"t":"HARDPLANET","sp":"HARDPLANET-35","s":50.29,"m":7419.34,"gd":143.7,"wic":{},"woc":{},"wgc":{},"sig":[{"t":"0-3","s":"","d":{"X":-0.77,"Y":-0.46}},{"t":"1-3","s":"","d":{"X":0.11,"Y":-0.07}},{"t":"3-2","s":"","d":{"X":-0.64,"Y":0.16}},{"t":"4-1","s":"","d":{"X":0.04,"Y":0.77}},{"t":"4-2","s":"","d":{"X":0.79,"Y":0.46}},{"t":"6-1","s":"","d":{"X":0.69,"Y":-0.58}},{"t":"7-4","s":"","d":{"X":0.15,"Y":-0.5}},{"t":"9-1","s":"","d":{"X":-0.21,"Y":0.17}},{"t":"9-2","s":"","d":{"X":-0.47,"Y":-0.79}},{"t":"10-1","s":"","d":{"X":-0.06,"Y":0.27}},{"t":"10-2","s":"","d":{"X":0.77,"Y":-0.44}},{"t":"11-1","s":"","d":{"X":-0.14,"Y":-0.88}},{"t":"12-3","s":"","d":{"X":0.35,"Y":0.11}},{"t":"13-1","s":"","d":{"X":-0.04,"Y":0.4}},{"t":"13-2","s":"","d":{"X":-0.01,"Y":0.75}}],"clr":{"R":237,"G":254,"B":228,"A":255}},"AN6-609":{"pid":"AN6-sv","orb":6930.29,"per":39.75,"t":"HARDPLANET","sp":"HARDPLANET-65","s":65.93,"m":16711.71,"gd":188.37,"wic":{},"woc":{},"wgc":{},"mi":[4,5],"sig":[{"t":"0-1","s":"","d":{"X":0.39,"Y":-0.29}},{"t":"1-1","s":"","d":{"X":0.7,"Y":-0.54}},{"t":"3-2","s":"","d":{"X":0.65,"Y":-0.35}},{"t":"4-2","s":"","d":{"X":-0.89,"Y":0.17}},{"t":"5-2","s":"","d":{"X":0.16,"Y":-0.31}},{"t":"6-2","s":"","d":{"X":-0.46,"Y":0.06}},{"t":"7-4","s":"","d":{"X":0.17,"Y":0.27}},{"t":"9-1","s":"","d":{"X":-0.75,"Y":0.08}},{"t":"9-2","s":"","d":{"X":0.51,"Y":0.12}},{"t":"10-1","s":"","d":{"X":-0.58,"Y":0.6}},{"t":"10-2","s":"","d":{"X":0.58,"Y":0.46}},{"t":"11-1","s":"","d":{"X":0.62,"Y":0.6}},{"t":"12-1","s":"","d":{"X":-0.85,"Y":0.2}},{"t":"13-1","s":"","d":{"X":-0.51,"Y":-0.66}},{"t":"13-2","s":"","d":{"X":0.2,"Y":0.82}},{"t":"14-1","s":"","d":{"X":-0.07,"Y":0.38}}],"clr":{"R":237,"G":238,"B":204,"A":255}},"AN6-841":{"pid":"AN6-sv","orb":15567.38,"per":89.3,"t":"GASPLANET","sp":"GASPLANET-27","s":220.12,"m":103692.81,"gd":366.86,"wic":{},"woc":{},"wgc":{},"emm":[{"Type":"18","MainRange":498,"MainValue":1.33,"FarRange":794}],"sig":[{"t":"0-3","s":"","d":{"X":0.69,"Y":0.55}},{"t":"1-3","s":"","d":{"X":-0.31,"Y":0.1}},{"t":"3-1","s":"","d":{"X":-0.8,"Y":-0.02}},{"t":"6-3","s":"","d":{"X":-0.73,"Y":-0.66}},{"t":"7-2","s":"","d":{"X":0.11,"Y":-0.48}},{"t":"7-3","s":"","d":{"X":0.7,"Y":0.31}},{"t":"8-2","s":"","d":{"X":0.16,"Y":-0.84}},{"t":"10-1","s":"","d":{"X":0.4,"Y":-0.79}},{"t":"10-2","s":"","d":{"X":-0.56,"Y":-0.66}},{"t":"11-1","s":"","d":{"X":0.72,"Y":-0.36}},{"t":"X18","s":"","d":{"X":0.422,"Y":-0.734}}],"clr":{"R":204,"G":249,"B":245,"A":255}},"AN6-841-0":{"pid":"AN6-841","orb":2869.19,"per":16.45,"ang":125.35,"t":"ASTEROID","sp":"ASTEROID-4","s":20.89,"m":126.78,"gd":34.83,"wic":{},"woc":{},"wgc":{},"emm":[{"Type":"1","MainRange":20,"MainValue":0.2,"FarRange":100},{"Type":"18","MainRange":32,"MainValue":0.13,"FarRange":74},{"Type":"27","MainRange":49,"MainValue":0.38,"FarRange":154},{"Type":"10","MainRange":44,"MainValue":0.32,"FarRange":163}],"sig":[{"t":"9-1","s":"","d":{"X":0.24,"Y":-0.35}},{"t":"9-2","s":"","d":{"X":0.92,"Y":-0.33}},{"t":"X1","s":"","d":{"X":-0.117,"Y":0.924}},{"t":"X18","s":"","d":{"X":-0.439,"Y":0.718}},{"t":"X27","s":"","d":{"X":0.899,"Y":0.117}},{"t":"X10","s":"","d":{"X":0.76,"Y":0.094}}],"clr":{"R":248,"G":234,"B":208,"A":255}},"AN6-841-1":{"pid":"AN6-841","orb":3356.87,"per":19.25,"ang":10.86,"t":"ASTEROID","sp":"ASTEROID-2","s":21.88,"m":145.55,"gd":36.47,"wic":{},"woc":{},"wgc":{},"emm":[{"Type":"1","MainRange":20,"MainValue":0.17,"FarRange":120}],"sig":[{"t":"9-1","s":"","d":{"X":-0.58,"Y":0.41}},{"t":"9-2","s":"","d":{"X":-0.04,"Y":-0.54}},{"t":"X1","s":"","d":{"X":-0.445,"Y":-0.203}}],"clr":{"R":189,"G":239,"B":241,"A":255}},"AN6-841-10":{"pid":"AN6-841","orb":3231.49,"per":18.53,"ang":320.68,"t":"ASTEROID","sp":"ASTEROID-3","s":8.73,"m":9.26,"gd":14.56,"wic":{},"woc":{},"wgc":{},"emm":[{"Type":"1","MainRange":32,"MainValue":0.25,"FarRange":229}],"sig":[{"t":"9-1","s":"","d":{"Y":-0.06}},{"t":"9-2","s":"","d":{"X":0.1,"Y":-0.62}},{"t":"X1","s":"","d":{"X":-0.025,"Y":-0.651}}],"clr":{"R":202,"G":174,"B":241,"A":255}},"AN6-841-11":{"pid":"AN6-841","orb":2867.08,"per":16.44,"ang":64.56,"t":"ASTEROID","sp":"ASTEROID-4","s":15.94,"m":56.28,"gd":26.57,"wic":{},"woc":{},"wgc":{},"emm":[{"Type":"1","MainRange":75,"MainValue":0.18,"FarRange":88}],"sig":[{"t":"9-1","s":"","d":{"X":0.89,"Y":0.24}},{"t":"9-2","s":"","d":{"X":-0.11,"Y":0.29}},{"t":"X1","s":"","d":{"X":-0.544,"Y":-0.407}}],"clr":{"R":212,"G":234,"B":181,"A":255}},"AN6-841-12":{"pid":"AN6-841","orb":2952.49,"per":16.93,"ang":215.02,"t":"ASTEROID","sp":"ASTEROID-1","s":32.35,"m":470.57,"gd":53.93,"wic":{},"woc":{},"wgc":{},"emm":[{"Type":"1","MainRange":65,"MainValue":0.21,"FarRange":265}],"sig":[{"t":"9-1","s":"","d":{"X":0.56,"Y":0.57}},{"t":"9-2","s":"","d":{"X":-0.79,"Y":-0.36}},{"t":"X1","s":"","d":{"X":0.05,"Y":0.102}}],"clr":{"R":243,"G":178,"B":183,"A":255}},"AN6-841-13":{"pid":"AN6-841","orb":3409.83,"per":19.56,"ang":238.37,"t":"ASTEROID","sp":"ASTEROID-5","s":13.33,"m":32.95,"gd":22.22,"wic":{},"woc":{},"wgc":{},"emm":[{"Type":"1","MainRange":64,"MainValue":0.19,"FarRange":132}],"sig":[{"t":"9-1","s":"","d":{"X":-0.68,"Y":-0.2}},{"t":"9-2","s":"","d":{"X":0.51,"Y":0.11}},{"t":"X1","s":"","d":{"X":0.498,"Y":-0.329}}],"clr":{"R":178,"G":206,"B":248,"A":255}},"AN6-841-14":{"pid":"AN6-841","orb":3127.2,"per":17.94,"ang":330.3,"t":"ASTEROID","sp":"ASTEROID-1","s":13.08,"m":31.09,"gd":21.8,"wic":{},"woc":{},"wgc":{},"emm":[{"Type":"1","MainRange":40,"MainValue":0.15,"FarRange":73}],"sig":[{"t":"9-1","s":"","d":{"X":-0.18,"Y":0.91}},{"t":"9-2","s":"","d":{"X":-0.22,"Y":-0.17}},{"t":"X1","s":"","d":{"X":0.736,"Y":-0.623}}],"clr":{"R":183,"G":249,"B":168,"A":255}},"AN6-841-15":{"pid":"AN6-841","orb":2823.67,"per":16.19,"ang":14.48,"t":"ASTEROID","sp":"ASTEROID-3","s":14.29,"m":40.53,"gd":23.81,"wic":{},"woc":{},"wgc":{},"emm":[{"Type":"1","MainRange":39,"MainValue":0.23,"FarRange":144}],"sig":[{"t":"9-1","s":"","d":{"X":0.87,"Y":0.12}},{"t":"9-2","s":"","d":{"X":0.6,"Y":0.21}},{"t":"X1","s":"","d":{"X":-0.671,"Y":-0.281}}],"clr":{"R":195,"G":160,"B":252,"A":255}},"AN6-841-16":{"pid":"AN6-841","orb":2798.84,"per":16.05,"ang":185.35,"t":"ASTEROID","sp":"ASTEROID-4","s":27.04,"m":274.87,"gd":45.08,"wic":{},"woc":{},"wgc":{},"emm":[{"Type":"1","MainRange":59,"MainValue":0.17,"FarRange":159}],"sig":[{"t":"9-1","s":"","d":{"X":0.53,"Y":0.41}},{"t":"9-2","s":"","d":{"X":-0.27,"Y":-0.46}},{"t":"X1","s":"","d":{"X":-0.672,"Y":0.194}}],"clr":{"R":246,"G":200,"B":238,"A":255}},"AN6-841-17":{"pid":"AN6-841","orb":3404.77,"per":19.53,"ang":356.28,"t":"ASTEROID","sp":"ASTEROID-2","s":20.65,"m":122.37,"gd":34.42,"wic":{},"woc":{},"wgc":{},"emm":[{"Type":"1","MainRange":42,"MainValue":0.26,"FarRange":142},{"Type":"26","MainRange":40,"MainValue":0.25,"FarRange":172},{"Type":"17","MainRange":43,"MainValue":0.19,"FarRange":172},{"Type":"27","MainRange":60,"MainValue":0.2,"FarRange":241}],"sig":[{"t":"9-1","s":"","d":{"X":-0.53,"Y":-0.11}},{"t":"9-2","s":"","d":{"X":-0.31,"Y":0.82}},{"t":"X1","s":"","d":{"X":0.913,"Y":-0.019}},{"t":"X26","s":"","d":{"X":0.787,"Y":0.067}},{"t":"X17","s":"","d":{"X":-0.555,"Y":-0.424}},{"t":"X27","s":"","d":{"X":-0.056,"Y":-0.933}}],"clr":{"R":176,"G":213,"B":237,"A":255}},"AN6-841-18":{"pid":"AN6-841","orb":3141.21,"per":18.02,"ang":56.56,"t":"ASTEROID","sp":"ASTEROID-4","s":13.99,"m":38.06,"gd":23.32,"wic":{},"woc":{},"wgc":{},"emm":[{"Type":"1","MainRange":40,"MainValue":0.26,"FarRange":163}],"sig":[{"t":"9-1","s":"","d":{"X":-0.2,"Y":0.33}},{"t":"9-2","s":"","d":{"X":-0.28,"Y":-0.05}},{"t":"X1","s":"","d":{"X":0.671,"Y":0.361}}],"clr":{"R":210,"G":239,"B":244,"A":255}},"AN6-841-19":{"pid":"AN6-841","orb":3163.71,"per":18.14,"ang":148.17,"t":"ASTEROID","sp":"ASTEROID-1","s":20.64,"m":122.18,"gd":34.4,"wic":{},"woc":{},"wgc":{},"emm":[{"Type":"1","MainRange":77,"MainValue":0.1,"FarRange":198}],"sig":[{"t":"9-1","s":"","d":{"X":0.66,"Y":-0.1}},{"t":"9-2","s":"","d":{"X":-0.06,"Y":0.06}},{"t":"X1","s":"","d":{"X":0.156,"Y":0.614}}],"clr":{"R":186,"G":231,"B":252,"A":255}},"AN6-841-2":{"pid":"AN6-841","orb":3250.9,"per":18.64,"ang":98.9,"t":"ASTEROID","sp":"ASTEROID-1","s":17.1,"m":69.52,"gd":28.51,"wic":{},"woc":{},"wgc":{},"emm":[{"Type":"1","MainRange":59,"MainValue":0.12,"FarRange":176}],"sig":[{"t":"9-1","s":"","d":{"X":-0.26,"Y":-0.64}},{"t":"9-2","s":"","d":{"X":0.52,"Y":0.56}},{"t":"X1","s":"","d":{"X":-0.123,"Y":0.105}}],"clr":{"R":220,"G":187,"B":232,"A":255}},"AN6-841-20":{"pid":"AN6-841","orb":3168.57,"per":18.17,"ang":126.07,"t":"ASTEROID","sp":"ASTEROID-4","s":21.66,"m":141.19,"gd":36.1,"wic":{},"woc":{},"wgc":{},"emm":[{"Type":"1","MainRange":67,"MainValue":0.13,"FarRange":165}],"sig":[{"t":"9-1","s":"","d":{"X":-0.02,"Y":0.84}},{"t":"9-2","s":"","d":{"X":0.45,"Y":-0.66}},{"t":"X1","s":"","d":{"X":-0.014,"Y":0.14}}],"clr":{"R":177,"G":241,"B":234,"A":255}},"AN6-841-21":{"pid":"AN6-841","orb":2523.94,"per":14.47,"ang":89.02,"t":"ASTEROID","sp":"ASTEROID-3","s":20.65,"m":122.41,"gd":34.42,"wic":{},"woc":{},"wgc":{},"emm":[{"Type":"1","MainRange":49,"MainValue":0.23,"FarRange":144}],"sig":[{"t":"9-1","s":"","d":{"X":0.04,"Y":0.63}},{"t":"9-2","s":"","d":{"X":-0.72,"Y":0.07}},{"t":"X1","s":"","d":{"X":0.21,"Y":0.834}}],"clr":{"R":250,"G":243,"B":210,"A":255}},"AN6-841-22":{"pid":"AN6-841","orb":3282.51,"per":18.83,"ang":227.2,"t":"ASTEROID","sp":"ASTEROID-3","s":25.07,"m":219.01,"gd":41.79,"wic":{},"woc":{},"wgc":{},"emm":[{"Type":"1","MainRange":46,"MainValue":0.29,"FarRange":150}],"sig":[{"t":"9-1","s":"","d":{"X":0.6,"Y":-0.3}},{"t":"9-2","s":"","d":{"X":0.91,"Y":-0.16}},{"t":"X1","s":"","d":{"X":0.949,"Y":0.003}}],"clr":{"R":247,"G":245,"B":251,"A":255}},"AN6-841-23":{"pid":"AN6-841","orb":2866.67,"per":16.44,"ang":161.51,"t":"ASTEROID","sp":"ASTEROID-3","s":11.12,"m":19.14,"gd":18.54,"wic":{},"woc":{},"wgc":{},"emm":[{"Type":"1","MainRange":46,"MainValue":0.23,"FarRange":217}],"sig":[{"t":"9-1","s":"","d":{"X":-0.02,"Y":0.98}},{"t":"9-2","s":"","d":{"X":0.63,"Y":-0.72}},{"t":"X1","s":"","d":{"X":0.543,"Y":-0.633}}],"clr":{"R":244,"G":229,"B":222,"A":255}},"AN6-841-24":{"pid":"AN6-841","orb":2975.44,"per":17.06,"ang":12.6,"t":"ASTEROID","sp":"ASTEROID-4","s":17.5,"m":74.51,"gd":29.17,"wic":{},"woc":{},"wgc":{},"emm":[{"Type":"1","MainRange":63,"MainValue":0.22,"FarRange":243}],"sig":[{"t":"9-1","s":"","d":{"X":0.12,"Y":0.01}},{"t":"9-2","s":"","d":{"X":0.02,"Y":0.63}},{"t":"X1","s":"","d":{"X":0.066,"Y":-0.271}}],"clr":{"R":247,"G":221,"B":248,"A":255}},"AN6-841-25":{"pid":"AN6-841","orb":2916,"per":16.72,"ang":100.87,"t":"ASTEROID","sp":"ASTEROID-1","s":22.74,"m":163.39,"gd":37.9,"wic":{},"woc":{},"wgc":{},"emm":[{"Type":"1","MainRange":80,"MainValue":0.15,"FarRange":167}],"sig":[{"t":"9-1","s":"","d":{"X":0.53,"Y":-0.75}},{"t":"9-2","s":"","d":{"X":-0.72,"Y":0.33}},{"t":"X1","s":"","d":{"X":0.728,"Y":0.416}}],"clr":{"R":227,"G":250,"B":216,"A":255}},"AN6-841-26":{"pid":"AN6-841","orb":2908.43,"per":16.68,"ang":349.02,"t":"ASTEROID","sp":"ASTEROID-2","s":16.23,"m":59.4,"gd":27.05,"wic":{},"woc":{},"wgc":{},"emm":[{"Type":"1","MainRange":42,"MainValue":0.22,"FarRange":106}],"sig":[{"t":"9-1","s":"","d":{"X":0.03,"Y":-0.77}},{"t":"9-2","s":"","d":{"X":-0.97,"Y":0.02}},{"t":"X1","s":"","d":{"X":0.336,"Y":-0.512}}],"clr":{"R":237,"G":248,"B":251,"A":255}},"AN6-841-27":{"pid":"AN6-841","orb":3194.09,"per":18.32,"ang":302.12,"t":"ASTEROID","sp":"ASTEROID-4","s":23.91,"m":189.9,"gd":39.85,"wic":{},"woc":{},"wgc":{},"emm":[{"Type":"1","MainRange":34,"MainValue":0.21,"FarRange":126}],"sig":[{"t":"9-1","s":"","d":{"X":0.09,"Y":0.93}},{"t":"9-2","s":"","d":{"X":0.59,"Y":0.67}},{"t":"X1","s":"","d":{"X":0.031,"Y":0.67}}],"clr":{"R":245,"G":247,"B":251,"A":255}},"AN6-841-28":{"pid":"AN6-841","orb":3075.75,"per":17.64,"ang":217.27,"t":"ASTEROID","sp":"ASTEROID-3","s":26.29,"m":252.6,"gd":43.83,"wic":{},"woc":{},"wgc":{},"emm":[{"Type":"1","MainRange":53,"MainValue":0.21,"FarRange":167},{"Type":"18","MainRange":45,"MainValue":0.17,"FarRange":50},{"Type":"3","MainRange":67,"MainValue":0.27,"FarRange":155}],"sig":[{"t":"9-1","s":"","d":{"X":-0.15,"Y":0.87}},{"t":"9-2","s":"","d":{"X":-0.31,"Y":-0.55}},{"t":"X1","s":"","d":{"X":0.34,"Y":0.507}},{"t":"X18","s":"","d":{"X":-0.398,"Y":-0.429}},{"t":"X3","s":"","d":{"X":-0.791,"Y":-0.008}}],"clr":{"R":244,"G":219,"B":222,"A":255}},"AN6-841-29":{"pid":"AN6-841","orb":3143.8,"per":18.03,"ang":1.27,"t":"ASTEROID","sp":"ASTEROID-1","s":17.06,"m":68.96,"gd":28.43,"wic":{},"woc":{},"wgc":{},"emm":[{"Type":"1","MainRange":30,"MainValue":0.3,"FarRange":210}],"sig":[{"t":"9-1","s":"","d":{"X":0.41,"Y":0.17}},{"t":"9-2","s":"","d":{"X":0.69,"Y":0.66}},{"t":"X1","s":"","d":{"X":-0.038,"Y":0.093}}],"clr":{"R":250,"G":246,"B":252,"A":255}},"AN6-841-3":{"pid":"AN6-841","orb":3002.65,"per":17.22,"ang":187.34,"t":"ASTEROID","sp":"ASTEROID-4","s":35.22,"m":606.86,"gd":58.7,"wic":{},"woc":{},"wgc":{},"emm":[{"Type":"1","MainRange":50,"MainValue":0.13,"FarRange":130}],"sig":[{"t":"9-1","s":"","d":{"X":0.62,"Y":0.3}},{"t":"9-2","s":"","d":{"X":0.29,"Y":0.85}},{"t":"X1","s":"","d":{"X":0.256,"Y":-0.762}}],"clr":{"R":189,"G":252,"B":176,"A":255}},"AN6-841-30":{"pid":"AN6-841","orb":3222.91,"per":18.48,"ang":75.84,"t":"ASTEROID","sp":"ASTEROID-1","s":24.11,"m":194.73,"gd":40.18,"wic":{},"woc":{},"wgc":{},"emm":[{"Type":"1","MainRange":46,"MainValue":0.13,"FarRange":137}],"sig":[{"t":"9-1","s":"","d":{"X":-0.82,"Y":0.44}},{"t":"9-2","s":"","d":{"X":-0.23,"Y":0.34}},{"t":"X1","s":"","d":{"X":-0.005,"Y":0.393}}],"clr":{"R":164,"G":195,"B":252,"A":255}},"AN6-841-31":{"pid":"AN6-841","orb":2636.22,"per":15.12,"ang":257.15,"t":"ASTEROID","sp":"ASTEROID-3","s":14.53,"m":42.63,"gd":24.22,"wic":{},"woc":{},"wgc":{},"emm":[{"Type":"1","MainRange":48,"MainValue":0.17,"FarRange":214}],"sig":[{"t":"9-1","s":"","d":{"X":0.76,"Y":0.15}},{"t":"9-2","s":"","d":{"X":0.33,"Y":0.86}},{"t":"X1","s":"","d":{"X":0.069,"Y":-0.793}}],"clr":{"R":252,"G":242,"B":218,"A":255}},"AN6-841-32":{"pid":"AN6-841","orb":2974.1,"per":17.06,"ang":199.84,"t":"ASTEROID","sp":"ASTEROID-3","s":18.96,"m":94.76,"gd":31.61,"wic":{},"woc":{},"wgc":{},"emm":[{"Type":"1","MainRange":35,"MainValue":0.2,"FarRange":239}],"sig":[{"t":"9-1","s":"","d":{"X":-0.05,"Y":0.71}},{"t":"9-2","s":"","d":{"X":-0.71,"Y":0.22}},{"t":"X1","s":"","d":{"X":0.055,"Y":0.529}}],"clr":{"R":248,"G":227,"B":246,"A":255}},"AN6-841-33":{"pid":"AN6-841","orb":3247.55,"per":18.63,"ang":120.86,"t":"ASTEROID","sp":"ASTEROID-5","s":23.56,"m":181.63,"gd":39.26,"wic":{},"woc":{},"wgc":{},"emm":[{"Type":"1","MainRange":49,"MainValue":0.26,"FarRange":95}],"sig":[{"t":"9-1","s":"","d":{"X":-0.01,"Y":-0.76}},{"t":"9-2","s":"","d":{"X":0.76,"Y":-0.5}},{"t":"X1","s":"","d":{"X":-0.157,"Y":-0.218}}],"clr":{"R":253,"G":224,"B":242,"A":255}},"AN6-841-34":{"pid":"AN6-841","orb":2713.16,"per":15.56,"ang":159.33,"t":"ASTEROID","sp":"ASTEROID-3","s":21.62,"m":140.53,"gd":36.04,"wic":{},"woc":{},"wgc":{},"emm":[{"Type":"1","MainRange":42,"MainValue":0.13,"FarRange":188}],"sig":[{"t":"9-1","s":"","d":{"X":0.59,"Y":0.58}},{"t":"9-2","s":"","d":{"X":0.84,"Y":-0.42}},{"t":"X1","s":"","d":{"X":-0.048,"Y":0.993}}],"clr":{"R":229,"G":252,"B":206,"A":255}},"AN6-841-35":{"pid":"AN6-841","orb":3150.35,"per":18.07,"ang":228.33,"t":"ASTEROID","sp":"ASTEROID-1","s":20.27,"m":115.81,"gd":33.79,"wic":{},"woc":{},"wgc":{},"emm":[{"Type":"1","MainRange":75,"MainValue":0.2,"FarRange":105}],"sig":[{"t":"9-1","s":"","d":{"X":-0.58,"Y":0.76}},{"t":"9-2","s":"","d":{"X":-0.7,"Y":-0.69}},{"t":"X1","s":"","d":{"X":0.562,"Y":-0.066}}],"clr":{"R":175,"G":217,"B":239,"A":255}},"AN6-841-36":{"pid":"AN6-841","orb":2840.19,"per":16.29,"ang":107.23,"t":"ASTEROID","sp":"ASTEROID-3","s":11.12,"m":19.14,"gd":18.54,"wic":{},"woc":{},"wgc":{},"emm":[{"Type":"1","MainRange":63,"MainValue":0.14,"FarRange":180}],"sig":[{"t":"9-1","s":"","d":{"X":-0.01,"Y":-0.41}},{"t":"9-2","s":"","d":{"X":-0.14,"Y":-0.95}},{"t":"X1","s":"","d":{"X":-0.068,"Y":0.707}}],"clr":{"R":241,"G":218,"B":213,"A":255}},"AN6-841-37":{"pid":"AN6-841","orb":3104.64,"per":17.81,"ang":64.29,"t":"ASTEROID","sp":"ASTEROID-4","s":27.03,"m":274.44,"gd":45.05,"wic":{},"woc":{},"wgc":{},"emm":[{"Type":"1","MainRange":45,"MainValue":0.22,"FarRange":212}],"sig":[{"t":"9-1","s":"","d":{"X":0.45,"Y":-0.64}},{"t":"9-2","s":"","d":{"X":0.42,"Y":-0.9}},{"t":"X1","s":"","d":{"X":0.042,"Y":-0.211}}],"clr":{"R":249,"G":252,"B":254,"A":255}},"AN6-841-38":{"pid":"AN6-841","orb":3220.42,"per":18.47,"ang":301.52,"t":"ASTEROID","sp":"ASTEROID-1","s":17.89,"m":79.61,"gd":29.82,"wic":{},"woc":{},"wgc":{},"emm":[{"Type":"1","MainRange":59,"MainValue":0.21,"FarRange":155},{"Type":"26","MainRange":37,"MainValue":0.24,"FarRange":212},{"Type":"2","MainRange":49,"MainValue":0.28,"FarRange":169},{"Type":"6","MainRange":61,"MainValue":0.25,"FarRange":137}],"sig":[{"t":"9-1","s":"","d":{"X":0.58,"Y":0.32}},{"t":"9-2","s":"","d":{"X":-0.58,"Y":0.48}},{"t":"X1","s":"","d":{"X":-0.736,"Y":0.615}},{"t":"X26","s":"","d":{"X":-0.071,"Y":0.03}},{"t":"X2","s":"","d":{"X":-0.095,"Y":0.857}},{"t":"X6","s":"","d":{"X":-0.741,"Y":-0.035}}],"clr":{"R":240,"G":197,"B":173,"A":255}},"AN6-841-39":{"pid":"AN6-841","orb":2685.4,"per":15.4,"ang":83.37,"t":"ASTEROID","sp":"ASTEROID-4","s":12.36,"m":26.27,"gd":20.61,"wic":{},"woc":{},"wgc":{},"emm":[{"Type":"1","MainRange":47,"MainValue":0.22,"FarRange":149}],"sig":[{"t":"9-1","s":"","d":{"X":-0.3,"Y":-0.64}},{"t":"9-2","s":"","d":{"X":-0.4,"Y":0.67}},{"t":"X1","s":"","d":{"X":-0.292,"Y":0.834}}],"clr":{"R":172,"G":245,"B":192,"A":255}},"AN6-841-4":{"pid":"AN6-841","orb":3023.74,"per":17.34,"ang":225.05,"t":"ASTEROID","sp":"ASTEROID-1","s":37.48,"m":731.66,"gd":62.47,"wic":{},"woc":{},"wgc":{},"emm":[{"Type":"1","MainRange":19,"MainValue":0.2,"FarRange":146}],"sig":[{"t":"9-1","s":"","d":{"X":-0.55,"Y":-0.37}},{"t":"9-2","s":"","d":{"X":0.67,"Y":-0.27}},{"t":"X1","s":"","d":{"X":0.122,"Y":-0.885}}],"clr":{"R":241,"G":210,"B":208,"A":255}},"AN6-841-40":{"pid":"AN6-841","orb":3218.75,"per":18.46,"ang":95.49,"t":"ASTEROID","sp":"ASTEROID-2","s":25.71,"m":236.3,"gd":42.86,"wic":{},"woc":{},"wgc":{},"emm":[{"Type":"1","MainRange":61,"MainValue":0.13,"FarRange":222}],"sig":[{"t":"9-1","s":"","d":{"X":-0.49,"Y":-0.34}},{"t":"9-2","s":"","d":{"X":0.28,"Y":0.83}},{"t":"X1","s":"","d":{"X":0.307,"Y":0.83}}],"clr":{"R":247,"G":246,"B":232,"A":255}},"AN6-841-41":{"pid":"AN6-841","orb":2802.24,"per":16.07,"ang":212.77,"t":"ASTEROID","sp":"ASTEROID-4","s":30.6,"m":398.09,"gd":51,"wic":{},"woc":{},"wgc":{},"emm":[{"Type":"1","MainRange":49,"MainValue":0.18,"FarRange":243},{"Type":"13","MainRange":66,"MainValue":0.17,"FarRange":78},{"Type":"10","MainRange":37,"MainValue":0.12,"FarRange":187}],"sig":[{"t":"9-1","s":"","d":{"X":-0.65,"Y":0.46}},{"t":"9-2","s":"","d":{"X":-0.67,"Y":0.16}},{"t":"X1","s":"","d":{"X":0.529,"Y":0.489}},{"t":"X13","s":"","d":{"X":-0.108,"Y":-0.152}},{"t":"X10","s":"","d":{"X":0.853,"Y":0.365}}],"clr":{"R":247,"G":186,"B":184,"A":255}},"AN6-841-42":{"pid":"AN6-841","orb":3336.2,"per":19.13,"ang":43.07,"t":"ASTEROID","sp":"ASTEROID-3","s":18.33,"m":85.58,"gd":30.55,"wic":{},"woc":{},"wgc":{},"emm":[{"Type":"1","MainRange":38,"MainValue":0.16,"FarRange":181}],"sig":[{"t":"9-1","s":"","d":{"X":-0.67,"Y":0.5}},{"t":"9-2","s":"","d":{"X":0.51,"Y":0.58}},{"t":"X1","s":"","d":{"X":-0.495,"Y":-0.372}}],"clr":{"R":213,"G":248,"B":223,"A":255}},"AN6-841-43":{"pid":"AN6-841","orb":2567.53,"per":14.72,"ang":355.77,"t":"ASTEROID","sp":"ASTEROID-1","s":10.14,"m":14.5,"gd":16.9,"wic":{},"woc":{},"wgc":{},"emm":[{"Type":"1","MainRange":68,"MainValue":0.12,"FarRange":113}],"sig":[{"t":"9-1","s":"","d":{"X":-0.88,"Y":0.07}},{"t":"9-2","s":"","d":{"X":-0.14,"Y":0.54}},{"t":"X1","s":"","d":{"X":0.023,"Y":0.761}}],"clr":{"R":254,"G":254,"B":254,"A":255}},"AN6-841-44":{"pid":"AN6-841","orb":2763.85,"per":15.85,"ang":199.98,"t":"ASTEROID","sp":"ASTEROID-3","s":18.85,"m":93.03,"gd":31.41,"wic":{},"woc":{},"wgc":{},"emm":[{"Type":"1","MainRange":35,"MainValue":0.19,"FarRange":113}],"sig":[{"t":"9-1","s":"","d":{"X":0.17,"Y":-0.22}},{"t":"9-2","s":"","d":{"X":0.67,"Y":0.44}},{"t":"X1","s":"","d":{"X":0.107,"Y":-0.639}}],"clr":{"R":186,"G":190,"B":251,"A":255}},"AN6-841-45":{"pid":"AN6-841","orb":3007.09,"per":17.25,"ang":171.91,"t":"ASTEROID","sp":"ASTEROID-3","s":19.85,"m":108.65,"gd":33.08,"wic":{},"woc":{},"wgc":{},"emm":[{"Type":"1","MainRange":42,"MainValue":0.1,"FarRange":58}],"sig":[{"t":"9-1","s":"","d":{"X":-0.11,"Y":-0.23}},{"t":"9-2","s":"","d":{"X":0.17,"Y":-0.02}},{"t":"X1","s":"","d":{"X":0.817,"Y":0.548}}],"clr":{"R":201,"G":251,"B":252,"A":255}},"AN6-841-46":{"pid":"AN6-841","orb":3074.72,"per":17.63,"ang":234.03,"t":"ASTEROID","sp":"ASTEROID-5","s":24.9,"m":214.57,"gd":41.5,"wic":{},"woc":{},"wgc":{},"emm":[{"Type":"1","MainRange":47,"MainValue":0.16,"FarRange":186}],"sig":[{"t":"9-1","s":"","d":{"X":-0.44,"Y":-0.03}},{"t":"9-2","s":"","d":{"X":-0.66,"Y":0.28}},{"t":"X1","s":"","d":{"X":-0.035,"Y":-0.222}}],"clr":{"R":191,"G":233,"B":208,"A":255}},"AN6-841-47":{"pid":"AN6-841","orb":3360.38,"per":19.27,"ang":186.62,"t":"ASTEROID","sp":"ASTEROID-3","s":14.54,"m":42.73,"gd":24.24,"wic":{},"woc":{},"wgc":{},"emm":[{"Type":"1","MainRange":45,"MainValue":0.15,"FarRange":131}],"sig":[{"t":"9-1","s":"","d":{"X":0.41,"Y":0.41}},{"t":"9-2","s":"","d":{"X":-0.17,"Y":0.75}},{"t":"X1","s":"","d":{"X":-0.364,"Y":-0.087}}],"clr":{"R":251,"G":254,"B":252,"A":255}},"AN6-841-48":{"pid":"AN6-841","orb":3126.77,"per":17.93,"ang":114.83,"t":"ASTEROID","sp":"ASTEROID-3","s":13.47,"m":33.95,"gd":22.45,"wic":{},"woc":{},"wgc":{},"emm":[{"Type":"1","MainRange":27,"MainValue":0.14,"FarRange":104}],"sig":[{"t":"9-1","s":"","d":{"X":-0.02,"Y":-0.74}},{"t":"9-2","s":"","d":{"X":0.28,"Y":-0.63}},{"t":"X1","s":"","d":{"X":0.12,"Y":0.017}}],"clr":{"R":192,"G":194,"B":238,"A":255}},"AN6-841-49":{"pid":"AN6-841","orb":2745.72,"per":15.75,"ang":146.97,"t":"ASTEROID","sp":"ASTEROID-2","s":25.83,"m":239.52,"gd":43.06,"wic":{},"woc":{},"wgc":{},"emm":[{"Type":"1","MainRange":64,"MainValue":0.21,"FarRange":151}],"sig":[{"t":"9-1","s":"","d":{"X":-0.23,"Y":-0.9}},{"t":"9-2","s":"","d":{"X":0.7,"Y":-0.69}},{"t":"X1","s":"","d":{"X":-0.511,"Y":0.604}}],"clr":{"R":248,"G":244,"B":220,"A":255}},"AN6-841-5":{"pid":"AN6-841","orb":2671.44,"per":15.32,"ang":130.21,"t":"ASTEROID","sp":"ASTEROID-3","s":16.6,"m":63.56,"gd":27.67,"wic":{},"woc":{},"wgc":{},"emm":[{"Type":"1","MainRange":70,"MainValue":0.2,"FarRange":164}],"sig":[{"t":"9-1","s":"","d":{"X":-0.67,"Y":-0.08}},{"t":"9-2","s":"","d":{"X":0.29,"Y":-0.34}},{"t":"X1","s":"","d":{"X":-0.599,"Y":0.159}}],"clr":{"R":242,"G":178,"B":246,"A":255}},"AN6-841-50":{"pid":"AN6-841","orb":2921.96,"per":16.76,"ang":255.02,"t":"ASTEROID","sp":"ASTEROID-5","s":18.15,"m":83.17,"gd":30.26,"wic":{},"woc":{},"wgc":{},"emm":[{"Type":"1","MainRange":20,"MainValue":0.19,"FarRange":210}],"sig":[{"t":"9-1","s":"","d":{"X":0.64,"Y":-0.2}},{"t":"9-2","s":"","d":{"X":-0.83,"Y":0.19}},{"t":"X1","s":"","d":{"X":-0.127,"Y":0.838}}],"clr":{"R":235,"G":184,"B":223,"A":255}},"AN6-841-51":{"pid":"AN6-841","orb":2525.04,"per":14.48,"ang":83.57,"t":"ASTEROID","sp":"ASTEROID-4","s":17.43,"m":73.54,"gd":29.05,"wic":{},"woc":{},"wgc":{},"emm":[{"Type":"1","MainRange":31,"MainValue":0.21,"FarRange":180}],"sig":[{"t":"9-1","s":"","d":{"X":-0.02,"Y":-0.59}},{"t":"9-2","s":"","d":{"X":0.14,"Y":-0.84}},{"t":"X1","s":"","d":{"X":-0.34,"Y":-0.588}}],"clr":{"R":176,"G":233,"B":214,"A":255}},"AN6-841-52":{"pid":"AN6-841","orb":3215.47,"per":18.44,"ang":326.72,"t":"ASTEROID","sp":"ASTEROID-1","s":17.3,"m":72,"gd":28.84,"wic":{},"woc":{},"wgc":{},"emm":[{"Type":"1","MainRange":75,"MainValue":0.25,"FarRange":134}],"sig":[{"t":"9-1","s":"","d":{"X":-0.61,"Y":-0.3}},{"t":"9-2","s":"","d":{"X":0.2,"Y":-0.47}},{"t":"X1","s":"","d":{"X":0.249,"Y":0.791}}],"clr":{"R":240,"G":186,"B":225,"A":255}},"AN6-841-53":{"pid":"AN6-841","orb":3449.17,"per":19.78,"ang":349,"t":"ASTEROID","sp":"ASTEROID-1","s":20.24,"m":115.24,"gd":33.74,"wic":{},"woc":{},"wgc":{},"emm":[{"Type":"1","MainRange":44,"MainValue":0.18,"FarRange":181}],"sig":[{"t":"9-1","s":"","d":{"X":0.87,"Y":0.31}},{"t":"9-2","s":"","d":{"X":0.16,"Y":0.77}},{"t":"X1","s":"","d":{"X":0.209,"Y":0.47}}],"clr":{"R":250,"G":246,"B":252,"A":255}},"AN6-841-54":{"pid":"AN6-841","orb":3004.85,"per":17.23,"ang":124.44,"t":"ASTEROID","sp":"ASTEROID-5","s":15.87,"m":55.57,"gd":26.45,"wic":{},"woc":{},"wgc":{},"emm":[{"Type":"1","MainRange":67,"MainValue":0.19,"FarRange":181},{"Type":"18","MainRange":46,"MainValue":0.16,"FarRange":237}],"sig":[{"t":"9-1","s":"","d":{"X":-0.04,"Y":0.28}},{"t":"9-2","s":"","d":{"X":-0.1,"Y":-0.96}},{"t":"X1","s":"","d":{"X":0.502,"Y":-0.408}},{"t":"X18","s":"","d":{"X":0.486,"Y":0.068}}],"clr":{"R":254,"G":220,"B":234,"A":255}},"AN6-841-55":{"pid":"AN6-841","orb":2434.1,"per":13.96,"ang":65.84,"t":"ASTEROID","sp":"ASTEROID-1","s":19.88,"m":109.16,"gd":33.13,"wic":{},"woc":{},"wgc":{},"emm":[{"Type":"1","MainRange":37,"MainValue":0.2,"FarRange":78}],"sig":[{"t":"9-1","s":"","d":{"X":-0.88,"Y":0.14}},{"t":"9-2","s":"","d":{"X":-0.45,"Y":-0.14}},{"t":"X1","s":"","d":{"X":-0.327,"Y":0.385}}],"clr":{"R":244,"G":179,"B":254,"A":255}},"AN6-841-56":{"pid":"AN6-841","orb":3533.59,"per":20.27,"ang":175.14,"t":"ASTEROID","sp":"ASTEROID-1","s":26.89,"m":270.14,"gd":44.82,"wic":{},"woc":{},"wgc":{},"emm":[{"Type":"1","MainRange":51,"MainValue":0.19,"FarRange":97}],"sig":[{"t":"9-1","s":"","d":{"X":0.24,"Y":0.2}},{"t":"9-2","s":"","d":{"X":-0.91,"Y":-0.4}},{"t":"X1","s":"","d":{"X":0.885,"Y":0.221}}],"clr":{"R":250,"G":213,"B":212,"A":255}},"AN6-841-57":{"pid":"AN6-841","orb":3106.62,"per":17.82,"ang":338.98,"t":"ASTEROID","sp":"ASTEROID-4","s":12.93,"m":30.02,"gd":21.55,"wic":{},"woc":{},"wgc":{},"emm":[{"Type":"1","MainRange":52,"MainValue":0.19,"FarRange":146}],"sig":[{"t":"9-1","s":"","d":{"X":-0.85,"Y":0.38}},{"t":"9-2","s":"","d":{"X":-0.16,"Y":-0.49}},{"t":"X1","s":"","d":{"X":0.087,"Y":-0.254}}],"clr":{"R":208,"G":248,"B":243,"A":255}},"AN6-841-58":{"pid":"AN6-841","orb":2764.72,"per":15.86,"ang":264.1,"t":"ASTEROID","sp":"ASTEROID-5","s":24.93,"m":215.44,"gd":41.56,"wic":{},"woc":{},"wgc":{},"emm":[{"Type":"1","MainRange":34,"MainValue":0.25,"FarRange":166}],"sig":[{"t":"9-1","s":"","d":{"X":0.46,"Y":-0.02}},{"t":"9-2","s":"","d":{"X":-0.49,"Y":-0.59}},{"t":"X1","s":"","d":{"X":-0.702,"Y":0.58}}],"clr":{"R":247,"G":252,"B":236,"A":255}},"AN6-841-59":{"pid":"AN6-841","orb":2978.16,"per":17.08,"ang":90.31,"t":"ASTEROID","sp":"ASTEROID-5","s":17.29,"m":71.79,"gd":28.81,"wic":{},"woc":{},"wgc":{},"emm":[{"Type":"1","MainRange":35,"MainValue":0.25,"FarRange":176}],"sig":[{"t":"9-1","s":"","d":{"X":-0.58,"Y":0.6}},{"t":"9-2","s":"","d":{"X":0.9,"Y":0.38}},{"t":"X1","s":"","d":{"X":0.02,"Y":0.27}}],"clr":{"R":254,"G":250,"B":247,"A":255}},"AN6-841-6":{"pid":"AN6-841","orb":3030.73,"per":17.38,"ang":137.89,"t":"ASTEROID","sp":"ASTEROID-5","s":18.14,"m":82.92,"gd":30.23,"wic":{},"woc":{},"wgc":{},"emm":[{"Type":"1","MainRange":23,"MainValue":0.16,"FarRange":88}],"sig":[{"t":"9-1","s":"","d":{"X":0.11,"Y":0.22}},{"t":"9-2","s":"","d":{"X":-0.69,"Y":-0.43}},{"t":"X1","s":"","d":{"X":0.161,"Y":-0.367}}],"clr":{"R":196,"G":199,"B":243,"A":255}},"AN6-841-60":{"pid":"AN6-841","orb":3045.03,"per":17.46,"ang":232.09,"t":"ASTEROID","sp":"ASTEROID-4","s":25.47,"m":229.53,"gd":42.45,"wic":{},"woc":{},"wgc":{},"emm":[{"Type":"1","MainRange":86,"MainValue":0.17,"FarRange":109},{"Type":"2","MainRange":42,"MainValue":0.21,"FarRange":168},{"Type":"12","MainRange":46,"MainValue":0.2,"FarRange":183},{"Type":"3","MainRange":19,"MainValue":0.17,"FarRange":160},{"Type":"15","MainRange":48,"MainValue":0.23,"FarRange":206},{"Type":"16","MainRange":18,"MainValue":0.13,"FarRange":138}],"sig":[{"t":"9-1","s":"","d":{"X":0.41,"Y":-0.49}},{"t":"9-2","s":"","d":{"X":0.73,"Y":0.08}},{"t":"X1","s":"","d":{"X":0.535,"Y":-0.598}},{"t":"X2","s":"","d":{"X":-0.132,"Y":0.267}},{"t":"X12","s":"","d":{"X":0.1,"Y":-0.054}},{"t":"X3","s":"","d":{"X":0.111,"Y":0.72}},{"t":"X15","s":"","d":{"X":0.354,"Y":0.179}},{"t":"X16","s":"","d":{"X":0.46,"Y":0.169}}],"clr":{"R":218,"G":250,"B":234,"A":255}},"AN6-841-61":{"pid":"AN6-841","orb":2765.55,"per":15.86,"ang":158.71,"t":"ASTEROID","sp":"ASTEROID-1","s":17.89,"m":79.52,"gd":29.81,"wic":{},"woc":{},"wgc":{},"emm":[{"Type":"1","MainRange":51,"MainValue":0.17,"FarRange":99}],"sig":[{"t":"9-1","s":"","d":{"X":0.03,"Y":-0.89}},{"t":"9-2","s":"","d":{"X":0.2,"Y":-0.12}},{"t":"X1","s":"","d":{"X":0.215,"Y":-0.451}}],"clr":{"R":177,"G":244,"B":245,"A":255}},"AN6-841-62":{"pid":"AN6-841","orb":3122.11,"per":17.91,"ang":77.03,"t":"ASTEROID","sp":"ASTEROID-3","s":20.81,"m":125.21,"gd":34.68,"wic":{},"woc":{},"wgc":{},"emm":[{"Type":"1","MainRange":40,"MainValue":0.23,"FarRange":173},{"Type":"19","MainRange":80,"MainValue":0.24,"FarRange":95}],"sig":[{"t":"9-1","s":"","d":{"Y":0.6}},{"t":"9-2","s":"","d":{"X":0.52,"Y":0.45}},{"t":"X1","s":"","d":{"X":0.423,"Y":-0.574}},{"t":"X19","s":"","d":{"X":-0.781,"Y":0.447}}],"clr":{"R":208,"G":209,"B":241,"A":255}},"AN6-841-63":{"pid":"AN6-841","orb":3520.18,"per":20.19,"ang":46.7,"t":"ASTEROID","sp":"ASTEROID-3","s":12.43,"m":26.71,"gd":20.72,"wic":{},"woc":{},"wgc":{},"emm":[{"Type":"1","MainRange":34,"MainValue":0.18,"FarRange":186}],"sig":[{"t":"9-1","s":"","d":{"X":-0.5,"Y":0.46}},{"t":"9-2","s":"","d":{"X":-0.26,"Y":-0.87}},{"t":"X1","s":"","d":{"X":0.852,"Y":-0.442}}],"clr":{"R":238,"G":251,"B":253,"A":255}},"AN6-841-64":{"pid":"AN6-841","orb":3197.88,"per":18.34,"ang":52.28,"t":"ASTEROID","sp":"ASTEROID-2","s":16.14,"m":58.47,"gd":26.91,"wic":{},"woc":{},"wgc":{},"emm":[{"Type":"1","MainRange":33.300000000000004,"MainValue":0.13,"FarRange":37}],"sig":[{"t":"9-1","s":"","d":{"X":0.21,"Y":0.08}},{"t":"9-2","s":"","d":{"X":-0.51,"Y":-0.74}},{"t":"X1","s":"","d":{"X":0.742,"Y":0.071}}],"clr":{"R":176,"G":238,"B":231,"A":255}},"AN6-841-65":{"pid":"AN6-841","orb":2691.68,"per":15.44,"ang":133.05,"t":"ASTEROID","sp":"ASTEROID-2","s":15.01,"m":46.99,"gd":25.02,"wic":{},"woc":{},"wgc":{},"emm":[{"Type":"1","MainRange":75,"MainValue":0.24,"FarRange":141}],"sig":[{"t":"9-1","s":"","d":{"X":0.53,"Y":-0.72}},{"t":"9-2","s":"","d":{"X":-0.78,"Y":-0.47}},{"t":"X1","s":"","d":{"X":-0.9,"Y":0.02}}],"clr":{"R":193,"G":185,"B":254,"A":255}},"AN6-841-66":{"pid":"AN6-841","orb":3088.08,"per":17.71,"ang":101.84,"t":"ASTEROID","sp":"ASTEROID-2","s":27.15,"m":278.01,"gd":45.25,"wic":{},"woc":{},"wgc":{},"emm":[{"Type":"1","MainRange":54,"MainValue":0.19,"FarRange":253}],"sig":[{"t":"9-1","s":"","d":{"X":-0.47,"Y":0.33}},{"t":"9-2","s":"","d":{"X":-0.01,"Y":0.57}},{"t":"X1","s":"","d":{"X":0.493,"Y":-0.337}}],"clr":{"R":229,"G":232,"B":250,"A":255}},"AN6-841-67":{"pid":"AN6-841","orb":2756.15,"per":15.81,"ang":268.44,"t":"ASTEROID","sp":"ASTEROID-1","s":19.43,"m":101.98,"gd":32.39,"wic":{},"woc":{},"wgc":{},"emm":[{"Type":"1","MainRange":42,"MainValue":0.18,"FarRange":132}],"sig":[{"t":"9-1","s":"","d":{"X":-0.98,"Y":0.07}},{"t":"9-2","s":"","d":{"X":0.31,"Y":0.28}},{"t":"X1","s":"","d":{"X":0.105,"Y":0.382}}],"clr":{"R":220,"G":200,"B":241,"A":255}},"AN6-841-68":{"pid":"AN6-841","orb":2480.7,"per":14.23,"ang":69.73,"t":"ASTEROID","sp":"ASTEROID-2","s":24.59,"m":206.68,"gd":40.99,"wic":{},"woc":{},"wgc":{},"emm":[{"Type":"1","MainRange":57,"MainValue":0.22,"FarRange":107}],"sig":[{"t":"9-1","s":"","d":{"X":-0.72,"Y":0.57}},{"t":"9-2","s":"","d":{"X":0.58,"Y":-0.07}},{"t":"X1","s":"","d":{"X":-0.62,"Y":-0.385}}],"clr":{"R":201,"G":253,"B":172,"A":255}},"AN6-841-69":{"pid":"AN6-841","orb":2441.1,"per":14,"ang":127.96,"t":"ASTEROID","sp":"ASTEROID-4","s":14.04,"m":38.46,"gd":23.4,"wic":{},"woc":{},"wgc":{},"emm":[{"Type":"1","MainRange":44,"MainValue":0.18,"FarRange":187}],"sig":[{"t":"9-1","s":"","d":{"X":0.65,"Y":-0.67}},{"t":"9-2","s":"","d":{"X":-0.64,"Y":-0.32}},{"t":"X1","s":"","d":{"X":0.756,"Y":-0.604}}],"clr":{"R":215,"G":168,"B":253,"A":255}},"AN6-841-7":{"pid":"AN6-841","orb":2634.73,"per":15.11,"ang":131.04,"t":"ASTEROID","sp":"ASTEROID-1","s":20.62,"m":121.82,"gd":34.37,"wic":{},"woc":{},"wgc":{},"emm":[{"Type":"1","MainRange":70,"MainValue":0.17,"FarRange":137}],"sig":[{"t":"9-1","s":"","d":{"X":0.38,"Y":-0.92}},{"t":"9-2","s":"","d":{"X":0.56,"Y":0.06}},{"t":"X1","s":"","d":{"X":0.606,"Y":-0.306}}],"clr":{"R":240,"G":252,"B":254,"A":255}},"AN6-841-70":{"pid":"AN6-841","orb":2719.73,"per":15.6,"ang":254.49,"t":"ASTEROID","sp":"ASTEROID-4","s":20.37,"m":117.45,"gd":33.95,"wic":{},"woc":{},"wgc":{},"emm":[{"Type":"1","MainRange":81,"MainValue":0.26,"FarRange":180}],"sig":[{"t":"9-1","s":"","d":{"X":-0.11,"Y":-0.03}},{"t":"9-2","s":"","d":{"X":-0.04,"Y":0.33}},{"t":"X1","s":"","d":{"X":0.029,"Y":0.659}}],"clr":{"R":253,"G":254,"B":245,"A":255}},"AN6-841-71":{"pid":"AN6-841","orb":2672.92,"per":15.33,"ang":46.72,"t":"ASTEROID","sp":"ASTEROID-3","s":21.08,"m":130.1,"gd":35.13,"wic":{},"woc":{},"wgc":{},"emm":[{"Type":"1","MainRange":44,"MainValue":0.22,"FarRange":209}],"sig":[{"t":"9-1","s":"","d":{"X":0.19,"Y":0.88}},{"t":"9-2","s":"","d":{"X":-0.3,"Y":-0.15}},{"t":"X1","s":"","d":{"X":-0.026,"Y":0.437}}],"clr":{"R":213,"G":205,"B":249,"A":255}},"AN6-841-72":{"pid":"AN6-841","orb":3053.58,"per":17.51,"ang":224.75,"t":"ASTEROID","sp":"ASTEROID-4","s":31.32,"m":427.03,"gd":52.21,"wic":{},"woc":{},"wgc":{},"emm":[{"Type":"1","MainRange":55,"MainValue":0.22,"FarRange":139},{"Type":"6","MainRange":42,"MainValue":0.08,"FarRange":55},{"Type":"5","MainRange":45,"MainValue":0.23,"FarRange":120}],"sig":[{"t":"9-1","s":"","d":{"X":-0.91,"Y":0.06}},{"t":"9-2","s":"","d":{"X":0.04,"Y":0.4}},{"t":"X1","s":"","d":{"X":0.238,"Y":0.785}},{"t":"X6","s":"","d":{"X":0.133,"Y":-0.55}},{"t":"X5","s":"","d":{"X":-0.153,"Y":0.227}}],"clr":{"R":244,"G":237,"B":215,"A":255}},"AN6-841-73":{"pid":"AN6-841","orb":3058.68,"per":17.54,"ang":174.31,"t":"ASTEROID","sp":"ASTEROID-5","s":21.51,"m":138.37,"gd":35.86,"wic":{},"woc":{},"wgc":{},"emm":[{"Type":"1","MainRange":11,"MainValue":0.16,"FarRange":149}],"sig":[{"t":"9-1","s":"","d":{"X":-0.2,"Y":0.73}},{"t":"9-2","s":"","d":{"X":0.87,"Y":-0.2}},{"t":"X1","s":"","d":{"X":-0.364,"Y":0.411}}],"clr":{"R":251,"G":236,"B":240,"A":255}},"AN6-841-74":{"pid":"AN6-841","orb":3590.45,"per":20.59,"ang":152.52,"t":"ASTEROID","sp":"ASTEROID-3","s":24.78,"m":211.51,"gd":41.31,"wic":{},"woc":{},"wgc":{},"emm":[{"Type":"1","MainRange":57.6,"MainValue":0.14,"FarRange":64}],"sig":[{"t":"9-1","s":"","d":{"X":-0.04,"Y":-0.83}},{"t":"9-2","s":"","d":{"X":-0.67,"Y":-0.07}},{"t":"X1","s":"","d":{"X":0.156,"Y":0.593}}],"clr":{"R":216,"G":218,"B":252,"A":255}},"AN6-841-75":{"pid":"AN6-841","orb":2906.66,"per":16.67,"ang":289.95,"t":"ASTEROID","sp":"ASTEROID-5","s":22.31,"m":154.24,"gd":37.18,"wic":{},"woc":{},"wgc":{},"emm":[{"Type":"1","MainRange":47,"MainValue":0.25,"FarRange":128}],"sig":[{"t":"9-1","s":"","d":{"X":0.22,"Y":0.8}},{"t":"9-2","s":"","d":{"X":0.82,"Y":0.01}},{"t":"X1","s":"","d":{"X":-0.51,"Y":-0.26}}],"clr":{"R":251,"G":230,"B":183,"A":255}},"AN6-841-76":{"pid":"AN6-841","orb":2480.55,"per":14.23,"ang":297.71,"t":"ASTEROID","sp":"ASTEROID-1","s":16.11,"m":58.12,"gd":26.85,"wic":{},"woc":{},"wgc":{},"emm":[{"Type":"1","MainRange":61,"MainValue":0.25,"FarRange":150}],"sig":[{"t":"9-1","s":"","d":{"X":0.69,"Y":-0.23}},{"t":"9-2","s":"","d":{"X":-0.65,"Y":0.74}},{"t":"X1","s":"","d":{"X":-0.123,"Y":0.198}}],"clr":{"R":254,"G":241,"B":245,"A":255}},"AN6-841-77":{"pid":"AN6-841","orb":2711.46,"per":15.55,"ang":164.89,"t":"ASTEROID","sp":"ASTEROID-3","s":27.01,"m":273.68,"gd":45.01,"wic":{},"woc":{},"wgc":{},"emm":[{"Type":"1","MainRange":51,"MainValue":0.14,"FarRange":148}],"sig":[{"t":"9-1","s":"","d":{"X":-0.07,"Y":-0.29}},{"t":"9-2","s":"","d":{"X":-0.77,"Y":0.16}},{"t":"X1","s":"","d":{"X":0.386,"Y":-0.519}}],"clr":{"R":231,"G":241,"B":178,"A":255}},"AN6-841-78":{"pid":"AN6-841","orb":2709.24,"per":15.54,"ang":234.69,"t":"ASTEROID","sp":"ASTEROID-2","s":17.57,"m":75.44,"gd":29.29,"wic":{},"woc":{},"wgc":{},"emm":[{"Type":"1","MainRange":57,"MainValue":0.15,"FarRange":124}],"sig":[{"t":"9-1","s":"","d":{"X":0.08,"Y":-0.91}},{"t":"9-2","s":"","d":{"X":0.16,"Y":-0.69}},{"t":"X1","s":"","d":{"X":0.988,"Y":-0.155}}],"clr":{"R":243,"G":243,"B":216,"A":255}},"AN6-841-79":{"pid":"AN6-841","orb":3238.38,"per":18.57,"ang":168.08,"t":"ASTEROID","sp":"ASTEROID-1","s":11.57,"m":21.55,"gd":19.29,"wic":{},"woc":{},"wgc":{},"emm":[{"Type":"1","MainRange":38,"MainValue":0.2,"FarRange":146}],"sig":[{"t":"9-1","s":"","d":{"X":0.86,"Y":0.12}},{"t":"9-2","s":"","d":{"X":-0.93,"Y":-0.12}},{"t":"X1","s":"","d":{"X":-0.805,"Y":-0.331}}],"clr":{"R":252,"G":249,"B":246,"A":255}},"AN6-841-8":{"pid":"AN6-841","orb":2703.28,"per":15.5,"ang":81.79,"t":"ASTEROID","sp":"ASTEROID-1","s":26.19,"m":249.77,"gd":43.66,"wic":{},"woc":{},"wgc":{},"emm":[{"Type":"1","MainRange":30,"MainValue":0.18,"FarRange":132}],"sig":[{"t":"9-1","s":"","d":{"X":0.36,"Y":-0.71}},{"t":"9-2","s":"","d":{"X":-0.44,"Y":0.77}},{"t":"X1","s":"","d":{"X":0.764,"Y":0.124}}],"clr":{"R":254,"G":250,"B":253,"A":255}},"AN6-841-80":{"pid":"AN6-841","orb":2754.54,"per":15.8,"ang":235.1,"t":"ASTEROID","sp":"ASTEROID-2","s":21.93,"m":146.48,"gd":36.55,"wic":{},"woc":{},"wgc":{},"emm":[{"Type":"1","MainRange":55,"MainValue":0.19,"FarRange":110},{"Type":"6","MainRange":37,"MainValue":0.23,"FarRange":154}],"sig":[{"t":"9-1","s":"","d":{"X":-0.52,"Y":-0.36}},{"t":"9-2","s":"","d":{"X":0.75,"Y":-0.5}},{"t":"X1","s":"","d":{"X":0.106,"Y":0.443}},{"t":"X6","s":"","d":{"X":0.581,"Y":0.714}}],"clr":{"R":243,"G":196,"B":253,"A":255}},"AN6-841-81":{"pid":"AN6-841","orb":3494.73,"per":20.04,"ang":236.37,"t":"ASTEROID","sp":"ASTEROID-2","s":11.02,"m":18.59,"gd":18.36,"wic":{},"woc":{},"wgc":{},"emm":[{"Type":"1","MainRange":43,"MainValue":0.34,"FarRange":149},{"Type":"25","MainRange":63,"MainValue":0.15,"FarRange":70}],"sig":[{"t":"9-1","s":"","d":{"X":-0.12,"Y":-0.79}},{"t":"9-2","s":"","d":{"X":0.26,"Y":-0.34}},{"t":"X1","s":"","d":{"X":0.357,"Y":-0.717}},{"t":"X25","s":"","d":{"X":-0.072,"Y":-0.087}}],"clr":{"R":245,"G":247,"B":208,"A":255}},"AN6-841-82":{"pid":"AN6-841","orb":3178.97,"per":18.23,"ang":200.78,"t":"ASTEROID","sp":"ASTEROID-4","s":29.59,"m":360.16,"gd":49.33,"wic":{},"woc":{},"wgc":{},"emm":[{"Type":"1","MainRange":59,"MainValue":0.1,"FarRange":235}],"sig":[{"t":"9-1","s":"","d":{"X":-0.37,"Y":-0.13}},{"t":"9-2","s":"","d":{"X":-0.07,"Y":0.9}},{"t":"X1","s":"","d":{"X":-0.744,"Y":-0.14}}],"clr":{"R":253,"G":244,"B":229,"A":255}},"AN6-841-83":{"pid":"AN6-841","orb":2923.59,"per":16.77,"ang":13.44,"t":"ASTEROID","sp":"ASTEROID-5","s":27.21,"m":279.94,"gd":45.35,"wic":{},"woc":{},"wgc":{},"emm":[{"Type":"1","MainRange":44,"MainValue":0.26,"FarRange":135}],"sig":[{"t":"9-1","s":"","d":{"X":0.34,"Y":-0.59}},{"t":"9-2","s":"","d":{"X":-0.21,"Y":0.56}},{"t":"X1","s":"","d":{"X":0.126,"Y":0.628}}],"clr":{"R":238,"G":242,"B":203,"A":255}},"AN6-841-84":{"pid":"AN6-841","orb":3243.19,"per":18.6,"ang":13.65,"t":"ASTEROID","sp":"ASTEROID-2","s":14.22,"m":39.97,"gd":23.7,"wic":{},"woc":{},"wgc":{},"emm":[{"Type":"1","MainRange":45,"MainValue":0.23,"FarRange":193},{"Type":"6","MainRange":51,"MainValue":0.11,"FarRange":164},{"Type":"15","MainRange":40,"MainValue":0.22,"FarRange":128}],"sig":[{"t":"9-1","s":"","d":{"X":-0.45,"Y":0.69}},{"t":"9-2","s":"","d":{"X":0.18,"Y":-0.82}},{"t":"X1","s":"","d":{"X":-0.818,"Y":-0.112}},{"t":"X6","s":"","d":{"X":0.332,"Y":-0.39}},{"t":"X15","s":"","d":{"X":0.73,"Y":0.238}}],"clr":{"R":212,"G":246,"B":185,"A":255}},"AN6-841-85":{"pid":"AN6-841","orb":3082.83,"per":17.68,"ang":356.9,"t":"ASTEROID","sp":"ASTEROID-2","s":22.11,"m":150.24,"gd":36.86,"wic":{},"woc":{},"wgc":{},"emm":[{"Type":"1","MainRange":55,"MainValue":0.25,"FarRange":98}],"sig":[{"t":"9-1","s":"","d":{"X":-0.86}},{"t":"9-2","s":"","d":{"X":-0.27,"Y":0.7}},{"t":"X1","s":"","d":{"X":0.539,"Y":0.18}}],"clr":{"R":254,"G":224,"B":232,"A":255}},"AN6-841-86":{"pid":"AN6-841","orb":2548.33,"per":14.61,"ang":106.37,"t":"ASTEROID","sp":"ASTEROID-1","s":30.18,"m":382.08,"gd":50.31,"wic":{},"woc":{},"wgc":{},"emm":[{"Type":"1","MainRange":57,"MainValue":0.23,"FarRange":157}],"sig":[{"t":"9-1","s":"","d":{"X":-0.76,"Y":0.65}},{"t":"9-2","s":"","d":{"X":0.29,"Y":0.04}},{"t":"X1","s":"","d":{"X":-0.294,"Y":-0.936}}],"clr":{"R":254,"G":224,"B":236,"A":255}},"AN6-841-87":{"pid":"AN6-841","orb":2428.46,"per":13.93,"ang":9.45,"t":"ASTEROID","sp":"ASTEROID-4","s":21.33,"m":134.84,"gd":35.55,"wic":{},"woc":{},"wgc":{},"emm":[{"Type":"1","MainRange":37,"MainValue":0.29,"FarRange":212}],"sig":[{"t":"9-1","s":"","d":{"X":0.25,"Y":0.96}},{"t":"9-2","s":"","d":{"X":0.63,"Y":0.37}},{"t":"X1","s":"","d":{"X":-0.768,"Y":0.62}}],"clr":{"R":202,"G":209,"B":239,"A":255}},"AN6-841-88":{"pid":"AN6-841","orb":3501.25,"per":20.08,"ang":48.91,"t":"ASTEROID","sp":"ASTEROID-3","s":18.87,"m":93.32,"gd":31.45,"wic":{},"woc":{},"wgc":{},"emm":[{"Type":"1","MainRange":38,"MainValue":0.19,"FarRange":128},{"Type":"26","MainRange":29,"MainValue":0.21,"FarRange":169},{"Type":"18","MainRange":7,"MainValue":0.22,"FarRange":155}],"sig":[{"t":"9-1","s":"","d":{"X":-0.62,"Y":0.67}},{"t":"9-2","s":"","d":{"X":-0.06,"Y":-0.6}},{"t":"X1","s":"","d":{"X":-0.508,"Y":-0.39}},{"t":"X26","s":"","d":{"X":0.16,"Y":0.356}},{"t":"X18","s":"","d":{"X":-0.611,"Y":-0.24}}],"clr":{"R":225,"G":242,"B":252,"A":255}},"AN6-841-89":{"pid":"AN6-841","orb":2567.88,"per":14.73,"ang":267.18,"t":"ASTEROID","sp":"ASTEROID-1","s":25.89,"m":241.1,"gd":43.15,"wic":{},"woc":{},"wgc":{},"emm":[{"Type":"1","MainRange":41,"MainValue":0.18,"FarRange":191}],"sig":[{"t":"9-1","s":"","d":{"X":0.49,"Y":-0.25}},{"t":"9-2","s":"","d":{"X":0.68,"Y":0.34}},{"t":"X1","s":"","d":{"X":-0.899,"Y":-0.041}}],"clr":{"R":252,"G":254,"B":254,"A":255}},"AN6-841-9":{"pid":"AN6-841","orb":2435.96,"per":13.97,"ang":195.75,"t":"ASTEROID","sp":"ASTEROID-4","s":17.55,"m":75.18,"gd":29.26,"wic":{},"woc":{},"wgc":{},"emm":[{"Type":"1","MainRange":55,"MainValue":0.1,"FarRange":114}],"sig":[{"t":"9-1","s":"","d":{"X":0.3,"Y":0.26}},{"t":"9-2","s":"","d":{"X":-0.42,"Y":-0.14}},{"t":"X1","s":"","d":{"X":-0.341,"Y":0.875}}],"clr":{"R":234,"G":193,"B":199,"A":255}},"AN6-841-90":{"pid":"AN6-841","orb":2836.82,"per":16.27,"ang":172.8,"t":"ASTEROID","sp":"ASTEROID-3","s":15.12,"m":48.08,"gd":25.21,"wic":{},"woc":{},"wgc":{},"emm":[{"Type":"1","MainRange":55,"MainValue":0.1,"FarRange":112}],"sig":[{"t":"9-1","s":"","d":{"X":-0.69,"Y":-0.7}},{"t":"9-2","s":"","d":{"X":0.59,"Y":-0.33}},{"t":"X1","s":"","d":{"X":0.027,"Y":0.387}}],"clr":{"R":229,"G":217,"B":253,"A":255}},"AN6-841-91":{"pid":"AN6-841","orb":3500.21,"per":20.07,"ang":322.13,"t":"ASTEROID","sp":"ASTEROID-3","s":18.88,"m":93.47,"gd":31.46,"wic":{},"woc":{},"wgc":{},"emm":[{"Type":"1","MainRange":47,"MainValue":0.11,"FarRange":134}],"sig":[{"t":"9-1","s":"","d":{"Y":-0.36}},{"t":"9-2","s":"","d":{"X":-0.7,"Y":0.12}},{"t":"X1","s":"","d":{"X":0.337,"Y":0.014}}],"clr":{"R":212,"G":204,"B":248,"A":255}},"AN6-841-92":{"pid":"AN6-841","orb":3381.43,"per":19.39,"ang":138.12,"t":"ASTEROID","sp":"ASTEROID-4","s":13.87,"m":37.06,"gd":23.11,"wic":{},"woc":{},"wgc":{},"emm":[{"Type":"1","MainRange":74,"MainValue":0.2,"FarRange":139}],"sig":[{"t":"9-1","s":"","d":{"X":-0.07,"Y":0.59}},{"t":"9-2","s":"","d":{"X":-0.27,"Y":-0.47}},{"t":"X1","s":"","d":{"X":-0.672,"Y":-0.255}}],"clr":{"R":243,"G":228,"B":189,"A":255}},"AN6-841-93":{"pid":"AN6-841","orb":2714.09,"per":15.57,"ang":271.97,"t":"ASTEROID","sp":"ASTEROID-2","s":19.65,"m":105.42,"gd":32.75,"wic":{},"woc":{},"wgc":{},"emm":[{"Type":"1","MainRange":58,"MainValue":0.2,"FarRange":147}],"sig":[{"t":"9-1","s":"","d":{"X":0.71,"Y":-0.29}},{"t":"9-2","s":"","d":{"X":0.18,"Y":0.36}},{"t":"X1","s":"","d":{"X":0.26,"Y":0.048}}],"clr":{"R":223,"G":247,"B":229,"A":255}},"AN6-841-94":{"pid":"AN6-841","orb":3031.89,"per":17.39,"ang":223.09,"t":"ASTEROID","sp":"ASTEROID-5","s":34.86,"m":588.44,"gd":58.1,"wic":{},"woc":{},"wgc":{},"emm":[{"Type":"1","MainRange":79,"MainValue":0.14,"FarRange":121}],"sig":[{"t":"9-1","s":"","d":{"X":-0.34,"Y":0.01}},{"t":"9-2","s":"","d":{"X":-0.85,"Y":0.34}},{"t":"X1","s":"","d":{"X":0.842,"Y":0.373}}],"clr":{"R":242,"G":206,"B":244,"A":255}},"AN6-841-95":{"pid":"AN6-841","orb":3410.59,"per":19.56,"ang":264.91,"t":"ASTEROID","sp":"ASTEROID-3","s":12.95,"m":30.22,"gd":21.59,"wic":{},"woc":{},"wgc":{},"emm":[{"Type":"1","MainRange":60,"MainValue":0.24,"FarRange":174}],"sig":[{"t":"9-1","s":"","d":{"X":0.34,"Y":-0.66}},{"t":"9-2","s":"","d":{"X":0.58,"Y":-0.76}},{"t":"X1","s":"","d":{"X":0.754,"Y":-0.448}}],"clr":{"R":254,"G":245,"B":249,"A":255}},"AN6-841-96":{"pid":"AN6-841","orb":3135.11,"per":17.98,"ang":199.75,"t":"ASTEROID","sp":"ASTEROID-3","s":20.07,"m":112.37,"gd":33.45,"wic":{},"woc":{},"wgc":{},"emm":[{"Type":"1","MainRange":62,"MainValue":0.31,"FarRange":80}],"sig":[{"t":"9-1","s":"","d":{"X":0.49,"Y":0.2}},{"t":"9-2","s":"","d":{"X":0.61,"Y":-0.3}},{"t":"X1","s":"","d":{"X":-0.649,"Y":0.083}}],"clr":{"R":213,"G":253,"B":245,"A":255}},"AN6-841-97":{"pid":"AN6-841","orb":3305.6,"per":18.96,"ang":203.5,"t":"ASTEROID","sp":"ASTEROID-3","s":27.7,"m":295.43,"gd":46.17,"wic":{},"woc":{},"wgc":{},"emm":[{"Type":"1","MainRange":37,"MainValue":0.23,"FarRange":175}],"sig":[{"t":"9-1","s":"","d":{"X":-0.43,"Y":-0.13}},{"t":"9-2","s":"","d":{"X":0.08,"Y":0.71}},{"t":"X1","s":"","d":{"X":0.789,"Y":0.071}}],"clr":{"R":202,"G":191,"B":239,"A":255}},"AN6-841-98":{"pid":"AN6-841","orb":3034.41,"per":17.4,"ang":67.53,"t":"ASTEROID","sp":"ASTEROID-3","s":28.24,"m":313.11,"gd":47.08,"wic":{},"woc":{},"wgc":{},"emm":[{"Type":"1","MainRange":46,"MainValue":0.2,"FarRange":174}],"sig":[{"t":"9-1","s":"","d":{"X":0.85,"Y":-0.04}},{"t":"9-2","s":"","d":{"X":-0.82,"Y":0.21}},{"t":"X1","s":"","d":{"X":-0.187,"Y":-0.742}}],"clr":{"R":217,"G":249,"B":230,"A":255}},"AN6-S1":{"pid":"AN6-sv","orb":2286.28,"per":15.58,"t":"STAR","sp":"STAR-5","s":315.28,"m":1741117.67,"gd":1050.94,"wic":{},"woc":{},"wgc":{},"emm":[{"Type":"2","MainRange":1196,"MainValue":4.94,"FarRange":4665}],"sig":[{"t":"X2","s":"","d":{"X":0.084,"Y":-0.454}}],"clr":{"R":243,"G":164,"B":230,"A":255}},"AN6-S2":{"pid":"AN6-sv","orb":1889.57,"per":15.58,"ang":180,"t":"STAR","sp":"STAR-14","s":325.69,"m":1919425.52,"gd":1085.65,"wic":{},"woc":{},"wgc":{},"emm":[{"Type":"2","MainRange":802,"MainValue":5.71,"FarRange":2672}],"sig":[{"t":"X2","s":"","d":{"X":-0.887,"Y":-0.264}}],"clr":{"R":251,"G":238,"B":217,"A":255}},"AN6-sv":{"iv":true,"wic":{},"woc":{},"wgc":{},"clr":{}}}}