{"SpawnDistance":4414.597000000001,"Points":{"JE4-065":{"pid":"JE4-S","orb":1578.16,"per":26.3,"t":"GASPLANET","sp":"GASPLANET-46","s":212.8,"m":93691.23,"gd":354.67,"wic":{},"woc":{},"wgc":{},"emm":[{"Type":"6","MainRange":454,"MainValue":1.22,"FarRange":947},{"Type":"19","MainRange":830,"MainValue":1.75,"FarRange":1049},{"Type":"24","MainRange":378,"MainValue":0.85,"FarRange":753},{"Type":"2","MainRange":519,"MainValue":2.05,"FarRange":1100},{"Type":"10","MainRange":654,"MainValue":2.34,"FarRange":897},{"Type":"3","MainRange":446,"MainValue":1.63,"FarRange":750}],"sig":[{"t":"0-3","s":"","d":{"X":-0.77,"Y":0.55}},{"t":"1-3","s":"","d":{"X":0.12,"Y":0.27}},{"t":"3-1","s":"","d":{"X":-0.14,"Y":-0.05}},{"t":"6-2","s":"","d":{"X":0.21,"Y":0.78}},{"t":"10-1","s":"","d":{"X":0.89,"Y":-0.24}},{"t":"11-1","s":"","d":{"X":0.11,"Y":0.05}},{"t":"X6","s":"","d":{"X":-0.789,"Y":-0.613}},{"t":"X19","s":"","d":{"X":-0.025,"Y":0.136}},{"t":"X24","s":"","d":{"X":0.17,"Y":0.672}},{"t":"X2","s":"","d":{"X":0.93,"Y":0.202}},{"t":"X10","s":"","d":{"X":0.072,"Y":0.276}},{"t":"X3","s":"","d":{"X":-0.725,"Y":-0.364}}],"clr":{"R":251,"G":223,"B":237,"A":255}},"JE4-721":{"pid":"JE4-S","orb":2204.58,"per":36.74,"t":"GASPLANET","sp":"GASPLANET-13","s":98.78,"m":9372.71,"gd":164.64,"wic":{},"woc":{},"wgc":{},"sig":[{"t":"0-3","s":"","d":{"X":-0.18,"Y":0.13}},{"t":"1-3","s":"","d":{"X":-0.62,"Y":0.36}},{"t":"3-1","s":"","d":{"X":-0.13,"Y":-0.46}},{"t":"6-3","s":"","d":{"X":0.18,"Y":0.12}},{"t":"7-2","s":"","d":{"X":-0.08,"Y":0.05}},{"t":"7-3","s":"","d":{"X":0.77,"Y":-0.21}},{"t":"8-1","s":"","d":{"X":-0.54,"Y":-0.8}},{"t":"10-1","s":"","d":{"X":-0.16,"Y":0.57}},{"t":"11-1","s":"","d":{"X":0.8,"Y":0.35}}],"clr":{"R":240,"G":209,"B":227,"A":255}},"JE4-822":{"pid":"JE4-S","orb":4013.27,"per":66.88,"t":"GASPLANET","sp":"GASPLANET-5","s":163.47,"m":42473.79,"gd":272.45,"wic":{},"woc":{},"wgc":{},"emm":[{"Type":"1","MainRange":527,"MainValue":1.62,"FarRange":1006}],"sig":[{"t":"0-3","s":"","d":{"X":0.57,"Y":0.59}},{"t":"1-3","s":"","d":{"X":-0.85,"Y":0.1}},{"t":"3-1","s":"","d":{"X":-0.13,"Y":-0.65}},{"t":"6-2","s":"","d":{"X":-0.33,"Y":-0.73}},{"t":"7-2","s":"","d":{"X":-0.64,"Y":0.3}},{"t":"7-3","s":"","d":{"X":0.47,"Y":0.57}},{"t":"8-1","s":"","d":{"X":-0.14,"Y":-0.68}},{"t":"11-1","s":"","d":{"X":-0.12,"Y":-0.71}},{"t":"X1","s":"","d":{"X":-0.043,"Y":-0.697}}],"clr":{"R":233,"G":247,"B":214,"A":255}},"JE4-S":{"t":"STAR","sp":"STAR-4","s":409.09,"m":3803773.32,"gd":1363.66,"wic":{},"woc":{},"wgc":{},"emm":[{"Type":"2","MainRange":499,"MainValue":3.98,"FarRange":3982}],"sig":[{"t":"X2","s":"","d":{"X":0.733,"Y":0.492}}],"clr":{"R":253,"G":236,"B":200,"A":255}}}}