{"SpawnDistance":3267.253,"Points":{"HX3-0-0":{"pid":"HX3-S","orb":943.64,"per":15.72,"ang":240.62,"t":"ASTEROID","sp":"ASTEROID-1","s":21.76,"m":143.26,"gd":36.28,"wic":{},"woc":{},"wgc":{},"emm":[{"Type":"1","MainRange":72,"MainValue":0.16,"FarRange":172}],"sig":[{"t":"9-1","s":"","d":{"X":0.15,"Y":0.93}},{"t":"X1","s":"","d":{"X":0.053,"Y":0.412}}],"clr":{"R":247,"G":253,"B":253,"A":255}},"HX3-0-1":{"pid":"HX3-S","orb":1100.74,"per":18.34,"ang":192.46,"t":"ASTEROID","sp":"ASTEROID-5","s":14.89,"m":45.86,"gd":24.81,"wic":{},"woc":{},"wgc":{},"emm":[{"Type":"1","MainRange":62,"MainValue":0.33,"FarRange":153}],"sig":[{"t":"9-1","s":"","d":{"X":0.23,"Y":0.91}},{"t":"X1","s":"","d":{"X":-0.259,"Y":0.07}}],"clr":{"R":237,"G":238,"B":252,"A":255}},"HX3-0-10":{"pid":"HX3-S","orb":994.14,"per":16.56,"ang":60.58,"t":"ASTEROID","sp":"ASTEROID-3","s":22.17,"m":151.53,"gd":36.96,"wic":{},"woc":{},"wgc":{},"emm":[{"Type":"1","MainRange":30,"MainValue":0.12,"FarRange":113}],"sig":[{"t":"9-1","s":"","d":{"X":0.25,"Y":0.01}},{"t":"X1","s":"","d":{"X":0.105,"Y":-0.609}}],"clr":{"R":174,"G":243,"B":176,"A":255}},"HX3-0-11":{"pid":"HX3-S","orb":1014.96,"per":16.91,"ang":270.21,"t":"ASTEROID","sp":"ASTEROID-1","s":30.35,"m":388.47,"gd":50.59,"wic":{},"woc":{},"wgc":{},"emm":[{"Type":"1","MainRange":42.300000000000004,"MainValue":0.12,"FarRange":47}],"sig":[{"t":"9-1","s":"","d":{"X":0.35,"Y":0.07}},{"t":"X1","s":"","d":{"X":0.659,"Y":0.259}}],"clr":{"R":254,"G":175,"B":244,"A":255}},"HX3-0-12":{"pid":"HX3-S","orb":1120.63,"per":18.67,"ang":341.73,"t":"ASTEROID","sp":"ASTEROID-5","s":17.82,"m":78.67,"gd":29.7,"wic":{},"woc":{},"wgc":{},"emm":[{"Type":"1","MainRange":77,"MainValue":0.34,"FarRange":191}],"sig":[{"t":"9-1","s":"","d":{"X":0.62,"Y":0.07}},{"t":"X1","s":"","d":{"X":-0.135,"Y":-0.726}}],"clr":{"R":237,"G":249,"B":248,"A":255}},"HX3-0-13":{"pid":"HX3-S","orb":880.95,"per":14.68,"ang":59.57,"t":"ASTEROID","sp":"ASTEROID-4","s":16.88,"m":66.83,"gd":28.13,"wic":{},"woc":{},"wgc":{},"emm":[{"Type":"1","MainRange":66,"MainValue":0.23,"FarRange":141}],"sig":[{"t":"9-1","s":"","d":{"X":-0.89,"Y":-0.15}},{"t":"X1","s":"","d":{"X":-0.62,"Y":0.298}}],"clr":{"R":251,"G":225,"B":196,"A":255}},"HX3-0-14":{"pid":"HX3-S","orb":1239.08,"per":20.65,"ang":194.3,"t":"ASTEROID","sp":"ASTEROID-5","s":12.21,"m":25.29,"gd":20.35,"wic":{},"woc":{},"wgc":{},"emm":[{"Type":"1","MainRange":27,"MainValue":0.27,"FarRange":180}],"sig":[{"t":"9-1","s":"","d":{"X":-0.84,"Y":0.03}},{"t":"X1","s":"","d":{"X":-0.15,"Y":0.368}}],"clr":{"R":229,"G":192,"B":248,"A":255}},"HX3-0-15":{"pid":"HX3-S","orb":902.77,"per":15.04,"ang":32.66,"t":"ASTEROID","sp":"ASTEROID-3","s":13.94,"m":37.68,"gd":23.24,"wic":{},"woc":{},"wgc":{},"emm":[{"Type":"1","MainRange":70.2,"MainValue":0.26,"FarRange":78}],"sig":[{"t":"9-1","s":"","d":{"X":0.34,"Y":-0.56}},{"t":"X1","s":"","d":{"X":-0.87,"Y":-0.14}}],"clr":{"R":250,"G":233,"B":240,"A":255}},"HX3-0-16":{"pid":"HX3-S","orb":914.91,"per":15.24,"ang":283.4,"t":"ASTEROID","sp":"ASTEROID-4","s":17.99,"m":80.9,"gd":29.98,"wic":{},"woc":{},"wgc":{},"emm":[{"Type":"1","MainRange":19,"MainValue":0.21,"FarRange":110}],"sig":[{"t":"9-1","s":"","d":{"X":-0.14,"Y":-0.25}},{"t":"X1","s":"","d":{"X":-0.046,"Y":0.316}}],"clr":{"R":236,"G":248,"B":233,"A":255}},"HX3-0-17":{"pid":"HX3-S","orb":1090.8,"per":18.18,"ang":268.75,"t":"ASTEROID","sp":"ASTEROID-3","s":20.95,"m":127.72,"gd":34.91,"wic":{},"woc":{},"wgc":{},"emm":[{"Type":"1","MainRange":65,"MainValue":0.12,"FarRange":140}],"sig":[{"t":"9-1","s":"","d":{"X":-0.62,"Y":0.64}},{"t":"X1","s":"","d":{"X":0.011,"Y":0.399}}],"clr":{"R":236,"G":252,"B":242,"A":255}},"HX3-0-18":{"pid":"HX3-S","orb":1059.09,"per":17.65,"ang":182.03,"t":"ASTEROID","sp":"ASTEROID-2","s":25.49,"m":230.09,"gd":42.48,"wic":{},"woc":{},"wgc":{},"emm":[{"Type":"1","MainRange":65,"MainValue":0.22,"FarRange":138}],"sig":[{"t":"9-1","s":"","d":{"X":-0.39,"Y":0.6}},{"t":"X1","s":"","d":{"X":-0.676,"Y":0.236}}],"clr":{"R":241,"G":175,"B":188,"A":255}},"HX3-0-19":{"pid":"HX3-S","orb":1065.68,"per":17.76,"ang":258.94,"t":"ASTEROID","sp":"ASTEROID-4","s":22.74,"m":163.43,"gd":37.9,"wic":{},"woc":{},"wgc":{},"emm":[{"Type":"1","MainRange":26,"MainValue":0.24,"FarRange":163}],"sig":[{"t":"9-1","s":"","d":{"X":0.33,"Y":-0.9}},{"t":"X1","s":"","d":{"X":-0.545,"Y":0.228}}],"clr":{"R":253,"G":233,"B":235,"A":255}},"HX3-0-2":{"pid":"HX3-S","orb":1097.21,"per":18.28,"ang":91.9,"t":"ASTEROID","sp":"ASTEROID-3","s":21.85,"m":145.06,"gd":36.43,"wic":{},"woc":{},"wgc":{},"emm":[{"Type":"1","MainRange":27,"MainValue":0.25,"FarRange":127}],"sig":[{"t":"9-1","s":"","d":{"X":-0.18,"Y":-0.02}},{"t":"X1","s":"","d":{"X":0.392,"Y":-0.024}}],"clr":{"R":251,"G":248,"B":170,"A":255}},"HX3-0-20":{"pid":"HX3-S","orb":1104.47,"per":18.4,"ang":241.05,"t":"ASTEROID","sp":"ASTEROID-2","s":18.28,"m":84.87,"gd":30.47,"wic":{},"woc":{},"wgc":{},"emm":[{"Type":"1","MainRange":39,"MainValue":0.18,"FarRange":136}],"sig":[{"t":"9-1","s":"","d":{"X":-0.63,"Y":-0.31}},{"t":"X1","s":"","d":{"X":0.227,"Y":0.378}}],"clr":{"R":242,"G":251,"B":226,"A":255}},"HX3-0-21":{"pid":"HX3-S","orb":894.56,"per":14.9,"ang":343.75,"t":"ASTEROID","sp":"ASTEROID-3","s":27.75,"m":296.99,"gd":46.26,"wic":{},"woc":{},"wgc":{},"emm":[{"Type":"1","MainRange":49,"MainValue":0.17,"FarRange":156},{"Type":"19","MainRange":72,"MainValue":0.15,"FarRange":94}],"sig":[{"t":"9-1","s":"","d":{"X":-0.77,"Y":-0.27}},{"t":"X1","s":"","d":{"X":0.883,"Y":0.115}},{"t":"X19","s":"","d":{"X":-0.504,"Y":0.752}}],"clr":{"R":241,"G":247,"B":229,"A":255}},"HX3-0-22":{"pid":"HX3-S","orb":1026.18,"per":17.1,"ang":314.63,"t":"ASTEROID","sp":"ASTEROID-2","s":16.15,"m":58.57,"gd":26.92,"wic":{},"woc":{},"wgc":{},"emm":[{"Type":"1","MainRange":45,"MainValue":0.12,"FarRange":145}],"sig":[{"t":"9-1","s":"","d":{"X":0.09,"Y":0.36}},{"t":"X1","s":"","d":{"X":-0.236,"Y":0.791}}],"clr":{"R":244,"G":195,"B":180,"A":255}},"HX3-0-23":{"pid":"HX3-S","orb":1079.7,"per":17.99,"ang":159.59,"t":"ASTEROID","sp":"ASTEROID-3","s":18.58,"m":89.1,"gd":30.96,"wic":{},"woc":{},"wgc":{},"emm":[{"Type":"1","MainRange":19,"MainValue":0.22,"FarRange":177}],"sig":[{"t":"9-1","s":"","d":{"X":0.09,"Y":0.84}},{"t":"X1","s":"","d":{"X":-0.168,"Y":-0.727}}],"clr":{"R":248,"G":248,"B":218,"A":255}},"HX3-0-24":{"pid":"HX3-S","orb":1127.05,"per":18.78,"ang":117.44,"t":"ASTEROID","sp":"ASTEROID-2","s":25.36,"m":226.56,"gd":42.26,"wic":{},"woc":{},"wgc":{},"emm":[{"Type":"1","MainRange":42.300000000000004,"MainValue":0.23,"FarRange":47}],"sig":[{"t":"9-1","s":"","d":{"X":-0.13,"Y":0.97}},{"t":"X1","s":"","d":{"X":-0.061,"Y":0.316}}],"clr":{"R":201,"G":177,"B":249,"A":255}},"HX3-0-25":{"pid":"HX3-S","orb":919.86,"per":15.33,"ang":50.24,"t":"ASTEROID","sp":"ASTEROID-1","s":13.71,"m":35.82,"gd":22.85,"wic":{},"woc":{},"wgc":{},"emm":[{"Type":"1","MainRange":69,"MainValue":0.16,"FarRange":163}],"sig":[{"t":"9-1","s":"","d":{"X":-0.42,"Y":-0.19}},{"t":"X1","s":"","d":{"X":0.722,"Y":-0.413}}],"clr":{"R":249,"G":254,"B":254,"A":255}},"HX3-0-26":{"pid":"HX3-S","orb":931.31,"per":15.52,"ang":199.92,"t":"ASTEROID","sp":"ASTEROID-5","s":19.67,"m":105.81,"gd":32.79,"wic":{},"woc":{},"wgc":{},"emm":[{"Type":"1","MainRange":60,"MainValue":0.16,"FarRange":242}],"sig":[{"t":"9-1","s":"","d":{"X":-0.42,"Y":0.77}},{"t":"X1","s":"","d":{"X":-0.37,"Y":0.33}}],"clr":{"R":191,"G":238,"B":214,"A":255}},"HX3-0-27":{"pid":"HX3-S","orb":852.52,"per":14.2,"ang":259.13,"t":"ASTEROID","sp":"ASTEROID-4","s":24.37,"m":201.03,"gd":40.61,"wic":{},"woc":{},"wgc":{},"emm":[{"Type":"1","MainRange":47,"MainValue":0.11,"FarRange":144}],"sig":[{"t":"9-1","s":"","d":{"X":0.49,"Y":0.8}},{"t":"X1","s":"","d":{"X":0.244,"Y":0.333}}],"clr":{"R":239,"G":222,"B":202,"A":255}},"HX3-0-28":{"pid":"HX3-S","orb":1020.24,"per":17,"ang":223.04,"t":"ASTEROID","sp":"ASTEROID-2","s":22.57,"m":159.7,"gd":37.61,"wic":{},"woc":{},"wgc":{},"emm":[{"Type":"1","MainRange":29,"MainValue":0.2,"FarRange":179}],"sig":[{"t":"9-1","s":"","d":{"X":-0.53,"Y":-0.68}},{"t":"X1","s":"","d":{"X":0.484,"Y":-0.372}}],"clr":{"R":204,"G":232,"B":183,"A":255}},"HX3-0-29":{"pid":"HX3-S","orb":1125.37,"per":18.75,"ang":103.06,"t":"ASTEROID","sp":"ASTEROID-4","s":21.25,"m":133.34,"gd":35.42,"wic":{},"woc":{},"wgc":{},"emm":[{"Type":"1","MainRange":45,"MainValue":0.3,"FarRange":171}],"sig":[{"t":"9-1","s":"","d":{"X":-0.95,"Y":-0.13}},{"t":"X1","s":"","d":{"X":0.829,"Y":0.055}}],"clr":{"R":217,"G":177,"B":251,"A":255}},"HX3-0-3":{"pid":"HX3-S","orb":1040.75,"per":17.34,"ang":359.41,"t":"ASTEROID","sp":"ASTEROID-5","s":17.81,"m":78.5,"gd":29.68,"wic":{},"woc":{},"wgc":{},"emm":[{"Type":"1","MainRange":42,"MainValue":0.19,"FarRange":125}],"sig":[{"t":"9-1","s":"","d":{"X":-0.19,"Y":0.97}},{"t":"X1","s":"","d":{"X":0.091,"Y":0.36}}],"clr":{"R":170,"G":237,"B":235,"A":255}},"HX3-0-30":{"pid":"HX3-S","orb":1199.78,"per":19.99,"ang":51.37,"t":"ASTEROID","sp":"ASTEROID-1","s":21.9,"m":146.03,"gd":36.51,"wic":{},"woc":{},"wgc":{},"emm":[{"Type":"1","MainRange":58,"MainValue":0.22,"FarRange":185}],"sig":[{"t":"9-1","s":"","d":{"X":0.92,"Y":0.22}},{"t":"X1","s":"","d":{"X":0.319,"Y":-0.21}}],"clr":{"R":179,"G":232,"B":244,"A":255}},"HX3-0-31":{"pid":"HX3-S","orb":921.58,"per":15.35,"ang":70.96,"t":"ASTEROID","sp":"ASTEROID-1","s":33,"m":499.18,"gd":55,"wic":{},"woc":{},"wgc":{},"emm":[{"Type":"1","MainRange":39,"MainValue":0.23,"FarRange":148}],"sig":[{"t":"9-1","s":"","d":{"X":-0.76,"Y":-0.33}},{"t":"X1","s":"","d":{"X":0.353,"Y":-0.65}}],"clr":{"R":254,"G":253,"B":252,"A":255}},"HX3-0-32":{"pid":"HX3-S","orb":1156.6,"per":19.27,"ang":174.11,"t":"ASTEROID","sp":"ASTEROID-4","s":17.71,"m":77.17,"gd":29.52,"wic":{},"woc":{},"wgc":{},"emm":[{"Type":"1","MainRange":69,"MainValue":0.28,"FarRange":93}],"sig":[{"t":"9-1","s":"","d":{"X":-0.73,"Y":0.65}},{"t":"X1","s":"","d":{"X":0.727,"Y":-0.107}}],"clr":{"R":227,"G":246,"B":235,"A":255}},"HX3-0-33":{"pid":"HX3-S","orb":1036.33,"per":17.27,"ang":12.23,"t":"ASTEROID","sp":"ASTEROID-4","s":20.64,"m":122.15,"gd":34.4,"wic":{},"woc":{},"wgc":{},"emm":[{"Type":"1","MainRange":42,"MainValue":0.16,"FarRange":155}],"sig":[{"t":"9-1","s":"","d":{"X":-0.6,"Y":0.51}},{"t":"X1","s":"","d":{"X":-0.735,"Y":0.339}}],"clr":{"R":248,"G":225,"B":233,"A":255}},"HX3-0-34":{"pid":"HX3-S","orb":1140.33,"per":19,"ang":209.98,"t":"ASTEROID","sp":"ASTEROID-1","s":27.73,"m":296.4,"gd":46.22,"wic":{},"woc":{},"wgc":{},"emm":[{"Type":"1","MainRange":70.2,"MainValue":0.22,"FarRange":78}],"sig":[{"t":"9-1","s":"","d":{"X":0.84,"Y":0.22}},{"t":"X1","s":"","d":{"X":-0.793,"Y":-0.203}}],"clr":{"R":221,"G":250,"B":248,"A":255}},"HX3-0-35":{"pid":"HX3-S","orb":785.95,"per":13.09,"ang":338.79,"t":"ASTEROID","sp":"ASTEROID-3","s":17.98,"m":80.74,"gd":29.96,"wic":{},"woc":{},"wgc":{},"emm":[{"Type":"1","MainRange":61,"MainValue":0.12,"FarRange":137}],"sig":[{"t":"9-1","s":"","d":{"X":-0.6,"Y":0.05}},{"t":"X1","s":"","d":{"X":0.502,"Y":-0.644}}],"clr":{"R":252,"G":227,"B":234,"A":255}},"HX3-0-36":{"pid":"HX3-S","orb":1091.97,"per":18.19,"ang":142.05,"t":"ASTEROID","sp":"ASTEROID-1","s":19.56,"m":104.06,"gd":32.61,"wic":{},"woc":{},"wgc":{},"emm":[{"Type":"1","MainRange":74,"MainValue":0.22,"FarRange":87}],"sig":[{"t":"9-1","s":"","d":{"X":-0.25,"Y":0.64}},{"t":"X1","s":"","d":{"X":-0.464,"Y":-0.026}}],"clr":{"R":225,"G":251,"B":244,"A":255}},"HX3-0-37":{"pid":"HX3-S","orb":940.3,"per":15.67,"ang":322.27,"t":"ASTEROID","sp":"ASTEROID-3","s":33.59,"m":526.53,"gd":55.98,"wic":{},"woc":{},"wgc":{},"emm":[{"Type":"1","MainRange":48,"MainValue":0.23,"FarRange":88}],"sig":[{"t":"9-1","s":"","d":{"Y":0.83}},{"t":"X1","s":"","d":{"X":0.116,"Y":-0.113}}],"clr":{"R":187,"G":246,"B":234,"A":255}},"HX3-0-38":{"pid":"HX3-S","orb":1143.5,"per":19.05,"ang":226.47,"t":"ASTEROID","sp":"ASTEROID-2","s":24.21,"m":197.15,"gd":40.35,"wic":{},"woc":{},"wgc":{},"emm":[{"Type":"1","MainRange":48,"MainValue":0.22,"FarRange":68}],"sig":[{"t":"9-1","s":"","d":{"X":-0.14,"Y":-0.45}},{"t":"X1","s":"","d":{"X":-0.078,"Y":-0.877}}],"clr":{"R":236,"G":216,"B":187,"A":255}},"HX3-0-39":{"pid":"HX3-S","orb":890.43,"per":14.84,"ang":214.34,"t":"ASTEROID","sp":"ASTEROID-4","s":19.89,"m":109.42,"gd":33.16,"wic":{},"woc":{},"wgc":{},"emm":[{"Type":"1","MainRange":51,"MainValue":0.14,"FarRange":147}],"sig":[{"t":"9-1","s":"","d":{"X":0.09,"Y":0.95}},{"t":"X1","s":"","d":{"X":-0.449,"Y":-0.563}}],"clr":{"R":191,"G":249,"B":183,"A":255}},"HX3-0-4":{"pid":"HX3-S","orb":993.94,"per":16.56,"ang":244.33,"t":"ASTEROID","sp":"ASTEROID-3","s":22.05,"m":149.04,"gd":36.76,"wic":{},"woc":{},"wgc":{},"emm":[{"Type":"1","MainRange":70,"MainValue":0.22,"FarRange":156}],"sig":[{"t":"9-1","s":"","d":{"X":-0.21,"Y":0.95}},{"t":"X1","s":"","d":{"X":-0.654,"Y":0.615}}],"clr":{"R":221,"G":225,"B":251,"A":255}},"HX3-0-40":{"pid":"HX3-S","orb":1183.18,"per":19.71,"ang":321.08,"t":"ASTEROID","sp":"ASTEROID-5","s":18.9,"m":93.86,"gd":31.51,"wic":{},"woc":{},"wgc":{},"emm":[{"Type":"1","MainRange":17,"MainValue":0.17,"FarRange":157}],"sig":[{"t":"9-1","s":"","d":{"X":0.07,"Y":-0.75}},{"t":"X1","s":"","d":{"X":0.532,"Y":0.036}}],"clr":{"R":173,"G":242,"B":205,"A":255}},"HX3-0-41":{"pid":"HX3-S","orb":987.21,"per":16.45,"ang":116.84,"t":"ASTEROID","sp":"ASTEROID-2","s":24.04,"m":192.96,"gd":40.06,"wic":{},"woc":{},"wgc":{},"emm":[{"Type":"1","MainRange":64,"MainValue":0.16,"FarRange":215},{"Type":"27","MainRange":54,"MainValue":0.08,"FarRange":96}],"sig":[{"t":"9-1","s":"","d":{"X":0.63,"Y":-0.74}},{"t":"X1","s":"","d":{"X":-0.613,"Y":0.784}},{"t":"X27","s":"","d":{"X":-0.504,"Y":0.557}}],"clr":{"R":231,"G":201,"B":239,"A":255}},"HX3-0-42":{"pid":"HX3-S","orb":906.57,"per":15.1,"ang":250.09,"t":"ASTEROID","sp":"ASTEROID-2","s":17.61,"m":75.92,"gd":29.35,"wic":{},"woc":{},"wgc":{},"emm":[{"Type":"1","MainRange":60,"MainValue":0.14,"FarRange":210}],"sig":[{"t":"9-1","s":"","d":{"X":0.07,"Y":-0.67}},{"t":"X1","s":"","d":{"X":0.485,"Y":0.868}}],"clr":{"R":180,"G":215,"B":234,"A":255}},"HX3-0-43":{"pid":"HX3-S","orb":921.28,"per":15.35,"ang":97.07,"t":"ASTEROID","sp":"ASTEROID-2","s":15.73,"m":54.12,"gd":26.22,"wic":{},"woc":{},"wgc":{},"emm":[{"Type":"1","MainRange":54,"MainValue":0.17,"FarRange":159}],"sig":[{"t":"9-1","s":"","d":{"X":-0.23,"Y":0.75}},{"t":"X1","s":"","d":{"X":0.458,"Y":0.389}}],"clr":{"R":198,"G":224,"B":246,"A":255}},"HX3-0-44":{"pid":"HX3-S","orb":1047.67,"per":17.46,"ang":67.95,"t":"ASTEROID","sp":"ASTEROID-5","s":24.65,"m":208.05,"gd":41.08,"wic":{},"woc":{},"wgc":{},"emm":[{"Type":"1","MainRange":51,"MainValue":0.35,"FarRange":140}],"sig":[{"t":"9-1","s":"","d":{"X":0.2,"Y":-0.62}},{"t":"X1","s":"","d":{"X":0.652,"Y":-0.384}}],"clr":{"R":248,"G":239,"B":250,"A":255}},"HX3-0-45":{"pid":"HX3-S","orb":1139.91,"per":18.99,"ang":230.08,"t":"ASTEROID","sp":"ASTEROID-5","s":19.67,"m":105.84,"gd":32.79,"wic":{},"woc":{},"wgc":{},"emm":[{"Type":"1","MainRange":78,"MainValue":0.27,"FarRange":112}],"sig":[{"t":"9-1","s":"","d":{"X":0.38,"Y":-0.63}},{"t":"X1","s":"","d":{"X":-0.294,"Y":-0.347}}],"clr":{"R":241,"G":249,"B":237,"A":255}},"HX3-0-46":{"pid":"HX3-S","orb":928.53,"per":15.47,"ang":153.68,"t":"ASTEROID","sp":"ASTEROID-5","s":19.12,"m":97.16,"gd":31.87,"wic":{},"woc":{},"wgc":{},"emm":[{"Type":"1","MainRange":54,"MainValue":0.16,"FarRange":100}],"sig":[{"t":"9-1","s":"","d":{"X":-0.74,"Y":-0.29}},{"t":"X1","s":"","d":{"X":-0.332,"Y":0.883}}],"clr":{"R":254,"G":235,"B":227,"A":255}},"HX3-0-47":{"pid":"HX3-S","orb":933.31,"per":15.55,"ang":61.87,"t":"ASTEROID","sp":"ASTEROID-5","s":19.41,"m":101.69,"gd":32.36,"wic":{},"woc":{},"wgc":{},"emm":[{"Type":"1","MainRange":55,"MainValue":0.21,"FarRange":151}],"sig":[{"t":"9-1","s":"","d":{"X":0.26,"Y":0.85}},{"t":"X1","s":"","d":{"X":0.332,"Y":-0.167}}],"clr":{"R":236,"G":254,"B":210,"A":255}},"HX3-0-48":{"pid":"HX3-S","orb":991.31,"per":16.52,"ang":352.12,"t":"ASTEROID","sp":"ASTEROID-4","s":15.21,"m":48.92,"gd":25.36,"wic":{},"woc":{},"wgc":{},"emm":[{"Type":"1","MainRange":22,"MainValue":0.2,"FarRange":113}],"sig":[{"t":"9-1","s":"","d":{"X":0.01,"Y":0.74}},{"t":"X1","s":"","d":{"X":0.854,"Y":-0.3}}],"clr":{"R":250,"G":164,"B":186,"A":255}},"HX3-0-49":{"pid":"HX3-S","orb":1097.53,"per":18.29,"ang":152.75,"t":"ASTEROID","sp":"ASTEROID-1","s":13.15,"m":31.59,"gd":21.91,"wic":{},"woc":{},"wgc":{},"emm":[{"Type":"1","MainRange":18,"MainValue":0.19,"FarRange":73}],"sig":[{"t":"9-1","s":"","d":{"X":-0.57,"Y":0.77}},{"t":"X1","s":"","d":{"X":0.053,"Y":-0.867}}],"clr":{"R":246,"G":229,"B":191,"A":255}},"HX3-0-5":{"pid":"HX3-S","orb":1024.02,"per":17.06,"ang":315.65,"t":"ASTEROID","sp":"ASTEROID-4","s":21.32,"m":134.77,"gd":35.54,"wic":{},"woc":{},"wgc":{},"emm":[{"Type":"1","MainRange":78,"MainValue":0.19,"FarRange":169}],"sig":[{"t":"9-1","s":"","d":{"X":-0.67,"Y":-0.07}},{"t":"X1","s":"","d":{"X":0.252,"Y":-0.348}}],"clr":{"R":243,"G":188,"B":193,"A":255}},"HX3-0-50":{"pid":"HX3-S","orb":1040.36,"per":17.33,"ang":235.92,"t":"ASTEROID","sp":"ASTEROID-1","s":22.61,"m":160.73,"gd":37.69,"wic":{},"woc":{},"wgc":{},"emm":[{"Type":"1","MainRange":78,"MainValue":0.25,"FarRange":255}],"sig":[{"t":"9-1","s":"","d":{"X":-0.14,"Y":-0.52}},{"t":"X1","s":"","d":{"X":0.065,"Y":0.025}}],"clr":{"R":249,"G":229,"B":239,"A":255}},"HX3-0-51":{"pid":"HX3-S","orb":1187.3,"per":19.78,"ang":96.71,"t":"ASTEROID","sp":"ASTEROID-4","s":22.71,"m":162.76,"gd":37.85,"wic":{},"woc":{},"wgc":{},"emm":[{"Type":"1","MainRange":31,"MainValue":0.22,"FarRange":147}],"sig":[{"t":"9-1","s":"","d":{"X":0.71,"Y":0.31}},{"t":"X1","s":"","d":{"X":-0.604,"Y":-0.652}}],"clr":{"R":251,"G":239,"B":233,"A":255}},"HX3-0-6":{"pid":"HX3-S","orb":1045.7,"per":17.42,"ang":264.01,"t":"ASTEROID","sp":"ASTEROID-4","s":23.29,"m":175.49,"gd":38.81,"wic":{},"woc":{},"wgc":{},"emm":[{"Type":"1","MainRange":30,"MainValue":0.22,"FarRange":178}],"sig":[{"t":"9-1","s":"","d":{"X":-0.71,"Y":-0.53}},{"t":"X1","s":"","d":{"X":0.384,"Y":-0.883}}],"clr":{"R":175,"G":208,"B":238,"A":255}},"HX3-0-7":{"pid":"HX3-S","orb":1048.43,"per":17.47,"ang":69.14,"t":"ASTEROID","sp":"ASTEROID-5","s":14.22,"m":40.01,"gd":23.71,"wic":{},"woc":{},"wgc":{},"emm":[{"Type":"1","MainRange":43,"MainValue":0.23,"FarRange":120}],"sig":[{"t":"9-1","s":"","d":{"X":-0.21,"Y":-0.4}},{"t":"X1","s":"","d":{"X":0.437,"Y":0.547}}],"clr":{"R":249,"G":254,"B":249,"A":255}},"HX3-0-8":{"pid":"HX3-S","orb":1060.2,"per":17.67,"ang":17.87,"t":"ASTEROID","sp":"ASTEROID-4","s":9.14,"m":10.6,"gd":15.23,"wic":{},"woc":{},"wgc":{},"emm":[{"Type":"1","MainRange":82,"MainValue":0.23,"FarRange":177}],"sig":[{"t":"9-1","s":"","d":{"X":-0.26,"Y":-0.86}},{"t":"X1","s":"","d":{"X":0.698,"Y":0.361}}],"clr":{"R":253,"G":246,"B":248,"A":255}},"HX3-0-9":{"pid":"HX3-S","orb":886.18,"per":14.76,"ang":223.74,"t":"ASTEROID","sp":"ASTEROID-2","s":16.15,"m":58.56,"gd":26.92,"wic":{},"woc":{},"wgc":{},"emm":[{"Type":"1","MainRange":57,"MainValue":0.16,"FarRange":141}],"sig":[{"t":"9-1","s":"","d":{"X":0.68,"Y":-0.22}},{"t":"X1","s":"","d":{"X":0.549,"Y":-0.211}}],"clr":{"R":214,"G":240,"B":205,"A":255}},"HX3-018":{"pid":"HX3-S","orb":1555.8,"per":25.93,"t":"GASPLANET","sp":"GASPLANET-28","s":38.78,"m":567.03,"gd":64.63,"wic":{},"woc":{},"wgc":{},"sig":[{"t":"0-3","s":"","d":{"X":-0.47,"Y":0.04}},{"t":"1-3","s":"","d":{"X":0.99,"Y":0.07}},{"t":"3-1","s":"","d":{"X":0.41,"Y":-0.67}},{"t":"6-3","s":"","d":{"X":0.07,"Y":0.4}},{"t":"7-2","s":"","d":{"X":0.09,"Y":-0.33}},{"t":"7-3","s":"","d":{"X":0.71,"Y":0.33}},{"t":"8-1","s":"","d":{"X":-0.71,"Y":0.69}},{"t":"10-1","s":"","d":{"X":0.72,"Y":0.29}},{"t":"11-1","s":"","d":{"X":-0.31,"Y":0.1}}],"clr":{"R":238,"G":250,"B":236,"A":255}},"HX3-118":{"pid":"HX3-S","orb":1853.77,"per":30.89,"t":"GASPLANET","sp":"GASPLANET-55","s":265.86,"m":182700.45,"gd":443.1,"wic":{},"woc":{},"wgc":{},"sig":[{"t":"0-3","s":"","d":{"X":-0.65,"Y":0.39}},{"t":"1-3","s":"","d":{"X":-0.81,"Y":-0.48}},{"t":"3-1","s":"","d":{"X":-0.14,"Y":0.14}},{"t":"6-2","s":"","d":{"X":0.83,"Y":0.14}},{"t":"7-2","s":"","d":{"X":0.95,"Y":0.24}},{"t":"7-3","s":"","d":{"X":-0.44,"Y":0.06}},{"t":"8-1","s":"","d":{"X":0.85,"Y":0.44}},{"t":"11-1","s":"","d":{"X":0.28,"Y":-0.02}}],"clr":{"R":213,"G":242,"B":166,"A":255}},"HX3-247":{"pid":"HX3-S","orb":2970.23,"per":49.5,"t":"GASPLANET","sp":"GASPLANET-7","s":274.85,"m":201880.11,"gd":458.09,"wic":{},"woc":{},"wgc":{},"emm":[{"Type":"1","MainRange":709,"MainValue":1.42,"FarRange":1009},{"Type":"25","MainRange":523,"MainValue":1.18,"FarRange":1520},{"Type":"3","MainRange":461,"MainValue":1.75,"FarRange":716},{"Type":"27","MainRange":348,"MainValue":1.13,"FarRange":988}],"sig":[{"t":"0-3","s":"","d":{"X":0.27,"Y":0.02}},{"t":"1-3","s":"","d":{"X":0.09,"Y":0.79}},{"t":"3-1","s":"","d":{"X":0.43,"Y":0.84}},{"t":"6-3","s":"","d":{"X":0.51,"Y":-0.16}},{"t":"7-3","s":"","d":{"X":0.32,"Y":0.05}},{"t":"8-1","s":"","d":{"X":-0.75,"Y":0.22}},{"t":"10-1","s":"","d":{"X":-0.27,"Y":0.18}},{"t":"11-1","s":"","d":{"X":-0.32,"Y":0.24}},{"t":"X1","s":"","d":{"X":-0.478,"Y":0.68}},{"t":"X25","s":"","d":{"X":-0.884,"Y":0.135}},{"t":"X3","s":"","d":{"X":-0.059,"Y":-0.424}},{"t":"X27","s":"","d":{"X":0.087,"Y":-0.544}}],"clr":{"R":241,"G":201,"B":210,"A":255}},"HX3-S":{"t":"STAR","sp":"STAR-9","s":272.95,"m":1129785.15,"gd":909.84,"wic":{},"woc":{},"wgc":{},"emm":[{"Type":"2","MainRange":1345,"MainValue":3.59,"FarRange":2942}],"sig":[{"t":"X2","s":"","d":{"X":-0.57,"Y":-0.499}}],"clr":{"R":254,"G":244,"B":250,"A":255}}}}