{"SpawnDistance":10311.312000000002,"Points":{"BK1-0-0":{"pid":"BK1-sv","orb":6163.76,"per":27.4,"ang":119.52,"t":"ASTEROID","sp":"ASTEROID-1","s":19.43,"m":101.92,"gd":32.38,"wic":{},"woc":{},"wgc":{},"emm":[{"Type":"1","MainRange":48,"MainValue":0.19,"FarRange":285}],"sig":[{"t":"7-4","s":"","d":{"X":-0.28,"Y":-0.86}},{"t":"8-1","s":"","d":{"X":0.91,"Y":0.4}},{"t":"8-2","s":"","d":{"X":0.31,"Y":-0.93}},{"t":"9-1","s":"","d":{"X":-0.66,"Y":-0.47}},{"t":"9-2","s":"","d":{"X":0.75,"Y":-0.3}},{"t":"X1","s":"","d":{"X":-0.369,"Y":0.103}}],"clr":{"R":242,"G":211,"B":253,"A":255}},"BK1-0-1":{"pid":"BK1-sv","orb":5345.06,"per":23.76,"ang":333.25,"t":"ASTEROID","sp":"ASTEROID-3","s":14.42,"m":41.67,"gd":24.03,"wic":{},"woc":{},"wgc":{},"emm":[{"Type":"1","MainRange":50,"MainValue":0.15,"FarRange":138}],"sig":[{"t":"7-4","s":"","d":{"X":0.86,"Y":-0.02}},{"t":"8-1","s":"","d":{"X":-0.28,"Y":-0.28}},{"t":"8-2","s":"","d":{"X":-0.09,"Y":-0.25}},{"t":"9-1","s":"","d":{"X":0.52,"Y":-0.58}},{"t":"9-2","s":"","d":{"X":0.44,"Y":0.32}},{"t":"X1","s":"","d":{"X":-0.168,"Y":-0.78}}],"clr":{"R":254,"G":243,"B":242,"A":255}},"BK1-0-10":{"pid":"BK1-sv","orb":5781.46,"per":25.7,"ang":318.1,"t":"ASTEROID","sp":"ASTEROID-5","s":25.18,"m":221.77,"gd":41.96,"wic":{},"woc":{},"wgc":{},"emm":[{"Type":"1","MainRange":44,"MainValue":0.17,"FarRange":211}],"sig":[{"t":"7-4","s":"","d":{"X":0.38,"Y":0.17}},{"t":"8-1","s":"","d":{"X":-0.87,"Y":-0.3}},{"t":"8-2","s":"","d":{"X":0.1,"Y":0.35}},{"t":"9-1","s":"","d":{"X":-0.24,"Y":0.79}},{"t":"9-2","s":"","d":{"X":0.98,"Y":0.11}},{"t":"X1","s":"","d":{"X":-0.303,"Y":-0.252}}],"clr":{"R":250,"G":250,"B":239,"A":255}},"BK1-0-11":{"pid":"BK1-sv","orb":5862.27,"per":26.06,"ang":356.8,"t":"ASTEROID","sp":"ASTEROID-1","s":29.97,"m":374.12,"gd":49.96,"wic":{},"woc":{},"wgc":{},"emm":[{"Type":"1","MainRange":35,"MainValue":0.23,"FarRange":135}],"sig":[{"t":"7-4","s":"","d":{"X":-0.05,"Y":0.86}},{"t":"8-1","s":"","d":{"X":0.55,"Y":-0.31}},{"t":"8-2","s":"","d":{"X":0.47,"Y":-0.15}},{"t":"9-1","s":"","d":{"X":0.53,"Y":-0.57}},{"t":"9-2","s":"","d":{"X":-0.03,"Y":0.74}},{"t":"X1","s":"","d":{"X":0.325,"Y":0.763}}],"clr":{"R":237,"G":171,"B":214,"A":255}},"BK1-0-12":{"pid":"BK1-sv","orb":5854.68,"per":26.03,"ang":358.94,"t":"ASTEROID","sp":"ASTEROID-3","s":18.03,"m":81.46,"gd":30.05,"wic":{},"woc":{},"wgc":{},"emm":[{"Type":"1","MainRange":16,"MainValue":0.09,"FarRange":199}],"sig":[{"t":"7-4","s":"","d":{"X":-0.6}},{"t":"8-1","s":"","d":{"X":-0.58,"Y":0.22}},{"t":"8-2","s":"","d":{"X":0.76,"Y":-0.62}},{"t":"9-1","s":"","d":{"X":0.57,"Y":-0.68}},{"t":"9-2","s":"","d":{"X":0.17,"Y":0.24}},{"t":"X1","s":"","d":{"X":0.287,"Y":0.643}}],"clr":{"R":250,"G":231,"B":166,"A":255}},"BK1-0-13":{"pid":"BK1-sv","orb":6575.77,"per":29.23,"ang":186.95,"t":"ASTEROID","sp":"ASTEROID-5","s":12,"m":24.04,"gd":20.01,"wic":{},"woc":{},"wgc":{},"emm":[{"Type":"1","MainRange":51,"MainValue":0.2,"FarRange":110}],"sig":[{"t":"7-4","s":"","d":{"X":-0.64,"Y":0.59}},{"t":"8-1","s":"","d":{"X":-0.04,"Y":0.85}},{"t":"8-2","s":"","d":{"X":-0.27,"Y":-0.87}},{"t":"9-1","s":"","d":{"X":-0.36,"Y":-0.15}},{"t":"9-2","s":"","d":{"X":0.13,"Y":0.87}},{"t":"X1","s":"","d":{"X":-0.894,"Y":-0.358}}],"clr":{"R":198,"G":241,"B":181,"A":255}},"BK1-0-14":{"pid":"BK1-sv","orb":5240.38,"per":23.29,"ang":260.3,"t":"ASTEROID","sp":"ASTEROID-4","s":19.97,"m":110.75,"gd":33.29,"wic":{},"woc":{},"wgc":{},"emm":[{"Type":"1","MainRange":50,"MainValue":0.07,"FarRange":102}],"sig":[{"t":"7-4","s":"","d":{"X":-0.83,"Y":-0.29}},{"t":"8-1","s":"","d":{"X":-0.68,"Y":-0.72}},{"t":"8-2","s":"","d":{"X":0.9,"Y":0.2}},{"t":"9-1","s":"","d":{"X":-0.96,"Y":-0.04}},{"t":"9-2","s":"","d":{"X":0.51,"Y":-0.54}},{"t":"X1","s":"","d":{"X":0.742,"Y":0.476}}],"clr":{"R":200,"G":247,"B":212,"A":255}},"BK1-0-15":{"pid":"BK1-sv","orb":5896.3,"per":26.21,"ang":79.99,"t":"ASTEROID","sp":"ASTEROID-3","s":25.66,"m":234.84,"gd":42.77,"wic":{},"woc":{},"wgc":{},"emm":[{"Type":"1","MainRange":59,"MainValue":0.13,"FarRange":145}],"sig":[{"t":"7-4","s":"","d":{"X":0.24,"Y":-0.51}},{"t":"8-1","s":"","d":{"X":-0.23,"Y":-0.86}},{"t":"8-2","s":"","d":{"X":-0.36,"Y":-0.18}},{"t":"9-1","s":"","d":{"X":0.29,"Y":0.29}},{"t":"9-2","s":"","d":{"X":0.16,"Y":-0.46}},{"t":"X1","s":"","d":{"X":-0.148,"Y":0.125}}],"clr":{"R":241,"G":232,"B":201,"A":255}},"BK1-0-16":{"pid":"BK1-sv","orb":6643.27,"per":29.53,"ang":99.62,"t":"ASTEROID","sp":"ASTEROID-5","s":19.54,"m":103.74,"gd":32.58,"wic":{},"woc":{},"wgc":{},"emm":[{"Type":"1","MainRange":34,"MainValue":0.24,"FarRange":173}],"sig":[{"t":"7-4","s":"","d":{"X":-0.4,"Y":0.16}},{"t":"8-1","s":"","d":{"X":-0.23,"Y":-0.78}},{"t":"8-2","s":"","d":{"X":-0.26,"Y":-0.7}},{"t":"9-1","s":"","d":{"X":-0.66,"Y":-0.51}},{"t":"9-2","s":"","d":{"X":0.03,"Y":-0.97}},{"t":"X1","s":"","d":{"X":0.102,"Y":0.665}}],"clr":{"R":243,"G":180,"B":217,"A":255}},"BK1-0-17":{"pid":"BK1-sv","orb":6327.66,"per":28.13,"ang":91.59,"t":"ASTEROID","sp":"ASTEROID-4","s":19.67,"m":105.7,"gd":32.78,"wic":{},"woc":{},"wgc":{},"emm":[{"Type":"1","MainRange":27,"MainValue":0.22,"FarRange":133}],"sig":[{"t":"7-4","s":"","d":{"X":0.07,"Y":-0.62}},{"t":"8-1","s":"","d":{"X":0.12,"Y":-0.55}},{"t":"8-2","s":"","d":{"X":0.65,"Y":-0.42}},{"t":"9-1","s":"","d":{"X":0.01,"Y":-0.4}},{"t":"9-2","s":"","d":{"X":0.39,"Y":0.04}},{"t":"X1","s":"","d":{"X":-0.489,"Y":0.825}}],"clr":{"R":253,"G":246,"B":246,"A":255}},"BK1-0-18":{"pid":"BK1-sv","orb":5393.17,"per":23.97,"ang":34.74,"t":"ASTEROID","sp":"ASTEROID-4","s":21.04,"m":129.43,"gd":35.07,"wic":{},"woc":{},"wgc":{},"emm":[{"Type":"1","MainRange":59,"MainValue":0.25,"FarRange":115}],"sig":[{"t":"7-4","s":"","d":{"X":-0.36,"Y":-0.23}},{"t":"8-1","s":"","d":{"X":0.23,"Y":0.16}},{"t":"8-2","s":"","d":{"X":-0.18,"Y":0.74}},{"t":"9-1","s":"","d":{"X":-0.32,"Y":0.14}},{"t":"9-2","s":"","d":{"X":-0.08,"Y":-0.2}},{"t":"X1","s":"","d":{"X":-0.639,"Y":0.599}}],"clr":{"R":191,"G":248,"B":202,"A":255}},"BK1-0-19":{"pid":"BK1-sv","orb":5351.35,"per":23.79,"ang":262.09,"t":"ASTEROID","sp":"ASTEROID-4","s":21.87,"m":145.44,"gd":36.46,"wic":{},"woc":{},"wgc":{},"emm":[{"Type":"1","MainRange":52,"MainValue":0.18,"FarRange":212}],"sig":[{"t":"7-4","s":"","d":{"X":-0.97,"Y":0.17}},{"t":"8-1","s":"","d":{"X":-0.02,"Y":0.86}},{"t":"8-2","s":"","d":{"X":0.55,"Y":-0.78}},{"t":"9-1","s":"","d":{"X":0.45,"Y":0.26}},{"t":"9-2","s":"","d":{"X":-0.59,"Y":0.25}},{"t":"X1","s":"","d":{"X":-0.036,"Y":-0.166}}],"clr":{"R":181,"G":245,"B":246,"A":255}},"BK1-0-2":{"pid":"BK1-sv","orb":5607.95,"per":24.93,"ang":147.69,"t":"ASTEROID","sp":"ASTEROID-1","s":23.35,"m":176.91,"gd":38.92,"wic":{},"woc":{},"wgc":{},"emm":[{"Type":"1","MainRange":41,"MainValue":0.19,"FarRange":88}],"sig":[{"t":"7-4","s":"","d":{"X":0.4,"Y":-0.71}},{"t":"8-1","s":"","d":{"X":-0.11,"Y":-0.29}},{"t":"8-2","s":"","d":{"X":0.24,"Y":-0.58}},{"t":"9-1","s":"","d":{"X":0.81,"Y":-0.39}},{"t":"9-2","s":"","d":{"X":-0.04,"Y":-0.67}},{"t":"X1","s":"","d":{"X":0.012,"Y":-0.171}}],"clr":{"R":243,"G":250,"B":235,"A":255}},"BK1-0-20":{"pid":"BK1-sv","orb":5383.12,"per":23.93,"ang":150.67,"t":"ASTEROID","sp":"ASTEROID-4","s":13.4,"m":33.44,"gd":22.33,"wic":{},"woc":{},"wgc":{},"emm":[{"Type":"1","MainRange":45,"MainValue":0.25,"FarRange":152}],"sig":[{"t":"7-4","s":"","d":{"Y":-0.7}},{"t":"8-1","s":"","d":{"X":-0.92,"Y":-0.02}},{"t":"8-2","s":"","d":{"X":-0.72,"Y":0.29}},{"t":"9-1","s":"","d":{"X":-0.69,"Y":-0.68}},{"t":"9-2","s":"","d":{"X":0.78,"Y":0.42}},{"t":"X1","s":"","d":{"X":0.452,"Y":0.296}}],"clr":{"R":244,"G":190,"B":202,"A":255}},"BK1-0-21":{"pid":"BK1-sv","orb":5973.71,"per":26.56,"ang":276.07,"t":"ASTEROID","sp":"ASTEROID-2","s":20.43,"m":118.58,"gd":34.06,"wic":{},"woc":{},"wgc":{},"emm":[{"Type":"1","MainRange":77,"MainValue":0.22,"FarRange":106}],"sig":[{"t":"7-4","s":"","d":{"X":0.17,"Y":0.82}},{"t":"8-1","s":"","d":{"X":-0.5,"Y":0.66}},{"t":"8-2","s":"","d":{"X":-0.75,"Y":-0.5}},{"t":"9-1","s":"","d":{"X":0.17,"Y":0.02}},{"t":"9-2","s":"","d":{"X":-0.63,"Y":0.25}},{"t":"X1","s":"","d":{"X":0.569,"Y":0.418}}],"clr":{"R":212,"G":201,"B":244,"A":255}},"BK1-0-22":{"pid":"BK1-sv","orb":6820.99,"per":30.32,"ang":5.04,"t":"ASTEROID","sp":"ASTEROID-4","s":13.5,"m":34.23,"gd":22.51,"wic":{},"woc":{},"wgc":{},"emm":[{"Type":"1","MainRange":91,"MainValue":0.23,"FarRange":157}],"sig":[{"t":"7-4","s":"","d":{"X":-0.66,"Y":-0.62}},{"t":"8-1","s":"","d":{"X":-0.6,"Y":0.5}},{"t":"8-2","s":"","d":{"X":-0.65,"Y":-0.6}},{"t":"9-1","s":"","d":{"X":-0.16,"Y":0.5}},{"t":"9-2","s":"","d":{"X":0.39,"Y":0.62}},{"t":"X1","s":"","d":{"X":-0.557,"Y":-0.086}}],"clr":{"R":253,"G":248,"B":252,"A":255}},"BK1-0-23":{"pid":"BK1-sv","orb":5348.68,"per":23.78,"ang":106.89,"t":"ASTEROID","sp":"ASTEROID-5","s":24.35,"m":200.66,"gd":40.59,"wic":{},"woc":{},"wgc":{},"emm":[{"Type":"1","MainRange":84,"MainValue":0.16,"FarRange":97}],"sig":[{"t":"7-4","s":"","d":{"X":-0.64,"Y":-0.7}},{"t":"8-1","s":"","d":{"X":-0.06,"Y":-0.3}},{"t":"8-2","s":"","d":{"X":-0.81,"Y":0.35}},{"t":"9-1","s":"","d":{"X":-0.52,"Y":0.66}},{"t":"9-2","s":"","d":{"X":-0.01,"Y":-0.01}},{"t":"X1","s":"","d":{"X":-0.791,"Y":-0.365}}],"clr":{"R":211,"G":247,"B":246,"A":255}},"BK1-0-24":{"pid":"BK1-sv","orb":6443.53,"per":28.64,"ang":83.44,"t":"ASTEROID","sp":"ASTEROID-4","s":23.74,"m":186.04,"gd":39.58,"wic":{},"woc":{},"wgc":{},"emm":[{"Type":"1","MainRange":61,"MainValue":0.32,"FarRange":145}],"sig":[{"t":"7-4","s":"","d":{"X":-0.24,"Y":0.3}},{"t":"8-1","s":"","d":{"X":-0.6,"Y":-0.74}},{"t":"8-2","s":"","d":{"X":-0.42,"Y":0.39}},{"t":"9-1","s":"","d":{"X":-0.08,"Y":-0.07}},{"t":"9-2","s":"","d":{"X":-0.69,"Y":0.57}},{"t":"X1","s":"","d":{"X":-0.436,"Y":-0.227}}],"clr":{"R":196,"G":222,"B":247,"A":255}},"BK1-0-25":{"pid":"BK1-sv","orb":6180.5,"per":27.47,"ang":76.33,"t":"ASTEROID","sp":"ASTEROID-2","s":15.3,"m":49.8,"gd":25.51,"wic":{},"woc":{},"wgc":{},"emm":[{"Type":"1","MainRange":38,"MainValue":0.21,"FarRange":54}],"sig":[{"t":"7-4","s":"","d":{"X":-0.75,"Y":-0.48}},{"t":"8-1","s":"","d":{"X":0.49,"Y":0.41}},{"t":"8-2","s":"","d":{"X":-0.11}},{"t":"9-1","s":"","d":{"X":0.34,"Y":0.59}},{"t":"9-2","s":"","d":{"X":0.59,"Y":0.54}},{"t":"X1","s":"","d":{"X":0.06,"Y":-0.285}}],"clr":{"R":222,"G":249,"B":226,"A":255}},"BK1-0-26":{"pid":"BK1-sv","orb":5840.46,"per":25.96,"ang":231.2,"t":"ASTEROID","sp":"ASTEROID-1","s":31.44,"m":431.83,"gd":52.4,"wic":{},"woc":{},"wgc":{},"emm":[{"Type":"1","MainRange":33,"MainValue":0.18,"FarRange":226}],"sig":[{"t":"7-4","s":"","d":{"X":0.34,"Y":-0.52}},{"t":"8-1","s":"","d":{"X":0.46,"Y":-0.48}},{"t":"8-2","s":"","d":{"X":0.19,"Y":0.89}},{"t":"9-1","s":"","d":{"X":-0.11,"Y":0.56}},{"t":"9-2","s":"","d":{"X":0.47,"Y":-0.33}},{"t":"X1","s":"","d":{"X":0.173,"Y":-0.835}}],"clr":{"R":247,"G":226,"B":199,"A":255}},"BK1-0-27":{"pid":"BK1-sv","orb":3667.12,"per":16.3,"ang":147.99,"t":"ASTEROID","sp":"ASTEROID-3","s":15.99,"m":56.83,"gd":26.65,"wic":{},"woc":{},"wgc":{},"emm":[{"Type":"1","MainRange":47,"MainValue":0.16,"FarRange":77}],"sig":[{"t":"9-1","s":"","d":{"X":0.27,"Y":-0.06}},{"t":"9-2","s":"","d":{"X":0.14,"Y":0.11}},{"t":"X1","s":"","d":{"X":0.194,"Y":-0.904}}],"clr":{"R":253,"G":254,"B":253,"A":255}},"BK1-0-28":{"pid":"BK1-sv","orb":4278.25,"per":19.02,"ang":127.04,"t":"ASTEROID","sp":"ASTEROID-5","s":19.38,"m":101.23,"gd":32.31,"wic":{},"woc":{},"wgc":{},"emm":[{"Type":"1","MainRange":43,"MainValue":0.17,"FarRange":186},{"Type":"5","MainRange":42,"MainValue":0.1,"FarRange":169}],"sig":[{"t":"9-1","s":"","d":{"X":0.46,"Y":-0.44}},{"t":"9-2","s":"","d":{"X":0.6,"Y":0.07}},{"t":"X1","s":"","d":{"X":0.525,"Y":0.793}},{"t":"X5","s":"","d":{"X":0.585,"Y":-0.206}}],"clr":{"R":250,"G":196,"B":211,"A":255}},"BK1-0-29":{"pid":"BK1-sv","orb":3393.96,"per":15.09,"ang":174.01,"t":"ASTEROID","sp":"ASTEROID-5","s":19.43,"m":101.95,"gd":32.39,"wic":{},"woc":{},"wgc":{},"emm":[{"Type":"1","MainRange":51,"MainValue":0.18,"FarRange":90}],"sig":[{"t":"9-1","s":"","d":{"X":0.39,"Y":0.65}},{"t":"9-2","s":"","d":{"X":0.67,"Y":0.54}},{"t":"X1","s":"","d":{"X":-0.581,"Y":0.667}}],"clr":{"R":252,"G":225,"B":233,"A":255}},"BK1-0-3":{"pid":"BK1-sv","orb":6125.33,"per":27.23,"ang":298.72,"t":"ASTEROID","sp":"ASTEROID-2","s":21.38,"m":135.75,"gd":35.63,"wic":{},"woc":{},"wgc":{},"emm":[{"Type":"1","MainRange":29,"MainValue":0.22,"FarRange":141}],"sig":[{"t":"7-4","s":"","d":{"X":-0.59,"Y":0.46}},{"t":"8-1","s":"","d":{"X":-0.27,"Y":0.42}},{"t":"8-2","s":"","d":{"X":0.32,"Y":0.19}},{"t":"9-1","s":"","d":{"X":0.51,"Y":0.58}},{"t":"9-2","s":"","d":{"X":0.46,"Y":-0.53}},{"t":"X1","s":"","d":{"X":0.529,"Y":-0.181}}],"clr":{"R":243,"G":173,"B":213,"A":255}},"BK1-0-30":{"pid":"BK1-sv","orb":3786.27,"per":16.83,"ang":286.11,"t":"ASTEROID","sp":"ASTEROID-1","s":17.86,"m":79.12,"gd":29.76,"wic":{},"woc":{},"wgc":{},"emm":[{"Type":"1","MainRange":58,"MainValue":0.21,"FarRange":71},{"Type":"14","MainRange":52,"MainValue":0.21,"FarRange":155},{"Type":"5","MainRange":38,"MainValue":0.17,"FarRange":113}],"sig":[{"t":"9-1","s":"","d":{"X":0.43,"Y":0.46}},{"t":"9-2","s":"","d":{"X":-0.39,"Y":0.57}},{"t":"X1","s":"","d":{"X":0.72,"Y":-0.533}},{"t":"X14","s":"","d":{"X":0.88,"Y":0.151}},{"t":"X5","s":"","d":{"X":-0.282,"Y":0.523}}],"clr":{"R":253,"G":251,"B":254,"A":255}},"BK1-0-31":{"pid":"BK1-sv","orb":3918.68,"per":17.42,"ang":15.92,"t":"ASTEROID","sp":"ASTEROID-1","s":14.49,"m":42.28,"gd":24.15,"wic":{},"woc":{},"wgc":{},"emm":[{"Type":"1","MainRange":62,"MainValue":0.18,"FarRange":97}],"sig":[{"t":"9-1","s":"","d":{"X":0.65,"Y":0.59}},{"t":"9-2","s":"","d":{"X":-0.14,"Y":0.68}},{"t":"X1","s":"","d":{"X":-0.463,"Y":-0.437}}],"clr":{"R":250,"G":253,"B":248,"A":255}},"BK1-0-32":{"pid":"BK1-sv","orb":4169.87,"per":18.54,"ang":133.17,"t":"ASTEROID","sp":"ASTEROID-3","s":18.74,"m":91.5,"gd":31.24,"wic":{},"woc":{},"wgc":{},"emm":[{"Type":"1","MainRange":29,"MainValue":0.2,"FarRange":151}],"sig":[{"t":"9-1","s":"","d":{"X":-0.49,"Y":-0.21}},{"t":"9-2","s":"","d":{"X":-0.6,"Y":-0.32}},{"t":"X1","s":"","d":{"X":0.207,"Y":-0.127}}],"clr":{"R":230,"G":253,"B":203,"A":255}},"BK1-0-33":{"pid":"BK1-sv","orb":3701.29,"per":16.45,"ang":166.51,"t":"ASTEROID","sp":"ASTEROID-2","s":27.44,"m":287.06,"gd":45.73,"wic":{},"woc":{},"wgc":{},"emm":[{"Type":"1","MainRange":33,"MainValue":0.07,"FarRange":189}],"sig":[{"t":"9-1","s":"","d":{"X":0.59,"Y":0.46}},{"t":"9-2","s":"","d":{"X":0.45,"Y":-0.69}},{"t":"X1","s":"","d":{"X":-0.057,"Y":0.261}}],"clr":{"R":224,"G":183,"B":232,"A":255}},"BK1-0-34":{"pid":"BK1-sv","orb":4158.17,"per":18.48,"ang":140.19,"t":"ASTEROID","sp":"ASTEROID-4","s":19.49,"m":102.84,"gd":32.48,"wic":{},"woc":{},"wgc":{},"emm":[{"Type":"1","MainRange":26,"MainValue":0.17,"FarRange":77}],"sig":[{"t":"9-1","s":"","d":{"X":0.27,"Y":-0.88}},{"t":"9-2","s":"","d":{"X":-0.48,"Y":0.47}},{"t":"X1","s":"","d":{"X":0.551,"Y":0.328}}],"clr":{"R":184,"G":246,"B":248,"A":255}},"BK1-0-35":{"pid":"BK1-sv","orb":3331.05,"per":14.81,"ang":115.78,"t":"ASTEROID","sp":"ASTEROID-3","s":20.89,"m":126.63,"gd":34.81,"wic":{},"woc":{},"wgc":{},"emm":[{"Type":"1","MainRange":52,"MainValue":0.29,"FarRange":141}],"sig":[{"t":"9-1","s":"","d":{"X":-0.28,"Y":0.65}},{"t":"9-2","s":"","d":{"X":0.32,"Y":0.66}},{"t":"X1","s":"","d":{"X":-0.224,"Y":-0.89}}],"clr":{"R":217,"G":245,"B":197,"A":255}},"BK1-0-36":{"pid":"BK1-sv","orb":3913.34,"per":17.39,"ang":283.14,"t":"ASTEROID","sp":"ASTEROID-1","s":19.41,"m":101.61,"gd":32.35,"wic":{},"woc":{},"wgc":{},"emm":[{"Type":"1","MainRange":60,"MainValue":0.15,"FarRange":190}],"sig":[{"t":"9-1","s":"","d":{"X":-0.16,"Y":0.65}},{"t":"9-2","s":"","d":{"X":0.26,"Y":-0.22}},{"t":"X1","s":"","d":{"X":0.195,"Y":-0.523}}],"clr":{"R":252,"G":239,"B":227,"A":255}},"BK1-0-37":{"pid":"BK1-sv","orb":3985.24,"per":17.71,"ang":223.84,"t":"ASTEROID","sp":"ASTEROID-2","s":15.16,"m":48.45,"gd":25.27,"wic":{},"woc":{},"wgc":{},"emm":[{"Type":"1","MainRange":58,"MainValue":0.17,"FarRange":132}],"sig":[{"t":"9-1","s":"","d":{"X":-0.33,"Y":-0.6}},{"t":"9-2","s":"","d":{"X":-0.53,"Y":-0.51}},{"t":"X1","s":"","d":{"X":-0.207,"Y":0.057}}],"clr":{"R":254,"G":247,"B":252,"A":255}},"BK1-0-38":{"pid":"BK1-sv","orb":4074.64,"per":18.11,"ang":339.29,"t":"ASTEROID","sp":"ASTEROID-1","s":21.67,"m":141.46,"gd":36.12,"wic":{},"woc":{},"wgc":{},"emm":[{"Type":"1","MainRange":42,"MainValue":0.19,"FarRange":158}],"sig":[{"t":"9-1","s":"","d":{"X":0.27,"Y":-0.27}},{"t":"9-2","s":"","d":{"X":-0.76,"Y":0.34}},{"t":"X1","s":"","d":{"X":0.08,"Y":-0.767}}],"clr":{"R":246,"G":225,"B":207,"A":255}},"BK1-0-39":{"pid":"BK1-sv","orb":4506.71,"per":20.03,"ang":106.9,"t":"ASTEROID","sp":"ASTEROID-3","s":20.79,"m":124.97,"gd":34.66,"wic":{},"woc":{},"wgc":{},"emm":[{"Type":"1","MainRange":78,"MainValue":0.15,"FarRange":111}],"sig":[{"t":"9-1","s":"","d":{"X":0.48,"Y":-0.43}},{"t":"9-2","s":"","d":{"X":-0.57,"Y":-0.54}},{"t":"X1","s":"","d":{"X":-0.609,"Y":-0.259}}],"clr":{"R":224,"G":195,"B":242,"A":255}},"BK1-0-4":{"pid":"BK1-sv","orb":6868.96,"per":30.54,"ang":161.84,"t":"ASTEROID","sp":"ASTEROID-4","s":28.44,"m":319.68,"gd":47.4,"wic":{},"woc":{},"wgc":{},"emm":[{"Type":"1","MainRange":60,"MainValue":0.24,"FarRange":166}],"sig":[{"t":"7-4","s":"","d":{"X":0.85,"Y":0.35}},{"t":"8-1","s":"","d":{"X":-0.43,"Y":0.36}},{"t":"8-2","s":"","d":{"X":-0.07,"Y":0.36}},{"t":"9-1","s":"","d":{"X":0.3,"Y":-0.5}},{"t":"9-2","s":"","d":{"X":-0.16,"Y":-0.11}},{"t":"X1","s":"","d":{"X":-0.71,"Y":-0.095}}],"clr":{"R":245,"G":246,"B":218,"A":255}},"BK1-0-40":{"pid":"BK1-sv","orb":4122.51,"per":18.32,"ang":175.63,"t":"ASTEROID","sp":"ASTEROID-3","s":18.71,"m":91.06,"gd":31.19,"wic":{},"woc":{},"wgc":{},"emm":[{"Type":"1","MainRange":42,"MainValue":0.18,"FarRange":156}],"sig":[{"t":"9-1","s":"","d":{"X":-0.75,"Y":-0.51}},{"t":"9-2","s":"","d":{"X":0.07,"Y":-0.55}},{"t":"X1","s":"","d":{"X":-0.572,"Y":-0.662}}],"clr":{"R":254,"G":249,"B":250,"A":255}},"BK1-0-41":{"pid":"BK1-sv","orb":4124.06,"per":18.33,"ang":114.31,"t":"ASTEROID","sp":"ASTEROID-3","s":31.51,"m":434.6,"gd":52.51,"wic":{},"woc":{},"wgc":{},"emm":[{"Type":"1","MainRange":36,"MainValue":0.32,"FarRange":56}],"sig":[{"t":"9-1","s":"","d":{"X":-0.81,"Y":-0.47}},{"t":"9-2","s":"","d":{"X":0.16,"Y":-0.71}},{"t":"X1","s":"","d":{"X":-0.091,"Y":-0.034}}],"clr":{"R":196,"G":246,"B":175,"A":255}},"BK1-0-42":{"pid":"BK1-sv","orb":4059.79,"per":18.05,"ang":79.31,"t":"ASTEROID","sp":"ASTEROID-3","s":22.95,"m":168.1,"gd":38.26,"wic":{},"woc":{},"wgc":{},"emm":[{"Type":"1","MainRange":37,"MainValue":0.13,"FarRange":111}],"sig":[{"t":"9-1","s":"","d":{"X":-0.33,"Y":-0.14}},{"t":"9-2","s":"","d":{"X":0.91,"Y":-0.11}},{"t":"X1","s":"","d":{"X":-0.63,"Y":0.683}}],"clr":{"R":205,"G":217,"B":240,"A":255}},"BK1-0-43":{"pid":"BK1-sv","orb":3483.11,"per":15.48,"ang":64.46,"t":"ASTEROID","sp":"ASTEROID-3","s":34.01,"m":546.38,"gd":56.68,"wic":{},"woc":{},"wgc":{},"emm":[{"Type":"1","MainRange":41,"MainValue":0.19,"FarRange":156}],"sig":[{"t":"9-1","s":"","d":{"X":0.52,"Y":-0.84}},{"t":"9-2","s":"","d":{"X":-0.55,"Y":0.83}},{"t":"X1","s":"","d":{"X":0.933,"Y":-0.083}}],"clr":{"R":193,"G":201,"B":236,"A":255}},"BK1-0-44":{"pid":"BK1-sv","orb":4276.91,"per":19.01,"ang":129.93,"t":"ASTEROID","sp":"ASTEROID-4","s":18.23,"m":84.15,"gd":30.38,"wic":{},"woc":{},"wgc":{},"emm":[{"Type":"1","MainRange":82,"MainValue":0.15,"FarRange":122}],"sig":[{"t":"9-1","s":"","d":{"X":0.29,"Y":-0.46}},{"t":"9-2","s":"","d":{"X":0.47,"Y":-0.81}},{"t":"X1","s":"","d":{"X":-0.186,"Y":-0.029}}],"clr":{"R":173,"G":233,"B":244,"A":255}},"BK1-0-45":{"pid":"BK1-sv","orb":4588.35,"per":20.4,"ang":216.17,"t":"ASTEROID","sp":"ASTEROID-4","s":26.88,"m":269.98,"gd":44.81,"wic":{},"woc":{},"wgc":{},"emm":[{"Type":"1","MainRange":43,"MainValue":0.06,"FarRange":162}],"sig":[{"t":"9-1","s":"","d":{"X":-0.92,"Y":-0.39}},{"t":"9-2","s":"","d":{"X":-0.4,"Y":-0.49}},{"t":"X1","s":"","d":{"X":0.165,"Y":-0.825}}],"clr":{"R":230,"G":236,"B":193,"A":255}},"BK1-0-46":{"pid":"BK1-sv","orb":4274.83,"per":19,"ang":246.11,"t":"ASTEROID","sp":"ASTEROID-3","s":16.85,"m":66.52,"gd":28.09,"wic":{},"woc":{},"wgc":{},"emm":[{"Type":"1","MainRange":65,"MainValue":0.23,"FarRange":151}],"sig":[{"t":"9-1","s":"","d":{"X":0.66,"Y":-0.64}},{"t":"9-2","s":"","d":{"X":0.13,"Y":-0.85}},{"t":"X1","s":"","d":{"X":-0.71,"Y":0.123}}],"clr":{"R":251,"G":219,"B":162,"A":255}},"BK1-0-47":{"pid":"BK1-sv","orb":3698.69,"per":16.44,"ang":144.15,"t":"ASTEROID","sp":"ASTEROID-3","s":27.05,"m":275.08,"gd":45.09,"wic":{},"woc":{},"wgc":{},"emm":[{"Type":"1","MainRange":44,"MainValue":0.29,"FarRange":140}],"sig":[{"t":"9-1","s":"","d":{"X":0.33,"Y":-0.61}},{"t":"9-2","s":"","d":{"X":-0.47,"Y":-0.85}},{"t":"X1","s":"","d":{"X":-0.085,"Y":0.709}}],"clr":{"R":248,"G":254,"B":239,"A":255}},"BK1-0-48":{"pid":"BK1-sv","orb":4144.55,"per":18.42,"ang":320.84,"t":"ASTEROID","sp":"ASTEROID-1","s":11.9,"m":23.45,"gd":19.84,"wic":{},"woc":{},"wgc":{},"emm":[{"Type":"1","MainRange":15,"MainValue":0.21,"FarRange":109}],"sig":[{"t":"9-1","s":"","d":{"X":-0.41,"Y":-0.01}},{"t":"9-2","s":"","d":{"X":0.32,"Y":0.88}},{"t":"X1","s":"","d":{"X":0.155,"Y":-0.782}}],"clr":{"R":243,"G":218,"B":251,"A":255}},"BK1-0-49":{"pid":"BK1-sv","orb":3810.02,"per":16.94,"ang":196.16,"t":"ASTEROID","sp":"ASTEROID-3","s":31.53,"m":435.37,"gd":52.55,"wic":{},"woc":{},"wgc":{},"emm":[{"Type":"1","MainRange":34,"MainValue":0.15,"FarRange":70}],"sig":[{"t":"9-1","s":"","d":{"X":0.12,"Y":-0.09}},{"t":"9-2","s":"","d":{"X":0.01,"Y":0.43}},{"t":"X1","s":"","d":{"X":-0.726,"Y":-0.176}}],"clr":{"R":232,"G":246,"B":249,"A":255}},"BK1-0-5":{"pid":"BK1-sv","orb":5962.33,"per":26.5,"ang":268.42,"t":"ASTEROID","sp":"ASTEROID-4","s":18.76,"m":91.74,"gd":31.27,"wic":{},"woc":{},"wgc":{},"emm":[{"Type":"1","MainRange":56,"MainValue":0.24,"FarRange":88}],"sig":[{"t":"7-4","s":"","d":{"X":0.04,"Y":-0.37}},{"t":"8-1","s":"","d":{"X":-0.38,"Y":0.73}},{"t":"8-2","s":"","d":{"X":-0.16,"Y":-0.69}},{"t":"9-1","s":"","d":{"X":-0.16,"Y":0.06}},{"t":"9-2","s":"","d":{"X":-0.86,"Y":0.27}},{"t":"X1","s":"","d":{"X":-0.902,"Y":0.031}}],"clr":{"R":247,"G":165,"B":185,"A":255}},"BK1-0-50":{"pid":"BK1-sv","orb":3780.62,"per":16.8,"ang":283.87,"t":"ASTEROID","sp":"ASTEROID-3","s":21.04,"m":129.46,"gd":35.07,"wic":{},"woc":{},"wgc":{},"emm":[{"Type":"1","MainRange":21,"MainValue":0.25,"FarRange":216}],"sig":[{"t":"9-1","s":"","d":{"X":-0.36,"Y":-0.25}},{"t":"9-2","s":"","d":{"X":-0.67,"Y":0.69}},{"t":"X1","s":"","d":{"X":-0.506,"Y":-0.779}}],"clr":{"R":249,"G":227,"B":244,"A":255}},"BK1-0-51":{"pid":"BK1-sv","orb":4081.31,"per":18.14,"ang":124.21,"t":"ASTEROID","sp":"ASTEROID-3","s":21.75,"m":142.9,"gd":36.25,"wic":{},"woc":{},"wgc":{},"emm":[{"Type":"1","MainRange":65,"MainValue":0.13,"FarRange":179}],"sig":[{"t":"9-1","s":"","d":{"X":0.42,"Y":0.29}},{"t":"9-2","s":"","d":{"X":-0.85,"Y":-0.33}},{"t":"X1","s":"","d":{"X":-0.123,"Y":0.34}}],"clr":{"R":252,"G":189,"B":200,"A":255}},"BK1-0-52":{"pid":"BK1-sv","orb":4543.78,"per":20.2,"ang":265.81,"t":"ASTEROID","sp":"ASTEROID-4","s":15.58,"m":52.57,"gd":25.97,"wic":{},"woc":{},"wgc":{},"emm":[{"Type":"1","MainRange":53,"MainValue":0.11,"FarRange":171}],"sig":[{"t":"9-1","s":"","d":{"X":-0.77,"Y":-0.36}},{"t":"9-2","s":"","d":{"X":0.62,"Y":0.35}},{"t":"X1","s":"","d":{"X":-0.07,"Y":0.239}}],"clr":{"R":253,"G":198,"B":209,"A":255}},"BK1-0-53":{"pid":"BK1-sv","orb":4494.52,"per":19.98,"ang":205.15,"t":"ASTEROID","sp":"ASTEROID-1","s":15.84,"m":55.28,"gd":26.41,"wic":{},"woc":{},"wgc":{},"emm":[{"Type":"1","MainRange":67.5,"MainValue":0.28,"FarRange":75}],"sig":[{"t":"9-1","s":"","d":{"X":0.34,"Y":-0.41}},{"t":"9-2","s":"","d":{"X":-0.13,"Y":0.95}},{"t":"X1","s":"","d":{"X":0.455,"Y":-0.818}}],"clr":{"R":240,"G":209,"B":209,"A":255}},"BK1-0-54":{"pid":"BK1-sv","orb":3663.52,"per":16.28,"ang":317.83,"t":"ASTEROID","sp":"ASTEROID-1","s":21.2,"m":132.36,"gd":35.33,"wic":{},"woc":{},"wgc":{},"emm":[{"Type":"1","MainRange":74,"MainValue":0.17,"FarRange":197}],"sig":[{"t":"9-1","s":"","d":{"X":0.2,"Y":-0.82}},{"t":"9-2","s":"","d":{"X":0.16,"Y":0.01}},{"t":"X1","s":"","d":{"X":-0.27,"Y":-0.632}}],"clr":{"R":247,"G":237,"B":253,"A":255}},"BK1-0-55":{"pid":"BK1-sv","orb":3286.24,"per":14.61,"ang":286.26,"t":"ASTEROID","sp":"ASTEROID-5","s":16.56,"m":63.09,"gd":27.6,"wic":{},"woc":{},"wgc":{},"emm":[{"Type":"1","MainRange":41,"MainValue":0.16,"FarRange":116}],"sig":[{"t":"9-1","s":"","d":{"X":0.4}},{"t":"9-2","s":"","d":{"X":0.55,"Y":0.72}},{"t":"X1","s":"","d":{"X":0.74,"Y":0.139}}],"clr":{"R":252,"G":253,"B":242,"A":255}},"BK1-0-56":{"pid":"BK1-sv","orb":3641.31,"per":16.19,"ang":163.9,"t":"ASTEROID","sp":"ASTEROID-2","s":19.02,"m":95.64,"gd":31.7,"wic":{},"woc":{},"wgc":{},"emm":[{"Type":"1","MainRange":46,"MainValue":0.19,"FarRange":139}],"sig":[{"t":"9-1","s":"","d":{"X":0.16,"Y":0.5}},{"t":"9-2","s":"","d":{"X":-0.13,"Y":-0.56}},{"t":"X1","s":"","d":{"X":-0.705,"Y":-0.645}}],"clr":{"R":231,"G":248,"B":239,"A":255}},"BK1-0-57":{"pid":"BK1-sv","orb":3334.71,"per":14.82,"ang":345.42,"t":"ASTEROID","sp":"ASTEROID-2","s":15.66,"m":53.34,"gd":26.1,"wic":{},"woc":{},"wgc":{},"emm":[{"Type":"1","MainRange":56,"MainValue":0.14,"FarRange":146}],"sig":[{"t":"9-1","s":"","d":{"X":0.31,"Y":-0.81}},{"t":"9-2","s":"","d":{"X":-0.51,"Y":0.14}},{"t":"X1","s":"","d":{"X":-0.487,"Y":0.298}}],"clr":{"R":249,"G":186,"B":238,"A":255}},"BK1-0-58":{"pid":"BK1-sv","orb":3292.07,"per":14.63,"ang":54.36,"t":"ASTEROID","sp":"ASTEROID-1","s":13.23,"m":32.2,"gd":22.05,"wic":{},"woc":{},"wgc":{},"emm":[{"Type":"1","MainRange":52,"MainValue":0.3,"FarRange":177}],"sig":[{"t":"9-1","s":"","d":{"X":0.53,"Y":0.8}},{"t":"9-2","s":"","d":{"X":0.17,"Y":0.91}},{"t":"X1","s":"","d":{"X":0.074,"Y":-0.144}}],"clr":{"R":251,"G":230,"B":196,"A":255}},"BK1-0-59":{"pid":"BK1-sv","orb":3895.3,"per":17.31,"ang":217.04,"t":"ASTEROID","sp":"ASTEROID-2","s":17.26,"m":71.48,"gd":28.77,"wic":{},"woc":{},"wgc":{},"emm":[{"Type":"1","MainRange":38,"MainValue":0.19,"FarRange":58}],"sig":[{"t":"9-1","s":"","d":{"X":-0.59,"Y":-0.4}},{"t":"9-2","s":"","d":{"X":0.29,"Y":-0.96}},{"t":"X1","s":"","d":{"X":-0.1,"Y":-0.909}}],"clr":{"R":253,"G":201,"B":169,"A":255}},"BK1-0-6":{"pid":"BK1-sv","orb":5496.85,"per":24.44,"ang":138.56,"t":"ASTEROID","sp":"ASTEROID-3","s":14.09,"m":38.85,"gd":23.48,"wic":{},"woc":{},"wgc":{},"emm":[{"Type":"1","MainRange":10,"MainValue":0.21,"FarRange":233}],"sig":[{"t":"7-4","s":"","d":{"X":-0.39,"Y":-0.75}},{"t":"8-1","s":"","d":{"X":-0.43,"Y":0.25}},{"t":"8-2","s":"","d":{"X":-0.59,"Y":0.27}},{"t":"9-1","s":"","d":{"X":-0.07,"Y":0.86}},{"t":"9-2","s":"","d":{"X":0.71,"Y":0.32}},{"t":"X1","s":"","d":{"X":-0.15,"Y":0.394}}],"clr":{"R":251,"G":198,"B":158,"A":255}},"BK1-0-60":{"pid":"BK1-sv","orb":4107.16,"per":18.26,"ang":51.28,"t":"ASTEROID","sp":"ASTEROID-5","s":21.23,"m":133,"gd":35.39,"wic":{},"woc":{},"wgc":{},"emm":[{"Type":"1","MainRange":72,"MainValue":0.18,"FarRange":140}],"sig":[{"t":"9-1","s":"","d":{"X":0.43,"Y":0.51}},{"t":"9-2","s":"","d":{"X":-0.39,"Y":-0.88}},{"t":"X1","s":"","d":{"X":-0.135,"Y":0.956}}],"clr":{"R":238,"G":194,"B":199,"A":255}},"BK1-0-61":{"pid":"BK1-sv","orb":4184.19,"per":18.6,"ang":69.51,"t":"ASTEROID","sp":"ASTEROID-2","s":19.8,"m":107.93,"gd":33.01,"wic":{},"woc":{},"wgc":{},"emm":[{"Type":"1","MainRange":70,"MainValue":0.21,"FarRange":243}],"sig":[{"t":"9-1","s":"","d":{"X":0.54,"Y":-0.83}},{"t":"9-2","s":"","d":{"X":-0.2,"Y":0.07}},{"t":"X1","s":"","d":{"X":0.46,"Y":0.218}}],"clr":{"R":245,"G":211,"B":239,"A":255}},"BK1-0-62":{"pid":"BK1-sv","orb":2898.86,"per":12.88,"ang":97.24,"t":"ASTEROID","sp":"ASTEROID-1","s":14.14,"m":39.32,"gd":23.57,"wic":{},"woc":{},"wgc":{},"emm":[{"Type":"1","MainRange":63,"MainValue":0.07,"FarRange":127}],"sig":[{"t":"9-1","s":"","d":{"X":-0.26,"Y":0.56}},{"t":"9-2","s":"","d":{"X":0.49,"Y":0.12}},{"t":"X1","s":"","d":{"X":-0.658,"Y":0.484}}],"clr":{"R":238,"G":225,"B":179,"A":255}},"BK1-0-63":{"pid":"BK1-sv","orb":4578.72,"per":20.35,"ang":244.99,"t":"ASTEROID","sp":"ASTEROID-3","s":20.13,"m":113.31,"gd":33.55,"wic":{},"woc":{},"wgc":{},"emm":[{"Type":"1","MainRange":48.6,"MainValue":0.23,"FarRange":54}],"sig":[{"t":"9-1","s":"","d":{"X":0.57,"Y":-0.23}},{"t":"9-2","s":"","d":{"X":-0.19,"Y":-0.87}},{"t":"X1","s":"","d":{"X":-0.602,"Y":-0.698}}],"clr":{"R":247,"G":252,"B":243,"A":255}},"BK1-0-64":{"pid":"BK1-sv","orb":4579.53,"per":20.36,"ang":39.5,"t":"ASTEROID","sp":"ASTEROID-2","s":20.85,"m":125.96,"gd":34.75,"wic":{},"woc":{},"wgc":{},"emm":[{"Type":"1","MainRange":68,"MainValue":0.19,"FarRange":214}],"sig":[{"t":"9-1","s":"","d":{"X":-0.35,"Y":0.61}},{"t":"9-2","s":"","d":{"X":0.37,"Y":0.44}},{"t":"X1","s":"","d":{"X":-0.288,"Y":-0.568}}],"clr":{"R":235,"G":202,"B":188,"A":255}},"BK1-0-65":{"pid":"BK1-sv","orb":3640.66,"per":16.18,"ang":124.23,"t":"ASTEROID","sp":"ASTEROID-1","s":22.2,"m":152.05,"gd":37,"wic":{},"woc":{},"wgc":{},"emm":[{"Type":"1","MainRange":39,"MainValue":0.24,"FarRange":177}],"sig":[{"t":"9-1","s":"","d":{"X":0.5,"Y":-0.09}},{"t":"9-2","s":"","d":{"X":0.8,"Y":-0.37}},{"t":"X1","s":"","d":{"X":0.245,"Y":0.445}}],"clr":{"R":245,"G":250,"B":254,"A":255}},"BK1-0-66":{"pid":"BK1-sv","orb":4051.91,"per":18.01,"ang":154.77,"t":"ASTEROID","sp":"ASTEROID-3","s":20.95,"m":127.78,"gd":34.92,"wic":{},"woc":{},"wgc":{},"emm":[{"Type":"1","MainRange":93,"MainValue":0.21,"FarRange":184}],"sig":[{"t":"9-1","s":"","d":{"X":0.63,"Y":0.46}},{"t":"9-2","s":"","d":{"X":0.4,"Y":-0.91}},{"t":"X1","s":"","d":{"X":-0.484,"Y":-0.476}}],"clr":{"R":201,"G":242,"B":200,"A":255}},"BK1-0-67":{"pid":"BK1-sv","orb":3926.8,"per":17.45,"ang":159.13,"t":"ASTEROID","sp":"ASTEROID-1","s":16.79,"m":65.79,"gd":27.99,"wic":{},"woc":{},"wgc":{},"emm":[{"Type":"1","MainRange":52,"MainValue":0.26,"FarRange":212}],"sig":[{"t":"9-1","s":"","d":{"X":-0.9,"Y":-0.27}},{"t":"9-2","s":"","d":{"X":0.64,"Y":0.6}},{"t":"X1","s":"","d":{"X":-0.596,"Y":0.313}}],"clr":{"R":165,"G":247,"B":166,"A":255}},"BK1-0-68":{"pid":"BK1-sv","orb":3870.77,"per":17.21,"ang":335.33,"t":"ASTEROID","sp":"ASTEROID-4","s":34.61,"m":576.18,"gd":57.69,"wic":{},"woc":{},"wgc":{},"emm":[{"Type":"1","MainRange":31,"MainValue":0.22,"FarRange":171}],"sig":[{"t":"9-1","s":"","d":{"X":0.02,"Y":-0.38}},{"t":"9-2","s":"","d":{"X":0.1,"Y":-0.33}},{"t":"X1","s":"","d":{"X":0.029,"Y":0.503}}],"clr":{"R":173,"G":188,"B":246,"A":255}},"BK1-0-69":{"pid":"BK1-sv","orb":3531.58,"per":15.7,"ang":343.65,"t":"ASTEROID","sp":"ASTEROID-5","s":16.58,"m":63.34,"gd":27.63,"wic":{},"woc":{},"wgc":{},"emm":[{"Type":"1","MainRange":58,"MainValue":0.21,"FarRange":138},{"Type":"2","MainRange":45,"MainValue":0.25,"FarRange":107}],"sig":[{"t":"9-1","s":"","d":{"X":0.69,"Y":-0.41}},{"t":"9-2","s":"","d":{"X":-0.21,"Y":-0.18}},{"t":"X1","s":"","d":{"X":0.754,"Y":0.09}},{"t":"X2","s":"","d":{"X":0.988,"Y":0.046}}],"clr":{"R":237,"G":253,"B":233,"A":255}},"BK1-0-7":{"pid":"BK1-sv","orb":6393.59,"per":28.42,"ang":59.63,"t":"ASTEROID","sp":"ASTEROID-3","s":28.46,"m":320.45,"gd":47.44,"wic":{},"woc":{},"wgc":{},"emm":[{"Type":"1","MainRange":18,"MainValue":0.17,"FarRange":152}],"sig":[{"t":"7-4","s":"","d":{"X":-0.16,"Y":-0.51}},{"t":"8-1","s":"","d":{"X":0.68,"Y":-0.25}},{"t":"8-2","s":"","d":{"X":-0.54,"Y":-0.45}},{"t":"9-1","s":"","d":{"X":-0.01,"Y":0.63}},{"t":"9-2","s":"","d":{"X":-0.91,"Y":0.13}},{"t":"X1","s":"","d":{"X":-0.401,"Y":0.439}}],"clr":{"R":174,"G":216,"B":240,"A":255}},"BK1-0-70":{"pid":"BK1-sv","orb":4144.49,"per":18.42,"ang":203.83,"t":"ASTEROID","sp":"ASTEROID-5","s":29.93,"m":372.58,"gd":49.89,"wic":{},"woc":{},"wgc":{},"emm":[{"Type":"1","MainRange":68,"MainValue":0.19,"FarRange":162}],"sig":[{"t":"9-1","s":"","d":{"X":0.75,"Y":-0.3}},{"t":"9-2","s":"","d":{"X":0.24,"Y":0.66}},{"t":"X1","s":"","d":{"X":0.11,"Y":-0.951}}],"clr":{"R":251,"G":240,"B":239,"A":255}},"BK1-0-71":{"pid":"BK1-sv","orb":3660.08,"per":16.27,"ang":241.77,"t":"ASTEROID","sp":"ASTEROID-5","s":23.78,"m":186.93,"gd":39.64,"wic":{},"woc":{},"wgc":{},"emm":[{"Type":"1","MainRange":43,"MainValue":0.29,"FarRange":102}],"sig":[{"t":"9-1","s":"","d":{"X":0.6,"Y":-0.79}},{"t":"9-2","s":"","d":{"X":-0.45,"Y":0.73}},{"t":"X1","s":"","d":{"X":0.021,"Y":0.617}}],"clr":{"R":253,"G":250,"B":252,"A":255}},"BK1-0-72":{"pid":"BK1-sv","orb":4612.86,"per":20.5,"ang":273.63,"t":"ASTEROID","sp":"ASTEROID-2","s":17.71,"m":77.14,"gd":29.51,"wic":{},"woc":{},"wgc":{},"emm":[{"Type":"1","MainRange":48,"MainValue":0.07,"FarRange":193}],"sig":[{"t":"9-1","s":"","d":{"X":-0.66,"Y":0.29}},{"t":"9-2","s":"","d":{"X":0.17,"Y":0.62}},{"t":"X1","s":"","d":{"X":0.551,"Y":-0.148}}],"clr":{"R":192,"G":237,"B":253,"A":255}},"BK1-0-73":{"pid":"BK1-sv","orb":4565.16,"per":20.29,"ang":202.68,"t":"ASTEROID","sp":"ASTEROID-4","s":17.37,"m":72.89,"gd":28.96,"wic":{},"woc":{},"wgc":{},"emm":[{"Type":"1","MainRange":78,"MainValue":0.2,"FarRange":90}],"sig":[{"t":"9-1","s":"","d":{"X":-0.29,"Y":0.45}},{"t":"9-2","s":"","d":{"X":-0.19,"Y":-0.07}},{"t":"X1","s":"","d":{"X":0.008,"Y":-0.619}}],"clr":{"R":226,"G":243,"B":247,"A":255}},"BK1-0-74":{"pid":"BK1-sv","orb":3837.91,"per":17.06,"ang":325.91,"t":"ASTEROID","sp":"ASTEROID-5","s":25.89,"m":241.05,"gd":43.15,"wic":{},"woc":{},"wgc":{},"emm":[{"Type":"1","MainRange":42,"MainValue":0.04,"FarRange":128}],"sig":[{"t":"9-1","s":"","d":{"X":-0.64,"Y":-0.55}},{"t":"9-2","s":"","d":{"X":-0.37,"Y":0.26}},{"t":"X1","s":"","d":{"X":-0.096,"Y":0.027}}],"clr":{"R":227,"G":219,"B":249,"A":255}},"BK1-0-75":{"pid":"BK1-sv","orb":3322.47,"per":14.77,"ang":61.94,"t":"ASTEROID","sp":"ASTEROID-4","s":24.37,"m":201.03,"gd":40.61,"wic":{},"woc":{},"wgc":{},"emm":[{"Type":"1","MainRange":49,"MainValue":0.2,"FarRange":145}],"sig":[{"t":"9-1","s":"","d":{"X":-0.36,"Y":-0.69}},{"t":"9-2","s":"","d":{"X":-0.11,"Y":-0.86}},{"t":"X1","s":"","d":{"X":0.651,"Y":-0.262}}],"clr":{"R":180,"G":220,"B":248,"A":255}},"BK1-0-76":{"pid":"BK1-sv","orb":4215.81,"per":18.74,"ang":11.03,"t":"ASTEROID","sp":"ASTEROID-3","s":19.31,"m":100.04,"gd":32.18,"wic":{},"woc":{},"wgc":{},"emm":[{"Type":"1","MainRange":42,"MainValue":0.24,"FarRange":156}],"sig":[{"t":"9-1","s":"","d":{"X":-0.97,"Y":0.22}},{"t":"9-2","s":"","d":{"X":-0.54,"Y":0.81}},{"t":"X1","s":"","d":{"X":0.59,"Y":-0.76}}],"clr":{"R":207,"G":245,"B":215,"A":255}},"BK1-0-77":{"pid":"BK1-sv","orb":4094.75,"per":18.2,"ang":245.56,"t":"ASTEROID","sp":"ASTEROID-3","s":16.65,"m":64.11,"gd":27.75,"wic":{},"woc":{},"wgc":{},"emm":[{"Type":"1","MainRange":39,"MainValue":0.16,"FarRange":151},{"Type":"2","MainRange":66,"MainValue":0.17,"FarRange":187}],"sig":[{"t":"9-1","s":"","d":{"X":0.19,"Y":-0.73}},{"t":"9-2","s":"","d":{"X":0.81,"Y":0.41}},{"t":"X1","s":"","d":{"X":0.635,"Y":0.079}},{"t":"X2","s":"","d":{"X":0.132,"Y":0.447}}],"clr":{"R":248,"G":254,"B":245,"A":255}},"BK1-0-78":{"pid":"BK1-sv","orb":3978.7,"per":17.69,"ang":294.73,"t":"ASTEROID","sp":"ASTEROID-2","s":17.13,"m":69.81,"gd":28.55,"wic":{},"woc":{},"wgc":{},"emm":[{"Type":"1","MainRange":50,"MainValue":0.17,"FarRange":156}],"sig":[{"t":"9-1","s":"","d":{"X":-0.51,"Y":0.6}},{"t":"9-2","s":"","d":{"X":-0.2,"Y":-0.98}},{"t":"X1","s":"","d":{"X":-0.396,"Y":-0.911}}],"clr":{"R":159,"G":251,"B":208,"A":255}},"BK1-0-8":{"pid":"BK1-sv","orb":5741,"per":25.52,"ang":345.83,"t":"ASTEROID","sp":"ASTEROID-1","s":29.15,"m":344.23,"gd":48.59,"wic":{},"woc":{},"wgc":{},"emm":[{"Type":"1","MainRange":54,"MainValue":0.17,"FarRange":63}],"sig":[{"t":"7-4","s":"","d":{"X":-0.34,"Y":-0.56}},{"t":"8-1","s":"","d":{"X":0.93,"Y":-0.15}},{"t":"8-2","s":"","d":{"X":0.87,"Y":-0.16}},{"t":"9-1","s":"","d":{"X":0.37,"Y":-0.31}},{"t":"9-2","s":"","d":{"X":-0.57,"Y":0.82}},{"t":"X1","s":"","d":{"X":0.53,"Y":0.448}}],"clr":{"R":253,"G":214,"B":253,"A":255}},"BK1-0-9":{"pid":"BK1-sv","orb":5346.53,"per":23.77,"ang":274.61,"t":"ASTEROID","sp":"ASTEROID-4","s":26.81,"m":267.91,"gd":44.69,"wic":{},"woc":{},"wgc":{},"emm":[{"Type":"1","MainRange":70,"MainValue":0.13,"FarRange":212}],"sig":[{"t":"7-4","s":"","d":{"X":0.66,"Y":0.72}},{"t":"8-1","s":"","d":{"X":-1}},{"t":"8-2","s":"","d":{"X":0.46,"Y":-0.14}},{"t":"9-1","s":"","d":{"X":0.63,"Y":0.41}},{"t":"9-2","s":"","d":{"X":-0.14,"Y":0.79}},{"t":"X1","s":"","d":{"X":-0.655,"Y":0.278}}],"clr":{"R":206,"G":205,"B":241,"A":255}},"BK1-161":{"pid":"BK1-486","orb":2365.01,"per":10.51,"t":"HARDPLANET","sp":"HARDPLANET-65","s":48.21,"m":6537.34,"gd":137.76,"wic":{},"woc":{},"wgc":{},"mi":[4,6],"sig":[{"t":"0-1","s":"","d":{"X":-0.45,"Y":0.29}},{"t":"1-1","s":"","d":{"X":-0.31,"Y":0.83}},{"t":"7-4","s":"","d":{"Y":-0.46}},{"t":"9-1","s":"","d":{"X":0.25,"Y":0.61}},{"t":"9-2","s":"","d":{"X":0.81,"Y":0.47}},{"t":"10-1","s":"","d":{"X":0.61,"Y":-0.04}},{"t":"10-2","s":"","d":{"X":-0.76,"Y":0.55}},{"t":"11-1","s":"","d":{"X":-0.01,"Y":-0.75}},{"t":"12-3","s":"","d":{"X":-0.55,"Y":0.1}},{"t":"13-1","s":"","d":{"X":-0.01,"Y":-0.45}},{"t":"13-2","s":"","d":{"X":-0.02,"Y":-0.68}}],"clr":{"R":248,"G":251,"B":253,"A":255}},"BK1-486":{"pid":"BK1-sv","orb":9373.92,"per":41.67,"t":"GASPLANET","sp":"GASPLANET-25","s":173.69,"m":50947.97,"gd":289.49,"wic":{},"woc":{},"wgc":{},"sig":[{"t":"0-2","s":"","d":{"X":0.46,"Y":-0.22}},{"t":"1-3","s":"","d":{"X":0.14,"Y":0.15}},{"t":"3-1","s":"","d":{"X":0.35,"Y":-0.59}},{"t":"6-3","s":"","d":{"X":-0.27,"Y":-0.16}},{"t":"7-3","s":"","d":{"X":-0.18,"Y":0.27}},{"t":"8-2","s":"","d":{"X":-1}},{"t":"10-1","s":"","d":{"X":-0.35,"Y":0.01}},{"t":"10-2","s":"","d":{"X":-0.78,"Y":-0.25}},{"t":"11-1","s":"","d":{"X":0.29,"Y":-0.65}}],"clr":{"R":248,"G":250,"B":254,"A":255}},"BK1-S1":{"pid":"BK1-sv","orb":1911.24,"per":18.83,"t":"STAR","sp":"STAR-13","s":436.16,"m":4609814.19,"gd":1453.88,"wic":{},"woc":{},"wgc":{},"emm":[{"Type":"2","MainRange":1023,"MainValue":4.27,"FarRange":3588},{"Type":"18","MainRange":1358,"MainValue":4.45,"FarRange":3621}],"sig":[{"t":"X2","s":"","d":{"X":-0.339,"Y":-0.75}},{"t":"X18","s":"","d":{"X":-0.23,"Y":-0.295}}],"clr":{"R":244,"G":192,"B":212,"A":255}},"BK1-S2":{"pid":"BK1-sv","orb":3298.2,"per":18.83,"ang":180,"t":"STAR","sp":"STAR-10","s":201.49,"m":454498.18,"gd":671.65,"wic":{},"woc":{},"wgc":{},"emm":[{"Type":"2","MainRange":833,"MainValue":3.3,"FarRange":3672},{"Type":"26","MainRange":1073,"MainValue":3.32,"FarRange":2996}],"sig":[{"t":"X2","s":"","d":{"X":-0.024,"Y":-0.495}},{"t":"X26","s":"","d":{"X":0.403,"Y":0.595}}],"clr":{"R":202,"G":252,"B":207,"A":255}},"BK1-sv":{"iv":true,"wic":{},"woc":{},"wgc":{},"clr":{}}}}