{"SpawnDistance":2338.193,"Points":{"LU9-0-0":{"pid":"LU9-S","orb":1439.17,"per":23.98,"ang":40.45,"t":"ASTEROID","sp":"ASTEROID-2","s":12.13,"m":24.82,"gd":20.22,"wic":{},"woc":{},"wgc":{},"emm":[{"Type":"1","MainRange":50,"MainValue":0.31,"FarRange":126}],"sig":[{"t":"9-1","s":"","d":{"X":-0.64,"Y":-0.06}},{"t":"X1","s":"","d":{"X":0.47,"Y":-0.629}}],"clr":{"R":253,"G":254,"B":254,"A":255}},"LU9-0-1":{"pid":"LU9-S","orb":1446.79,"per":24.11,"ang":200.63,"t":"ASTEROID","sp":"ASTEROID-5","s":24.74,"m":210.52,"gd":41.24,"wic":{},"woc":{},"wgc":{},"emm":[{"Type":"1","MainRange":65,"MainValue":0.28,"FarRange":236},{"Type":"3","MainRange":45,"MainValue":0.22,"FarRange":249}],"sig":[{"t":"9-1","s":"","d":{"X":0.42,"Y":-0.02}},{"t":"X1","s":"","d":{"X":-0.865,"Y":-0.286}},{"t":"X3","s":"","d":{"X":-0.161,"Y":0.968}}],"clr":{"R":250,"G":254,"B":249,"A":255}},"LU9-0-10":{"pid":"LU9-S","orb":1053.12,"per":17.55,"ang":324.3,"t":"ASTEROID","sp":"ASTEROID-3","s":11.56,"m":21.5,"gd":19.28,"wic":{},"woc":{},"wgc":{},"emm":[{"Type":"1","MainRange":42,"MainValue":0.22,"FarRange":172}],"sig":[{"t":"9-1","s":"","d":{"X":-0.98,"Y":-0.17}},{"t":"X1","s":"","d":{"X":-0.228,"Y":-0.947}}],"clr":{"R":253,"G":230,"B":254,"A":255}},"LU9-0-11":{"pid":"LU9-S","orb":1275.65,"per":21.26,"ang":136.36,"t":"ASTEROID","sp":"ASTEROID-3","s":11.43,"m":20.75,"gd":19.05,"wic":{},"woc":{},"wgc":{},"emm":[{"Type":"1","MainRange":52,"MainValue":0.11,"FarRange":117}],"sig":[{"t":"9-1","s":"","d":{"X":-0.74,"Y":0.36}},{"t":"X1","s":"","d":{"X":-0.457,"Y":0.709}}],"clr":{"R":243,"G":251,"B":241,"A":255}},"LU9-0-12":{"pid":"LU9-S","orb":1146.51,"per":19.1,"ang":257.86,"t":"ASTEROID","sp":"ASTEROID-1","s":25.01,"m":217.43,"gd":41.69,"wic":{},"woc":{},"wgc":{},"emm":[{"Type":"1","MainRange":66,"MainValue":0.21,"FarRange":190}],"sig":[{"t":"9-1","s":"","d":{"X":-0.23,"Y":-0.37}},{"t":"X1","s":"","d":{"X":0.335,"Y":0.341}}],"clr":{"R":225,"G":216,"B":254,"A":255}},"LU9-0-13":{"pid":"LU9-S","orb":1182.18,"per":19.7,"ang":108.8,"t":"ASTEROID","sp":"ASTEROID-5","s":21.58,"m":139.65,"gd":35.97,"wic":{},"woc":{},"wgc":{},"emm":[{"Type":"1","MainRange":36.9,"MainValue":0.23,"FarRange":41}],"sig":[{"t":"9-1","s":"","d":{"X":0.57,"Y":0.3}},{"t":"X1","s":"","d":{"X":-0.8,"Y":-0.347}}],"clr":{"R":240,"G":254,"B":222,"A":255}},"LU9-0-14":{"pid":"LU9-S","orb":1247.95,"per":20.79,"ang":335.61,"t":"ASTEROID","sp":"ASTEROID-4","s":18.81,"m":92.43,"gd":31.35,"wic":{},"woc":{},"wgc":{},"emm":[{"Type":"1","MainRange":68,"MainValue":0.25,"FarRange":80}],"sig":[{"t":"9-1","s":"","d":{"X":0.04,"Y":-0.27}},{"t":"X1","s":"","d":{"X":0.43,"Y":0.339}}],"clr":{"R":241,"G":222,"B":182,"A":255}},"LU9-0-15":{"pid":"LU9-S","orb":1208.68,"per":20.14,"ang":46.35,"t":"ASTEROID","sp":"ASTEROID-2","s":28.22,"m":312.44,"gd":47.04,"wic":{},"woc":{},"wgc":{},"emm":[{"Type":"1","MainRange":64,"MainValue":0.12,"FarRange":115}],"sig":[{"t":"9-1","s":"","d":{"X":-0.4,"Y":-0.79}},{"t":"X1","s":"","d":{"X":-0.064,"Y":-0.296}}],"clr":{"R":206,"G":204,"B":253,"A":255}},"LU9-0-16":{"pid":"LU9-S","orb":1501.88,"per":25.03,"ang":348.3,"t":"ASTEROID","sp":"ASTEROID-3","s":29.69,"m":363.59,"gd":49.48,"wic":{},"woc":{},"wgc":{},"emm":[{"Type":"1","MainRange":21,"MainValue":0.2,"FarRange":189}],"sig":[{"t":"9-1","s":"","d":{"X":0.05,"Y":0.92}},{"t":"X1","s":"","d":{"X":0.153,"Y":0.466}}],"clr":{"R":254,"G":248,"B":250,"A":255}},"LU9-0-17":{"pid":"LU9-S","orb":1051.53,"per":17.52,"ang":40.61,"t":"ASTEROID","sp":"ASTEROID-1","s":23.3,"m":175.88,"gd":38.84,"wic":{},"woc":{},"wgc":{},"emm":[{"Type":"1","MainRange":30,"MainValue":0.21,"FarRange":88}],"sig":[{"t":"9-1","s":"","d":{"X":-0.12,"Y":-0.58}},{"t":"X1","s":"","d":{"X":0.778,"Y":0.167}}],"clr":{"R":253,"G":237,"B":213,"A":255}},"LU9-0-18":{"pid":"LU9-S","orb":1256.66,"per":20.94,"ang":176.84,"t":"ASTEROID","sp":"ASTEROID-5","s":18.53,"m":88.39,"gd":30.88,"wic":{},"woc":{},"wgc":{},"emm":[{"Type":"1","MainRange":65,"MainValue":0.18,"FarRange":124}],"sig":[{"t":"9-1","s":"","d":{"X":-0.89,"Y":0.41}},{"t":"X1","s":"","d":{"X":0.339,"Y":-0.304}}],"clr":{"R":253,"G":249,"B":251,"A":255}},"LU9-0-19":{"pid":"LU9-S","orb":1443.19,"per":24.05,"ang":34.57,"t":"ASTEROID","sp":"ASTEROID-3","s":19.1,"m":96.9,"gd":31.84,"wic":{},"woc":{},"wgc":{},"emm":[{"Type":"1","MainRange":42,"MainValue":0.11,"FarRange":118}],"sig":[{"t":"9-1","s":"","d":{"X":-0.5,"Y":0.41}},{"t":"X1","s":"","d":{"X":0.343,"Y":-0.333}}],"clr":{"R":226,"G":157,"B":252,"A":255}},"LU9-0-2":{"pid":"LU9-S","orb":1461.63,"per":24.36,"ang":29.47,"t":"ASTEROID","sp":"ASTEROID-3","s":30.51,"m":394.7,"gd":50.86,"wic":{},"woc":{},"wgc":{},"emm":[{"Type":"1","MainRange":38,"MainValue":0.24,"FarRange":115}],"sig":[{"t":"9-1","s":"","d":{"X":0.18,"Y":-0.81}},{"t":"X1","s":"","d":{"X":0.162,"Y":-0.406}}],"clr":{"R":166,"G":188,"B":243,"A":255}},"LU9-0-20":{"pid":"LU9-S","orb":1196.48,"per":19.94,"ang":244.2,"t":"ASTEROID","sp":"ASTEROID-4","s":17.81,"m":78.53,"gd":29.69,"wic":{},"woc":{},"wgc":{},"emm":[{"Type":"1","MainRange":48,"MainValue":0.16,"FarRange":117}],"sig":[{"t":"9-1","s":"","d":{"X":-0.11,"Y":0.6}},{"t":"X1","s":"","d":{"X":0.395,"Y":-0.353}}],"clr":{"R":183,"G":185,"B":252,"A":255}},"LU9-0-21":{"pid":"LU9-S","orb":1259.23,"per":20.98,"ang":162.69,"t":"ASTEROID","sp":"ASTEROID-5","s":18.9,"m":93.81,"gd":31.5,"wic":{},"woc":{},"wgc":{},"emm":[{"Type":"1","MainRange":59,"MainValue":0.11,"FarRange":194}],"sig":[{"t":"9-1","s":"","d":{"X":-0.01,"Y":-0.95}},{"t":"X1","s":"","d":{"X":0.263,"Y":0.324}}],"clr":{"R":239,"G":227,"B":248,"A":255}},"LU9-0-22":{"pid":"LU9-S","orb":1350.18,"per":22.5,"ang":119.3,"t":"ASTEROID","sp":"ASTEROID-3","s":17.02,"m":68.53,"gd":28.37,"wic":{},"woc":{},"wgc":{},"emm":[{"Type":"1","MainRange":49,"MainValue":0.17,"FarRange":98}],"sig":[{"t":"9-1","s":"","d":{"X":0.63,"Y":-0.57}},{"t":"X1","s":"","d":{"X":0.625,"Y":-0.537}}],"clr":{"R":242,"G":208,"B":215,"A":255}},"LU9-0-23":{"pid":"LU9-S","orb":1391.19,"per":23.18,"ang":21.52,"t":"ASTEROID","sp":"ASTEROID-4","s":22.73,"m":163.2,"gd":37.89,"wic":{},"woc":{},"wgc":{},"emm":[{"Type":"1","MainRange":40,"MainValue":0.25,"FarRange":131}],"sig":[{"t":"9-1","s":"","d":{"X":0.37,"Y":0.3}},{"t":"X1","s":"","d":{"X":0.381,"Y":0.324}}],"clr":{"R":249,"G":201,"B":245,"A":255}},"LU9-0-24":{"pid":"LU9-S","orb":1184.78,"per":19.74,"ang":311.55,"t":"ASTEROID","sp":"ASTEROID-2","s":17.65,"m":76.41,"gd":29.42,"wic":{},"woc":{},"wgc":{},"emm":[{"Type":"1","MainRange":44,"MainValue":0.17,"FarRange":177}],"sig":[{"t":"9-1","s":"","d":{"X":-0.56,"Y":-0.82}},{"t":"X1","s":"","d":{"X":0.204,"Y":0.056}}],"clr":{"R":250,"G":235,"B":250,"A":255}},"LU9-0-25":{"pid":"LU9-S","orb":1271.67,"per":21.19,"ang":29.3,"t":"ASTEROID","sp":"ASTEROID-3","s":19.3,"m":99.91,"gd":32.17,"wic":{},"woc":{},"wgc":{},"emm":[{"Type":"1","MainRange":47,"MainValue":0.19,"FarRange":178}],"sig":[{"t":"9-1","s":"","d":{"X":0.06,"Y":-0.1}},{"t":"X1","s":"","d":{"X":-0.958,"Y":-0.282}}],"clr":{"R":241,"G":238,"B":180,"A":255}},"LU9-0-26":{"pid":"LU9-S","orb":1115.67,"per":18.59,"ang":355.31,"t":"ASTEROID","sp":"ASTEROID-4","s":18.42,"m":86.81,"gd":30.7,"wic":{},"woc":{},"wgc":{},"emm":[{"Type":"1","MainRange":42,"MainValue":0.17,"FarRange":184}],"sig":[{"t":"9-1","s":"","d":{"X":-0.27,"Y":-0.8}},{"t":"X1","s":"","d":{"X":0.982,"Y":0.011}}],"clr":{"R":231,"G":247,"B":237,"A":255}},"LU9-0-27":{"pid":"LU9-S","orb":1367.89,"per":22.79,"ang":282.75,"t":"ASTEROID","sp":"ASTEROID-3","s":16.32,"m":60.42,"gd":27.2,"wic":{},"woc":{},"wgc":{},"emm":[{"Type":"1","MainRange":47,"MainValue":0.12,"FarRange":125}],"sig":[{"t":"9-1","s":"","d":{"X":-0.46,"Y":0.2}},{"t":"X1","s":"","d":{"X":-0.48,"Y":0.647}}],"clr":{"R":254,"G":250,"B":254,"A":255}},"LU9-0-28":{"pid":"LU9-S","orb":1279.91,"per":21.33,"ang":121,"t":"ASTEROID","sp":"ASTEROID-2","s":13.6,"m":34.95,"gd":22.67,"wic":{},"woc":{},"wgc":{},"emm":[{"Type":"1","MainRange":54,"MainValue":0.08,"FarRange":108}],"sig":[{"t":"9-1","s":"","d":{"X":-0.52,"Y":-0.24}},{"t":"X1","s":"","d":{"X":0.057,"Y":-0.649}}],"clr":{"R":168,"G":254,"B":235,"A":255}},"LU9-0-29":{"pid":"LU9-S","orb":1263.83,"per":21.06,"ang":121.92,"t":"ASTEROID","sp":"ASTEROID-3","s":21.8,"m":143.9,"gd":36.33,"wic":{},"woc":{},"wgc":{},"emm":[{"Type":"1","MainRange":32,"MainValue":0.27,"FarRange":148}],"sig":[{"t":"9-1","s":"","d":{"X":-0.98,"Y":-0.04}},{"t":"X1","s":"","d":{"X":0.146,"Y":0.566}}],"clr":{"R":252,"G":244,"B":254,"A":255}},"LU9-0-3":{"pid":"LU9-S","orb":1348.64,"per":22.47,"ang":167.26,"t":"ASTEROID","sp":"ASTEROID-2","s":21.02,"m":129.05,"gd":35.03,"wic":{},"woc":{},"wgc":{},"emm":[{"Type":"1","MainRange":64,"MainValue":0.19,"FarRange":102}],"sig":[{"t":"9-1","s":"","d":{"X":-0.13,"Y":0.19}},{"t":"X1","s":"","d":{"X":-0.454,"Y":0.388}}],"clr":{"R":226,"G":185,"B":242,"A":255}},"LU9-0-30":{"pid":"LU9-S","orb":1253.09,"per":20.88,"ang":238.13,"t":"ASTEROID","sp":"ASTEROID-2","s":18.06,"m":81.82,"gd":30.1,"wic":{},"woc":{},"wgc":{},"emm":[{"Type":"1","MainRange":28,"MainValue":0.27,"FarRange":147}],"sig":[{"t":"9-1","s":"","d":{"X":-0.39,"Y":-0.85}},{"t":"X1","s":"","d":{"X":0.372,"Y":0.799}}],"clr":{"R":254,"G":237,"B":241,"A":255}},"LU9-0-31":{"pid":"LU9-S","orb":1371.61,"per":22.86,"ang":258.23,"t":"ASTEROID","sp":"ASTEROID-3","s":15.6,"m":52.82,"gd":26.01,"wic":{},"woc":{},"wgc":{},"emm":[{"Type":"1","MainRange":38,"MainValue":0.17,"FarRange":231}],"sig":[{"t":"9-1","s":"","d":{"X":-0.09,"Y":-0.14}},{"t":"X1","s":"","d":{"X":-0.648,"Y":0.17}}],"clr":{"R":215,"G":250,"B":195,"A":255}},"LU9-0-32":{"pid":"LU9-S","orb":1247.95,"per":20.79,"ang":300.88,"t":"ASTEROID","sp":"ASTEROID-3","s":16.93,"m":67.51,"gd":28.23,"wic":{},"woc":{},"wgc":{},"emm":[{"Type":"1","MainRange":43,"MainValue":0.11,"FarRange":189}],"sig":[{"t":"9-1","s":"","d":{"X":0.68,"Y":-0.17}},{"t":"X1","s":"","d":{"X":0.645,"Y":-0.239}}],"clr":{"R":234,"G":195,"B":240,"A":255}},"LU9-0-33":{"pid":"LU9-S","orb":1353.82,"per":22.56,"ang":25.63,"t":"ASTEROID","sp":"ASTEROID-5","s":15.92,"m":56.08,"gd":26.53,"wic":{},"woc":{},"wgc":{},"emm":[{"Type":"1","MainRange":58,"MainValue":0.2,"FarRange":206}],"sig":[{"t":"9-1","s":"","d":{"X":-0.95,"Y":0.02}},{"t":"X1","s":"","d":{"X":0.979,"Y":0.062}}],"clr":{"R":229,"G":240,"B":250,"A":255}},"LU9-0-34":{"pid":"LU9-S","orb":1446.34,"per":24.1,"ang":4.39,"t":"ASTEROID","sp":"ASTEROID-2","s":12.75,"m":28.8,"gd":21.25,"wic":{},"woc":{},"wgc":{},"emm":[{"Type":"1","MainRange":38,"MainValue":0.14,"FarRange":164}],"sig":[{"t":"9-1","s":"","d":{"X":0.08,"Y":0.63}},{"t":"X1","s":"","d":{"X":0.765,"Y":-0.429}}],"clr":{"R":229,"G":254,"B":232,"A":255}},"LU9-0-35":{"pid":"LU9-S","orb":1379.98,"per":22.99,"ang":243.86,"t":"ASTEROID","sp":"ASTEROID-5","s":29.71,"m":364.33,"gd":49.52,"wic":{},"woc":{},"wgc":{},"emm":[{"Type":"1","MainRange":34,"MainValue":0.24,"FarRange":103}],"sig":[{"t":"9-1","s":"","d":{"X":0.5,"Y":-0.85}},{"t":"X1","s":"","d":{"X":-0.713,"Y":-0.602}}],"clr":{"R":254,"G":246,"B":250,"A":255}},"LU9-0-36":{"pid":"LU9-S","orb":1188.34,"per":19.8,"ang":247.17,"t":"ASTEROID","sp":"ASTEROID-4","s":15.98,"m":56.74,"gd":26.64,"wic":{},"woc":{},"wgc":{},"emm":[{"Type":"1","MainRange":46,"MainValue":0.22,"FarRange":93}],"sig":[{"t":"9-1","s":"","d":{"X":0.85,"Y":0.49}},{"t":"X1","s":"","d":{"X":0.502,"Y":-0.673}}],"clr":{"R":254,"G":213,"B":196,"A":255}},"LU9-0-37":{"pid":"LU9-S","orb":1566.24,"per":26.1,"ang":174.04,"t":"ASTEROID","sp":"ASTEROID-2","s":18.12,"m":82.68,"gd":30.2,"wic":{},"woc":{},"wgc":{},"emm":[{"Type":"1","MainRange":68,"MainValue":0.32,"FarRange":207}],"sig":[{"t":"9-1","s":"","d":{"X":-0.46,"Y":0.24}},{"t":"X1","s":"","d":{"X":0.251,"Y":0.135}}],"clr":{"R":169,"G":182,"B":249,"A":255}},"LU9-0-38":{"pid":"LU9-S","orb":1297.21,"per":21.62,"ang":248.72,"t":"ASTEROID","sp":"ASTEROID-5","s":19.62,"m":104.92,"gd":32.7,"wic":{},"woc":{},"wgc":{},"emm":[{"Type":"1","MainRange":52,"MainValue":0.23,"FarRange":142}],"sig":[{"t":"9-1","s":"","d":{"X":-0.41,"Y":-0.27}},{"t":"X1","s":"","d":{"X":-0.614,"Y":0.301}}],"clr":{"R":249,"G":191,"B":224,"A":255}},"LU9-0-39":{"pid":"LU9-S","orb":1237.38,"per":20.62,"ang":270.33,"t":"ASTEROID","sp":"ASTEROID-1","s":23.68,"m":184.6,"gd":39.47,"wic":{},"woc":{},"wgc":{},"emm":[{"Type":"1","MainRange":56,"MainValue":0.05,"FarRange":146}],"sig":[{"t":"9-1","s":"","d":{"X":0.3,"Y":0.27}},{"t":"X1","s":"","d":{"X":0.058,"Y":-0.831}}],"clr":{"R":230,"G":251,"B":234,"A":255}},"LU9-0-4":{"pid":"LU9-S","orb":1117.59,"per":18.62,"ang":66.9,"t":"ASTEROID","sp":"ASTEROID-5","s":13.48,"m":34.02,"gd":22.46,"wic":{},"woc":{},"wgc":{},"emm":[{"Type":"1","MainRange":23,"MainValue":0.17,"FarRange":141}],"sig":[{"t":"9-1","s":"","d":{"X":-0.36,"Y":-0.5}},{"t":"X1","s":"","d":{"X":-0.219,"Y":-0.139}}],"clr":{"R":226,"G":234,"B":250,"A":255}},"LU9-0-40":{"pid":"LU9-S","orb":1139.73,"per":18.99,"ang":5.98,"t":"ASTEROID","sp":"ASTEROID-4","s":16.26,"m":59.71,"gd":27.1,"wic":{},"woc":{},"wgc":{},"emm":[{"Type":"1","MainRange":54,"MainValue":0.11,"FarRange":166},{"Type":"13","MainRange":40,"MainValue":0.14,"FarRange":66},{"Type":"2","MainRange":44.1,"MainValue":0.19,"FarRange":49}],"sig":[{"t":"9-1","s":"","d":{"X":0.69,"Y":0.01}},{"t":"X1","s":"","d":{"X":0.116,"Y":-0.289}},{"t":"X13","s":"","d":{"X":-0.403,"Y":0.791}},{"t":"X2","s":"","d":{"X":0.488,"Y":-0.654}}],"clr":{"R":254,"G":249,"B":253,"A":255}},"LU9-0-41":{"pid":"LU9-S","orb":1155.45,"per":19.25,"ang":187.34,"t":"ASTEROID","sp":"ASTEROID-3","s":25,"m":217.22,"gd":41.68,"wic":{},"woc":{},"wgc":{},"emm":[{"Type":"1","MainRange":39,"MainValue":0.21,"FarRange":152}],"sig":[{"t":"9-1","s":"","d":{"X":-0.58,"Y":-0.49}},{"t":"X1","s":"","d":{"X":0.686,"Y":-0.264}}],"clr":{"R":244,"G":254,"B":248,"A":255}},"LU9-0-42":{"pid":"LU9-S","orb":1077.76,"per":17.96,"ang":335.56,"t":"ASTEROID","sp":"ASTEROID-2","s":15.43,"m":51.08,"gd":25.72,"wic":{},"woc":{},"wgc":{},"emm":[{"Type":"1","MainRange":72,"MainValue":0.19,"FarRange":124}],"sig":[{"t":"9-1","s":"","d":{"X":-0.63,"Y":0.06}},{"t":"X1","s":"","d":{"X":-0.454,"Y":0.496}}],"clr":{"R":234,"G":205,"B":242,"A":255}},"LU9-0-43":{"pid":"LU9-S","orb":1349.11,"per":22.48,"ang":88.29,"t":"ASTEROID","sp":"ASTEROID-2","s":23.25,"m":174.63,"gd":38.75,"wic":{},"woc":{},"wgc":{},"emm":[{"Type":"1","MainRange":62,"MainValue":0.18,"FarRange":189}],"sig":[{"t":"9-1","s":"","d":{"X":-0.27,"Y":-0.65}},{"t":"X1","s":"","d":{"X":-0.404,"Y":-0.369}}],"clr":{"R":244,"G":214,"B":206,"A":255}},"LU9-0-44":{"pid":"LU9-S","orb":1164.3,"per":19.4,"ang":111.21,"t":"ASTEROID","sp":"ASTEROID-2","s":17.98,"m":80.81,"gd":29.97,"wic":{},"woc":{},"wgc":{},"emm":[{"Type":"1","MainRange":53,"MainValue":0.13,"FarRange":180}],"sig":[{"t":"9-1","s":"","d":{"X":0.32,"Y":0.36}},{"t":"X1","s":"","d":{"X":0.627,"Y":-0.771}}],"clr":{"R":245,"G":197,"B":204,"A":255}},"LU9-0-45":{"pid":"LU9-S","orb":1502.69,"per":25.04,"ang":335.86,"t":"ASTEROID","sp":"ASTEROID-1","s":15.15,"m":48.31,"gd":25.25,"wic":{},"woc":{},"wgc":{},"emm":[{"Type":"1","MainRange":72,"MainValue":0.25,"FarRange":187}],"sig":[{"t":"9-1","s":"","d":{"X":0.42,"Y":-0.79}},{"t":"X1","s":"","d":{"X":0.856,"Y":-0.024}}],"clr":{"R":242,"G":196,"B":232,"A":255}},"LU9-0-46":{"pid":"LU9-S","orb":1423.61,"per":23.72,"ang":284.87,"t":"ASTEROID","sp":"ASTEROID-1","s":20.77,"m":124.45,"gd":34.61,"wic":{},"woc":{},"wgc":{},"emm":[{"Type":"1","MainRange":28,"MainValue":0.14,"FarRange":163}],"sig":[{"t":"9-1","s":"","d":{"X":0.5,"Y":0.37}},{"t":"X1","s":"","d":{"X":0.438,"Y":-0.049}}],"clr":{"R":227,"G":246,"B":235,"A":255}},"LU9-0-47":{"pid":"LU9-S","orb":1378.06,"per":22.96,"ang":46.06,"t":"ASTEROID","sp":"ASTEROID-5","s":14.32,"m":40.84,"gd":23.87,"wic":{},"woc":{},"wgc":{},"emm":[{"Type":"1","MainRange":49,"MainValue":0.21,"FarRange":216}],"sig":[{"t":"9-1","s":"","d":{"X":0.63,"Y":-0.72}},{"t":"X1","s":"","d":{"X":0.662,"Y":0.226}}],"clr":{"R":251,"G":188,"B":196,"A":255}},"LU9-0-48":{"pid":"LU9-S","orb":1260.89,"per":21.01,"ang":53.28,"t":"ASTEROID","sp":"ASTEROID-5","s":27.91,"m":302.23,"gd":46.53,"wic":{},"woc":{},"wgc":{},"emm":[{"Type":"1","MainRange":52,"MainValue":0.17,"FarRange":237}],"sig":[{"t":"9-1","s":"","d":{"X":0.59,"Y":-0.42}},{"t":"X1","s":"","d":{"X":-0.786,"Y":0.589}}],"clr":{"R":204,"G":183,"B":246,"A":255}},"LU9-0-49":{"pid":"LU9-S","orb":1456.43,"per":24.27,"ang":236.58,"t":"ASTEROID","sp":"ASTEROID-4","s":23.94,"m":190.58,"gd":39.9,"wic":{},"woc":{},"wgc":{},"emm":[{"Type":"1","MainRange":43,"MainValue":0.19,"FarRange":135}],"sig":[{"t":"9-1","s":"","d":{"X":0.16,"Y":0.56}},{"t":"X1","s":"","d":{"X":0.131,"Y":0.153}}],"clr":{"R":249,"G":243,"B":215,"A":255}},"LU9-0-5":{"pid":"LU9-S","orb":1156.69,"per":19.27,"ang":148.3,"t":"ASTEROID","sp":"ASTEROID-4","s":17.6,"m":75.84,"gd":29.34,"wic":{},"woc":{},"wgc":{},"emm":[{"Type":"1","MainRange":59,"MainValue":0.1,"FarRange":76}],"sig":[{"t":"9-1","s":"","d":{"X":0.04,"Y":-0.16}},{"t":"X1","s":"","d":{"X":0.741,"Y":-0.005}}],"clr":{"R":243,"G":239,"B":201,"A":255}},"LU9-0-50":{"pid":"LU9-S","orb":1331.05,"per":22.18,"ang":134.12,"t":"ASTEROID","sp":"ASTEROID-1","s":18.23,"m":84.23,"gd":30.39,"wic":{},"woc":{},"wgc":{},"emm":[{"Type":"1","MainRange":71,"MainValue":0.33,"FarRange":113}],"sig":[{"t":"9-1","s":"","d":{"X":-0.45,"Y":-0.32}},{"t":"X1","s":"","d":{"X":-0.54,"Y":0.759}}],"clr":{"R":254,"G":253,"B":251,"A":255}},"LU9-0-51":{"pid":"LU9-S","orb":1211.03,"per":20.18,"ang":34.65,"t":"ASTEROID","sp":"ASTEROID-3","s":15.5,"m":51.74,"gd":25.83,"wic":{},"woc":{},"wgc":{},"emm":[{"Type":"1","MainRange":30,"MainValue":0.13,"FarRange":112}],"sig":[{"t":"9-1","s":"","d":{"X":-0.85,"Y":-0.47}},{"t":"X1","s":"","d":{"X":0.554,"Y":0.402}}],"clr":{"R":214,"G":240,"B":244,"A":255}},"LU9-0-52":{"pid":"LU9-S","orb":1228.81,"per":20.48,"ang":2.91,"t":"ASTEROID","sp":"ASTEROID-4","s":15.85,"m":55.38,"gd":26.42,"wic":{},"woc":{},"wgc":{},"emm":[{"Type":"1","MainRange":60,"MainValue":0.21,"FarRange":100}],"sig":[{"t":"9-1","s":"","d":{"X":0.03,"Y":-0.43}},{"t":"X1","s":"","d":{"X":0.935,"Y":-0.305}}],"clr":{"R":243,"G":234,"B":179,"A":255}},"LU9-0-53":{"pid":"LU9-S","orb":1469.03,"per":24.48,"ang":46.19,"t":"ASTEROID","sp":"ASTEROID-4","s":21.93,"m":146.49,"gd":36.55,"wic":{},"woc":{},"wgc":{},"emm":[{"Type":"1","MainRange":25,"MainValue":0.19,"FarRange":161}],"sig":[{"t":"9-1","s":"","d":{"X":-0.5,"Y":0.59}},{"t":"X1","s":"","d":{"X":-0.336,"Y":0.274}}],"clr":{"R":246,"G":252,"B":249,"A":255}},"LU9-0-54":{"pid":"LU9-S","orb":1175.03,"per":19.58,"ang":80.29,"t":"ASTEROID","sp":"ASTEROID-4","s":25.07,"m":218.92,"gd":41.78,"wic":{},"woc":{},"wgc":{},"emm":[{"Type":"1","MainRange":35,"MainValue":0.27,"FarRange":195}],"sig":[{"t":"9-1","s":"","d":{"X":-0.37,"Y":-0.4}},{"t":"X1","s":"","d":{"X":-0.225,"Y":0.972}}],"clr":{"R":253,"G":238,"B":243,"A":255}},"LU9-0-55":{"pid":"LU9-S","orb":1299.46,"per":21.65,"ang":162.56,"t":"ASTEROID","sp":"ASTEROID-5","s":32.89,"m":494.47,"gd":54.82,"wic":{},"woc":{},"wgc":{},"emm":[{"Type":"1","MainRange":46,"MainValue":0.21,"FarRange":131}],"sig":[{"t":"9-1","s":"","d":{"X":0.92,"Y":-0.33}},{"t":"X1","s":"","d":{"X":0.638,"Y":0.062}}],"clr":{"R":239,"G":193,"B":228,"A":255}},"LU9-0-56":{"pid":"LU9-S","orb":1264.23,"per":21.07,"ang":56.92,"t":"ASTEROID","sp":"ASTEROID-5","s":17.15,"m":70.1,"gd":28.58,"wic":{},"woc":{},"wgc":{},"emm":[{"Type":"1","MainRange":59,"MainValue":0.12,"FarRange":107}],"sig":[{"t":"9-1","s":"","d":{"X":0.51,"Y":-0.3}},{"t":"X1","s":"","d":{"X":-0.759,"Y":-0.182}}],"clr":{"R":254,"G":254,"B":254,"A":255}},"LU9-0-57":{"pid":"LU9-S","orb":1351.05,"per":22.51,"ang":30.65,"t":"ASTEROID","sp":"ASTEROID-1","s":16.31,"m":60.28,"gd":27.18,"wic":{},"woc":{},"wgc":{},"emm":[{"Type":"1","MainRange":56,"MainValue":0.11,"FarRange":101}],"sig":[{"t":"9-1","s":"","d":{"X":0.34,"Y":0.57}},{"t":"X1","s":"","d":{"X":0.47,"Y":-0.297}}],"clr":{"R":233,"G":220,"B":251,"A":255}},"LU9-0-58":{"pid":"LU9-S","orb":1226.88,"per":20.44,"ang":5.47,"t":"ASTEROID","sp":"ASTEROID-5","s":11.26,"m":19.83,"gd":18.76,"wic":{},"woc":{},"wgc":{},"emm":[{"Type":"1","MainRange":59,"MainValue":0.01,"FarRange":193}],"sig":[{"t":"9-1","s":"","d":{"X":-0.86,"Y":-0.3}},{"t":"X1","s":"","d":{"X":-0.366,"Y":-0.411}}],"clr":{"R":242,"G":237,"B":214,"A":255}},"LU9-0-59":{"pid":"LU9-S","orb":1299.52,"per":21.65,"ang":296.06,"t":"ASTEROID","sp":"ASTEROID-3","s":19.7,"m":106.25,"gd":32.84,"wic":{},"woc":{},"wgc":{},"emm":[{"Type":"1","MainRange":78,"MainValue":0.2,"FarRange":212},{"Type":"15","MainRange":56,"MainValue":0.18,"FarRange":136}],"sig":[{"t":"9-1","s":"","d":{"X":-0.01,"Y":0.46}},{"t":"X1","s":"","d":{"X":-0.009,"Y":-0.481}},{"t":"X15","s":"","d":{"X":0.025,"Y":0.668}}],"clr":{"R":244,"G":233,"B":252,"A":255}},"LU9-0-6":{"pid":"LU9-S","orb":1119.87,"per":18.66,"ang":30.13,"t":"ASTEROID","sp":"ASTEROID-1","s":23.77,"m":186.53,"gd":39.61,"wic":{},"woc":{},"wgc":{},"emm":[{"Type":"1","MainRange":50,"MainValue":0.11,"FarRange":153}],"sig":[{"t":"9-1","s":"","d":{"X":0.16,"Y":-0.67}},{"t":"X1","s":"","d":{"X":0.271,"Y":-0.331}}],"clr":{"R":238,"G":211,"B":244,"A":255}},"LU9-0-60":{"pid":"LU9-S","orb":1340.81,"per":22.34,"ang":243.93,"t":"ASTEROID","sp":"ASTEROID-2","s":13.2,"m":31.97,"gd":22,"wic":{},"woc":{},"wgc":{},"emm":[{"Type":"1","MainRange":15,"MainValue":0.18,"FarRange":134}],"sig":[{"t":"9-1","s":"","d":{"X":-0.69,"Y":-0.59}},{"t":"X1","s":"","d":{"X":0.864,"Y":-0.047}}],"clr":{"R":253,"G":211,"B":241,"A":255}},"LU9-0-61":{"pid":"LU9-S","orb":1318.23,"per":21.97,"ang":58.88,"t":"ASTEROID","sp":"ASTEROID-4","s":17.91,"m":79.9,"gd":29.86,"wic":{},"woc":{},"wgc":{},"emm":[{"Type":"1","MainRange":48,"MainValue":0.13,"FarRange":154}],"sig":[{"t":"9-1","s":"","d":{"X":-0.32,"Y":-0.2}},{"t":"X1","s":"","d":{"X":-0.311,"Y":-0.766}}],"clr":{"R":196,"G":235,"B":241,"A":255}},"LU9-0-62":{"pid":"LU9-S","orb":1242.93,"per":20.71,"ang":78.13,"t":"ASTEROID","sp":"ASTEROID-4","s":16.63,"m":63.96,"gd":27.72,"wic":{},"woc":{},"wgc":{},"emm":[{"Type":"1","MainRange":52,"MainValue":0.17,"FarRange":158}],"sig":[{"t":"9-1","s":"","d":{"X":0.19,"Y":-0.52}},{"t":"X1","s":"","d":{"X":-0.023}}],"clr":{"R":250,"G":253,"B":248,"A":255}},"LU9-0-63":{"pid":"LU9-S","orb":1369.57,"per":22.82,"ang":81.15,"t":"ASTEROID","sp":"ASTEROID-2","s":19.12,"m":97.12,"gd":31.87,"wic":{},"woc":{},"wgc":{},"emm":[{"Type":"1","MainRange":48.6,"MainValue":0.24,"FarRange":54}],"sig":[{"t":"9-1","s":"","d":{"X":-0.64,"Y":0.67}},{"t":"X1","s":"","d":{"X":0.047,"Y":-0.396}}],"clr":{"R":208,"G":251,"B":181,"A":255}},"LU9-0-64":{"pid":"LU9-S","orb":1414.96,"per":23.58,"ang":225.81,"t":"ASTEROID","sp":"ASTEROID-3","s":28.51,"m":322.16,"gd":47.53,"wic":{},"woc":{},"wgc":{},"emm":[{"Type":"1","MainRange":45,"MainValue":0.15,"FarRange":82}],"sig":[{"t":"9-1","s":"","d":{"X":-0.74,"Y":0.67}},{"t":"X1","s":"","d":{"X":-0.029,"Y":-0.367}}],"clr":{"R":193,"G":198,"B":246,"A":255}},"LU9-0-65":{"pid":"LU9-S","orb":1574.06,"per":26.23,"ang":224.57,"t":"ASTEROID","sp":"ASTEROID-1","s":20.15,"m":113.69,"gd":33.58,"wic":{},"woc":{},"wgc":{},"emm":[{"Type":"1","MainRange":50,"MainValue":0.26,"FarRange":151},{"Type":"10","MainRange":47,"MainValue":0.17,"FarRange":152},{"Type":"27","MainRange":22,"MainValue":0.26,"FarRange":190}],"sig":[{"t":"9-1","s":"","d":{"X":-0.44,"Y":-0.17}},{"t":"X1","s":"","d":{"X":-0.08,"Y":-0.896}},{"t":"X10","s":"","d":{"X":0.557,"Y":-0.338}},{"t":"X27","s":"","d":{"X":-0.797,"Y":-0.167}}],"clr":{"R":231,"G":187,"B":247,"A":255}},"LU9-0-66":{"pid":"LU9-S","orb":1243.27,"per":20.72,"ang":64.37,"t":"ASTEROID","sp":"ASTEROID-4","s":21.46,"m":137.28,"gd":35.76,"wic":{},"woc":{},"wgc":{},"emm":[{"Type":"1","MainRange":35,"MainValue":0.16,"FarRange":144}],"sig":[{"t":"9-1","s":"","d":{"X":-0.41,"Y":-0.36}},{"t":"X1","s":"","d":{"X":-0.628,"Y":-0.532}}],"clr":{"R":239,"G":250,"B":254,"A":255}},"LU9-0-67":{"pid":"LU9-S","orb":1153.37,"per":19.22,"ang":38.1,"t":"ASTEROID","sp":"ASTEROID-1","s":19.51,"m":103.17,"gd":32.52,"wic":{},"woc":{},"wgc":{},"emm":[{"Type":"1","MainRange":54,"MainValue":0.31,"FarRange":149}],"sig":[{"t":"9-1","s":"","d":{"X":0.5,"Y":-0.06}},{"t":"X1","s":"","d":{"X":0.481,"Y":0.54}}],"clr":{"R":235,"G":250,"B":247,"A":255}},"LU9-0-68":{"pid":"LU9-S","orb":1231.15,"per":20.51,"ang":262.89,"t":"ASTEROID","sp":"ASTEROID-5","s":20.86,"m":126.22,"gd":34.78,"wic":{},"woc":{},"wgc":{},"emm":[{"Type":"1","MainRange":55,"MainValue":0.32,"FarRange":157}],"sig":[{"t":"9-1","s":"","d":{"X":-0.39,"Y":0.53}},{"t":"X1","s":"","d":{"X":0.374,"Y":-0.069}}],"clr":{"R":254,"G":166,"B":193,"A":255}},"LU9-0-69":{"pid":"LU9-S","orb":1313.23,"per":21.88,"ang":239.03,"t":"ASTEROID","sp":"ASTEROID-3","s":20.37,"m":117.41,"gd":33.95,"wic":{},"woc":{},"wgc":{},"emm":[{"Type":"1","MainRange":61,"MainValue":0.26,"FarRange":170}],"sig":[{"t":"9-1","s":"","d":{"X":0.75,"Y":-0.18}},{"t":"X1","s":"","d":{"X":0.946,"Y":-0.251}}],"clr":{"R":242,"G":185,"B":230,"A":255}},"LU9-0-7":{"pid":"LU9-S","orb":1392.13,"per":23.2,"ang":210.06,"t":"ASTEROID","sp":"ASTEROID-1","s":19.19,"m":98.23,"gd":31.99,"wic":{},"woc":{},"wgc":{},"emm":[{"Type":"1","MainRange":25,"MainValue":0.15,"FarRange":158}],"sig":[{"t":"9-1","s":"","d":{"X":-0.91,"Y":0.21}},{"t":"X1","s":"","d":{"X":-0.325,"Y":-0.751}}],"clr":{"R":253,"G":247,"B":251,"A":255}},"LU9-0-70":{"pid":"LU9-S","orb":999.47,"per":16.65,"ang":71.78,"t":"ASTEROID","sp":"ASTEROID-1","s":20.1,"m":112.8,"gd":33.5,"wic":{},"woc":{},"wgc":{},"emm":[{"Type":"1","MainRange":51.300000000000004,"MainValue":0.26,"FarRange":57}],"sig":[{"t":"9-1","s":"","d":{"X":0.64,"Y":0.16}},{"t":"X1","s":"","d":{"X":-0.69,"Y":-0.584}}],"clr":{"R":236,"G":239,"B":251,"A":255}},"LU9-0-71":{"pid":"LU9-S","orb":1244.9,"per":20.74,"ang":86.74,"t":"ASTEROID","sp":"ASTEROID-4","s":18.27,"m":84.75,"gd":30.45,"wic":{},"woc":{},"wgc":{},"emm":[{"Type":"1","MainRange":95,"MainValue":0.17,"FarRange":168},{"Type":"2","MainRange":31,"MainValue":0.27,"FarRange":166}],"sig":[{"t":"9-1","s":"","d":{"X":0.34,"Y":0.84}},{"t":"X1","s":"","d":{"X":0.205,"Y":-0.297}},{"t":"X2","s":"","d":{"X":0.263,"Y":-0.021}}],"clr":{"R":247,"G":237,"B":252,"A":255}},"LU9-0-72":{"pid":"LU9-S","orb":1177.3,"per":19.62,"ang":141.08,"t":"ASTEROID","sp":"ASTEROID-1","s":28.54,"m":322.89,"gd":47.56,"wic":{},"woc":{},"wgc":{},"emm":[{"Type":"1","MainRange":66,"MainValue":0.17,"FarRange":212}],"sig":[{"t":"9-1","s":"","d":{"X":0.57,"Y":-0.71}},{"t":"X1","s":"","d":{"X":0.268,"Y":-0.077}}],"clr":{"R":245,"G":212,"B":232,"A":255}},"LU9-0-73":{"pid":"LU9-S","orb":1454.92,"per":24.24,"ang":187.26,"t":"ASTEROID","sp":"ASTEROID-3","s":22.48,"m":157.88,"gd":37.47,"wic":{},"woc":{},"wgc":{},"emm":[{"Type":"1","MainRange":66,"MainValue":0.21,"FarRange":117}],"sig":[{"t":"9-1","s":"","d":{"X":-0.37,"Y":-0.72}},{"t":"X1","s":"","d":{"X":0.761,"Y":0.341}}],"clr":{"R":169,"G":246,"B":239,"A":255}},"LU9-0-74":{"pid":"LU9-S","orb":1126.19,"per":18.76,"ang":243.74,"t":"ASTEROID","sp":"ASTEROID-2","s":22.14,"m":150.92,"gd":36.91,"wic":{},"woc":{},"wgc":{},"emm":[{"Type":"1","MainRange":37,"MainValue":0.23,"FarRange":169}],"sig":[{"t":"9-1","s":"","d":{"X":0.52,"Y":-0.59}},{"t":"X1","s":"","d":{"X":0.095,"Y":-0.616}}],"clr":{"R":248,"G":205,"B":173,"A":255}},"LU9-0-8":{"pid":"LU9-S","orb":1129.13,"per":18.81,"ang":232.07,"t":"ASTEROID","sp":"ASTEROID-2","s":16.32,"m":60.38,"gd":27.2,"wic":{},"woc":{},"wgc":{},"emm":[{"Type":"1","MainRange":27,"MainValue":0.14,"FarRange":210}],"sig":[{"t":"9-1","s":"","d":{"X":0.7,"Y":-0.44}},{"t":"X1","s":"","d":{"X":-0.519,"Y":-0.329}}],"clr":{"R":248,"G":248,"B":233,"A":255}},"LU9-0-9":{"pid":"LU9-S","orb":1337.81,"per":22.29,"ang":242.89,"t":"ASTEROID","sp":"ASTEROID-2","s":26.85,"m":269.12,"gd":44.76,"wic":{},"woc":{},"wgc":{},"emm":[{"Type":"1","MainRange":14,"MainValue":0.28,"FarRange":203}],"sig":[{"t":"9-1","s":"","d":{"X":-0.64,"Y":0.74}},{"t":"X1","s":"","d":{"X":-0.436,"Y":0.863}}],"clr":{"R":228,"G":193,"B":254,"A":255}},"LU9-725":{"pid":"LU9-S","orb":2125.63,"per":35.42,"t":"GASPLANET","sp":"GASPLANET-26","s":266.24,"m":183496.63,"gd":443.74,"wic":{},"woc":{},"wgc":{},"sig":[{"t":"0-3","s":"","d":{"X":0.02,"Y":-0.37}},{"t":"1-3","s":"","d":{"X":-0.02,"Y":0.44}},{"t":"3-1","s":"","d":{"X":0.59,"Y":0.18}},{"t":"6-2","s":"","d":{"X":0.77,"Y":-0.43}},{"t":"7-2","s":"","d":{"X":-0.06,"Y":-0.56}},{"t":"7-3","s":"","d":{"X":-0.71,"Y":0.12}},{"t":"8-1","s":"","d":{"X":0.45,"Y":-0.76}},{"t":"10-1","s":"","d":{"X":-0.57,"Y":0.47}},{"t":"11-1","s":"","d":{"X":0.89,"Y":-0.29}}],"clr":{"R":220,"G":208,"B":246,"A":255}},"LU9-S":{"t":"STAR","sp":"STAR-11","s":416.65,"m":4018467.73,"gd":1388.85,"wic":{},"woc":{},"wgc":{},"emm":[{"Type":"2","MainRange":1379,"MainValue":4.65,"FarRange":3061}],"sig":[{"t":"X2","s":"","d":{"X":0.68,"Y":-0.242}}],"clr":{"R":252,"G":170,"B":174,"A":255}}}}