{"SpawnDistance":1650.0000000000002,"Points":{"HI9-761":{"pid":"HI9-S","orb":1366.08,"per":22.76,"t":"GASPLANET","sp":"GASPLANET-53","s":324.16,"m":331179.36,"gd":540.27,"wic":{},"woc":{},"wgc":{},"sig":[{"t":"0-3","s":"","d":{"X":0.44,"Y":0.53}},{"t":"1-3","s":"","d":{"X":0.26,"Y":-0.05}},{"t":"3-1","s":"","d":{"X":0.18,"Y":0.75}},{"t":"6-3","s":"","d":{"X":-0.82,"Y":-0.18}},{"t":"7-2","s":"","d":{"X":0.14,"Y":0.59}},{"t":"7-3","s":"","d":{"X":0.36,"Y":0.31}},{"t":"8-1","s":"","d":{"X":0.8,"Y":-0.48}},{"t":"11-1","s":"","d":{"X":-0.81,"Y":-0.51}}],"clr":{"R":239,"G":249,"B":252,"A":255}},"HI9-S":{"t":"STAR","sp":"STAR-3","s":573.79,"m":10495537.32,"gd":1912.66,"wic":{},"woc":{},"wgc":{},"emm":[{"Type":"2","MainRange":1184,"MainValue":6.85,"FarRange":1950},{"Type":"1","MainRange":709,"MainValue":3.61,"FarRange":2534}],"sig":[{"t":"X2","s":"","d":{"X":-0.782,"Y":-0.41}},{"t":"X1","s":"","d":{"X":0.139,"Y":-0.136}}],"clr":{"R":243,"G":206,"B":224,"A":255}}}}