{"SpawnDistance":2229.2490000000003,"Points":{"CG1-188":{"pid":"CG1-S","orb":2026.59,"per":33.77,"t":"GASPLANET","sp":"GASPLANET-32","s":119.93,"m":16774.6,"gd":199.89,"wic":{},"woc":{},"wgc":{},"emm":[{"Type":"2","MainRange":366,"MainValue":1.33,"FarRange":972}],"sig":[{"t":"0-3","s":"","d":{"X":0.07,"Y":-0.98}},{"t":"1-3","s":"","d":{"X":-0.03,"Y":-0.8}},{"t":"3-1","s":"","d":{"X":-0.38,"Y":-0.21}},{"t":"6-2","s":"","d":{"X":0.67,"Y":-0.05}},{"t":"7-2","s":"","d":{"X":0.55,"Y":0.47}},{"t":"7-3","s":"","d":{"X":0.55,"Y":-0.6}},{"t":"8-1","s":"","d":{"X":0.63,"Y":-0.49}},{"t":"10-1","s":"","d":{"X":0.67,"Y":-0.53}},{"t":"11-1","s":"","d":{"X":-0.71,"Y":0.27}},{"t":"X2","s":"","d":{"X":0.368,"Y":0.903}}],"clr":{"R":233,"G":214,"B":247,"A":255}},"CG1-373":{"pid":"CG1-S","orb":563.18,"per":9.38,"t":"GASPLANET","sp":"GASPLANET-11","s":262.6,"m":176064.13,"gd":437.67,"wic":{},"woc":{},"wgc":{},"sig":[{"t":"0-2","s":"","d":{"X":-0.41,"Y":-0.67}},{"t":"1-3","s":"","d":{"X":-0.07,"Y":-0.92}},{"t":"3-1","s":"","d":{"X":-0.48,"Y":-0.54}},{"t":"6-3","s":"","d":{"X":-0.44,"Y":0.87}},{"t":"10-1","s":"","d":{"X":0.85,"Y":-0.19}},{"t":"11-1","s":"","d":{"X":-0.18,"Y":0.14}}],"clr":{"R":220,"G":250,"B":224,"A":255}},"CG1-373-0":{"pid":"CG1-373","orb":155.07,"per":2.58,"ang":232.23,"t":"ASTEROID","sp":"ASTEROID-5","s":17.31,"m":72.16,"gd":28.86,"wic":{},"woc":{},"wgc":{},"emm":[{"Type":"1","MainRange":74,"MainValue":0.21,"FarRange":87}],"sig":[{"t":"9-1","s":"","d":{"X":-0.82,"Y":-0.42}},{"t":"X1","s":"","d":{"X":0.651,"Y":0.693}}],"clr":{"R":244,"G":194,"B":245,"A":255}},"CG1-373-1":{"pid":"CG1-373","orb":159.94,"per":2.66,"ang":276.52,"t":"ASTEROID","sp":"ASTEROID-5","s":31.63,"m":439.85,"gd":52.73,"wic":{},"woc":{},"wgc":{},"emm":[{"Type":"1","MainRange":56,"MainValue":0.21,"FarRange":199}],"sig":[{"t":"9-1","s":"","d":{"X":-0.03,"Y":0.17}},{"t":"X1","s":"","d":{"X":-0.407,"Y":0.437}}],"clr":{"R":254,"G":252,"B":252,"A":255}},"CG1-373-10":{"pid":"CG1-373","orb":148.27,"per":2.47,"ang":189.54,"t":"ASTEROID","sp":"ASTEROID-4","s":33.28,"m":512.31,"gd":55.48,"wic":{},"woc":{},"wgc":{},"emm":[{"Type":"1","MainRange":43,"MainValue":0.18,"FarRange":80}],"sig":[{"t":"9-1","s":"","d":{"X":-0.48,"Y":0.43}},{"t":"X1","s":"","d":{"X":-0.281,"Y":-0.793}}],"clr":{"R":196,"G":173,"B":251,"A":255}},"CG1-373-11":{"pid":"CG1-373","orb":168.91,"per":2.81,"ang":49.92,"t":"ASTEROID","sp":"ASTEROID-5","s":23.8,"m":187.24,"gd":39.66,"wic":{},"woc":{},"wgc":{},"emm":[{"Type":"1","MainRange":21,"MainValue":0.19,"FarRange":138}],"sig":[{"t":"9-1","s":"","d":{"X":0.08,"Y":-0.08}},{"t":"X1","s":"","d":{"X":0.142,"Y":0.627}}],"clr":{"R":226,"G":197,"B":242,"A":255}},"CG1-373-12":{"pid":"CG1-373","orb":172.21,"per":2.87,"ang":112.02,"t":"ASTEROID","sp":"ASTEROID-4","s":25,"m":217.24,"gd":41.68,"wic":{},"woc":{},"wgc":{},"emm":[{"Type":"1","MainRange":63,"MainValue":0.23,"FarRange":70}],"sig":[{"t":"9-1","s":"","d":{"X":-0.71,"Y":0.11}},{"t":"X1","s":"","d":{"X":-0.003,"Y":-0.71}}],"clr":{"R":244,"G":202,"B":215,"A":255}},"CG1-373-13":{"pid":"CG1-373","orb":168.98,"per":2.81,"ang":174.63,"t":"ASTEROID","sp":"ASTEROID-2","s":27.18,"m":279,"gd":45.3,"wic":{},"woc":{},"wgc":{},"emm":[{"Type":"1","MainRange":24,"MainValue":0.2,"FarRange":193}],"sig":[{"t":"9-1","s":"","d":{"X":-0.67,"Y":0.22}},{"t":"X1","s":"","d":{"X":0.234,"Y":-0.17}}],"clr":{"R":253,"G":231,"B":234,"A":255}},"CG1-373-14":{"pid":"CG1-373","orb":140.33,"per":2.33,"ang":182.77,"t":"ASTEROID","sp":"ASTEROID-1","s":16.96,"m":67.8,"gd":28.27,"wic":{},"woc":{},"wgc":{},"emm":[{"Type":"1","MainRange":48,"MainValue":0.19,"FarRange":188}],"sig":[{"t":"9-1","s":"","d":{"X":0.49,"Y":-0.43}},{"t":"X1","s":"","d":{"X":0.664,"Y":0.004}}],"clr":{"R":248,"G":254,"B":254,"A":255}},"CG1-373-15":{"pid":"CG1-373","orb":212.68,"per":3.54,"ang":119.54,"t":"ASTEROID","sp":"ASTEROID-1","s":31.41,"m":430.41,"gd":52.35,"wic":{},"woc":{},"wgc":{},"emm":[{"Type":"1","MainRange":72,"MainValue":0.19,"FarRange":80}],"sig":[{"t":"9-1","s":"","d":{"X":0.17,"Y":-0.09}},{"t":"X1","s":"","d":{"X":0.143,"Y":0.989}}],"clr":{"R":202,"G":207,"B":238,"A":255}},"CG1-373-16":{"pid":"CG1-373","orb":140.49,"per":2.34,"ang":216.81,"t":"ASTEROID","sp":"ASTEROID-2","s":18.53,"m":88.39,"gd":30.88,"wic":{},"woc":{},"wgc":{},"emm":[{"Type":"1","MainRange":46,"MainValue":0.24,"FarRange":170}],"sig":[{"t":"9-1","s":"","d":{"X":0.39,"Y":0.75}},{"t":"X1","s":"","d":{"X":0.876,"Y":-0.128}}],"clr":{"R":250,"G":250,"B":212,"A":255}},"CG1-373-17":{"pid":"CG1-373","orb":144.1,"per":2.4,"ang":112.01,"t":"ASTEROID","sp":"ASTEROID-4","s":13.3,"m":32.73,"gd":22.18,"wic":{},"woc":{},"wgc":{},"emm":[{"Type":"1","MainRange":77,"MainValue":0.26,"FarRange":90}],"sig":[{"t":"9-1","s":"","d":{"X":0.48,"Y":0.14}},{"t":"X1","s":"","d":{"X":0.088,"Y":-0.724}}],"clr":{"R":254,"G":246,"B":253,"A":255}},"CG1-373-18":{"pid":"CG1-373","orb":160.97,"per":2.68,"ang":124.44,"t":"ASTEROID","sp":"ASTEROID-3","s":25.95,"m":242.83,"gd":43.25,"wic":{},"woc":{},"wgc":{},"emm":[{"Type":"1","MainRange":40,"MainValue":0.18,"FarRange":131}],"sig":[{"t":"9-1","s":"","d":{"X":0.68,"Y":-0.52}},{"t":"X1","s":"","d":{"X":-0.129,"Y":0.395}}],"clr":{"R":238,"G":223,"B":247,"A":255}},"CG1-373-19":{"pid":"CG1-373","orb":149.36,"per":2.48,"ang":270.8,"t":"ASTEROID","sp":"ASTEROID-5","s":21.78,"m":143.51,"gd":36.3,"wic":{},"woc":{},"wgc":{},"emm":[{"Type":"1","MainRange":57,"MainValue":0.3,"FarRange":145}],"sig":[{"t":"9-1","s":"","d":{"X":-0.24}},{"t":"X1","s":"","d":{"X":-0.915,"Y":-0.234}}],"clr":{"R":254,"G":246,"B":241,"A":255}},"CG1-373-2":{"pid":"CG1-373","orb":142.29,"per":2.37,"ang":191.54,"t":"ASTEROID","sp":"ASTEROID-5","s":27.2,"m":279.51,"gd":45.33,"wic":{},"woc":{},"wgc":{},"emm":[{"Type":"1","MainRange":75,"MainValue":0.1,"FarRange":212},{"Type":"15","MainRange":65,"MainValue":0.2,"FarRange":209},{"Type":"6","MainRange":81,"MainValue":0.24,"FarRange":147}],"sig":[{"t":"9-1","s":"","d":{"X":-0.63,"Y":0.45}},{"t":"X1","s":"","d":{"X":-0.257,"Y":0.227}},{"t":"X15","s":"","d":{"X":-0.646,"Y":-0.386}},{"t":"X6","s":"","d":{"X":-0.186,"Y":-0.325}}],"clr":{"R":230,"G":254,"B":225,"A":255}},"CG1-373-20":{"pid":"CG1-373","orb":181.05,"per":3.01,"ang":64.47,"t":"ASTEROID","sp":"ASTEROID-5","s":24.93,"m":215.22,"gd":41.55,"wic":{},"woc":{},"wgc":{},"emm":[{"Type":"1","MainRange":65,"MainValue":0.15,"FarRange":156},{"Type":"3","MainRange":53,"MainValue":0.25,"FarRange":140},{"Type":"16","MainRange":54,"MainValue":0.26,"FarRange":165},{"Type":"5","MainRange":73,"MainValue":0.21,"FarRange":183}],"sig":[{"t":"9-1","s":"","d":{"X":0.43,"Y":0.43}},{"t":"X1","s":"","d":{"X":-0.26,"Y":-0.825}},{"t":"X3","s":"","d":{"X":0.177,"Y":0.484}},{"t":"X16","s":"","d":{"X":-0.602,"Y":-0.495}},{"t":"X5","s":"","d":{"X":0.27,"Y":0.639}}],"clr":{"R":245,"G":212,"B":198,"A":255}},"CG1-373-21":{"pid":"CG1-373","orb":187.25,"per":3.12,"ang":217.74,"t":"ASTEROID","sp":"ASTEROID-2","s":29.88,"m":370.51,"gd":49.8,"wic":{},"woc":{},"wgc":{},"emm":[{"Type":"1","MainRange":57,"MainValue":0.29,"FarRange":102}],"sig":[{"t":"9-1","s":"","d":{"X":0.09,"Y":0.88}},{"t":"X1","s":"","d":{"X":0.679,"Y":-0.218}}],"clr":{"R":223,"G":210,"B":245,"A":255}},"CG1-373-22":{"pid":"CG1-373","orb":141.71,"per":2.36,"ang":151.18,"t":"ASTEROID","sp":"ASTEROID-3","s":21.33,"m":134.9,"gd":35.56,"wic":{},"woc":{},"wgc":{},"emm":[{"Type":"1","MainRange":37,"MainValue":0.27,"FarRange":157}],"sig":[{"t":"9-1","s":"","d":{"X":0.74}},{"t":"X1","s":"","d":{"X":0.399,"Y":0.247}}],"clr":{"R":251,"G":254,"B":254,"A":255}},"CG1-373-23":{"pid":"CG1-373","orb":160.42,"per":2.67,"ang":134.72,"t":"ASTEROID","sp":"ASTEROID-4","s":20.04,"m":111.91,"gd":33.41,"wic":{},"woc":{},"wgc":{},"emm":[{"Type":"1","MainRange":29,"MainValue":0.17,"FarRange":161}],"sig":[{"t":"9-1","s":"","d":{"X":-0.89,"Y":0.39}},{"t":"X1","s":"","d":{"X":-0.246,"Y":-0.016}}],"clr":{"R":246,"G":251,"B":253,"A":255}},"CG1-373-24":{"pid":"CG1-373","orb":177.49,"per":2.95,"ang":212.65,"t":"ASTEROID","sp":"ASTEROID-3","s":15.11,"m":47.97,"gd":25.19,"wic":{},"woc":{},"wgc":{},"emm":[{"Type":"1","MainRange":84,"MainValue":0.14,"FarRange":156}],"sig":[{"t":"9-1","s":"","d":{"X":0.57,"Y":0.66}},{"t":"X1","s":"","d":{"X":-0.123,"Y":-0.593}}],"clr":{"R":226,"G":231,"B":252,"A":255}},"CG1-373-25":{"pid":"CG1-373","orb":145.53,"per":2.42,"ang":329.81,"t":"ASTEROID","sp":"ASTEROID-5","s":27.15,"m":278.08,"gd":45.25,"wic":{},"woc":{},"wgc":{},"emm":[{"Type":"1","MainRange":37,"MainValue":0.19,"FarRange":221}],"sig":[{"t":"9-1","s":"","d":{"X":-0.67,"Y":-0.48}},{"t":"X1","s":"","d":{"X":-0.035,"Y":0.742}}],"clr":{"R":188,"G":235,"B":249,"A":255}},"CG1-373-26":{"pid":"CG1-373","orb":134.13,"per":2.23,"ang":132.82,"t":"ASTEROID","sp":"ASTEROID-5","s":19.34,"m":100.48,"gd":32.23,"wic":{},"woc":{},"wgc":{},"emm":[{"Type":"1","MainRange":56,"MainValue":0.26,"FarRange":172}],"sig":[{"t":"9-1","s":"","d":{"X":-0.73,"Y":0.59}},{"t":"X1","s":"","d":{"X":0.761,"Y":0.211}}],"clr":{"R":245,"G":242,"B":251,"A":255}},"CG1-373-27":{"pid":"CG1-373","orb":183.71,"per":3.06,"ang":12.58,"t":"ASTEROID","sp":"ASTEROID-2","s":18.33,"m":85.63,"gd":30.56,"wic":{},"woc":{},"wgc":{},"emm":[{"Type":"1","MainRange":16,"MainValue":0.29,"FarRange":151}],"sig":[{"t":"9-1","s":"","d":{"X":0.6,"Y":0.51}},{"t":"X1","s":"","d":{"X":-0.486,"Y":0.5}}],"clr":{"R":226,"G":198,"B":251,"A":255}},"CG1-373-28":{"pid":"CG1-373","orb":163.5,"per":2.72,"ang":351.91,"t":"ASTEROID","sp":"ASTEROID-2","s":22.69,"m":162.34,"gd":37.82,"wic":{},"woc":{},"wgc":{},"emm":[{"Type":"1","MainRange":50,"MainValue":0.25,"FarRange":84}],"sig":[{"t":"9-1","s":"","d":{"X":-0.56,"Y":0.68}},{"t":"X1","s":"","d":{"X":0.637,"Y":0.048}}],"clr":{"R":238,"G":223,"B":199,"A":255}},"CG1-373-29":{"pid":"CG1-373","orb":160.35,"per":2.67,"ang":202.14,"t":"ASTEROID","sp":"ASTEROID-4","s":12.86,"m":29.57,"gd":21.44,"wic":{},"woc":{},"wgc":{},"emm":[{"Type":"1","MainRange":57,"MainValue":0.15,"FarRange":66}],"sig":[{"t":"9-1","s":"","d":{"X":-0.13,"Y":0.69}},{"t":"X1","s":"","d":{"X":-0.695,"Y":0.189}}],"clr":{"R":238,"G":209,"B":202,"A":255}},"CG1-373-3":{"pid":"CG1-373","orb":169.33,"per":2.82,"ang":276.09,"t":"ASTEROID","sp":"ASTEROID-4","s":21.06,"m":129.78,"gd":35.1,"wic":{},"woc":{},"wgc":{},"emm":[{"Type":"1","MainRange":55,"MainValue":0.13,"FarRange":107}],"sig":[{"t":"9-1","s":"","d":{"X":-0.63,"Y":0.17}},{"t":"X1","s":"","d":{"X":-0.171,"Y":-0.423}}],"clr":{"R":189,"G":244,"B":244,"A":255}},"CG1-373-30":{"pid":"CG1-373","orb":166.92,"per":2.78,"ang":94.09,"t":"ASTEROID","sp":"ASTEROID-2","s":19.21,"m":98.56,"gd":32.02,"wic":{},"woc":{},"wgc":{},"emm":[{"Type":"1","MainRange":52,"MainValue":0.18,"FarRange":192}],"sig":[{"t":"9-1","s":"","d":{"X":0.12,"Y":-0.56}},{"t":"X1","s":"","d":{"X":-0.05,"Y":0.515}}],"clr":{"R":177,"G":237,"B":196,"A":255}},"CG1-373-31":{"pid":"CG1-373","orb":174.13,"per":2.9,"ang":99.45,"t":"ASTEROID","sp":"ASTEROID-3","s":13.4,"m":33.44,"gd":22.33,"wic":{},"woc":{},"wgc":{},"emm":[{"Type":"1","MainRange":68,"MainValue":0.13,"FarRange":170}],"sig":[{"t":"9-1","s":"","d":{"X":-0.81,"Y":-0.36}},{"t":"X1","s":"","d":{"X":0.007,"Y":0.511}}],"clr":{"R":245,"G":234,"B":224,"A":255}},"CG1-373-32":{"pid":"CG1-373","orb":180.63,"per":3.01,"ang":353.81,"t":"ASTEROID","sp":"ASTEROID-5","s":31.05,"m":416.02,"gd":51.76,"wic":{},"woc":{},"wgc":{},"emm":[{"Type":"1","MainRange":44,"MainValue":0.19,"FarRange":177}],"sig":[{"t":"9-1","s":"","d":{"X":0.39,"Y":-0.76}},{"t":"X1","s":"","d":{"X":0.29,"Y":0.58}}],"clr":{"R":214,"G":251,"B":243,"A":255}},"CG1-373-33":{"pid":"CG1-373","orb":176.91,"per":2.94,"ang":0.05,"t":"ASTEROID","sp":"ASTEROID-4","s":20.06,"m":112.14,"gd":33.43,"wic":{},"woc":{},"wgc":{},"emm":[{"Type":"1","MainRange":62,"MainValue":0.17,"FarRange":117}],"sig":[{"t":"9-1","s":"","d":{"X":0.57,"Y":0.09}},{"t":"X1","s":"","d":{"X":0.284,"Y":-0.042}}],"clr":{"R":223,"G":254,"B":155,"A":255}},"CG1-373-34":{"pid":"CG1-373","orb":145.91,"per":2.43,"ang":191.97,"t":"ASTEROID","sp":"ASTEROID-4","s":18.98,"m":95.05,"gd":31.64,"wic":{},"woc":{},"wgc":{},"emm":[{"Type":"1","MainRange":74,"MainValue":0.25,"FarRange":112}],"sig":[{"t":"9-1","s":"","d":{"X":0.35,"Y":-0.19}},{"t":"X1","s":"","d":{"X":0.712,"Y":-0.113}}],"clr":{"R":192,"G":237,"B":191,"A":255}},"CG1-373-35":{"pid":"CG1-373","orb":167.47,"per":2.79,"ang":69.83,"t":"ASTEROID","sp":"ASTEROID-3","s":27.15,"m":278.22,"gd":45.26,"wic":{},"woc":{},"wgc":{},"emm":[{"Type":"1","MainRange":39,"MainValue":0.23,"FarRange":100}],"sig":[{"t":"9-1","s":"","d":{"X":0.14,"Y":0.76}},{"t":"X1","s":"","d":{"X":-0.744,"Y":0.289}}],"clr":{"R":244,"G":241,"B":199,"A":255}},"CG1-373-36":{"pid":"CG1-373","orb":148.8,"per":2.48,"ang":51.15,"t":"ASTEROID","sp":"ASTEROID-5","s":27.39,"m":285.69,"gd":45.66,"wic":{},"woc":{},"wgc":{},"emm":[{"Type":"1","MainRange":31,"MainValue":0.29,"FarRange":112}],"sig":[{"t":"9-1","s":"","d":{"X":0.08,"Y":0.61}},{"t":"X1","s":"","d":{"X":-0.363,"Y":0.142}}],"clr":{"R":238,"G":250,"B":253,"A":255}},"CG1-373-4":{"pid":"CG1-373","orb":188.13,"per":3.13,"ang":271.41,"t":"ASTEROID","sp":"ASTEROID-1","s":24.37,"m":201.2,"gd":40.62,"wic":{},"woc":{},"wgc":{},"emm":[{"Type":"1","MainRange":32.4,"MainValue":0.2,"FarRange":36}],"sig":[{"t":"9-1","s":"","d":{"X":0.93,"Y":-0.28}},{"t":"X1","s":"","d":{"X":0.909,"Y":-0.074}}],"clr":{"R":254,"G":254,"B":246,"A":255}},"CG1-373-5":{"pid":"CG1-373","orb":170.42,"per":2.84,"ang":37.96,"t":"ASTEROID","sp":"ASTEROID-1","s":17.65,"m":76.48,"gd":29.43,"wic":{},"woc":{},"wgc":{},"emm":[{"Type":"1","MainRange":54,"MainValue":0.21,"FarRange":216}],"sig":[{"t":"9-1","s":"","d":{"X":-0.67,"Y":0.55}},{"t":"X1","s":"","d":{"X":0.573,"Y":-0.436}}],"clr":{"R":246,"G":224,"B":241,"A":255}},"CG1-373-6":{"pid":"CG1-373","orb":165.9,"per":2.76,"ang":58.59,"t":"ASTEROID","sp":"ASTEROID-1","s":18.9,"m":93.81,"gd":31.5,"wic":{},"woc":{},"wgc":{},"emm":[{"Type":"1","MainRange":39,"MainValue":0.15,"FarRange":129}],"sig":[{"t":"9-1","s":"","d":{"X":-0.93,"Y":0.2}},{"t":"X1","s":"","d":{"X":0.067,"Y":0.297}}],"clr":{"R":238,"G":208,"B":248,"A":255}},"CG1-373-7":{"pid":"CG1-373","orb":159.84,"per":2.66,"ang":313.02,"t":"ASTEROID","sp":"ASTEROID-3","s":18.03,"m":81.41,"gd":30.05,"wic":{},"woc":{},"wgc":{},"emm":[{"Type":"1","MainRange":53,"MainValue":0.17,"FarRange":207}],"sig":[{"t":"9-1","s":"","d":{"X":0.35,"Y":0.86}},{"t":"X1","s":"","d":{"X":-0.534,"Y":0.494}}],"clr":{"R":206,"G":172,"B":249,"A":255}},"CG1-373-8":{"pid":"CG1-373","orb":163.87,"per":2.73,"ang":83.42,"t":"ASTEROID","sp":"ASTEROID-4","s":30.05,"m":377.1,"gd":50.09,"wic":{},"woc":{},"wgc":{},"emm":[{"Type":"1","MainRange":40,"MainValue":0.22,"FarRange":172}],"sig":[{"t":"9-1","s":"","d":{"X":-0.72,"Y":0.66}},{"t":"X1","s":"","d":{"X":0.501,"Y":0.241}}],"clr":{"R":243,"G":220,"B":220,"A":255}},"CG1-373-9":{"pid":"CG1-373","orb":160.4,"per":2.67,"ang":209.46,"t":"ASTEROID","sp":"ASTEROID-4","s":26.11,"m":247.35,"gd":43.52,"wic":{},"woc":{},"wgc":{},"emm":[{"Type":"1","MainRange":35,"MainValue":0.1,"FarRange":163}],"sig":[{"t":"9-1","s":"","d":{"X":0.66,"Y":0.35}},{"t":"X1","s":"","d":{"X":-0.421,"Y":-0.677}}],"clr":{"R":236,"G":247,"B":249,"A":255}},"CG1-859":{"pid":"CG1-S","orb":1380.12,"per":23,"t":"GASPLANET","sp":"GASPLANET-58","s":217.97,"m":100687.33,"gd":363.28,"wic":{},"woc":{},"wgc":{},"emm":[{"Type":"3","MainRange":570,"MainValue":1.95,"FarRange":1176}],"sig":[{"t":"0-2","s":"","d":{"X":-0.39,"Y":-0.33}},{"t":"1-3","s":"","d":{"X":-0.56,"Y":-0.41}},{"t":"3-1","s":"","d":{"X":0.46,"Y":0.85}},{"t":"6-2","s":"","d":{"X":-0.13,"Y":0.56}},{"t":"10-1","s":"","d":{"X":-0.28,"Y":0.1}},{"t":"11-1","s":"","d":{"X":-0.23,"Y":0.4}},{"t":"X3","s":"","d":{"X":-0.484,"Y":-0.717}}],"clr":{"R":223,"G":246,"B":242,"A":255}},"CG1-859-0":{"pid":"CG1-859","orb":213.38,"per":3.55,"ang":177.78,"t":"ASTEROID","sp":"ASTEROID-4","s":16.94,"m":67.52,"gd":28.23,"wic":{},"woc":{},"wgc":{},"emm":[{"Type":"1","MainRange":70,"MainValue":0.3,"FarRange":163}],"sig":[{"t":"9-1","s":"","d":{"X":0.39,"Y":0.9}},{"t":"X1","s":"","d":{"X":0.342,"Y":-0.083}}],"clr":{"R":250,"G":246,"B":236,"A":255}},"CG1-859-1":{"pid":"CG1-859","orb":243.41,"per":4.05,"ang":153.96,"t":"ASTEROID","sp":"ASTEROID-3","s":22.76,"m":163.92,"gd":37.94,"wic":{},"woc":{},"wgc":{},"emm":[{"Type":"1","MainRange":7,"MainValue":0.26,"FarRange":105}],"sig":[{"t":"9-1","s":"","d":{"X":-0.15,"Y":-0.14}},{"t":"X1","s":"","d":{"X":0.287,"Y":0.765}}],"clr":{"R":249,"G":180,"B":228,"A":255}},"CG1-859-10":{"pid":"CG1-859","orb":222.37,"per":3.7,"ang":345.77,"t":"ASTEROID","sp":"ASTEROID-4","s":13.22,"m":32.11,"gd":22.03,"wic":{},"woc":{},"wgc":{},"emm":[{"Type":"1","MainRange":51,"MainValue":0.3,"FarRange":189}],"sig":[{"t":"9-1","s":"","d":{"X":0.54,"Y":-0.6}},{"t":"X1","s":"","d":{"X":0.311,"Y":-0.778}}],"clr":{"R":251,"G":252,"B":247,"A":255}},"CG1-859-11":{"pid":"CG1-859","orb":235.62,"per":3.92,"ang":190.12,"t":"ASTEROID","sp":"ASTEROID-2","s":22.31,"m":154.34,"gd":37.19,"wic":{},"woc":{},"wgc":{},"emm":[{"Type":"1","MainRange":42,"MainValue":0.13,"FarRange":145}],"sig":[{"t":"9-1","s":"","d":{"X":-0.75,"Y":-0.49}},{"t":"X1","s":"","d":{"X":-0.4,"Y":0.801}}],"clr":{"R":230,"G":194,"B":235,"A":255}},"CG1-859-12":{"pid":"CG1-859","orb":221.61,"per":3.69,"ang":178.49,"t":"ASTEROID","sp":"ASTEROID-2","s":22,"m":148,"gd":36.67,"wic":{},"woc":{},"wgc":{},"emm":[{"Type":"1","MainRange":55,"MainValue":0.17,"FarRange":285},{"Type":"18","MainRange":77,"MainValue":0.31,"FarRange":134}],"sig":[{"t":"9-1","s":"","d":{"X":0.27,"Y":0.77}},{"t":"X1","s":"","d":{"X":-0.138,"Y":-0.794}},{"t":"X18","s":"","d":{"X":-0.399,"Y":0.06}}],"clr":{"R":230,"G":247,"B":232,"A":255}},"CG1-859-13":{"pid":"CG1-859","orb":266.9,"per":4.44,"ang":22.6,"t":"ASTEROID","sp":"ASTEROID-4","s":14.53,"m":42.68,"gd":24.23,"wic":{},"woc":{},"wgc":{},"emm":[{"Type":"1","MainRange":36,"MainValue":0.26,"FarRange":210},{"Type":"24","MainRange":52,"MainValue":0.27,"FarRange":144}],"sig":[{"t":"9-1","s":"","d":{"X":0.18,"Y":-0.47}},{"t":"X1","s":"","d":{"X":0.628,"Y":-0.26}},{"t":"X24","s":"","d":{"X":-0.123,"Y":-0.795}}],"clr":{"R":206,"G":200,"B":237,"A":255}},"CG1-859-14":{"pid":"CG1-859","orb":239.83,"per":3.99,"ang":283.43,"t":"ASTEROID","sp":"ASTEROID-5","s":14.18,"m":39.63,"gd":23.64,"wic":{},"woc":{},"wgc":{},"emm":[{"Type":"1","MainRange":52,"MainValue":0.15,"FarRange":75}],"sig":[{"t":"9-1","s":"","d":{"X":0.92,"Y":0.35}},{"t":"X1","s":"","d":{"X":0.165,"Y":0.47}}],"clr":{"R":207,"G":220,"B":240,"A":255}},"CG1-859-15":{"pid":"CG1-859","orb":215.35,"per":3.58,"ang":0.59,"t":"ASTEROID","sp":"ASTEROID-4","s":13.96,"m":37.8,"gd":23.27,"wic":{},"woc":{},"wgc":{},"emm":[{"Type":"1","MainRange":50,"MainValue":0.22,"FarRange":116}],"sig":[{"t":"9-1","s":"","d":{"X":-0.09,"Y":-0.83}},{"t":"X1","s":"","d":{"X":-0.629,"Y":0.742}}],"clr":{"R":216,"G":239,"B":193,"A":255}},"CG1-859-16":{"pid":"CG1-859","orb":215.01,"per":3.58,"ang":297.75,"t":"ASTEROID","sp":"ASTEROID-2","s":15.1,"m":47.9,"gd":25.18,"wic":{},"woc":{},"wgc":{},"emm":[{"Type":"1","MainRange":50,"MainValue":0.15,"FarRange":138}],"sig":[{"t":"9-1","s":"","d":{"X":-0.42,"Y":0.27}},{"t":"X1","s":"","d":{"X":-0.345,"Y":0.124}}],"clr":{"R":253,"G":187,"B":177,"A":255}},"CG1-859-17":{"pid":"CG1-859","orb":268.84,"per":4.48,"ang":147.92,"t":"ASTEROID","sp":"ASTEROID-4","s":18.81,"m":92.55,"gd":31.36,"wic":{},"woc":{},"wgc":{},"emm":[{"Type":"1","MainRange":55,"MainValue":0.23,"FarRange":148}],"sig":[{"t":"9-1","s":"","d":{"X":-0.15,"Y":-0.23}},{"t":"X1","s":"","d":{"X":0.669,"Y":-0.098}}],"clr":{"R":230,"G":228,"B":248,"A":255}},"CG1-859-18":{"pid":"CG1-859","orb":224.17,"per":3.73,"ang":352.76,"t":"ASTEROID","sp":"ASTEROID-1","s":13.13,"m":31.48,"gd":21.89,"wic":{},"woc":{},"wgc":{},"emm":[{"Type":"1","MainRange":58,"MainValue":0.25,"FarRange":125}],"sig":[{"t":"9-1","s":"","d":{"X":-0.82,"Y":-0.58}},{"t":"X1","s":"","d":{"X":-0.234,"Y":0.535}}],"clr":{"R":253,"G":249,"B":245,"A":255}},"CG1-859-19":{"pid":"CG1-859","orb":198.78,"per":3.31,"ang":309.54,"t":"ASTEROID","sp":"ASTEROID-3","s":14.17,"m":39.52,"gd":23.61,"wic":{},"woc":{},"wgc":{},"emm":[{"Type":"1","MainRange":38,"MainValue":0.17,"FarRange":178}],"sig":[{"t":"9-1","s":"","d":{"X":0.05,"Y":-0.36}},{"t":"X1","s":"","d":{"X":0.461,"Y":0.054}}],"clr":{"R":234,"G":217,"B":251,"A":255}},"CG1-859-2":{"pid":"CG1-859","orb":219.53,"per":3.65,"ang":233.12,"t":"ASTEROID","sp":"ASTEROID-2","s":23.9,"m":189.72,"gd":39.84,"wic":{},"woc":{},"wgc":{},"emm":[{"Type":"1","MainRange":53,"MainValue":0.17,"FarRange":98},{"Type":"19","MainRange":57,"MainValue":0.21,"FarRange":206},{"Type":"3","MainRange":83,"MainValue":0.17,"FarRange":167},{"Type":"6","MainRange":72,"MainValue":0.18,"FarRange":153},{"Type":"20","MainRange":81,"MainValue":0.25,"FarRange":252},{"Type":"25","MainRange":43,"MainValue":0.28,"FarRange":142}],"sig":[{"t":"9-1","s":"","d":{"X":-0.42,"Y":-0.06}},{"t":"X1","s":"","d":{"X":-0.312,"Y":-0.171}},{"t":"X19","s":"","d":{"X":0.354,"Y":-0.779}},{"t":"X3","s":"","d":{"X":-0.773,"Y":0.569}},{"t":"X6","s":"","d":{"X":-0.23,"Y":0.75}},{"t":"X20","s":"","d":{"X":0.343,"Y":0.789}},{"t":"X25","s":"","d":{"X":0.58,"Y":0.809}}],"clr":{"R":236,"G":195,"B":249,"A":255}},"CG1-859-20":{"pid":"CG1-859","orb":193.83,"per":3.23,"ang":118.35,"t":"ASTEROID","sp":"ASTEROID-4","s":26.34,"m":253.81,"gd":43.9,"wic":{},"woc":{},"wgc":{},"emm":[{"Type":"1","MainRange":42,"MainValue":0.22,"FarRange":251},{"Type":"6","MainRange":65,"MainValue":0.22,"FarRange":218},{"Type":"3","MainRange":39,"MainValue":0.31,"FarRange":109}],"sig":[{"t":"9-1","s":"","d":{"X":-0.06,"Y":-0.33}},{"t":"X1","s":"","d":{"X":0.485,"Y":-0.746}},{"t":"X6","s":"","d":{"X":-0.371,"Y":0.38}},{"t":"X3","s":"","d":{"X":0.616,"Y":0.602}}],"clr":{"R":241,"G":242,"B":251,"A":255}},"CG1-859-21":{"pid":"CG1-859","orb":200.67,"per":3.34,"ang":275.82,"t":"ASTEROID","sp":"ASTEROID-4","s":12.12,"m":24.75,"gd":20.2,"wic":{},"woc":{},"wgc":{},"emm":[{"Type":"1","MainRange":42,"MainValue":0.23,"FarRange":116}],"sig":[{"t":"9-1","s":"","d":{"X":0.83,"Y":-0.54}},{"t":"X1","s":"","d":{"X":-0.046,"Y":-0.716}}],"clr":{"R":220,"G":245,"B":220,"A":255}},"CG1-859-22":{"pid":"CG1-859","orb":182.41,"per":3.04,"ang":328.94,"t":"ASTEROID","sp":"ASTEROID-2","s":17.97,"m":80.67,"gd":29.95,"wic":{},"woc":{},"wgc":{},"emm":[{"Type":"1","MainRange":51,"MainValue":0.15,"FarRange":243}],"sig":[{"t":"9-1","s":"","d":{"X":-0.04,"Y":-0.93}},{"t":"X1","s":"","d":{"X":0.084,"Y":-0.905}}],"clr":{"R":233,"G":254,"B":249,"A":255}},"CG1-859-23":{"pid":"CG1-859","orb":217.39,"per":3.62,"ang":76.43,"t":"ASTEROID","sp":"ASTEROID-2","s":20.56,"m":120.81,"gd":34.27,"wic":{},"woc":{},"wgc":{},"emm":[{"Type":"1","MainRange":66,"MainValue":0.19,"FarRange":214}],"sig":[{"t":"9-1","s":"","d":{"X":0.57,"Y":0.63}},{"t":"X1","s":"","d":{"X":0.173,"Y":0.901}}],"clr":{"R":252,"G":248,"B":254,"A":255}},"CG1-859-24":{"pid":"CG1-859","orb":207.02,"per":3.45,"ang":188.17,"t":"ASTEROID","sp":"ASTEROID-2","s":18.14,"m":83.03,"gd":30.24,"wic":{},"woc":{},"wgc":{},"emm":[{"Type":"1","MainRange":54,"MainValue":0.19,"FarRange":94}],"sig":[{"t":"9-1","s":"","d":{"X":0.81,"Y":-0.21}},{"t":"X1","s":"","d":{"X":0.355,"Y":-0.681}}],"clr":{"R":246,"G":219,"B":200,"A":255}},"CG1-859-25":{"pid":"CG1-859","orb":244.72,"per":4.07,"ang":60.89,"t":"ASTEROID","sp":"ASTEROID-5","s":13.84,"m":36.87,"gd":23.07,"wic":{},"woc":{},"wgc":{},"emm":[{"Type":"1","MainRange":27,"MainValue":0.27,"FarRange":190}],"sig":[{"t":"9-1","s":"","d":{"X":-0.31,"Y":-0.93}},{"t":"X1","s":"","d":{"X":-0.807,"Y":-0.557}}],"clr":{"R":175,"G":228,"B":252,"A":255}},"CG1-859-26":{"pid":"CG1-859","orb":208.25,"per":3.47,"ang":299.42,"t":"ASTEROID","sp":"ASTEROID-5","s":23.66,"m":184.03,"gd":39.43,"wic":{},"woc":{},"wgc":{},"emm":[{"Type":"1","MainRange":51,"MainValue":0.15,"FarRange":215}],"sig":[{"t":"9-1","s":"","d":{"X":0.36,"Y":0.13}},{"t":"X1","s":"","d":{"X":-0.688,"Y":0.676}}],"clr":{"R":244,"G":203,"B":244,"A":255}},"CG1-859-27":{"pid":"CG1-859","orb":194.45,"per":3.24,"ang":349.3,"t":"ASTEROID","sp":"ASTEROID-5","s":23.91,"m":189.92,"gd":39.85,"wic":{},"woc":{},"wgc":{},"emm":[{"Type":"1","MainRange":70.2,"MainValue":0.3,"FarRange":78}],"sig":[{"t":"9-1","s":"","d":{"X":0.01,"Y":0.65}},{"t":"X1","s":"","d":{"X":0.078,"Y":-0.733}}],"clr":{"R":253,"G":239,"B":240,"A":255}},"CG1-859-28":{"pid":"CG1-859","orb":249.6,"per":4.16,"ang":203.93,"t":"ASTEROID","sp":"ASTEROID-1","s":29.9,"m":371.58,"gd":49.84,"wic":{},"woc":{},"wgc":{},"emm":[{"Type":"1","MainRange":49,"MainValue":0.08,"FarRange":161}],"sig":[{"t":"9-1","s":"","d":{"X":-0.45,"Y":-0.38}},{"t":"X1","s":"","d":{"X":0.78,"Y":-0.469}}],"clr":{"R":234,"G":181,"B":233,"A":255}},"CG1-859-29":{"pid":"CG1-859","orb":234.41,"per":3.9,"ang":69.4,"t":"ASTEROID","sp":"ASTEROID-2","s":23.99,"m":191.83,"gd":39.98,"wic":{},"woc":{},"wgc":{},"emm":[{"Type":"1","MainRange":80,"MainValue":0.07,"FarRange":180}],"sig":[{"t":"9-1","s":"","d":{"X":-0.7,"Y":-0.45}},{"t":"X1","s":"","d":{"X":0.177,"Y":-0.522}}],"clr":{"R":253,"G":251,"B":250,"A":255}},"CG1-859-3":{"pid":"CG1-859","orb":203.06,"per":3.38,"ang":305.7,"t":"ASTEROID","sp":"ASTEROID-5","s":19.82,"m":108.25,"gd":33.04,"wic":{},"woc":{},"wgc":{},"emm":[{"Type":"1","MainRange":60.300000000000004,"MainValue":0.18,"FarRange":67}],"sig":[{"t":"9-1","s":"","d":{"X":0.68,"Y":-0.57}},{"t":"X1","s":"","d":{"X":0.022,"Y":0.919}}],"clr":{"R":193,"G":242,"B":179,"A":255}},"CG1-859-30":{"pid":"CG1-859","orb":202.02,"per":3.36,"ang":141.11,"t":"ASTEROID","sp":"ASTEROID-2","s":28.44,"m":319.61,"gd":47.4,"wic":{},"woc":{},"wgc":{},"emm":[{"Type":"1","MainRange":66,"MainValue":0.18,"FarRange":92},{"Type":"3","MainRange":75,"MainValue":0.35,"FarRange":187}],"sig":[{"t":"9-1","s":"","d":{"X":0.39,"Y":0.4}},{"t":"X1","s":"","d":{"X":0.193,"Y":-0.659}},{"t":"X3","s":"","d":{"X":0.153,"Y":-0.513}}],"clr":{"R":228,"G":221,"B":253,"A":255}},"CG1-859-31":{"pid":"CG1-859","orb":228.72,"per":3.81,"ang":10.41,"t":"ASTEROID","sp":"ASTEROID-2","s":16.14,"m":58.48,"gd":26.91,"wic":{},"woc":{},"wgc":{},"emm":[{"Type":"1","MainRange":42,"MainValue":0.28,"FarRange":125}],"sig":[{"t":"9-1","s":"","d":{"X":-0.02,"Y":0.09}},{"t":"X1","s":"","d":{"X":0.274,"Y":0.849}}],"clr":{"R":254,"G":243,"B":221,"A":255}},"CG1-859-32":{"pid":"CG1-859","orb":239.31,"per":3.98,"ang":214.24,"t":"ASTEROID","sp":"ASTEROID-4","s":20.99,"m":128.47,"gd":34.98,"wic":{},"woc":{},"wgc":{},"emm":[{"Type":"1","MainRange":27,"MainValue":0.17,"FarRange":182}],"sig":[{"t":"9-1","s":"","d":{"X":-0.34,"Y":0.83}},{"t":"X1","s":"","d":{"X":-0.124,"Y":-0.48}}],"clr":{"R":222,"G":250,"B":245,"A":255}},"CG1-859-33":{"pid":"CG1-859","orb":214.34,"per":3.57,"ang":231.52,"t":"ASTEROID","sp":"ASTEROID-5","s":18.19,"m":83.72,"gd":30.33,"wic":{},"woc":{},"wgc":{},"emm":[{"Type":"1","MainRange":54,"MainValue":0.22,"FarRange":167}],"sig":[{"t":"9-1","s":"","d":{"X":-0.75,"Y":0.18}},{"t":"X1","s":"","d":{"X":-0.74,"Y":0.619}}],"clr":{"R":254,"G":254,"B":254,"A":255}},"CG1-859-34":{"pid":"CG1-859","orb":220.13,"per":3.66,"ang":91.19,"t":"ASTEROID","sp":"ASTEROID-5","s":9.04,"m":10.27,"gd":15.07,"wic":{},"woc":{},"wgc":{},"emm":[{"Type":"1","MainRange":46,"MainValue":0.17,"FarRange":223}],"sig":[{"t":"9-1","s":"","d":{"X":-0.9,"Y":-0.18}},{"t":"X1","s":"","d":{"X":-0.404,"Y":0.141}}],"clr":{"R":252,"G":253,"B":251,"A":255}},"CG1-859-35":{"pid":"CG1-859","orb":213.97,"per":3.56,"ang":72.31,"t":"ASTEROID","sp":"ASTEROID-1","s":28.28,"m":314.3,"gd":47.14,"wic":{},"woc":{},"wgc":{},"emm":[{"Type":"1","MainRange":64,"MainValue":0.16,"FarRange":237}],"sig":[{"t":"9-1","s":"","d":{"X":-0.76,"Y":-0.64}},{"t":"X1","s":"","d":{"X":-0.877,"Y":-0.379}}],"clr":{"R":242,"G":195,"B":221,"A":255}},"CG1-859-36":{"pid":"CG1-859","orb":195.03,"per":3.25,"ang":41.55,"t":"ASTEROID","sp":"ASTEROID-4","s":10.36,"m":15.47,"gd":17.27,"wic":{},"woc":{},"wgc":{},"emm":[{"Type":"1","MainRange":34,"MainValue":0.22,"FarRange":138}],"sig":[{"t":"9-1","s":"","d":{"X":-0.4,"Y":0.38}},{"t":"X1","s":"","d":{"X":0.227,"Y":-0.58}}],"clr":{"R":245,"G":230,"B":181,"A":255}},"CG1-859-37":{"pid":"CG1-859","orb":231.99,"per":3.86,"ang":205.02,"t":"ASTEROID","sp":"ASTEROID-5","s":20.3,"m":116.21,"gd":33.83,"wic":{},"woc":{},"wgc":{},"emm":[{"Type":"1","MainRange":47,"MainValue":0.22,"FarRange":166}],"sig":[{"t":"9-1","s":"","d":{"X":-0.5,"Y":-0.71}},{"t":"X1","s":"","d":{"X":-0.269,"Y":0.702}}],"clr":{"R":225,"G":249,"B":241,"A":255}},"CG1-859-38":{"pid":"CG1-859","orb":209.81,"per":3.49,"ang":141.09,"t":"ASTEROID","sp":"ASTEROID-1","s":18.45,"m":87.3,"gd":30.75,"wic":{},"woc":{},"wgc":{},"emm":[{"Type":"1","MainRange":67,"MainValue":0.11,"FarRange":170}],"sig":[{"t":"9-1","s":"","d":{"X":0.26,"Y":-0.29}},{"t":"X1","s":"","d":{"X":-0.229,"Y":0.418}}],"clr":{"R":219,"G":252,"B":230,"A":255}},"CG1-859-39":{"pid":"CG1-859","orb":203.04,"per":3.38,"ang":254.89,"t":"ASTEROID","sp":"ASTEROID-5","s":26.33,"m":253.7,"gd":43.89,"wic":{},"woc":{},"wgc":{},"emm":[{"Type":"1","MainRange":30,"MainValue":0.28,"FarRange":106}],"sig":[{"t":"9-1","s":"","d":{"X":-0.64,"Y":0.03}},{"t":"X1","s":"","d":{"X":-0.698,"Y":-0.561}}],"clr":{"R":241,"G":177,"B":244,"A":255}},"CG1-859-4":{"pid":"CG1-859","orb":236.86,"per":3.94,"ang":181.85,"t":"ASTEROID","sp":"ASTEROID-1","s":24.29,"m":199.07,"gd":40.48,"wic":{},"woc":{},"wgc":{},"emm":[{"Type":"1","MainRange":17,"MainValue":0.15,"FarRange":99}],"sig":[{"t":"9-1","s":"","d":{"X":-0.53,"Y":0.15}},{"t":"X1","s":"","d":{"X":0.204,"Y":-0.144}}],"clr":{"R":251,"G":220,"B":210,"A":255}},"CG1-859-40":{"pid":"CG1-859","orb":222.34,"per":3.7,"ang":186.17,"t":"ASTEROID","sp":"ASTEROID-1","s":28.15,"m":309.86,"gd":46.91,"wic":{},"woc":{},"wgc":{},"emm":[{"Type":"1","MainRange":42,"MainValue":0.19,"FarRange":182},{"Type":"3","MainRange":67,"MainValue":0.19,"FarRange":256}],"sig":[{"t":"9-1","s":"","d":{"X":-0.74,"Y":0.32}},{"t":"X1","s":"","d":{"X":0.259,"Y":-0.146}},{"t":"X3","s":"","d":{"X":-0.119,"Y":-0.026}}],"clr":{"R":171,"G":249,"B":179,"A":255}},"CG1-859-41":{"pid":"CG1-859","orb":240.36,"per":4,"ang":330.96,"t":"ASTEROID","sp":"ASTEROID-2","s":18.28,"m":84.97,"gd":30.48,"wic":{},"woc":{},"wgc":{},"emm":[{"Type":"1","MainRange":26,"MainValue":0.25,"FarRange":90}],"sig":[{"t":"9-1","s":"","d":{"X":0.52,"Y":0.31}},{"t":"X1","s":"","d":{"X":0.175,"Y":-0.11}}],"clr":{"R":167,"G":233,"B":243,"A":255}},"CG1-859-42":{"pid":"CG1-859","orb":234.02,"per":3.9,"ang":21.54,"t":"ASTEROID","sp":"ASTEROID-3","s":19.04,"m":95.9,"gd":31.73,"wic":{},"woc":{},"wgc":{},"emm":[{"Type":"1","MainRange":43,"MainValue":0.21,"FarRange":136}],"sig":[{"t":"9-1","s":"","d":{"X":0.41,"Y":-0.86}},{"t":"X1","s":"","d":{"X":-0.773,"Y":0.197}}],"clr":{"R":254,"G":206,"B":195,"A":255}},"CG1-859-43":{"pid":"CG1-859","orb":229.77,"per":3.82,"ang":164.89,"t":"ASTEROID","sp":"ASTEROID-1","s":15.88,"m":55.66,"gd":26.47,"wic":{},"woc":{},"wgc":{},"emm":[{"Type":"1","MainRange":45,"MainValue":0.3,"FarRange":147}],"sig":[{"t":"9-1","s":"","d":{"X":0.63,"Y":0.76}},{"t":"X1","s":"","d":{"X":-0.454,"Y":0.319}}],"clr":{"R":253,"G":245,"B":233,"A":255}},"CG1-859-5":{"pid":"CG1-859","orb":228.26,"per":3.8,"ang":264.31,"t":"ASTEROID","sp":"ASTEROID-4","s":34.08,"m":550.11,"gd":56.81,"wic":{},"woc":{},"wgc":{},"emm":[{"Type":"1","MainRange":45,"MainValue":0.16,"FarRange":98}],"sig":[{"t":"9-1","s":"","d":{"X":-0.15,"Y":-0.15}},{"t":"X1","s":"","d":{"X":-0.769,"Y":-0.442}}],"clr":{"R":238,"G":242,"B":198,"A":255}},"CG1-859-6":{"pid":"CG1-859","orb":223.82,"per":3.73,"ang":45.57,"t":"ASTEROID","sp":"ASTEROID-2","s":20.76,"m":124.3,"gd":34.6,"wic":{},"woc":{},"wgc":{},"emm":[{"Type":"1","MainRange":51,"MainValue":0.15,"FarRange":170}],"sig":[{"t":"9-1","s":"","d":{"X":0.45,"Y":-0.66}},{"t":"X1","s":"","d":{"X":0.765,"Y":-0.589}}],"clr":{"R":247,"G":237,"B":212,"A":255}},"CG1-859-7":{"pid":"CG1-859","orb":229.36,"per":3.82,"ang":113.75,"t":"ASTEROID","sp":"ASTEROID-4","s":22.38,"m":155.8,"gd":37.3,"wic":{},"woc":{},"wgc":{},"emm":[{"Type":"1","MainRange":49,"MainValue":0.27,"FarRange":243}],"sig":[{"t":"9-1","s":"","d":{"X":-0.22,"Y":0.89}},{"t":"X1","s":"","d":{"X":-0.212,"Y":0.699}}],"clr":{"R":200,"G":250,"B":253,"A":255}},"CG1-859-8":{"pid":"CG1-859","orb":263.63,"per":4.39,"ang":172.32,"t":"ASTEROID","sp":"ASTEROID-5","s":10.14,"m":14.48,"gd":16.9,"wic":{},"woc":{},"wgc":{},"emm":[{"Type":"1","MainRange":32,"MainValue":0.15,"FarRange":219}],"sig":[{"t":"9-1","s":"","d":{"X":-0.66,"Y":-0.2}},{"t":"X1","s":"","d":{"X":0.029,"Y":0.281}}],"clr":{"R":251,"G":253,"B":254,"A":255}},"CG1-859-9":{"pid":"CG1-859","orb":243.53,"per":4.05,"ang":27.45,"t":"ASTEROID","sp":"ASTEROID-5","s":14.33,"m":40.92,"gd":23.89,"wic":{},"woc":{},"wgc":{},"emm":[{"Type":"1","MainRange":43,"MainValue":0.2,"FarRange":186}],"sig":[{"t":"9-1","s":"","d":{"X":-0.83,"Y":0.55}},{"t":"X1","s":"","d":{"X":-0.546,"Y":0.516}}],"clr":{"R":198,"G":246,"B":254,"A":255}},"CG1-S":{"t":"STAR","sp":"STAR-11","s":441.23,"m":4772456.02,"gd":1470.78,"wic":{},"woc":{},"wgc":{},"emm":[{"Type":"2","MainRange":1194,"MainValue":4.15,"FarRange":4207}],"sig":[{"t":"X2","s":"","d":{"X":-0.67,"Y":0.376}}],"clr":{"R":211,"G":245,"B":226,"A":255}}}}