{"SpawnDistance":4997.784,"Points":{"AP9-087":{"pid":"AP9-S","orb":1141.45,"per":19.02,"t":"GASPLANET","sp":"GASPLANET-57","s":262.86,"m":176589.58,"gd":438.1,"wic":{},"woc":{},"wgc":{},"emm":[{"Type":"2","MainRange":288,"MainValue":1.38,"FarRange":865},{"Type":"1","MainRange":489,"MainValue":1.38,"FarRange":1126}],"sig":[{"t":"0-3","s":"","d":{"X":0.32,"Y":0.82}},{"t":"1-3","s":"","d":{"X":-0.39,"Y":-0.29}},{"t":"3-1","s":"","d":{"X":0.45,"Y":-0.51}},{"t":"6-3","s":"","d":{"X":0.24,"Y":-0.23}},{"t":"7-3","s":"","d":{"X":-0.57,"Y":-0.65}},{"t":"8-1","s":"","d":{"X":0.11,"Y":-0.88}},{"t":"10-1","s":"","d":{"X":0.43,"Y":-0.5}},{"t":"11-1","s":"","d":{"X":0.88,"Y":0.16}},{"t":"X2","s":"","d":{"X":0.138,"Y":0.456}},{"t":"X1","s":"","d":{"X":0.717,"Y":-0.232}}],"clr":{"R":207,"G":209,"B":245,"A":255}},"AP9-1-0":{"pid":"AP9-S","orb":2552.73,"per":42.54,"ang":80.21,"t":"ASTEROID","sp":"ASTEROID-5","s":25.74,"m":237.12,"gd":42.91,"wic":{},"woc":{},"wgc":{},"emm":[{"Type":"1","MainRange":17,"MainValue":0.27,"FarRange":215}],"sig":[{"t":"9-1","s":"","d":{"X":-0.54,"Y":0.28}},{"t":"X1","s":"","d":{"X":0.802,"Y":-0.427}}],"clr":{"R":228,"G":249,"B":205,"A":255}},"AP9-1-1":{"pid":"AP9-S","orb":2843.06,"per":47.38,"ang":207.85,"t":"ASTEROID","sp":"ASTEROID-1","s":9.85,"m":13.3,"gd":16.43,"wic":{},"woc":{},"wgc":{},"emm":[{"Type":"1","MainRange":59,"MainValue":0.24,"FarRange":235}],"sig":[{"t":"9-1","s":"","d":{"X":-0.79,"Y":-0.39}},{"t":"X1","s":"","d":{"X":-0.648,"Y":-0.682}}],"clr":{"R":249,"G":205,"B":227,"A":255}},"AP9-1-10":{"pid":"AP9-S","orb":2435.89,"per":40.59,"ang":109.29,"t":"ASTEROID","sp":"ASTEROID-1","s":12.75,"m":28.84,"gd":21.26,"wic":{},"woc":{},"wgc":{},"emm":[{"Type":"1","MainRange":42,"MainValue":0.2,"FarRange":120}],"sig":[{"t":"9-1","s":"","d":{"X":-0.88,"Y":0.09}},{"t":"X1","s":"","d":{"X":0.664,"Y":0.002}}],"clr":{"R":251,"G":199,"B":247,"A":255}},"AP9-1-11":{"pid":"AP9-S","orb":2551.01,"per":42.51,"ang":118.85,"t":"ASTEROID","sp":"ASTEROID-3","s":17.18,"m":70.48,"gd":28.64,"wic":{},"woc":{},"wgc":{},"emm":[{"Type":"1","MainRange":67,"MainValue":0.29,"FarRange":186}],"sig":[{"t":"9-1","s":"","d":{"X":0.54,"Y":0.75}},{"t":"X1","s":"","d":{"X":0.784,"Y":-0.478}}],"clr":{"R":204,"G":252,"B":228,"A":255}},"AP9-1-12":{"pid":"AP9-S","orb":2770.31,"per":46.17,"ang":86.12,"t":"ASTEROID","sp":"ASTEROID-3","s":23.94,"m":190.79,"gd":39.91,"wic":{},"woc":{},"wgc":{},"emm":[{"Type":"1","MainRange":55,"MainValue":0.25,"FarRange":204}],"sig":[{"t":"9-1","s":"","d":{"X":-0.22,"Y":0.11}},{"t":"X1","s":"","d":{"X":0.787,"Y":-0.382}}],"clr":{"R":218,"G":213,"B":246,"A":255}},"AP9-1-13":{"pid":"AP9-S","orb":2743.89,"per":45.73,"ang":22.15,"t":"ASTEROID","sp":"ASTEROID-3","s":23.04,"m":169.87,"gd":38.4,"wic":{},"woc":{},"wgc":{},"emm":[{"Type":"1","MainRange":19,"MainValue":0.24,"FarRange":61}],"sig":[{"t":"9-1","s":"","d":{"X":-0.88,"Y":-0.39}},{"t":"X1","s":"","d":{"X":-0.147,"Y":0.069}}],"clr":{"R":254,"G":249,"B":254,"A":255}},"AP9-1-14":{"pid":"AP9-S","orb":2278.09,"per":37.96,"ang":273.46,"t":"ASTEROID","sp":"ASTEROID-2","s":32.19,"m":463.5,"gd":53.65,"wic":{},"woc":{},"wgc":{},"emm":[{"Type":"1","MainRange":45,"MainValue":0.17,"FarRange":118}],"sig":[{"t":"9-1","s":"","d":{"X":0.26,"Y":-0.09}},{"t":"X1","s":"","d":{"X":-0.161,"Y":0.769}}],"clr":{"R":240,"G":244,"B":252,"A":255}},"AP9-1-15":{"pid":"AP9-S","orb":2473.15,"per":41.21,"ang":240.3,"t":"ASTEROID","sp":"ASTEROID-2","s":10.81,"m":17.56,"gd":18.02,"wic":{},"woc":{},"wgc":{},"emm":[{"Type":"1","MainRange":26,"MainValue":0.19,"FarRange":69}],"sig":[{"t":"9-1","s":"","d":{"X":-0.08,"Y":0.54}},{"t":"X1","s":"","d":{"X":-0.347,"Y":-0.326}}],"clr":{"R":244,"G":209,"B":238,"A":255}},"AP9-1-16":{"pid":"AP9-S","orb":2530.12,"per":42.16,"ang":289.71,"t":"ASTEROID","sp":"ASTEROID-1","s":14.95,"m":46.5,"gd":24.93,"wic":{},"woc":{},"wgc":{},"emm":[{"Type":"1","MainRange":51,"MainValue":0.14,"FarRange":112},{"Type":"20","MainRange":48,"MainValue":0.26,"FarRange":195}],"sig":[{"t":"9-1","s":"","d":{"X":0.21,"Y":-0.96}},{"t":"X1","s":"","d":{"X":0.809,"Y":0.36}},{"t":"X20","s":"","d":{"X":0.045,"Y":-0.525}}],"clr":{"R":245,"G":241,"B":251,"A":255}},"AP9-1-17":{"pid":"AP9-S","orb":2592.79,"per":43.21,"ang":152.49,"t":"ASTEROID","sp":"ASTEROID-4","s":24.14,"m":195.4,"gd":40.23,"wic":{},"woc":{},"wgc":{},"emm":[{"Type":"1","MainRange":86,"MainValue":0.2,"FarRange":143},{"Type":"17","MainRange":24,"MainValue":0.22,"FarRange":99}],"sig":[{"t":"9-1","s":"","d":{"X":-0.08,"Y":-0.95}},{"t":"X1","s":"","d":{"X":-0.628,"Y":0.069}},{"t":"X17","s":"","d":{"X":-0.379,"Y":-0.572}}],"clr":{"R":249,"G":163,"B":245,"A":255}},"AP9-1-18":{"pid":"AP9-S","orb":2513.24,"per":41.88,"ang":323.55,"t":"ASTEROID","sp":"ASTEROID-5","s":10.9,"m":18,"gd":18.17,"wic":{},"woc":{},"wgc":{},"emm":[{"Type":"1","MainRange":30,"MainValue":0.09,"FarRange":103}],"sig":[{"t":"9-1","s":"","d":{"X":-0.48,"Y":-0.76}},{"t":"X1","s":"","d":{"X":-0.891,"Y":0.178}}],"clr":{"R":251,"G":211,"B":223,"A":255}},"AP9-1-19":{"pid":"AP9-S","orb":2843.72,"per":47.39,"ang":47.53,"t":"ASTEROID","sp":"ASTEROID-2","s":24.86,"m":213.55,"gd":41.44,"wic":{},"woc":{},"wgc":{},"emm":[{"Type":"1","MainRange":37,"MainValue":0.21,"FarRange":166}],"sig":[{"t":"9-1","s":"","d":{"X":-0.9,"Y":-0.28}},{"t":"X1","s":"","d":{"X":0.444,"Y":0.483}}],"clr":{"R":225,"G":250,"B":219,"A":255}},"AP9-1-2":{"pid":"AP9-S","orb":2581.15,"per":43.01,"ang":204.97,"t":"ASTEROID","sp":"ASTEROID-5","s":9.58,"m":12.22,"gd":15.97,"wic":{},"woc":{},"wgc":{},"emm":[{"Type":"1","MainRange":27,"MainValue":0.2,"FarRange":126}],"sig":[{"t":"9-1","s":"","d":{"X":0.03,"Y":0.68}},{"t":"X1","s":"","d":{"X":0.029,"Y":0.704}}],"clr":{"R":212,"G":253,"B":235,"A":255}},"AP9-1-20":{"pid":"AP9-S","orb":2645.11,"per":44.08,"ang":164.94,"t":"ASTEROID","sp":"ASTEROID-1","s":21.69,"m":141.74,"gd":36.15,"wic":{},"woc":{},"wgc":{},"emm":[{"Type":"1","MainRange":44,"MainValue":0.17,"FarRange":163}],"sig":[{"t":"9-1","s":"","d":{"X":-0.36,"Y":0.8}},{"t":"X1","s":"","d":{"X":0.155,"Y":-0.648}}],"clr":{"R":196,"G":241,"B":172,"A":255}},"AP9-1-21":{"pid":"AP9-S","orb":2843.49,"per":47.39,"ang":260.07,"t":"ASTEROID","sp":"ASTEROID-2","s":14.78,"m":44.86,"gd":24.63,"wic":{},"woc":{},"wgc":{},"emm":[{"Type":"1","MainRange":45,"MainValue":0.27,"FarRange":179}],"sig":[{"t":"9-1","s":"","d":{"X":0.03,"Y":-0.65}},{"t":"X1","s":"","d":{"X":0.775,"Y":0.289}}],"clr":{"R":219,"G":239,"B":244,"A":255}},"AP9-1-22":{"pid":"AP9-S","orb":2135.02,"per":35.58,"ang":181.21,"t":"ASTEROID","sp":"ASTEROID-1","s":20.38,"m":117.7,"gd":33.98,"wic":{},"woc":{},"wgc":{},"emm":[{"Type":"1","MainRange":32,"MainValue":0.22,"FarRange":174}],"sig":[{"t":"9-1","s":"","d":{"X":0.41,"Y":-0.34}},{"t":"X1","s":"","d":{"X":0.566,"Y":-0.05}}],"clr":{"R":252,"G":254,"B":253,"A":255}},"AP9-1-23":{"pid":"AP9-S","orb":2423.04,"per":40.38,"ang":206.88,"t":"ASTEROID","sp":"ASTEROID-4","s":21.83,"m":144.52,"gd":36.38,"wic":{},"woc":{},"wgc":{},"emm":[{"Type":"1","MainRange":65,"MainValue":0.17,"FarRange":222}],"sig":[{"t":"9-1","s":"","d":{"X":-0.55,"Y":0.65}},{"t":"X1","s":"","d":{"X":0.232,"Y":0.867}}],"clr":{"R":165,"G":245,"B":178,"A":255}},"AP9-1-24":{"pid":"AP9-S","orb":2706.95,"per":45.11,"ang":13.71,"t":"ASTEROID","sp":"ASTEROID-1","s":28.69,"m":328.05,"gd":47.81,"wic":{},"woc":{},"wgc":{},"emm":[{"Type":"1","MainRange":67,"MainValue":0.22,"FarRange":94}],"sig":[{"t":"9-1","s":"","d":{"X":0.82,"Y":-0.1}},{"t":"X1","s":"","d":{"X":-0.462,"Y":-0.174}}],"clr":{"R":217,"G":188,"B":236,"A":255}},"AP9-1-25":{"pid":"AP9-S","orb":2501.08,"per":41.68,"ang":170.93,"t":"ASTEROID","sp":"ASTEROID-1","s":15.47,"m":51.43,"gd":25.78,"wic":{},"woc":{},"wgc":{},"emm":[{"Type":"1","MainRange":44,"MainValue":0.18,"FarRange":166}],"sig":[{"t":"9-1","s":"","d":{"X":0.28,"Y":-0.37}},{"t":"X1","s":"","d":{"X":-0.903,"Y":-0.089}}],"clr":{"R":236,"G":234,"B":253,"A":255}},"AP9-1-26":{"pid":"AP9-S","orb":2733.88,"per":45.56,"ang":119.3,"t":"ASTEROID","sp":"ASTEROID-2","s":18.3,"m":85.21,"gd":30.51,"wic":{},"woc":{},"wgc":{},"emm":[{"Type":"1","MainRange":36,"MainValue":0.09,"FarRange":96},{"Type":"16","MainRange":69,"MainValue":0.22,"FarRange":179},{"Type":"24","MainRange":19,"MainValue":0.16,"FarRange":162},{"Type":"18","MainRange":50,"MainValue":0.16,"FarRange":99}],"sig":[{"t":"9-1","s":"","d":{"X":-0.28,"Y":0.9}},{"t":"X1","s":"","d":{"X":-0.647,"Y":0.434}},{"t":"X16","s":"","d":{"X":0.166,"Y":0.633}},{"t":"X24","s":"","d":{"X":-0.125,"Y":0.083}},{"t":"X18","s":"","d":{"X":0.281,"Y":-0.622}}],"clr":{"R":254,"G":243,"B":253,"A":255}},"AP9-1-27":{"pid":"AP9-S","orb":2310.43,"per":38.5,"ang":179.03,"t":"ASTEROID","sp":"ASTEROID-3","s":23.67,"m":184.28,"gd":39.45,"wic":{},"woc":{},"wgc":{},"emm":[{"Type":"1","MainRange":81,"MainValue":0.19,"FarRange":210}],"sig":[{"t":"9-1","s":"","d":{"X":-0.17,"Y":-0.86}},{"t":"X1","s":"","d":{"X":-0.131,"Y":-0.419}}],"clr":{"R":250,"G":253,"B":254,"A":255}},"AP9-1-28":{"pid":"AP9-S","orb":3028.58,"per":50.47,"ang":203.01,"t":"ASTEROID","sp":"ASTEROID-3","s":20.39,"m":117.79,"gd":33.98,"wic":{},"woc":{},"wgc":{},"emm":[{"Type":"1","MainRange":59,"MainValue":0.25,"FarRange":82}],"sig":[{"t":"9-1","s":"","d":{"X":0.41,"Y":-0.59}},{"t":"X1","s":"","d":{"X":0.245,"Y":-0.252}}],"clr":{"R":242,"G":247,"B":193,"A":255}},"AP9-1-29":{"pid":"AP9-S","orb":2675.93,"per":44.59,"ang":114.59,"t":"ASTEROID","sp":"ASTEROID-2","s":16.66,"m":64.27,"gd":27.77,"wic":{},"woc":{},"wgc":{},"emm":[{"Type":"1","MainRange":60,"MainValue":0.16,"FarRange":108}],"sig":[{"t":"9-1","s":"","d":{"X":-0.48,"Y":-0.76}},{"t":"X1","s":"","d":{"X":0.484,"Y":-0.001}}],"clr":{"R":245,"G":210,"B":248,"A":255}},"AP9-1-3":{"pid":"AP9-S","orb":2504.9,"per":41.74,"ang":194.07,"t":"ASTEROID","sp":"ASTEROID-2","s":36.15,"m":656.17,"gd":60.25,"wic":{},"woc":{},"wgc":{},"emm":[{"Type":"1","MainRange":24,"MainValue":0.16,"FarRange":122}],"sig":[{"t":"9-1","s":"","d":{"X":-0.55,"Y":-0.49}},{"t":"X1","s":"","d":{"X":0.173,"Y":-0.498}}],"clr":{"R":249,"G":253,"B":250,"A":255}},"AP9-1-30":{"pid":"AP9-S","orb":2206.89,"per":36.78,"ang":337.19,"t":"ASTEROID","sp":"ASTEROID-3","s":25.17,"m":221.6,"gd":41.95,"wic":{},"woc":{},"wgc":{},"emm":[{"Type":"1","MainRange":15,"MainValue":0.25,"FarRange":185}],"sig":[{"t":"9-1","s":"","d":{"X":-0.3,"Y":0.59}},{"t":"X1","s":"","d":{"X":-0.121,"Y":-0.317}}],"clr":{"R":205,"G":253,"B":209,"A":255}},"AP9-1-31":{"pid":"AP9-S","orb":2338.83,"per":38.98,"ang":82.27,"t":"ASTEROID","sp":"ASTEROID-5","s":30.24,"m":384.22,"gd":50.4,"wic":{},"woc":{},"wgc":{},"emm":[{"Type":"1","MainRange":32,"MainValue":0.15,"FarRange":175}],"sig":[{"t":"9-1","s":"","d":{"X":-0.35,"Y":0.21}},{"t":"X1","s":"","d":{"X":-0.5,"Y":0.063}}],"clr":{"R":247,"G":226,"B":236,"A":255}},"AP9-1-32":{"pid":"AP9-S","orb":2689.16,"per":44.81,"ang":277.75,"t":"ASTEROID","sp":"ASTEROID-4","s":32.98,"m":498.5,"gd":54.97,"wic":{},"woc":{},"wgc":{},"emm":[{"Type":"1","MainRange":53,"MainValue":0.17,"FarRange":140}],"sig":[{"t":"9-1","s":"","d":{"X":-0.41,"Y":0.14}},{"t":"X1","s":"","d":{"X":0.802,"Y":-0.277}}],"clr":{"R":211,"G":181,"B":246,"A":255}},"AP9-1-33":{"pid":"AP9-S","orb":2270.51,"per":37.84,"ang":227.98,"t":"ASTEROID","sp":"ASTEROID-3","s":29.74,"m":365.66,"gd":49.58,"wic":{},"woc":{},"wgc":{},"emm":[{"Type":"1","MainRange":65,"MainValue":0.21,"FarRange":116}],"sig":[{"t":"9-1","s":"","d":{"X":0.71,"Y":0.1}},{"t":"X1","s":"","d":{"X":-0.393,"Y":-0.137}}],"clr":{"R":246,"G":165,"B":210,"A":255}},"AP9-1-34":{"pid":"AP9-S","orb":2468.13,"per":41.13,"ang":31.88,"t":"ASTEROID","sp":"ASTEROID-1","s":21.26,"m":133.62,"gd":35.44,"wic":{},"woc":{},"wgc":{},"emm":[{"Type":"1","MainRange":38.7,"MainValue":0.17,"FarRange":43},{"Type":"25","MainRange":65,"MainValue":0.25,"FarRange":80}],"sig":[{"t":"9-1","s":"","d":{"X":0.02,"Y":-0.13}},{"t":"X1","s":"","d":{"X":-0.793,"Y":0.096}},{"t":"X25","s":"","d":{"X":-0.074,"Y":0.793}}],"clr":{"R":239,"G":193,"B":213,"A":255}},"AP9-1-35":{"pid":"AP9-S","orb":2380.26,"per":39.67,"ang":155.94,"t":"ASTEROID","sp":"ASTEROID-5","s":24.02,"m":192.64,"gd":40.04,"wic":{},"woc":{},"wgc":{},"emm":[{"Type":"1","MainRange":45,"MainValue":0.2,"FarRange":147}],"sig":[{"t":"9-1","s":"","d":{"X":-0.57,"Y":0.61}},{"t":"X1","s":"","d":{"X":0.426,"Y":0.417}}],"clr":{"R":249,"G":192,"B":198,"A":255}},"AP9-1-36":{"pid":"AP9-S","orb":2890.08,"per":48.16,"ang":249.32,"t":"ASTEROID","sp":"ASTEROID-2","s":21.99,"m":147.75,"gd":36.65,"wic":{},"woc":{},"wgc":{},"emm":[{"Type":"1","MainRange":59,"MainValue":0.21,"FarRange":76},{"Type":"5","MainRange":59,"MainValue":0.23,"FarRange":103},{"Type":"2","MainRange":58,"MainValue":0.21,"FarRange":146},{"Type":"10","MainRange":52,"MainValue":0.25,"FarRange":151},{"Type":"15","MainRange":45,"MainValue":0.11,"FarRange":167}],"sig":[{"t":"9-1","s":"","d":{"X":0.81,"Y":-0.25}},{"t":"X1","s":"","d":{"X":0.734,"Y":-0.638}},{"t":"X5","s":"","d":{"X":0.197,"Y":-0.676}},{"t":"X2","s":"","d":{"X":0.107,"Y":-0.08}},{"t":"X10","s":"","d":{"X":-0.326,"Y":-0.284}},{"t":"X15","s":"","d":{"X":0.518,"Y":-0.698}}],"clr":{"R":222,"G":196,"B":245,"A":255}},"AP9-1-37":{"pid":"AP9-S","orb":2762.17,"per":46.03,"ang":195.69,"t":"ASTEROID","sp":"ASTEROID-1","s":9.8,"m":13.08,"gd":16.33,"wic":{},"woc":{},"wgc":{},"emm":[{"Type":"1","MainRange":27,"MainValue":0.28,"FarRange":148}],"sig":[{"t":"9-1","s":"","d":{"X":-0.26,"Y":0.26}},{"t":"X1","s":"","d":{"X":0.358,"Y":0.525}}],"clr":{"R":194,"G":240,"B":235,"A":255}},"AP9-1-38":{"pid":"AP9-S","orb":2893.83,"per":48.23,"ang":18.12,"t":"ASTEROID","sp":"ASTEROID-1","s":17.92,"m":80.02,"gd":29.87,"wic":{},"woc":{},"wgc":{},"emm":[{"Type":"1","MainRange":63,"MainValue":0.3,"FarRange":169}],"sig":[{"t":"9-1","s":"","d":{"X":0.07,"Y":-0.32}},{"t":"X1","s":"","d":{"X":-0.246,"Y":-0.404}}],"clr":{"R":254,"G":254,"B":250,"A":255}},"AP9-1-39":{"pid":"AP9-S","orb":2737.84,"per":45.63,"ang":136.36,"t":"ASTEROID","sp":"ASTEROID-2","s":14.61,"m":43.33,"gd":24.35,"wic":{},"woc":{},"wgc":{},"emm":[{"Type":"1","MainRange":49,"MainValue":0.16,"FarRange":164}],"sig":[{"t":"9-1","s":"","d":{"X":0.15,"Y":-0.84}},{"t":"X1","s":"","d":{"X":-0.225,"Y":-0.965}}],"clr":{"R":236,"G":232,"B":195,"A":255}},"AP9-1-4":{"pid":"AP9-S","orb":2528.6,"per":42.14,"ang":248.55,"t":"ASTEROID","sp":"ASTEROID-4","s":14.28,"m":40.46,"gd":23.8,"wic":{},"woc":{},"wgc":{},"emm":[{"Type":"1","MainRange":29,"MainValue":0.15,"FarRange":182}],"sig":[{"t":"9-1","s":"","d":{"X":0.68,"Y":0.18}},{"t":"X1","s":"","d":{"X":-0.768,"Y":0.337}}],"clr":{"R":247,"G":253,"B":197,"A":255}},"AP9-1-40":{"pid":"AP9-S","orb":2513.27,"per":41.88,"ang":68.49,"t":"ASTEROID","sp":"ASTEROID-1","s":16.03,"m":57.29,"gd":26.73,"wic":{},"woc":{},"wgc":{},"emm":[{"Type":"1","MainRange":34,"MainValue":0.3,"FarRange":128}],"sig":[{"t":"9-1","s":"","d":{"X":0.18,"Y":-0.6}},{"t":"X1","s":"","d":{"X":-0.9,"Y":-0.434}}],"clr":{"R":232,"G":252,"B":227,"A":255}},"AP9-1-41":{"pid":"AP9-S","orb":2306.42,"per":38.44,"ang":66.21,"t":"ASTEROID","sp":"ASTEROID-4","s":31.83,"m":447.93,"gd":53.05,"wic":{},"woc":{},"wgc":{},"emm":[{"Type":"1","MainRange":71,"MainValue":0.27,"FarRange":145},{"Type":"6","MainRange":45,"MainValue":0.25,"FarRange":105}],"sig":[{"t":"9-1","s":"","d":{"X":-0.32,"Y":0.11}},{"t":"X1","s":"","d":{"X":0.126,"Y":0.217}},{"t":"X6","s":"","d":{"X":0.1,"Y":0.308}}],"clr":{"R":236,"G":249,"B":251,"A":255}},"AP9-1-42":{"pid":"AP9-S","orb":1958.45,"per":32.64,"ang":22.75,"t":"ASTEROID","sp":"ASTEROID-4","s":19.9,"m":109.52,"gd":33.17,"wic":{},"woc":{},"wgc":{},"emm":[{"Type":"1","MainRange":66,"MainValue":0.19,"FarRange":166}],"sig":[{"t":"9-1","s":"","d":{"X":0.43,"Y":-0.59}},{"t":"X1","s":"","d":{"X":-0.518,"Y":-0.792}}],"clr":{"R":238,"G":179,"B":243,"A":255}},"AP9-1-43":{"pid":"AP9-S","orb":2701.72,"per":45.02,"ang":81.71,"t":"ASTEROID","sp":"ASTEROID-3","s":24.92,"m":215.06,"gd":41.54,"wic":{},"woc":{},"wgc":{},"emm":[{"Type":"1","MainRange":53,"MainValue":0.28,"FarRange":211}],"sig":[{"t":"9-1","s":"","d":{"X":0.09,"Y":-0.76}},{"t":"X1","s":"","d":{"X":0.526,"Y":-0.364}}],"clr":{"R":246,"G":248,"B":212,"A":255}},"AP9-1-44":{"pid":"AP9-S","orb":2188.67,"per":36.47,"ang":146.57,"t":"ASTEROID","sp":"ASTEROID-3","s":32.57,"m":480.03,"gd":54.28,"wic":{},"woc":{},"wgc":{},"emm":[{"Type":"1","MainRange":47,"MainValue":0.25,"FarRange":82},{"Type":"5","MainRange":38,"MainValue":0.2,"FarRange":152}],"sig":[{"t":"9-1","s":"","d":{"X":0.83,"Y":0.22}},{"t":"X1","s":"","d":{"X":0.928,"Y":-0.06}},{"t":"X5","s":"","d":{"X":0.583,"Y":-0.157}}],"clr":{"R":248,"G":188,"B":202,"A":255}},"AP9-1-45":{"pid":"AP9-S","orb":2025.51,"per":33.75,"ang":140.14,"t":"ASTEROID","sp":"ASTEROID-1","s":13.18,"m":31.82,"gd":21.97,"wic":{},"woc":{},"wgc":{},"emm":[{"Type":"1","MainRange":40,"MainValue":0.17,"FarRange":158}],"sig":[{"t":"9-1","s":"","d":{"X":0.19,"Y":0.13}},{"t":"X1","s":"","d":{"X":0.286,"Y":0.303}}],"clr":{"R":175,"G":237,"B":240,"A":255}},"AP9-1-46":{"pid":"AP9-S","orb":2423.49,"per":40.39,"ang":13.29,"t":"ASTEROID","sp":"ASTEROID-1","s":15.04,"m":47.3,"gd":25.07,"wic":{},"woc":{},"wgc":{},"emm":[{"Type":"1","MainRange":41,"MainValue":0.13,"FarRange":136}],"sig":[{"t":"9-1","s":"","d":{"X":0.47,"Y":-0.86}},{"t":"X1","s":"","d":{"X":-0.328,"Y":-0.845}}],"clr":{"R":227,"G":253,"B":249,"A":255}},"AP9-1-47":{"pid":"AP9-S","orb":2743.35,"per":45.72,"ang":224.83,"t":"ASTEROID","sp":"ASTEROID-3","s":36.07,"m":651.95,"gd":60.12,"wic":{},"woc":{},"wgc":{},"emm":[{"Type":"1","MainRange":37,"MainValue":0.22,"FarRange":225}],"sig":[{"t":"9-1","s":"","d":{"X":-0.03,"Y":-0.37}},{"t":"X1","s":"","d":{"X":-0.479,"Y":0.382}}],"clr":{"R":241,"G":181,"B":182,"A":255}},"AP9-1-48":{"pid":"AP9-S","orb":2658.8,"per":44.31,"ang":197.23,"t":"ASTEROID","sp":"ASTEROID-1","s":15.63,"m":53.05,"gd":26.05,"wic":{},"woc":{},"wgc":{},"emm":[{"Type":"1","MainRange":60,"MainValue":0.22,"FarRange":104}],"sig":[{"t":"9-1","s":"","d":{"X":-0.1,"Y":0.48}},{"t":"X1","s":"","d":{"X":0.634,"Y":-0.39}}],"clr":{"R":189,"G":185,"B":238,"A":255}},"AP9-1-49":{"pid":"AP9-S","orb":3106.17,"per":51.76,"ang":105.09,"t":"ASTEROID","sp":"ASTEROID-3","s":23.01,"m":169.39,"gd":38.36,"wic":{},"woc":{},"wgc":{},"emm":[{"Type":"1","MainRange":54,"MainValue":0.2,"FarRange":137}],"sig":[{"t":"9-1","s":"","d":{"X":0.54,"Y":-0.48}},{"t":"X1","s":"","d":{"X":0.018,"Y":0.101}}],"clr":{"R":247,"G":237,"B":219,"A":255}},"AP9-1-5":{"pid":"AP9-S","orb":2342.03,"per":39.03,"ang":175.95,"t":"ASTEROID","sp":"ASTEROID-1","s":24,"m":192.13,"gd":40,"wic":{},"woc":{},"wgc":{},"emm":[{"Type":"1","MainRange":60,"MainValue":0.28,"FarRange":148}],"sig":[{"t":"9-1","s":"","d":{"X":-0.18,"Y":-0.14}},{"t":"X1","s":"","d":{"X":-0.266,"Y":0.225}}],"clr":{"R":190,"G":209,"B":239,"A":255}},"AP9-1-50":{"pid":"AP9-S","orb":2618.72,"per":43.64,"ang":343.14,"t":"ASTEROID","sp":"ASTEROID-4","s":18.64,"m":90.06,"gd":31.07,"wic":{},"woc":{},"wgc":{},"emm":[{"Type":"1","MainRange":62,"MainValue":0.19,"FarRange":168}],"sig":[{"t":"9-1","s":"","d":{"X":0.66,"Y":-0.16}},{"t":"X1","s":"","d":{"X":0.374,"Y":0.25}}],"clr":{"R":240,"G":253,"B":225,"A":255}},"AP9-1-51":{"pid":"AP9-S","orb":2676.42,"per":44.6,"ang":82.36,"t":"ASTEROID","sp":"ASTEROID-1","s":10.67,"m":16.88,"gd":17.78,"wic":{},"woc":{},"wgc":{},"emm":[{"Type":"1","MainRange":70,"MainValue":0.11,"FarRange":153}],"sig":[{"t":"9-1","s":"","d":{"X":-0.34,"Y":0.85}},{"t":"X1","s":"","d":{"X":0.098,"Y":0.464}}],"clr":{"R":234,"G":246,"B":216,"A":255}},"AP9-1-52":{"pid":"AP9-S","orb":2243.8,"per":37.39,"ang":276.6,"t":"ASTEROID","sp":"ASTEROID-2","s":23.68,"m":184.62,"gd":39.48,"wic":{},"woc":{},"wgc":{},"emm":[{"Type":"1","MainRange":43,"MainValue":0.16,"FarRange":160}],"sig":[{"t":"9-1","s":"","d":{"X":-0.3,"Y":-0.17}},{"t":"X1","s":"","d":{"X":-0.561,"Y":-0.523}}],"clr":{"R":241,"G":205,"B":218,"A":255}},"AP9-1-53":{"pid":"AP9-S","orb":1933.48,"per":32.22,"ang":149.56,"t":"ASTEROID","sp":"ASTEROID-2","s":17.47,"m":74.05,"gd":29.11,"wic":{},"woc":{},"wgc":{},"emm":[{"Type":"1","MainRange":49,"MainValue":0.2,"FarRange":63}],"sig":[{"t":"9-1","s":"","d":{"X":-0.43,"Y":0.32}},{"t":"X1","s":"","d":{"X":0.129,"Y":-0.46}}],"clr":{"R":251,"G":227,"B":232,"A":255}},"AP9-1-54":{"pid":"AP9-S","orb":2330.63,"per":38.84,"ang":257.88,"t":"ASTEROID","sp":"ASTEROID-4","s":21.6,"m":140.06,"gd":36,"wic":{},"woc":{},"wgc":{},"emm":[{"Type":"1","MainRange":39,"MainValue":0.05,"FarRange":171}],"sig":[{"t":"9-1","s":"","d":{"X":-0.51,"Y":-0.13}},{"t":"X1","s":"","d":{"X":-0.303,"Y":-0.314}}],"clr":{"R":203,"G":236,"B":243,"A":255}},"AP9-1-55":{"pid":"AP9-S","orb":2526.3,"per":42.1,"ang":217.9,"t":"ASTEROID","sp":"ASTEROID-3","s":23.68,"m":184.55,"gd":39.47,"wic":{},"woc":{},"wgc":{},"emm":[{"Type":"1","MainRange":16,"MainValue":0.18,"FarRange":169},{"Type":"15","MainRange":36,"MainValue":0.17,"FarRange":156},{"Type":"12","MainRange":58,"MainValue":0.31,"FarRange":152}],"sig":[{"t":"9-1","s":"","d":{"X":-0.04,"Y":0.23}},{"t":"X1","s":"","d":{"X":0.398,"Y":0.689}},{"t":"X15","s":"","d":{"X":0.693,"Y":0.619}},{"t":"X12","s":"","d":{"X":0.361,"Y":-0.487}}],"clr":{"R":236,"G":190,"B":242,"A":255}},"AP9-1-56":{"pid":"AP9-S","orb":2710.22,"per":45.17,"ang":63.54,"t":"ASTEROID","sp":"ASTEROID-1","s":22.73,"m":163.14,"gd":37.88,"wic":{},"woc":{},"wgc":{},"emm":[{"Type":"1","MainRange":23,"MainValue":0.11,"FarRange":195}],"sig":[{"t":"9-1","s":"","d":{"X":0.53,"Y":0.52}},{"t":"X1","s":"","d":{"X":0.091,"Y":-0.045}}],"clr":{"R":233,"G":226,"B":253,"A":255}},"AP9-1-57":{"pid":"AP9-S","orb":2435.3,"per":40.58,"ang":295.03,"t":"ASTEROID","sp":"ASTEROID-5","s":23.84,"m":188.22,"gd":39.73,"wic":{},"woc":{},"wgc":{},"emm":[{"Type":"1","MainRange":57,"MainValue":0.15,"FarRange":119}],"sig":[{"t":"9-1","s":"","d":{"X":0.48,"Y":0.11}},{"t":"X1","s":"","d":{"X":-0.799,"Y":-0.406}}],"clr":{"R":239,"G":254,"B":218,"A":255}},"AP9-1-58":{"pid":"AP9-S","orb":2281.38,"per":38.02,"ang":194.23,"t":"ASTEROID","sp":"ASTEROID-4","s":22.97,"m":168.39,"gd":38.28,"wic":{},"woc":{},"wgc":{},"emm":[{"Type":"1","MainRange":34,"MainValue":0.2,"FarRange":120}],"sig":[{"t":"9-1","s":"","d":{"X":0.35,"Y":-0.73}},{"t":"X1","s":"","d":{"X":0.224,"Y":-0.81}}],"clr":{"R":224,"G":224,"B":246,"A":255}},"AP9-1-59":{"pid":"AP9-S","orb":2430.19,"per":40.5,"ang":71.4,"t":"ASTEROID","sp":"ASTEROID-2","s":15.79,"m":54.77,"gd":26.33,"wic":{},"woc":{},"wgc":{},"emm":[{"Type":"1","MainRange":63,"MainValue":0.24,"FarRange":110}],"sig":[{"t":"9-1","s":"","d":{"X":-0.71,"Y":0.22}},{"t":"X1","s":"","d":{"X":0.303,"Y":-0.665}}],"clr":{"R":191,"G":191,"B":233,"A":255}},"AP9-1-6":{"pid":"AP9-S","orb":2277.83,"per":37.96,"ang":26.55,"t":"ASTEROID","sp":"ASTEROID-1","s":21.06,"m":129.75,"gd":35.1,"wic":{},"woc":{},"wgc":{},"emm":[{"Type":"1","MainRange":56,"MainValue":0.12,"FarRange":120},{"Type":"3","MainRange":53,"MainValue":0.09,"FarRange":215},{"Type":"2","MainRange":22,"MainValue":0.24,"FarRange":114},{"Type":"15","MainRange":52,"MainValue":0.21,"FarRange":150},{"Type":"19","MainRange":61,"MainValue":0.23,"FarRange":118},{"Type":"13","MainRange":33,"MainValue":0.15,"FarRange":174},{"Type":"10","MainRange":60,"MainValue":0.09,"FarRange":187},{"Type":"12","MainRange":67,"MainValue":0.22,"FarRange":234},{"Type":"6","MainRange":57,"MainValue":0.16,"FarRange":139},{"Type":"11","MainRange":37,"MainValue":0.25,"FarRange":176},{"Type":"14","MainRange":27,"MainValue":0.19,"FarRange":245}],"sig":[{"t":"9-1","s":"","d":{"X":-0.39,"Y":0.73}},{"t":"X1","s":"","d":{"X":-0.646,"Y":0.254}},{"t":"X3","s":"","d":{"X":0.38,"Y":0.376}},{"t":"X2","s":"","d":{"X":0.012,"Y":-0.214}},{"t":"X15","s":"","d":{"X":0.299,"Y":-0.2}},{"t":"X19","s":"","d":{"X":0.873,"Y":0.38}},{"t":"X13","s":"","d":{"X":0.125,"Y":-0.673}},{"t":"X10","s":"","d":{"X":0.666,"Y":-0.5}},{"t":"X12","s":"","d":{"X":-0.569,"Y":0.719}},{"t":"X6","s":"","d":{"X":-0.533,"Y":0.277}},{"t":"X11","s":"","d":{"X":-0.02,"Y":-0.838}},{"t":"X14","s":"","d":{"X":-0.841,"Y":0.47}}],"clr":{"R":184,"G":225,"B":253,"A":255}},"AP9-1-60":{"pid":"AP9-S","orb":2851.05,"per":47.51,"ang":318.11,"t":"ASTEROID","sp":"ASTEROID-2","s":12.79,"m":29.07,"gd":21.32,"wic":{},"woc":{},"wgc":{},"emm":[{"Type":"1","MainRange":46,"MainValue":0.21,"FarRange":162}],"sig":[{"t":"9-1","s":"","d":{"X":0.28,"Y":-0.87}},{"t":"X1","s":"","d":{"X":-0.899,"Y":-0.366}}],"clr":{"R":196,"G":236,"B":234,"A":255}},"AP9-1-61":{"pid":"AP9-S","orb":2841.56,"per":47.35,"ang":201.08,"t":"ASTEROID","sp":"ASTEROID-2","s":10.76,"m":17.31,"gd":17.93,"wic":{},"woc":{},"wgc":{},"emm":[{"Type":"1","MainRange":78,"MainValue":0.19,"FarRange":141},{"Type":"5","MainRange":39,"MainValue":0.15,"FarRange":182},{"Type":"17","MainRange":64,"MainValue":0.26,"FarRange":96}],"sig":[{"t":"9-1","s":"","d":{"X":0.25,"Y":0.84}},{"t":"X1","s":"","d":{"X":-0.761,"Y":0.6}},{"t":"X5","s":"","d":{"X":0.244,"Y":-0.443}},{"t":"X17","s":"","d":{"X":0.451,"Y":0.596}}],"clr":{"R":202,"G":239,"B":254,"A":255}},"AP9-1-62":{"pid":"AP9-S","orb":2738.21,"per":45.63,"ang":267.18,"t":"ASTEROID","sp":"ASTEROID-3","s":19.09,"m":96.73,"gd":31.82,"wic":{},"woc":{},"wgc":{},"emm":[{"Type":"1","MainRange":52,"MainValue":0.23,"FarRange":60},{"Type":"11","MainRange":49,"MainValue":0.24,"FarRange":146}],"sig":[{"t":"9-1","s":"","d":{"X":0.19,"Y":-0.64}},{"t":"X1","s":"","d":{"X":0.723,"Y":0.542}},{"t":"X11","s":"","d":{"X":-0.351,"Y":-0.332}}],"clr":{"R":240,"G":198,"B":239,"A":255}},"AP9-1-63":{"pid":"AP9-S","orb":2517.5,"per":41.95,"ang":247.66,"t":"ASTEROID","sp":"ASTEROID-5","s":12.22,"m":25.4,"gd":20.38,"wic":{},"woc":{},"wgc":{},"emm":[{"Type":"1","MainRange":28,"MainValue":0.23,"FarRange":164}],"sig":[{"t":"9-1","s":"","d":{"X":0.73,"Y":0.02}},{"t":"X1","s":"","d":{"X":0.263,"Y":0.453}}],"clr":{"R":213,"G":222,"B":245,"A":255}},"AP9-1-64":{"pid":"AP9-S","orb":2816.7,"per":46.94,"ang":108.13,"t":"ASTEROID","sp":"ASTEROID-4","s":18.55,"m":88.66,"gd":30.91,"wic":{},"woc":{},"wgc":{},"emm":[{"Type":"1","MainRange":57,"MainValue":0.2,"FarRange":198}],"sig":[{"t":"9-1","s":"","d":{"X":0.47,"Y":0.04}},{"t":"X1","s":"","d":{"X":-0.759,"Y":-0.163}}],"clr":{"R":251,"G":246,"B":222,"A":255}},"AP9-1-65":{"pid":"AP9-S","orb":2322.32,"per":38.7,"ang":109.94,"t":"ASTEROID","sp":"ASTEROID-1","s":16.38,"m":61.07,"gd":27.3,"wic":{},"woc":{},"wgc":{},"emm":[{"Type":"1","MainRange":48,"MainValue":0.26,"FarRange":123}],"sig":[{"t":"9-1","s":"","d":{"X":-0.16,"Y":-0.62}},{"t":"X1","s":"","d":{"X":-0.591,"Y":0.412}}],"clr":{"R":245,"G":241,"B":220,"A":255}},"AP9-1-66":{"pid":"AP9-S","orb":2529.45,"per":42.15,"ang":325.71,"t":"ASTEROID","sp":"ASTEROID-5","s":23.47,"m":179.68,"gd":39.12,"wic":{},"woc":{},"wgc":{},"emm":[{"Type":"1","MainRange":40,"MainValue":0.19,"FarRange":54}],"sig":[{"t":"9-1","s":"","d":{"X":0.12,"Y":0.61}},{"t":"X1","s":"","d":{"X":-0.328,"Y":0.78}}],"clr":{"R":251,"G":254,"B":254,"A":255}},"AP9-1-67":{"pid":"AP9-S","orb":2290.06,"per":38.16,"ang":270.37,"t":"ASTEROID","sp":"ASTEROID-3","s":9.25,"m":11.01,"gd":15.42,"wic":{},"woc":{},"wgc":{},"emm":[{"Type":"1","MainRange":62,"MainValue":0.21,"FarRange":172}],"sig":[{"t":"9-1","s":"","d":{"X":-0.49,"Y":-0.37}},{"t":"X1","s":"","d":{"X":0.754,"Y":-0.158}}],"clr":{"R":254,"G":249,"B":240,"A":255}},"AP9-1-68":{"pid":"AP9-S","orb":2134.17,"per":35.56,"ang":350.26,"t":"ASTEROID","sp":"ASTEROID-2","s":19.56,"m":103.99,"gd":32.6,"wic":{},"woc":{},"wgc":{},"emm":[{"Type":"1","MainRange":78,"MainValue":0.17,"FarRange":98}],"sig":[{"t":"9-1","s":"","d":{"X":-0.66,"Y":-0.07}},{"t":"X1","s":"","d":{"X":0.577,"Y":-0.454}}],"clr":{"R":243,"G":243,"B":252,"A":255}},"AP9-1-69":{"pid":"AP9-S","orb":2399.69,"per":39.99,"ang":310.08,"t":"ASTEROID","sp":"ASTEROID-4","s":10.94,"m":18.2,"gd":18.23,"wic":{},"woc":{},"wgc":{},"emm":[{"Type":"1","MainRange":76,"MainValue":0.29,"FarRange":117}],"sig":[{"t":"9-1","s":"","d":{"X":-0.17,"Y":0.68}},{"t":"X1","s":"","d":{"X":0.165,"Y":-0.738}}],"clr":{"R":244,"G":189,"B":166,"A":255}},"AP9-1-7":{"pid":"AP9-S","orb":1782.84,"per":29.71,"ang":162.97,"t":"ASTEROID","sp":"ASTEROID-1","s":17.79,"m":78.24,"gd":29.65,"wic":{},"woc":{},"wgc":{},"emm":[{"Type":"1","MainRange":43,"MainValue":0.23,"FarRange":177}],"sig":[{"t":"9-1","s":"","d":{"X":-0.5,"Y":0.84}},{"t":"X1","s":"","d":{"X":-0.756,"Y":0.354}}],"clr":{"R":236,"G":242,"B":205,"A":255}},"AP9-1-70":{"pid":"AP9-S","orb":2136.15,"per":35.6,"ang":89.11,"t":"ASTEROID","sp":"ASTEROID-1","s":10.52,"m":16.17,"gd":17.53,"wic":{},"woc":{},"wgc":{},"emm":[{"Type":"1","MainRange":55,"MainValue":0.28,"FarRange":185},{"Type":"24","MainRange":83,"MainValue":0.15,"FarRange":131}],"sig":[{"t":"9-1","s":"","d":{"X":-0.38,"Y":0.19}},{"t":"X1","s":"","d":{"X":-0.247,"Y":0.469}},{"t":"X24","s":"","d":{"X":0.527,"Y":-0.668}}],"clr":{"R":247,"G":246,"B":230,"A":255}},"AP9-1-71":{"pid":"AP9-S","orb":2191.66,"per":36.52,"ang":110.37,"t":"ASTEROID","sp":"ASTEROID-4","s":14.84,"m":45.41,"gd":24.73,"wic":{},"woc":{},"wgc":{},"emm":[{"Type":"1","MainRange":67,"MainValue":0.22,"FarRange":164}],"sig":[{"t":"9-1","s":"","d":{"X":-0.5,"Y":0.43}},{"t":"X1","s":"","d":{"X":-0.057,"Y":0.681}}],"clr":{"R":171,"G":211,"B":239,"A":255}},"AP9-1-72":{"pid":"AP9-S","orb":2256.7,"per":37.61,"ang":353.08,"t":"ASTEROID","sp":"ASTEROID-2","s":15.43,"m":51.03,"gd":25.71,"wic":{},"woc":{},"wgc":{},"emm":[{"Type":"1","MainRange":25,"MainValue":0.24,"FarRange":138}],"sig":[{"t":"9-1","s":"","d":{"X":0.47,"Y":-0.72}},{"t":"X1","s":"","d":{"X":0.125,"Y":-0.902}}],"clr":{"R":180,"G":219,"B":236,"A":255}},"AP9-1-73":{"pid":"AP9-S","orb":2654.24,"per":44.23,"ang":37.52,"t":"ASTEROID","sp":"ASTEROID-5","s":16.01,"m":57.07,"gd":26.69,"wic":{},"woc":{},"wgc":{},"emm":[{"Type":"1","MainRange":94,"MainValue":0.17,"FarRange":172}],"sig":[{"t":"9-1","s":"","d":{"X":-0.51,"Y":-0.31}},{"t":"X1","s":"","d":{"X":-0.479,"Y":0.553}}],"clr":{"R":253,"G":248,"B":251,"A":255}},"AP9-1-74":{"pid":"AP9-S","orb":2942.35,"per":49.03,"ang":292.05,"t":"ASTEROID","sp":"ASTEROID-5","s":23.02,"m":169.57,"gd":38.37,"wic":{},"woc":{},"wgc":{},"emm":[{"Type":"1","MainRange":42,"MainValue":0.23,"FarRange":196}],"sig":[{"t":"9-1","s":"","d":{"X":-0.01,"Y":-0.93}},{"t":"X1","s":"","d":{"X":-0.431,"Y":0.035}}],"clr":{"R":179,"G":246,"B":213,"A":255}},"AP9-1-75":{"pid":"AP9-S","orb":2734.26,"per":45.57,"ang":341.36,"t":"ASTEROID","sp":"ASTEROID-2","s":22.53,"m":158.94,"gd":37.55,"wic":{},"woc":{},"wgc":{},"emm":[{"Type":"1","MainRange":48,"MainValue":0.21,"FarRange":60}],"sig":[{"t":"9-1","s":"","d":{"X":0.69,"Y":0.01}},{"t":"X1","s":"","d":{"X":-0.529,"Y":0.353}}],"clr":{"R":248,"G":204,"B":235,"A":255}},"AP9-1-76":{"pid":"AP9-S","orb":2623.33,"per":43.72,"ang":298.28,"t":"ASTEROID","sp":"ASTEROID-1","s":25.85,"m":240.02,"gd":43.09,"wic":{},"woc":{},"wgc":{},"emm":[{"Type":"1","MainRange":49,"MainValue":0.09,"FarRange":171}],"sig":[{"t":"9-1","s":"","d":{"X":0.07,"Y":-0.63}},{"t":"X1","s":"","d":{"X":-0.316,"Y":0.157}}],"clr":{"R":193,"G":245,"B":252,"A":255}},"AP9-1-77":{"pid":"AP9-S","orb":2373.02,"per":39.55,"ang":178.31,"t":"ASTEROID","sp":"ASTEROID-1","s":25.74,"m":236.95,"gd":42.9,"wic":{},"woc":{},"wgc":{},"emm":[{"Type":"1","MainRange":50,"MainValue":0.29,"FarRange":185}],"sig":[{"t":"9-1","s":"","d":{"X":0.83,"Y":-0.27}},{"t":"X1","s":"","d":{"X":-0.134,"Y":-0.5}}],"clr":{"R":210,"G":187,"B":246,"A":255}},"AP9-1-8":{"pid":"AP9-S","orb":2421.04,"per":40.35,"ang":36.1,"t":"ASTEROID","sp":"ASTEROID-1","s":20.94,"m":127.58,"gd":34.9,"wic":{},"woc":{},"wgc":{},"emm":[{"Type":"1","MainRange":64.8,"MainValue":0.24,"FarRange":72}],"sig":[{"t":"9-1","s":"","d":{"X":0.03,"Y":0.78}},{"t":"X1","s":"","d":{"X":0.383,"Y":-0.316}}],"clr":{"R":210,"G":249,"B":213,"A":255}},"AP9-1-9":{"pid":"AP9-S","orb":2585.52,"per":43.09,"ang":236.51,"t":"ASTEROID","sp":"ASTEROID-3","s":16.98,"m":68.02,"gd":28.3,"wic":{},"woc":{},"wgc":{},"emm":[{"Type":"1","MainRange":25,"MainValue":0.23,"FarRange":134}],"sig":[{"t":"9-1","s":"","d":{"X":0.5,"Y":0.42}},{"t":"X1","s":"","d":{"X":0.845,"Y":0.259}}],"clr":{"R":234,"G":243,"B":209,"A":255}},"AP9-983":{"pid":"AP9-S","orb":4543.44,"per":75.72,"t":"GASPLANET","sp":"GASPLANET-48","s":403.43,"m":638406.77,"gd":672.39,"wic":{},"woc":{},"wgc":{},"sig":[{"t":"0-2","s":"","d":{"X":0.55,"Y":0.73}},{"t":"1-3","s":"","d":{"X":0.86,"Y":0.17}},{"t":"3-1","s":"","d":{"X":0.05,"Y":-0.56}},{"t":"6-2","s":"","d":{"X":0.61,"Y":0.12}},{"t":"7-3","s":"","d":{"X":-0.84,"Y":0.33}},{"t":"8-1","s":"","d":{"X":-0.12,"Y":0.37}},{"t":"10-1","s":"","d":{"X":-0.39,"Y":0.63}},{"t":"11-1","s":"","d":{"X":-0.56,"Y":0.25}}],"clr":{"R":234,"G":244,"B":211,"A":255}},"AP9-983-0":{"pid":"AP9-983","orb":787,"per":13.11,"ang":129.17,"t":"ASTEROID","sp":"ASTEROID-1","s":25.82,"m":239.2,"gd":43.04,"wic":{},"woc":{},"wgc":{},"emm":[{"Type":"1","MainRange":49,"MainValue":0.21,"FarRange":147}],"sig":[{"t":"9-1","s":"","d":{"X":0.1,"Y":0.82}},{"t":"X1","s":"","d":{"X":0.484,"Y":0.289}}],"clr":{"R":191,"G":245,"B":238,"A":255}},"AP9-983-1":{"pid":"AP9-983","orb":783.33,"per":13.05,"ang":317.3,"t":"ASTEROID","sp":"ASTEROID-2","s":15.2,"m":48.78,"gd":25.33,"wic":{},"woc":{},"wgc":{},"emm":[{"Type":"1","MainRange":54,"MainValue":0.2,"FarRange":142}],"sig":[{"t":"9-1","s":"","d":{"X":-0.75,"Y":-0.62}},{"t":"X1","s":"","d":{"X":0.16,"Y":0.184}}],"clr":{"R":206,"G":244,"B":253,"A":255}},"AP9-983-10":{"pid":"AP9-983","orb":789.09,"per":13.15,"ang":293.97,"t":"ASTEROID","sp":"ASTEROID-3","s":12.35,"m":26.16,"gd":20.58,"wic":{},"woc":{},"wgc":{},"emm":[{"Type":"1","MainRange":36,"MainValue":0.2,"FarRange":115},{"Type":"27","MainRange":28,"MainValue":0.26,"FarRange":214}],"sig":[{"t":"9-1","s":"","d":{"X":-0.39,"Y":0.69}},{"t":"X1","s":"","d":{"X":-0.126,"Y":-0.869}},{"t":"X27","s":"","d":{"X":0.418,"Y":-0.19}}],"clr":{"R":214,"G":173,"B":236,"A":255}},"AP9-983-11":{"pid":"AP9-983","orb":740.57,"per":12.34,"ang":349.93,"t":"ASTEROID","sp":"ASTEROID-3","s":11.12,"m":19.11,"gd":18.53,"wic":{},"woc":{},"wgc":{},"emm":[{"Type":"1","MainRange":42,"MainValue":0.22,"FarRange":168}],"sig":[{"t":"9-1","s":"","d":{"X":-0.68,"Y":-0.66}},{"t":"X1","s":"","d":{"X":-0.687,"Y":0.108}}],"clr":{"R":243,"G":238,"B":202,"A":255}},"AP9-983-12":{"pid":"AP9-983","orb":884.99,"per":14.74,"ang":165.2,"t":"ASTEROID","sp":"ASTEROID-1","s":19.75,"m":107.09,"gd":32.92,"wic":{},"woc":{},"wgc":{},"emm":[{"Type":"1","MainRange":37,"MainValue":0.16,"FarRange":101}],"sig":[{"t":"9-1","s":"","d":{"X":-0.15,"Y":-0.61}},{"t":"X1","s":"","d":{"X":-0.079,"Y":0.319}}],"clr":{"R":214,"G":254,"B":247,"A":255}},"AP9-983-13":{"pid":"AP9-983","orb":776.68,"per":12.94,"ang":222.22,"t":"ASTEROID","sp":"ASTEROID-5","s":22.49,"m":158.09,"gd":37.49,"wic":{},"woc":{},"wgc":{},"emm":[{"Type":"1","MainRange":53,"MainValue":0.3,"FarRange":221}],"sig":[{"t":"9-1","s":"","d":{"X":-0.63,"Y":0.39}},{"t":"X1","s":"","d":{"X":0.536,"Y":-0.708}}],"clr":{"R":246,"G":208,"B":211,"A":255}},"AP9-983-14":{"pid":"AP9-983","orb":797.52,"per":13.29,"ang":117.86,"t":"ASTEROID","sp":"ASTEROID-2","s":15.26,"m":49.4,"gd":25.44,"wic":{},"woc":{},"wgc":{},"emm":[{"Type":"1","MainRange":68,"MainValue":0.21,"FarRange":102}],"sig":[{"t":"9-1","s":"","d":{"X":0.21,"Y":0.64}},{"t":"X1","s":"","d":{"X":-0.578,"Y":0.054}}],"clr":{"R":249,"G":239,"B":216,"A":255}},"AP9-983-15":{"pid":"AP9-983","orb":837.67,"per":13.96,"ang":111.62,"t":"ASTEROID","sp":"ASTEROID-1","s":24.42,"m":202.48,"gd":40.71,"wic":{},"woc":{},"wgc":{},"emm":[{"Type":"1","MainRange":41,"MainValue":0.13,"FarRange":155},{"Type":"3","MainRange":65,"MainValue":0.16,"FarRange":178},{"Type":"16","MainRange":58,"MainValue":0.06,"FarRange":144}],"sig":[{"t":"9-1","s":"","d":{"X":-0.11,"Y":-0.44}},{"t":"X1","s":"","d":{"X":-0.471,"Y":0.249}},{"t":"X3","s":"","d":{"X":-0.284,"Y":0.666}},{"t":"X16","s":"","d":{"X":0.487,"Y":0.007}}],"clr":{"R":224,"G":248,"B":186,"A":255}},"AP9-983-16":{"pid":"AP9-983","orb":875,"per":14.58,"ang":130.41,"t":"ASTEROID","sp":"ASTEROID-1","s":16.58,"m":63.37,"gd":27.64,"wic":{},"woc":{},"wgc":{},"emm":[{"Type":"1","MainRange":61,"MainValue":0.19,"FarRange":181}],"sig":[{"t":"9-1","s":"","d":{"X":-0.48,"Y":0.28}},{"t":"X1","s":"","d":{"X":-0.449,"Y":-0.819}}],"clr":{"R":250,"G":181,"B":195,"A":255}},"AP9-983-17":{"pid":"AP9-983","orb":780.69,"per":13.01,"ang":104.49,"t":"ASTEROID","sp":"ASTEROID-3","s":24.63,"m":207.61,"gd":41.05,"wic":{},"woc":{},"wgc":{},"emm":[{"Type":"1","MainRange":40,"MainValue":0.16,"FarRange":221}],"sig":[{"t":"9-1","s":"","d":{"X":-0.33,"Y":-0.52}},{"t":"X1","s":"","d":{"X":0.677,"Y":-0.438}}],"clr":{"R":246,"G":169,"B":181,"A":255}},"AP9-983-18":{"pid":"AP9-983","orb":790.88,"per":13.18,"ang":118.08,"t":"ASTEROID","sp":"ASTEROID-4","s":16.76,"m":65.46,"gd":27.94,"wic":{},"woc":{},"wgc":{},"emm":[{"Type":"1","MainRange":44,"MainValue":0.1,"FarRange":157}],"sig":[{"t":"9-1","s":"","d":{"X":-0.79,"Y":-0.06}},{"t":"X1","s":"","d":{"X":0.574,"Y":0.613}}],"clr":{"R":251,"G":244,"B":216,"A":255}},"AP9-983-19":{"pid":"AP9-983","orb":733.75,"per":12.22,"ang":158.78,"t":"ASTEROID","sp":"ASTEROID-3","s":17.82,"m":78.61,"gd":29.7,"wic":{},"woc":{},"wgc":{},"emm":[{"Type":"1","MainRange":43,"MainValue":0.14,"FarRange":135}],"sig":[{"t":"9-1","s":"","d":{"X":-0.36,"Y":-0.93}},{"t":"X1","s":"","d":{"X":0.548,"Y":-0.252}}],"clr":{"R":251,"G":210,"B":191,"A":255}},"AP9-983-2":{"pid":"AP9-983","orb":725.3,"per":12.08,"ang":351.33,"t":"ASTEROID","sp":"ASTEROID-2","s":15.71,"m":53.85,"gd":26.18,"wic":{},"woc":{},"wgc":{},"emm":[{"Type":"1","MainRange":36,"MainValue":0.28,"FarRange":158}],"sig":[{"t":"9-1","s":"","d":{"X":0.52,"Y":0.21}},{"t":"X1","s":"","d":{"X":0.669,"Y":-0.239}}],"clr":{"R":222,"G":252,"B":218,"A":255}},"AP9-983-20":{"pid":"AP9-983","orb":763.03,"per":12.71,"ang":10.79,"t":"ASTEROID","sp":"ASTEROID-1","s":29.48,"m":356.02,"gd":49.14,"wic":{},"woc":{},"wgc":{},"emm":[{"Type":"1","MainRange":58,"MainValue":0.27,"FarRange":258}],"sig":[{"t":"9-1","s":"","d":{"X":-0.64,"Y":-0.57}},{"t":"X1","s":"","d":{"X":-0.74,"Y":-0.008}}],"clr":{"R":176,"G":194,"B":233,"A":255}},"AP9-983-21":{"pid":"AP9-983","orb":959.77,"per":15.99,"ang":137.28,"t":"ASTEROID","sp":"ASTEROID-4","s":15.15,"m":48.37,"gd":25.26,"wic":{},"woc":{},"wgc":{},"emm":[{"Type":"1","MainRange":42,"MainValue":0.26,"FarRange":111}],"sig":[{"t":"9-1","s":"","d":{"X":-0.22,"Y":0.45}},{"t":"X1","s":"","d":{"X":-0.255,"Y":0.849}}],"clr":{"R":252,"G":249,"B":254,"A":255}},"AP9-983-22":{"pid":"AP9-983","orb":894.27,"per":14.9,"ang":246.84,"t":"ASTEROID","sp":"ASTEROID-2","s":25.79,"m":238.47,"gd":42.99,"wic":{},"woc":{},"wgc":{},"emm":[{"Type":"1","MainRange":39,"MainValue":0.34,"FarRange":186},{"Type":"2","MainRange":44,"MainValue":0.22,"FarRange":78}],"sig":[{"t":"9-1","s":"","d":{"X":0.03,"Y":0.34}},{"t":"X1","s":"","d":{"X":0.043,"Y":-0.573}},{"t":"X2","s":"","d":{"X":-0.726,"Y":-0.623}}],"clr":{"R":254,"G":252,"B":251,"A":255}},"AP9-983-23":{"pid":"AP9-983","orb":759,"per":12.65,"ang":126.16,"t":"ASTEROID","sp":"ASTEROID-2","s":12.51,"m":27.22,"gd":20.85,"wic":{},"woc":{},"wgc":{},"emm":[{"Type":"1","MainRange":42,"MainValue":0.29,"FarRange":180}],"sig":[{"t":"9-1","s":"","d":{"X":0.67,"Y":0.66}},{"t":"X1","s":"","d":{"X":-0.264,"Y":-0.722}}],"clr":{"R":254,"G":210,"B":193,"A":255}},"AP9-983-24":{"pid":"AP9-983","orb":772.86,"per":12.88,"ang":296.62,"t":"ASTEROID","sp":"ASTEROID-3","s":29.13,"m":343.36,"gd":48.55,"wic":{},"woc":{},"wgc":{},"emm":[{"Type":"1","MainRange":57,"MainValue":0.19,"FarRange":135}],"sig":[{"t":"9-1","s":"","d":{"X":0.43,"Y":-0.33}},{"t":"X1","s":"","d":{"X":0.667,"Y":0.471}}],"clr":{"R":197,"G":237,"B":234,"A":255}},"AP9-983-25":{"pid":"AP9-983","orb":695.7,"per":11.59,"ang":109.5,"t":"ASTEROID","sp":"ASTEROID-1","s":25.98,"m":243.69,"gd":43.3,"wic":{},"woc":{},"wgc":{},"emm":[{"Type":"1","MainRange":32,"MainValue":0.16,"FarRange":156}],"sig":[{"t":"9-1","s":"","d":{"X":0.64,"Y":0.2}},{"t":"X1","s":"","d":{"X":0.167,"Y":-0.381}}],"clr":{"R":222,"G":194,"B":237,"A":255}},"AP9-983-26":{"pid":"AP9-983","orb":632.65,"per":10.54,"ang":225.05,"t":"ASTEROID","sp":"ASTEROID-4","s":18.53,"m":88.43,"gd":30.89,"wic":{},"woc":{},"wgc":{},"emm":[{"Type":"1","MainRange":37,"MainValue":0.15,"FarRange":86}],"sig":[{"t":"9-1","s":"","d":{"X":0.37,"Y":0.84}},{"t":"X1","s":"","d":{"X":0.376,"Y":0.462}}],"clr":{"R":253,"G":254,"B":254,"A":255}},"AP9-983-27":{"pid":"AP9-983","orb":853.93,"per":14.23,"ang":99.56,"t":"ASTEROID","sp":"ASTEROID-4","s":18.79,"m":92.22,"gd":31.32,"wic":{},"woc":{},"wgc":{},"emm":[{"Type":"1","MainRange":42,"MainValue":0.18,"FarRange":146},{"Type":"3","MainRange":65,"MainValue":0.14,"FarRange":194}],"sig":[{"t":"9-1","s":"","d":{"X":0.36,"Y":0.23}},{"t":"X1","s":"","d":{"X":0.862,"Y":-0.455}},{"t":"X3","s":"","d":{"X":0.154,"Y":-0.386}}],"clr":{"R":253,"G":222,"B":221,"A":255}},"AP9-983-28":{"pid":"AP9-983","orb":881.9,"per":14.69,"ang":229.72,"t":"ASTEROID","sp":"ASTEROID-1","s":12.09,"m":24.59,"gd":20.16,"wic":{},"woc":{},"wgc":{},"emm":[{"Type":"1","MainRange":42,"MainValue":0.24,"FarRange":170}],"sig":[{"t":"9-1","s":"","d":{"X":-0.04,"Y":0.2}},{"t":"X1","s":"","d":{"X":-0.284,"Y":0.488}}],"clr":{"R":248,"G":190,"B":209,"A":255}},"AP9-983-29":{"pid":"AP9-983","orb":807.63,"per":13.46,"ang":41.08,"t":"ASTEROID","sp":"ASTEROID-2","s":16.74,"m":65.18,"gd":27.9,"wic":{},"woc":{},"wgc":{},"emm":[{"Type":"1","MainRange":52,"MainValue":0.29,"FarRange":133}],"sig":[{"t":"9-1","s":"","d":{"X":-0.17,"Y":0.72}},{"t":"X1","s":"","d":{"X":-0.452,"Y":-0.488}}],"clr":{"R":215,"G":199,"B":239,"A":255}},"AP9-983-3":{"pid":"AP9-983","orb":673.59,"per":11.22,"ang":295.7,"t":"ASTEROID","sp":"ASTEROID-3","s":23.39,"m":177.84,"gd":38.99,"wic":{},"woc":{},"wgc":{},"emm":[{"Type":"1","MainRange":24,"MainValue":0.12,"FarRange":139}],"sig":[{"t":"9-1","s":"","d":{"X":0.27,"Y":-0.7}},{"t":"X1","s":"","d":{"X":-0.113,"Y":-0.67}}],"clr":{"R":207,"G":179,"B":232,"A":255}},"AP9-983-30":{"pid":"AP9-983","orb":795.07,"per":13.25,"ang":32.47,"t":"ASTEROID","sp":"ASTEROID-5","s":18.03,"m":81.52,"gd":30.06,"wic":{},"woc":{},"wgc":{},"emm":[{"Type":"1","MainRange":39,"MainValue":0.26,"FarRange":177}],"sig":[{"t":"9-1","s":"","d":{"X":-0.03,"Y":-0.2}},{"t":"X1","s":"","d":{"X":-0.412,"Y":-0.822}}],"clr":{"R":167,"G":247,"B":228,"A":255}},"AP9-983-31":{"pid":"AP9-983","orb":762.74,"per":12.71,"ang":17.12,"t":"ASTEROID","sp":"ASTEROID-1","s":24.36,"m":200.92,"gd":40.61,"wic":{},"woc":{},"wgc":{},"emm":[{"Type":"1","MainRange":41,"MainValue":0.17,"FarRange":187},{"Type":"14","MainRange":54.9,"MainValue":0.24,"FarRange":61},{"Type":"19","MainRange":34,"MainValue":0.08,"FarRange":185},{"Type":"11","MainRange":50,"MainValue":0.26,"FarRange":108},{"Type":"3","MainRange":47,"MainValue":0.26,"FarRange":180},{"Type":"15","MainRange":38,"MainValue":0.14,"FarRange":223}],"sig":[{"t":"9-1","s":"","d":{"X":-0.2,"Y":-0.26}},{"t":"X1","s":"","d":{"X":-0.061,"Y":-0.192}},{"t":"X14","s":"","d":{"X":0.879,"Y":0.026}},{"t":"X19","s":"","d":{"X":-0.542,"Y":-0.463}},{"t":"X11","s":"","d":{"X":0.065,"Y":0.866}},{"t":"X3","s":"","d":{"X":0.351,"Y":-0.755}},{"t":"X15","s":"","d":{"X":-0.225,"Y":0.048}}],"clr":{"R":223,"G":210,"B":251,"A":255}},"AP9-983-32":{"pid":"AP9-983","orb":703.07,"per":11.71,"ang":209.23,"t":"ASTEROID","sp":"ASTEROID-2","s":17.88,"m":79.45,"gd":29.8,"wic":{},"woc":{},"wgc":{},"emm":[{"Type":"1","MainRange":41,"MainValue":0.05,"FarRange":234}],"sig":[{"t":"9-1","s":"","d":{"X":-0.12,"Y":-0.89}},{"t":"X1","s":"","d":{"X":0.084,"Y":0.474}}],"clr":{"R":220,"G":247,"B":223,"A":255}},"AP9-983-33":{"pid":"AP9-983","orb":857.89,"per":14.29,"ang":173.66,"t":"ASTEROID","sp":"ASTEROID-5","s":28.56,"m":323.77,"gd":47.61,"wic":{},"woc":{},"wgc":{},"emm":[{"Type":"1","MainRange":18,"MainValue":0.24,"FarRange":110}],"sig":[{"t":"9-1","s":"","d":{"X":0.16,"Y":0.02}},{"t":"X1","s":"","d":{"X":-0.262,"Y":0.621}}],"clr":{"R":254,"G":253,"B":253,"A":255}},"AP9-983-34":{"pid":"AP9-983","orb":782.69,"per":13.04,"ang":118.5,"t":"ASTEROID","sp":"ASTEROID-2","s":16.88,"m":66.88,"gd":28.14,"wic":{},"woc":{},"wgc":{},"emm":[{"Type":"1","MainRange":49,"MainValue":0.14,"FarRange":117}],"sig":[{"t":"9-1","s":"","d":{"X":0.29,"Y":-0.9}},{"t":"X1","s":"","d":{"X":-0.43,"Y":-0.637}}],"clr":{"R":249,"G":249,"B":174,"A":255}},"AP9-983-35":{"pid":"AP9-983","orb":897.09,"per":14.95,"ang":153.35,"t":"ASTEROID","sp":"ASTEROID-1","s":24.51,"m":204.7,"gd":40.86,"wic":{},"woc":{},"wgc":{},"emm":[{"Type":"1","MainRange":40,"MainValue":0.2,"FarRange":142}],"sig":[{"t":"9-1","s":"","d":{"X":0.73,"Y":-0.22}},{"t":"X1","s":"","d":{"X":-0.618,"Y":0.368}}],"clr":{"R":252,"G":252,"B":245,"A":255}},"AP9-983-36":{"pid":"AP9-983","orb":810.7,"per":13.51,"ang":210.82,"t":"ASTEROID","sp":"ASTEROID-3","s":21.93,"m":146.67,"gd":36.56,"wic":{},"woc":{},"wgc":{},"emm":[{"Type":"1","MainRange":72,"MainValue":0.16,"FarRange":105}],"sig":[{"t":"9-1","s":"","d":{"X":-0.11,"Y":-0.4}},{"t":"X1","s":"","d":{"X":-0.248,"Y":0.474}}],"clr":{"R":239,"G":237,"B":253,"A":255}},"AP9-983-37":{"pid":"AP9-983","orb":626.34,"per":10.43,"ang":106.49,"t":"ASTEROID","sp":"ASTEROID-1","s":13.22,"m":32.09,"gd":22.03,"wic":{},"woc":{},"wgc":{},"emm":[{"Type":"1","MainRange":57,"MainValue":0.18,"FarRange":122}],"sig":[{"t":"9-1","s":"","d":{"X":-0.52,"Y":0.39}},{"t":"X1","s":"","d":{"X":0.266,"Y":-0.632}}],"clr":{"R":176,"G":242,"B":240,"A":255}},"AP9-983-38":{"pid":"AP9-983","orb":753.47,"per":12.55,"ang":320.7,"t":"ASTEROID","sp":"ASTEROID-3","s":29.11,"m":342.69,"gd":48.52,"wic":{},"woc":{},"wgc":{},"emm":[{"Type":"1","MainRange":19,"MainValue":0.08,"FarRange":192}],"sig":[{"t":"9-1","s":"","d":{"X":0.92,"Y":-0.16}},{"t":"X1","s":"","d":{"X":-0.526,"Y":0.79}}],"clr":{"R":252,"G":198,"B":197,"A":255}},"AP9-983-39":{"pid":"AP9-983","orb":745.84,"per":12.43,"ang":54.15,"t":"ASTEROID","sp":"ASTEROID-4","s":15.35,"m":50.27,"gd":25.58,"wic":{},"woc":{},"wgc":{},"emm":[{"Type":"1","MainRange":71,"MainValue":0.25,"FarRange":122}],"sig":[{"t":"9-1","s":"","d":{"X":-0.52,"Y":0.39}},{"t":"X1","s":"","d":{"X":0.364,"Y":-0.768}}],"clr":{"R":230,"G":240,"B":253,"A":255}},"AP9-983-4":{"pid":"AP9-983","orb":898.4,"per":14.97,"ang":205.89,"t":"ASTEROID","sp":"ASTEROID-1","s":25.11,"m":219.96,"gd":41.85,"wic":{},"woc":{},"wgc":{},"emm":[{"Type":"1","MainRange":50,"MainValue":0.22,"FarRange":99}],"sig":[{"t":"9-1","s":"","d":{"X":-0.13,"Y":0.5}},{"t":"X1","s":"","d":{"X":0.173,"Y":-0.242}}],"clr":{"R":253,"G":254,"B":254,"A":255}},"AP9-983-40":{"pid":"AP9-983","orb":654.49,"per":10.9,"ang":335.49,"t":"ASTEROID","sp":"ASTEROID-1","s":22.26,"m":153.2,"gd":37.1,"wic":{},"woc":{},"wgc":{},"emm":[{"Type":"1","MainRange":27,"MainValue":0.23,"FarRange":166}],"sig":[{"t":"9-1","s":"","d":{"X":0.47,"Y":0.41}},{"t":"X1","s":"","d":{"X":-0.12,"Y":-0.865}}],"clr":{"R":207,"G":237,"B":188,"A":255}},"AP9-983-41":{"pid":"AP9-983","orb":756.34,"per":12.6,"ang":208.46,"t":"ASTEROID","sp":"ASTEROID-3","s":9.76,"m":12.92,"gd":16.27,"wic":{},"woc":{},"wgc":{},"emm":[{"Type":"1","MainRange":42,"MainValue":0.25,"FarRange":172}],"sig":[{"t":"9-1","s":"","d":{"X":-0.69,"Y":0.57}},{"t":"X1","s":"","d":{"X":-0.194,"Y":0.061}}],"clr":{"R":251,"G":254,"B":253,"A":255}},"AP9-983-42":{"pid":"AP9-983","orb":808.06,"per":13.46,"ang":37.17,"t":"ASTEROID","sp":"ASTEROID-4","s":17.38,"m":72.94,"gd":28.97,"wic":{},"woc":{},"wgc":{},"emm":[{"Type":"1","MainRange":5,"MainValue":0.15,"FarRange":176}],"sig":[{"t":"9-1","s":"","d":{"X":-0.04,"Y":-0.48}},{"t":"X1","s":"","d":{"X":-0.473,"Y":0.112}}],"clr":{"R":240,"G":251,"B":175,"A":255}},"AP9-983-43":{"pid":"AP9-983","orb":968.26,"per":16.13,"ang":224.45,"t":"ASTEROID","sp":"ASTEROID-2","s":12.19,"m":25.16,"gd":20.31,"wic":{},"woc":{},"wgc":{},"emm":[{"Type":"1","MainRange":35,"MainValue":0.18,"FarRange":182}],"sig":[{"t":"9-1","s":"","d":{"X":-0.19,"Y":0.31}},{"t":"X1","s":"","d":{"X":0.746,"Y":0.59}}],"clr":{"R":167,"G":247,"B":160,"A":255}},"AP9-983-44":{"pid":"AP9-983","orb":646.87,"per":10.78,"ang":106,"t":"ASTEROID","sp":"ASTEROID-1","s":18.57,"m":88.95,"gd":30.95,"wic":{},"woc":{},"wgc":{},"emm":[{"Type":"1","MainRange":18,"MainValue":0.05,"FarRange":189}],"sig":[{"t":"9-1","s":"","d":{"X":-0.81,"Y":0.49}},{"t":"X1","s":"","d":{"X":0.749,"Y":0.219}}],"clr":{"R":239,"G":248,"B":164,"A":255}},"AP9-983-45":{"pid":"AP9-983","orb":807.82,"per":13.46,"ang":290.5,"t":"ASTEROID","sp":"ASTEROID-5","s":23.7,"m":184.92,"gd":39.5,"wic":{},"woc":{},"wgc":{},"emm":[{"Type":"1","MainRange":37,"MainValue":0.27,"FarRange":171}],"sig":[{"t":"9-1","s":"","d":{"X":-0.32,"Y":0.61}},{"t":"X1","s":"","d":{"X":-0.587,"Y":-0.51}}],"clr":{"R":251,"G":226,"B":229,"A":255}},"AP9-983-46":{"pid":"AP9-983","orb":678.72,"per":11.31,"ang":224.28,"t":"ASTEROID","sp":"ASTEROID-2","s":18.45,"m":87.33,"gd":30.76,"wic":{},"woc":{},"wgc":{},"emm":[{"Type":"1","MainRange":23,"MainValue":0.14,"FarRange":72}],"sig":[{"t":"9-1","s":"","d":{"X":-0.12,"Y":0.4}},{"t":"X1","s":"","d":{"X":-0.476,"Y":0.201}}],"clr":{"R":212,"G":202,"B":248,"A":255}},"AP9-983-47":{"pid":"AP9-983","orb":973.08,"per":16.21,"ang":57.34,"t":"ASTEROID","sp":"ASTEROID-5","s":18.39,"m":86.42,"gd":30.65,"wic":{},"woc":{},"wgc":{},"emm":[{"Type":"1","MainRange":56,"MainValue":0.17,"FarRange":144}],"sig":[{"t":"9-1","s":"","d":{"X":-1,"Y":-0.13}},{"t":"X1","s":"","d":{"X":-0.205,"Y":-0.942}}],"clr":{"R":239,"G":179,"B":240,"A":255}},"AP9-983-48":{"pid":"AP9-983","orb":810.51,"per":13.5,"ang":83.65,"t":"ASTEROID","sp":"ASTEROID-2","s":14.61,"m":43.34,"gd":24.35,"wic":{},"woc":{},"wgc":{},"emm":[{"Type":"1","MainRange":47,"MainValue":0.16,"FarRange":204}],"sig":[{"t":"9-1","s":"","d":{"X":-0.24,"Y":-0.74}},{"t":"X1","s":"","d":{"X":0.958,"Y":0.245}}],"clr":{"R":236,"G":250,"B":249,"A":255}},"AP9-983-49":{"pid":"AP9-983","orb":752.25,"per":12.53,"ang":259.63,"t":"ASTEROID","sp":"ASTEROID-5","s":23.68,"m":184.56,"gd":39.47,"wic":{},"woc":{},"wgc":{},"emm":[{"Type":"1","MainRange":31,"MainValue":0.2,"FarRange":110}],"sig":[{"t":"9-1","s":"","d":{"X":0.24,"Y":-0.07}},{"t":"X1","s":"","d":{"X":0.056,"Y":0.282}}],"clr":{"R":232,"G":249,"B":179,"A":255}},"AP9-983-5":{"pid":"AP9-983","orb":821.48,"per":13.69,"ang":98.54,"t":"ASTEROID","sp":"ASTEROID-2","s":12.97,"m":30.34,"gd":21.62,"wic":{},"woc":{},"wgc":{},"emm":[{"Type":"1","MainRange":31,"MainValue":0.2,"FarRange":159}],"sig":[{"t":"9-1","s":"","d":{"X":-0.69,"Y":0.56}},{"t":"X1","s":"","d":{"X":-0.609,"Y":0.268}}],"clr":{"R":234,"G":182,"B":213,"A":255}},"AP9-983-50":{"pid":"AP9-983","orb":862.29,"per":14.37,"ang":12.6,"t":"ASTEROID","sp":"ASTEROID-2","s":19.54,"m":103.71,"gd":32.57,"wic":{},"woc":{},"wgc":{},"emm":[{"Type":"1","MainRange":31,"MainValue":0.26,"FarRange":135}],"sig":[{"t":"9-1","s":"","d":{"X":-0.36,"Y":-0.84}},{"t":"X1","s":"","d":{"X":0.43,"Y":-0.165}}],"clr":{"R":193,"G":180,"B":240,"A":255}},"AP9-983-51":{"pid":"AP9-983","orb":657.95,"per":10.96,"ang":323.67,"t":"ASTEROID","sp":"ASTEROID-1","s":14.38,"m":41.31,"gd":23.97,"wic":{},"woc":{},"wgc":{},"emm":[{"Type":"1","MainRange":52,"MainValue":0.27,"FarRange":65},{"Type":"2","MainRange":47,"MainValue":0.13,"FarRange":137}],"sig":[{"t":"9-1","s":"","d":{"X":-0.34,"Y":-0.53}},{"t":"X1","s":"","d":{"X":0.278,"Y":-0.532}},{"t":"X2","s":"","d":{"X":0.389,"Y":0.214}}],"clr":{"R":243,"G":253,"B":231,"A":255}},"AP9-983-52":{"pid":"AP9-983","orb":641.67,"per":10.69,"ang":355.45,"t":"ASTEROID","sp":"ASTEROID-5","s":18.61,"m":89.53,"gd":31.01,"wic":{},"woc":{},"wgc":{},"emm":[{"Type":"1","MainRange":54,"MainValue":0.27,"FarRange":217}],"sig":[{"t":"9-1","s":"","d":{"X":0.05,"Y":-0.54}},{"t":"X1","s":"","d":{"X":0.013,"Y":-0.253}}],"clr":{"R":241,"G":252,"B":241,"A":255}},"AP9-983-53":{"pid":"AP9-983","orb":711.17,"per":11.85,"ang":89.98,"t":"ASTEROID","sp":"ASTEROID-1","s":26.26,"m":251.64,"gd":43.77,"wic":{},"woc":{},"wgc":{},"emm":[{"Type":"1","MainRange":64,"MainValue":0.23,"FarRange":92}],"sig":[{"t":"9-1","s":"","d":{"X":0.83,"Y":-0.55}},{"t":"X1","s":"","d":{"X":0.273,"Y":0.701}}],"clr":{"R":245,"G":214,"B":252,"A":255}},"AP9-983-54":{"pid":"AP9-983","orb":685.8,"per":11.43,"ang":262.98,"t":"ASTEROID","sp":"ASTEROID-3","s":24.78,"m":211.43,"gd":41.3,"wic":{},"woc":{},"wgc":{},"emm":[{"Type":"1","MainRange":27,"MainValue":0.27,"FarRange":101}],"sig":[{"t":"9-1","s":"","d":{"X":-0.43,"Y":-0.39}},{"t":"X1","s":"","d":{"X":0.721,"Y":-0.137}}],"clr":{"R":199,"G":215,"B":241,"A":255}},"AP9-983-55":{"pid":"AP9-983","orb":584.1,"per":9.73,"ang":6.83,"t":"ASTEROID","sp":"ASTEROID-3","s":20.31,"m":116.45,"gd":33.85,"wic":{},"woc":{},"wgc":{},"emm":[{"Type":"1","MainRange":70.2,"MainValue":0.24,"FarRange":78}],"sig":[{"t":"9-1","s":"","d":{"X":0.61,"Y":-0.21}},{"t":"X1","s":"","d":{"X":-0.79,"Y":0.273}}],"clr":{"R":245,"G":241,"B":224,"A":255}},"AP9-983-56":{"pid":"AP9-983","orb":900.53,"per":15,"ang":64.83,"t":"ASTEROID","sp":"ASTEROID-3","s":11.87,"m":23.24,"gd":19.78,"wic":{},"woc":{},"wgc":{},"emm":[{"Type":"1","MainRange":48,"MainValue":0.19,"FarRange":208}],"sig":[{"t":"9-1","s":"","d":{"X":-0.57,"Y":-0.11}},{"t":"X1","s":"","d":{"X":-0.052,"Y":-0.539}}],"clr":{"R":235,"G":197,"B":245,"A":255}},"AP9-983-57":{"pid":"AP9-983","orb":757.19,"per":12.61,"ang":137.44,"t":"ASTEROID","sp":"ASTEROID-2","s":15.2,"m":48.8,"gd":25.33,"wic":{},"woc":{},"wgc":{},"emm":[{"Type":"1","MainRange":58,"MainValue":0.22,"FarRange":182}],"sig":[{"t":"9-1","s":"","d":{"X":-0.18,"Y":0.86}},{"t":"X1","s":"","d":{"X":-0.532,"Y":-0.139}}],"clr":{"R":203,"G":253,"B":244,"A":255}},"AP9-983-6":{"pid":"AP9-983","orb":710.08,"per":11.83,"ang":124.92,"t":"ASTEROID","sp":"ASTEROID-5","s":22.21,"m":152.35,"gd":37.03,"wic":{},"woc":{},"wgc":{},"emm":[{"Type":"1","MainRange":59,"MainValue":0.08,"FarRange":171}],"sig":[{"t":"9-1","s":"","d":{"X":-0.09,"Y":-0.82}},{"t":"X1","s":"","d":{"X":0.167,"Y":-0.819}}],"clr":{"R":254,"G":248,"B":246,"A":255}},"AP9-983-7":{"pid":"AP9-983","orb":877.55,"per":14.62,"ang":305.08,"t":"ASTEROID","sp":"ASTEROID-3","s":17.33,"m":72.4,"gd":28.89,"wic":{},"woc":{},"wgc":{},"emm":[{"Type":"1","MainRange":44,"MainValue":0.26,"FarRange":145}],"sig":[{"t":"9-1","s":"","d":{"X":0.1,"Y":0.08}},{"t":"X1","s":"","d":{"X":-0.28,"Y":0.283}}],"clr":{"R":248,"G":234,"B":224,"A":255}},"AP9-983-8":{"pid":"AP9-983","orb":724.43,"per":12.07,"ang":123.61,"t":"ASTEROID","sp":"ASTEROID-2","s":16.43,"m":61.7,"gd":27.39,"wic":{},"woc":{},"wgc":{},"emm":[{"Type":"1","MainRange":32,"MainValue":0.2,"FarRange":131}],"sig":[{"t":"9-1","s":"","d":{"X":0.17,"Y":0.48}},{"t":"X1","s":"","d":{"X":-0.052,"Y":-0.662}}],"clr":{"R":227,"G":185,"B":248,"A":255}},"AP9-983-9":{"pid":"AP9-983","orb":878.83,"per":14.64,"ang":91.24,"t":"ASTEROID","sp":"ASTEROID-1","s":15.85,"m":55.39,"gd":26.43,"wic":{},"woc":{},"wgc":{},"emm":[{"Type":"1","MainRange":51,"MainValue":0.2,"FarRange":134},{"Type":"18","MainRange":20,"MainValue":0.23,"FarRange":93},{"Type":"12","MainRange":64,"MainValue":0.2,"FarRange":198}],"sig":[{"t":"9-1","s":"","d":{"X":-0.51,"Y":0.38}},{"t":"X1","s":"","d":{"X":-0.814,"Y":-0.535}},{"t":"X18","s":"","d":{"X":-0.214,"Y":0.84}},{"t":"X12","s":"","d":{"X":0.226,"Y":-0.758}}],"clr":{"R":194,"G":243,"B":202,"A":255}},"AP9-S":{"t":"STAR","sp":"STAR-8","s":343.57,"m":2253210.07,"gd":1145.25,"wic":{},"woc":{},"wgc":{},"emm":[{"Type":"2","MainRange":1493,"MainValue":3.83,"FarRange":3312}],"sig":[{"t":"X2","s":"","d":{"X":0.206,"Y":0.599}}],"clr":{"R":249,"G":215,"B":177,"A":255}}}}