{"SpawnDistance":17114.669,"Points":{"GN8-2-0":{"pid":"GN8-sv","orb":10185.72,"per":45.71,"ang":243.93,"t":"ASTEROID","sp":"ASTEROID-3","s":9.88,"m":13.43,"gd":16.48,"wic":{},"woc":{},"wgc":{},"emm":[{"Type":"1","MainRange":18,"MainValue":0.2,"FarRange":184}],"sig":[{"t":"9-1","s":"","d":{"X":-0.76,"Y":-0.48}},{"t":"9-2","s":"","d":{"X":-0.51,"Y":-0.36}},{"t":"X1","s":"","d":{"X":0.222,"Y":-0.896}}],"clr":{"R":254,"G":253,"B":254,"A":255}},"GN8-2-1":{"pid":"GN8-sv","orb":11328.7,"per":50.84,"ang":279.98,"t":"ASTEROID","sp":"ASTEROID-3","s":21.05,"m":129.64,"gd":35.09,"wic":{},"woc":{},"wgc":{},"emm":[{"Type":"1","MainRange":60,"MainValue":0.22,"FarRange":202},{"Type":"20","MainRange":37,"MainValue":0.15,"FarRange":165},{"Type":"3","MainRange":43,"MainValue":0.24,"FarRange":79},{"Type":"17","MainRange":51,"MainValue":0.3,"FarRange":129},{"Type":"18","MainRange":57,"MainValue":0.07,"FarRange":155}],"sig":[{"t":"9-1","s":"","d":{"X":0.09,"Y":-0.15}},{"t":"9-2","s":"","d":{"X":0.57,"Y":0.74}},{"t":"X1","s":"","d":{"X":0.036,"Y":0.097}},{"t":"X20","s":"","d":{"X":0.605,"Y":-0.378}},{"t":"X3","s":"","d":{"X":-0.889,"Y":-0.268}},{"t":"X17","s":"","d":{"X":0.192,"Y":0.304}},{"t":"X18","s":"","d":{"X":0.646,"Y":0.57}}],"clr":{"R":243,"G":195,"B":202,"A":255}},"GN8-2-10":{"pid":"GN8-sv","orb":13223.17,"per":59.34,"ang":123.38,"t":"ASTEROID","sp":"ASTEROID-1","s":24.41,"m":202.24,"gd":40.69,"wic":{},"woc":{},"wgc":{},"emm":[{"Type":"1","MainRange":36,"MainValue":0.22,"FarRange":212}],"sig":[{"t":"9-1","s":"","d":{"X":0.06,"Y":-0.93}},{"t":"9-2","s":"","d":{"X":0.27,"Y":0.54}},{"t":"X1","s":"","d":{"X":0.191,"Y":-0.798}}],"clr":{"R":242,"G":231,"B":181,"A":255}},"GN8-2-100":{"pid":"GN8-sv","orb":11276.17,"per":50.6,"ang":4.38,"t":"ASTEROID","sp":"ASTEROID-5","s":20.56,"m":120.79,"gd":34.27,"wic":{},"woc":{},"wgc":{},"emm":[{"Type":"1","MainRange":24,"MainValue":0.23,"FarRange":74}],"sig":[{"t":"9-1","s":"","d":{"X":0.38,"Y":0.86}},{"t":"9-2","s":"","d":{"X":0.88,"Y":-0.25}},{"t":"X1","s":"","d":{"X":0.375,"Y":-0.536}}],"clr":{"R":226,"G":242,"B":251,"A":255}},"GN8-2-11":{"pid":"GN8-sv","orb":11834.59,"per":53.11,"ang":275.4,"t":"ASTEROID","sp":"ASTEROID-1","s":15.19,"m":48.76,"gd":25.33,"wic":{},"woc":{},"wgc":{},"emm":[{"Type":"1","MainRange":86,"MainValue":0.1,"FarRange":162}],"sig":[{"t":"9-1","s":"","d":{"X":-0.43,"Y":-0.21}},{"t":"9-2","s":"","d":{"X":-0.34,"Y":0.52}},{"t":"X1","s":"","d":{"X":0.661,"Y":-0.211}}],"clr":{"R":194,"G":243,"B":218,"A":255}},"GN8-2-12":{"pid":"GN8-sv","orb":11343.61,"per":50.9,"ang":154.98,"t":"ASTEROID","sp":"ASTEROID-3","s":16.32,"m":60.37,"gd":27.2,"wic":{},"woc":{},"wgc":{},"emm":[{"Type":"1","MainRange":57,"MainValue":0.19,"FarRange":182}],"sig":[{"t":"9-1","s":"","d":{"X":0.24,"Y":-0.02}},{"t":"9-2","s":"","d":{"X":-0.63,"Y":0.55}},{"t":"X1","s":"","d":{"X":-0.634,"Y":0.197}}],"clr":{"R":247,"G":242,"B":213,"A":255}},"GN8-2-13":{"pid":"GN8-sv","orb":10530.34,"per":47.25,"ang":209.1,"t":"ASTEROID","sp":"ASTEROID-4","s":13.56,"m":34.66,"gd":22.6,"wic":{},"woc":{},"wgc":{},"emm":[{"Type":"1","MainRange":45,"MainValue":0.23,"FarRange":86}],"sig":[{"t":"9-1","s":"","d":{"X":0.43,"Y":0.59}},{"t":"9-2","s":"","d":{"X":-0.87,"Y":-0.5}},{"t":"X1","s":"","d":{"X":-0.224,"Y":0.392}}],"clr":{"R":245,"G":165,"B":224,"A":255}},"GN8-2-14":{"pid":"GN8-sv","orb":10956.76,"per":49.17,"ang":48.18,"t":"ASTEROID","sp":"ASTEROID-4","s":33.89,"m":540.88,"gd":56.49,"wic":{},"woc":{},"wgc":{},"emm":[{"Type":"1","MainRange":40,"MainValue":0.18,"FarRange":100}],"sig":[{"t":"9-1","s":"","d":{"X":-0.4,"Y":-0.3}},{"t":"9-2","s":"","d":{"X":-0.54,"Y":0.01}},{"t":"X1","s":"","d":{"X":0.724,"Y":0.227}}],"clr":{"R":245,"G":236,"B":249,"A":255}},"GN8-2-15":{"pid":"GN8-sv","orb":11383.05,"per":51.08,"ang":333.19,"t":"ASTEROID","sp":"ASTEROID-3","s":20.01,"m":111.34,"gd":33.35,"wic":{},"woc":{},"wgc":{},"emm":[{"Type":"1","MainRange":52,"MainValue":0.19,"FarRange":259}],"sig":[{"t":"9-1","s":"","d":{"X":-0.84,"Y":0.31}},{"t":"9-2","s":"","d":{"X":0.41,"Y":0.83}},{"t":"X1","s":"","d":{"X":0.204,"Y":0.901}}],"clr":{"R":247,"G":222,"B":218,"A":255}},"GN8-2-16":{"pid":"GN8-sv","orb":8726.15,"per":39.16,"ang":334.84,"t":"ASTEROID","sp":"ASTEROID-4","s":25.21,"m":222.78,"gd":42.03,"wic":{},"woc":{},"wgc":{},"emm":[{"Type":"1","MainRange":57,"MainValue":0.32,"FarRange":167}],"sig":[{"t":"9-1","s":"","d":{"X":-0.94,"Y":-0.17}},{"t":"9-2","s":"","d":{"X":0.78,"Y":0.44}},{"t":"X1","s":"","d":{"X":-0.248,"Y":-0.402}}],"clr":{"R":182,"G":162,"B":254,"A":255}},"GN8-2-17":{"pid":"GN8-sv","orb":14514.79,"per":65.14,"ang":266.42,"t":"ASTEROID","sp":"ASTEROID-1","s":14.26,"m":40.34,"gd":23.77,"wic":{},"woc":{},"wgc":{},"emm":[{"Type":"1","MainRange":57,"MainValue":0.25,"FarRange":186}],"sig":[{"t":"9-1","s":"","d":{"X":0.36,"Y":-0.55}},{"t":"9-2","s":"","d":{"X":0.17,"Y":0.9}},{"t":"X1","s":"","d":{"X":-0.454,"Y":0.076}}],"clr":{"R":237,"G":251,"B":232,"A":255}},"GN8-2-18":{"pid":"GN8-sv","orb":10202.48,"per":45.78,"ang":39.7,"t":"ASTEROID","sp":"ASTEROID-5","s":22.12,"m":150.33,"gd":36.86,"wic":{},"woc":{},"wgc":{},"emm":[{"Type":"1","MainRange":74,"MainValue":0.05,"FarRange":158}],"sig":[{"t":"9-1","s":"","d":{"X":-0.75,"Y":0.27}},{"t":"9-2","s":"","d":{"X":0.17,"Y":0.07}},{"t":"X1","s":"","d":{"X":0.055,"Y":0.718}}],"clr":{"R":238,"G":229,"B":250,"A":255}},"GN8-2-19":{"pid":"GN8-sv","orb":11179.1,"per":50.17,"ang":188.32,"t":"ASTEROID","sp":"ASTEROID-1","s":7.47,"m":5.79,"gd":12.45,"wic":{},"woc":{},"wgc":{},"emm":[{"Type":"1","MainRange":47.7,"MainValue":0.22,"FarRange":53}],"sig":[{"t":"9-1","s":"","d":{"X":0.38,"Y":0.88}},{"t":"9-2","s":"","d":{"X":-0.84,"Y":0.17}},{"t":"X1","s":"","d":{"X":0.397,"Y":-0.087}}],"clr":{"R":184,"G":160,"B":247,"A":255}},"GN8-2-2":{"pid":"GN8-sv","orb":11519.16,"per":51.69,"ang":110.17,"t":"ASTEROID","sp":"ASTEROID-5","s":29.82,"m":368.63,"gd":49.71,"wic":{},"woc":{},"wgc":{},"emm":[{"Type":"1","MainRange":55,"MainValue":0.23,"FarRange":156}],"sig":[{"t":"9-1","s":"","d":{"X":-0.4,"Y":0.87}},{"t":"9-2","s":"","d":{"X":-0.41,"Y":0.12}},{"t":"X1","s":"","d":{"X":-0.217,"Y":0.168}}],"clr":{"R":224,"G":223,"B":254,"A":255}},"GN8-2-20":{"pid":"GN8-sv","orb":10232.38,"per":45.92,"ang":39.88,"t":"ASTEROID","sp":"ASTEROID-5","s":20.63,"m":122.02,"gd":34.39,"wic":{},"woc":{},"wgc":{},"emm":[{"Type":"1","MainRange":43,"MainValue":0.21,"FarRange":193}],"sig":[{"t":"9-1","s":"","d":{"X":-0.74,"Y":0.1}},{"t":"9-2","s":"","d":{"X":-0.9,"Y":0.4}},{"t":"X1","s":"","d":{"X":0.382,"Y":-0.502}}],"clr":{"R":180,"G":236,"B":239,"A":255}},"GN8-2-21":{"pid":"GN8-sv","orb":7970.11,"per":35.76,"ang":332.16,"t":"ASTEROID","sp":"ASTEROID-2","s":16.63,"m":63.88,"gd":27.71,"wic":{},"woc":{},"wgc":{},"emm":[{"Type":"1","MainRange":41,"MainValue":0.18,"FarRange":176}],"sig":[{"t":"9-1","s":"","d":{"X":0.88,"Y":-0.13}},{"t":"9-2","s":"","d":{"X":-0.14,"Y":-0.49}},{"t":"X1","s":"","d":{"X":0.538,"Y":0.481}}],"clr":{"R":252,"G":237,"B":191,"A":255}},"GN8-2-22":{"pid":"GN8-sv","orb":10432.51,"per":46.82,"ang":186.03,"t":"ASTEROID","sp":"ASTEROID-3","s":19.62,"m":104.93,"gd":32.7,"wic":{},"woc":{},"wgc":{},"emm":[{"Type":"1","MainRange":28,"MainValue":0.17,"FarRange":191}],"sig":[{"t":"9-1","s":"","d":{"X":0.02,"Y":-0.64}},{"t":"9-2","s":"","d":{"X":0.61,"Y":-0.4}},{"t":"X1","s":"","d":{"X":-0.129,"Y":0.003}}],"clr":{"R":212,"G":254,"B":177,"A":255}},"GN8-2-23":{"pid":"GN8-sv","orb":11330.51,"per":50.85,"ang":106.06,"t":"ASTEROID","sp":"ASTEROID-4","s":20.7,"m":123.22,"gd":34.5,"wic":{},"woc":{},"wgc":{},"emm":[{"Type":"1","MainRange":39,"MainValue":0.07,"FarRange":101}],"sig":[{"t":"9-1","s":"","d":{"X":0.81,"Y":0.5}},{"t":"9-2","s":"","d":{"X":0.74,"Y":0.46}},{"t":"X1","s":"","d":{"X":0.158,"Y":-0.128}}],"clr":{"R":221,"G":245,"B":207,"A":255}},"GN8-2-24":{"pid":"GN8-sv","orb":12439.19,"per":55.82,"ang":330.27,"t":"ASTEROID","sp":"ASTEROID-1","s":18.52,"m":88.25,"gd":30.87,"wic":{},"woc":{},"wgc":{},"emm":[{"Type":"1","MainRange":46,"MainValue":0.23,"FarRange":150}],"sig":[{"t":"9-1","s":"","d":{"X":-0.13,"Y":-0.04}},{"t":"9-2","s":"","d":{"X":-0.57,"Y":-0.76}},{"t":"X1","s":"","d":{"X":0.415,"Y":0.389}}],"clr":{"R":225,"G":245,"B":244,"A":255}},"GN8-2-25":{"pid":"GN8-sv","orb":12367.82,"per":55.5,"ang":95.69,"t":"ASTEROID","sp":"ASTEROID-5","s":30.17,"m":381.43,"gd":50.28,"wic":{},"woc":{},"wgc":{},"emm":[{"Type":"1","MainRange":60,"MainValue":0.29,"FarRange":145}],"sig":[{"t":"9-1","s":"","d":{"X":-0.16,"Y":-0.21}},{"t":"9-2","s":"","d":{"X":0.23,"Y":-0.7}},{"t":"X1","s":"","d":{"X":0.321,"Y":0.109}}],"clr":{"R":186,"G":248,"B":205,"A":255}},"GN8-2-26":{"pid":"GN8-sv","orb":12596.34,"per":56.53,"ang":105.86,"t":"ASTEROID","sp":"ASTEROID-4","s":15.01,"m":47,"gd":25.02,"wic":{},"woc":{},"wgc":{},"emm":[{"Type":"1","MainRange":53,"MainValue":0.12,"FarRange":160}],"sig":[{"t":"9-1","s":"","d":{"X":-0.89,"Y":-0.37}},{"t":"9-2","s":"","d":{"X":-0.35,"Y":0.32}},{"t":"X1","s":"","d":{"X":0.712,"Y":-0.224}}],"clr":{"R":236,"G":200,"B":197,"A":255}},"GN8-2-27":{"pid":"GN8-sv","orb":11487.98,"per":51.55,"ang":137.11,"t":"ASTEROID","sp":"ASTEROID-5","s":19.66,"m":105.6,"gd":32.77,"wic":{},"woc":{},"wgc":{},"emm":[{"Type":"1","MainRange":78,"MainValue":0.21,"FarRange":239}],"sig":[{"t":"9-1","s":"","d":{"X":0.95,"Y":0.03}},{"t":"9-2","s":"","d":{"X":0.59,"Y":0.13}},{"t":"X1","s":"","d":{"X":-0.276,"Y":-0.264}}],"clr":{"R":237,"G":200,"B":235,"A":255}},"GN8-2-28":{"pid":"GN8-sv","orb":11905.68,"per":53.43,"ang":358.48,"t":"ASTEROID","sp":"ASTEROID-3","s":15.55,"m":52.28,"gd":25.92,"wic":{},"woc":{},"wgc":{},"emm":[{"Type":"1","MainRange":27,"MainValue":0.08,"FarRange":125}],"sig":[{"t":"9-1","s":"","d":{"X":-0.32,"Y":-0.21}},{"t":"9-2","s":"","d":{"X":-0.22,"Y":-0.41}},{"t":"X1","s":"","d":{"X":0.586,"Y":0.632}}],"clr":{"R":253,"G":249,"B":253,"A":255}},"GN8-2-29":{"pid":"GN8-sv","orb":10775.86,"per":48.36,"ang":72.43,"t":"ASTEROID","sp":"ASTEROID-1","s":25.42,"m":228.18,"gd":42.36,"wic":{},"woc":{},"wgc":{},"emm":[{"Type":"1","MainRange":43,"MainValue":0.17,"FarRange":123}],"sig":[{"t":"9-1","s":"","d":{"X":-0.34,"Y":0.85}},{"t":"9-2","s":"","d":{"X":-0.2,"Y":-0.12}},{"t":"X1","s":"","d":{"X":-0.407,"Y":0.278}}],"clr":{"R":229,"G":242,"B":251,"A":255}},"GN8-2-3":{"pid":"GN8-sv","orb":11934.09,"per":53.55,"ang":322.19,"t":"ASTEROID","sp":"ASTEROID-4","s":17.19,"m":70.59,"gd":28.65,"wic":{},"woc":{},"wgc":{},"emm":[{"Type":"1","MainRange":68,"MainValue":0.22,"FarRange":141}],"sig":[{"t":"9-1","s":"","d":{"X":-0.04,"Y":-0.8}},{"t":"9-2","s":"","d":{"X":0.73,"Y":-0.62}},{"t":"X1","s":"","d":{"X":0.06,"Y":0.349}}],"clr":{"R":190,"G":242,"B":186,"A":255}},"GN8-2-30":{"pid":"GN8-sv","orb":12110.44,"per":54.35,"ang":293.2,"t":"ASTEROID","sp":"ASTEROID-3","s":28.81,"m":332.42,"gd":48.03,"wic":{},"woc":{},"wgc":{},"emm":[{"Type":"1","MainRange":73,"MainValue":0.07,"FarRange":232}],"sig":[{"t":"9-1","s":"","d":{"X":0.09,"Y":-0.89}},{"t":"9-2","s":"","d":{"X":0.76,"Y":0.44}},{"t":"X1","s":"","d":{"X":-0.283,"Y":-0.561}}],"clr":{"R":220,"G":254,"B":225,"A":255}},"GN8-2-31":{"pid":"GN8-sv","orb":11474.99,"per":51.49,"ang":335.58,"t":"ASTEROID","sp":"ASTEROID-1","s":25.68,"m":235.29,"gd":42.8,"wic":{},"woc":{},"wgc":{},"emm":[{"Type":"1","MainRange":81,"MainValue":0.12,"FarRange":123}],"sig":[{"t":"9-1","s":"","d":{"X":-0.31,"Y":0.22}},{"t":"9-2","s":"","d":{"X":-0.51,"Y":0.04}},{"t":"X1","s":"","d":{"X":-0.225,"Y":-0.703}}],"clr":{"R":254,"G":254,"B":253,"A":255}},"GN8-2-32":{"pid":"GN8-sv","orb":9761.73,"per":43.81,"ang":103.19,"t":"ASTEROID","sp":"ASTEROID-3","s":15.77,"m":54.48,"gd":26.28,"wic":{},"woc":{},"wgc":{},"emm":[{"Type":"1","MainRange":52,"MainValue":0.27,"FarRange":141}],"sig":[{"t":"9-1","s":"","d":{"X":-0.87,"Y":0.11}},{"t":"9-2","s":"","d":{"X":0.66,"Y":0.43}},{"t":"X1","s":"","d":{"X":0.441,"Y":-0.524}}],"clr":{"R":236,"G":254,"B":244,"A":255}},"GN8-2-33":{"pid":"GN8-sv","orb":13740.65,"per":61.66,"ang":134.42,"t":"ASTEROID","sp":"ASTEROID-3","s":18.78,"m":92.12,"gd":31.31,"wic":{},"woc":{},"wgc":{},"emm":[{"Type":"1","MainRange":51,"MainValue":0.19,"FarRange":72}],"sig":[{"t":"9-1","s":"","d":{"X":0.47,"Y":0.12}},{"t":"9-2","s":"","d":{"X":0.64,"Y":0.46}},{"t":"X1","s":"","d":{"X":-0.251,"Y":0.057}}],"clr":{"R":239,"G":225,"B":248,"A":255}},"GN8-2-34":{"pid":"GN8-sv","orb":12623.3,"per":56.65,"ang":12.52,"t":"ASTEROID","sp":"ASTEROID-2","s":23.79,"m":187.12,"gd":39.65,"wic":{},"woc":{},"wgc":{},"emm":[{"Type":"1","MainRange":53,"MainValue":0.17,"FarRange":201}],"sig":[{"t":"9-1","s":"","d":{"X":-0.06,"Y":0.5}},{"t":"9-2","s":"","d":{"X":-0.14,"Y":-0.4}},{"t":"X1","s":"","d":{"X":-0.91,"Y":0.315}}],"clr":{"R":253,"G":254,"B":254,"A":255}},"GN8-2-35":{"pid":"GN8-sv","orb":12061.91,"per":54.13,"ang":45.62,"t":"ASTEROID","sp":"ASTEROID-1","s":19.06,"m":96.18,"gd":31.76,"wic":{},"woc":{},"wgc":{},"emm":[{"Type":"1","MainRange":59,"MainValue":0.14,"FarRange":137}],"sig":[{"t":"9-1","s":"","d":{"X":0.3,"Y":-0.42}},{"t":"9-2","s":"","d":{"X":0.74,"Y":-0.6}},{"t":"X1","s":"","d":{"X":-0.507,"Y":-0.368}}],"clr":{"R":244,"G":252,"B":249,"A":255}},"GN8-2-36":{"pid":"GN8-sv","orb":11716.89,"per":52.58,"ang":95.15,"t":"ASTEROID","sp":"ASTEROID-2","s":20.52,"m":120.14,"gd":34.21,"wic":{},"woc":{},"wgc":{},"emm":[{"Type":"1","MainRange":62,"MainValue":0.12,"FarRange":169},{"Type":"2","MainRange":51,"MainValue":0.22,"FarRange":220}],"sig":[{"t":"9-1","s":"","d":{"X":0.21,"Y":-0.38}},{"t":"9-2","s":"","d":{"X":-0.66,"Y":0.08}},{"t":"X1","s":"","d":{"X":-0.034,"Y":0.888}},{"t":"X2","s":"","d":{"X":-0.547,"Y":0.173}}],"clr":{"R":254,"G":212,"B":229,"A":255}},"GN8-2-37":{"pid":"GN8-sv","orb":11318.37,"per":50.79,"ang":122.68,"t":"ASTEROID","sp":"ASTEROID-5","s":18.02,"m":81.4,"gd":30.04,"wic":{},"woc":{},"wgc":{},"emm":[{"Type":"1","MainRange":65,"MainValue":0.12,"FarRange":137}],"sig":[{"t":"9-1","s":"","d":{"X":0.89,"Y":-0.06}},{"t":"9-2","s":"","d":{"X":0.53,"Y":-0.7}},{"t":"X1","s":"","d":{"X":-0.049,"Y":-0.33}}],"clr":{"R":173,"G":250,"B":229,"A":255}},"GN8-2-38":{"pid":"GN8-sv","orb":10650.61,"per":47.79,"ang":289.04,"t":"ASTEROID","sp":"ASTEROID-4","s":12.86,"m":29.56,"gd":21.43,"wic":{},"woc":{},"wgc":{},"emm":[{"Type":"1","MainRange":62,"MainValue":0.21,"FarRange":223}],"sig":[{"t":"9-1","s":"","d":{"X":-0.32,"Y":-0.26}},{"t":"9-2","s":"","d":{"X":-0.17,"Y":-0.27}},{"t":"X1","s":"","d":{"X":0.03,"Y":0.361}}],"clr":{"R":218,"G":247,"B":197,"A":255}},"GN8-2-39":{"pid":"GN8-sv","orb":11911.09,"per":53.45,"ang":354.78,"t":"ASTEROID","sp":"ASTEROID-1","s":15.64,"m":53.22,"gd":26.08,"wic":{},"woc":{},"wgc":{},"emm":[{"Type":"1","MainRange":44,"MainValue":0.19,"FarRange":208}],"sig":[{"t":"9-1","s":"","d":{"X":-0.91,"Y":-0.35}},{"t":"9-2","s":"","d":{"X":-0.77,"Y":0.53}},{"t":"X1","s":"","d":{"X":-0.686,"Y":0.241}}],"clr":{"R":245,"G":238,"B":252,"A":255}},"GN8-2-4":{"pid":"GN8-sv","orb":10245.28,"per":45.98,"ang":223.82,"t":"ASTEROID","sp":"ASTEROID-3","s":17.5,"m":74.46,"gd":29.17,"wic":{},"woc":{},"wgc":{},"emm":[{"Type":"1","MainRange":67,"MainValue":0.2,"FarRange":199},{"Type":"14","MainRange":31,"MainValue":0.19,"FarRange":203}],"sig":[{"t":"9-1","s":"","d":{"X":-0.43,"Y":-0.4}},{"t":"9-2","s":"","d":{"X":0.54,"Y":-0.08}},{"t":"X1","s":"","d":{"X":0.153,"Y":-0.099}},{"t":"X14","s":"","d":{"X":-0.886,"Y":0.321}}],"clr":{"R":212,"G":176,"B":234,"A":255}},"GN8-2-40":{"pid":"GN8-sv","orb":12932.35,"per":58.03,"ang":225.53,"t":"ASTEROID","sp":"ASTEROID-3","s":13.58,"m":34.84,"gd":22.64,"wic":{},"woc":{},"wgc":{},"emm":[{"Type":"1","MainRange":60,"MainValue":0.21,"FarRange":201}],"sig":[{"t":"9-1","s":"","d":{"X":0.31,"Y":0.3}},{"t":"9-2","s":"","d":{"X":0.62,"Y":-0.76}},{"t":"X1","s":"","d":{"X":0.653,"Y":0.361}}],"clr":{"R":210,"G":251,"B":228,"A":255}},"GN8-2-41":{"pid":"GN8-sv","orb":10614.85,"per":47.63,"ang":266.09,"t":"ASTEROID","sp":"ASTEROID-5","s":20.4,"m":117.91,"gd":34,"wic":{},"woc":{},"wgc":{},"emm":[{"Type":"1","MainRange":64,"MainValue":0.22,"FarRange":177},{"Type":"2","MainRange":37,"MainValue":0.21,"FarRange":209},{"Type":"5","MainRange":8,"MainValue":0.18,"FarRange":187}],"sig":[{"t":"9-1","s":"","d":{"X":-0.2,"Y":-0.13}},{"t":"9-2","s":"","d":{"X":-0.16,"Y":-0.59}},{"t":"X1","s":"","d":{"X":0.932,"Y":-0.118}},{"t":"X2","s":"","d":{"X":0.5,"Y":0.586}},{"t":"X5","s":"","d":{"X":-0.477,"Y":0.659}}],"clr":{"R":246,"G":232,"B":206,"A":255}},"GN8-2-42":{"pid":"GN8-sv","orb":12747.01,"per":57.2,"ang":204.52,"t":"ASTEROID","sp":"ASTEROID-1","s":15.9,"m":55.85,"gd":26.5,"wic":{},"woc":{},"wgc":{},"emm":[{"Type":"1","MainRange":52,"MainValue":0.29,"FarRange":103}],"sig":[{"t":"9-1","s":"","d":{"X":-0.77,"Y":-0.1}},{"t":"9-2","s":"","d":{"X":-0.35,"Y":0.29}},{"t":"X1","s":"","d":{"X":-0.882,"Y":0.227}}],"clr":{"R":239,"G":251,"B":216,"A":255}},"GN8-2-43":{"pid":"GN8-sv","orb":9320.5,"per":41.82,"ang":255.94,"t":"ASTEROID","sp":"ASTEROID-5","s":19.57,"m":104.2,"gd":32.62,"wic":{},"woc":{},"wgc":{},"emm":[{"Type":"1","MainRange":77,"MainValue":0.19,"FarRange":142}],"sig":[{"t":"9-1","s":"","d":{"X":0.66,"Y":-0.34}},{"t":"9-2","s":"","d":{"X":0.05,"Y":-0.56}},{"t":"X1","s":"","d":{"X":0.04,"Y":0.23}}],"clr":{"R":186,"G":217,"B":250,"A":255}},"GN8-2-44":{"pid":"GN8-sv","orb":9608.87,"per":43.12,"ang":243.04,"t":"ASTEROID","sp":"ASTEROID-4","s":12.78,"m":29.03,"gd":21.31,"wic":{},"woc":{},"wgc":{},"emm":[{"Type":"1","MainRange":34,"MainValue":0.19,"FarRange":188},{"Type":"26","MainRange":77,"MainValue":0.14,"FarRange":179},{"Type":"15","MainRange":45,"MainValue":0.16,"FarRange":98},{"Type":"17","MainRange":62,"MainValue":0.26,"FarRange":166}],"sig":[{"t":"9-1","s":"","d":{"X":0.13,"Y":-0.81}},{"t":"9-2","s":"","d":{"X":0.87,"Y":0.2}},{"t":"X1","s":"","d":{"X":-0.496,"Y":0.201}},{"t":"X26","s":"","d":{"X":-0.068,"Y":0.963}},{"t":"X15","s":"","d":{"X":0.299,"Y":-0.534}},{"t":"X17","s":"","d":{"X":-0.496,"Y":-0.845}}],"clr":{"R":237,"G":186,"B":202,"A":255}},"GN8-2-45":{"pid":"GN8-sv","orb":13447.45,"per":60.35,"ang":306.17,"t":"ASTEROID","sp":"ASTEROID-4","s":28.62,"m":325.8,"gd":47.71,"wic":{},"woc":{},"wgc":{},"emm":[{"Type":"1","MainRange":39,"MainValue":0.17,"FarRange":183}],"sig":[{"t":"9-1","s":"","d":{"X":-0.9,"Y":0.01}},{"t":"9-2","s":"","d":{"X":-0.21,"Y":0.02}},{"t":"X1","s":"","d":{"X":-0.613,"Y":0.364}}],"clr":{"R":208,"G":212,"B":252,"A":255}},"GN8-2-46":{"pid":"GN8-sv","orb":9145.93,"per":41.04,"ang":349.29,"t":"ASTEROID","sp":"ASTEROID-5","s":21.12,"m":131.02,"gd":35.21,"wic":{},"woc":{},"wgc":{},"emm":[{"Type":"1","MainRange":45,"MainValue":0.25,"FarRange":172},{"Type":"12","MainRange":64,"MainValue":0.12,"FarRange":159}],"sig":[{"t":"9-1","s":"","d":{"X":-0.56,"Y":-0.75}},{"t":"9-2","s":"","d":{"X":0.4,"Y":-0.19}},{"t":"X1","s":"","d":{"X":0.523,"Y":0.356}},{"t":"X12","s":"","d":{"X":0.169,"Y":-0.833}}],"clr":{"R":201,"G":237,"B":181,"A":255}},"GN8-2-47":{"pid":"GN8-sv","orb":11332.55,"per":50.85,"ang":134.44,"t":"ASTEROID","sp":"ASTEROID-3","s":23.66,"m":183.97,"gd":39.43,"wic":{},"woc":{},"wgc":{},"emm":[{"Type":"1","MainRange":37,"MainValue":0.18,"FarRange":97}],"sig":[{"t":"9-1","s":"","d":{"X":-0.14,"Y":-0.84}},{"t":"9-2","s":"","d":{"X":0.31,"Y":0.27}},{"t":"X1","s":"","d":{"X":-0.974,"Y":-0.114}}],"clr":{"R":244,"G":232,"B":222,"A":255}},"GN8-2-48":{"pid":"GN8-sv","orb":12239.62,"per":54.93,"ang":114.46,"t":"ASTEROID","sp":"ASTEROID-1","s":27.58,"m":291.63,"gd":45.98,"wic":{},"woc":{},"wgc":{},"emm":[{"Type":"1","MainRange":60,"MainValue":0.19,"FarRange":148}],"sig":[{"t":"9-1","s":"","d":{"X":-0.7,"Y":0.45}},{"t":"9-2","s":"","d":{"X":-0.4,"Y":0.31}},{"t":"X1","s":"","d":{"X":0.071,"Y":-0.049}}],"clr":{"R":211,"G":202,"B":241,"A":255}},"GN8-2-49":{"pid":"GN8-sv","orb":10637.98,"per":47.74,"ang":341.96,"t":"ASTEROID","sp":"ASTEROID-1","s":24.35,"m":200.6,"gd":40.58,"wic":{},"woc":{},"wgc":{},"emm":[{"Type":"1","MainRange":46,"MainValue":0.25,"FarRange":165}],"sig":[{"t":"9-1","s":"","d":{"X":-0.71,"Y":0.08}},{"t":"9-2","s":"","d":{"X":-0.39,"Y":0.18}},{"t":"X1","s":"","d":{"X":0.743,"Y":0.444}}],"clr":{"R":250,"G":244,"B":252,"A":255}},"GN8-2-5":{"pid":"GN8-sv","orb":10409.42,"per":46.71,"ang":142.95,"t":"ASTEROID","sp":"ASTEROID-5","s":25.59,"m":232.83,"gd":42.65,"wic":{},"woc":{},"wgc":{},"emm":[{"Type":"1","MainRange":37,"MainValue":0.25,"FarRange":223}],"sig":[{"t":"9-1","s":"","d":{"X":0.66,"Y":0.51}},{"t":"9-2","s":"","d":{"X":-0.98,"Y":0.16}},{"t":"X1","s":"","d":{"X":-0.197,"Y":0.622}}],"clr":{"R":181,"G":240,"B":205,"A":255}},"GN8-2-50":{"pid":"GN8-sv","orb":12023.54,"per":53.96,"ang":152.07,"t":"ASTEROID","sp":"ASTEROID-2","s":17.8,"m":78.34,"gd":29.66,"wic":{},"woc":{},"wgc":{},"emm":[{"Type":"1","MainRange":64,"MainValue":0.23,"FarRange":172},{"Type":"18","MainRange":49,"MainValue":0.21,"FarRange":167},{"Type":"15","MainRange":57,"MainValue":0.08,"FarRange":162}],"sig":[{"t":"9-1","s":"","d":{"X":-0.23,"Y":0.76}},{"t":"9-2","s":"","d":{"X":0.12,"Y":0.19}},{"t":"X1","s":"","d":{"X":0.479,"Y":-0.876}},{"t":"X18","s":"","d":{"X":0.174,"Y":-0.207}},{"t":"X15","s":"","d":{"X":0.709,"Y":0.523}}],"clr":{"R":249,"G":227,"B":223,"A":255}},"GN8-2-51":{"pid":"GN8-sv","orb":8637.73,"per":38.76,"ang":198.42,"t":"ASTEROID","sp":"ASTEROID-2","s":16.27,"m":59.88,"gd":27.12,"wic":{},"woc":{},"wgc":{},"emm":[{"Type":"1","MainRange":40,"MainValue":0.22,"FarRange":138}],"sig":[{"t":"9-1","s":"","d":{"X":0.77,"Y":-0.53}},{"t":"9-2","s":"","d":{"X":0.07,"Y":0.94}},{"t":"X1","s":"","d":{"X":0.317,"Y":0.789}}],"clr":{"R":236,"G":254,"B":247,"A":255}},"GN8-2-52":{"pid":"GN8-sv","orb":11304.47,"per":50.73,"ang":350.19,"t":"ASTEROID","sp":"ASTEROID-1","s":18.9,"m":93.89,"gd":31.51,"wic":{},"woc":{},"wgc":{},"emm":[{"Type":"1","MainRange":48,"MainValue":0.26,"FarRange":181}],"sig":[{"t":"9-1","s":"","d":{"X":0.61,"Y":-0.19}},{"t":"9-2","s":"","d":{"X":-0.09,"Y":-0.87}},{"t":"X1","s":"","d":{"X":0.645,"Y":0.407}}],"clr":{"R":244,"G":240,"B":214,"A":255}},"GN8-2-53":{"pid":"GN8-sv","orb":10477.95,"per":47.02,"ang":21.92,"t":"ASTEROID","sp":"ASTEROID-4","s":10.75,"m":17.27,"gd":17.92,"wic":{},"woc":{},"wgc":{},"emm":[{"Type":"1","MainRange":42,"MainValue":0.18,"FarRange":206}],"sig":[{"t":"9-1","s":"","d":{"X":0.04,"Y":0.53}},{"t":"9-2","s":"","d":{"X":0.4,"Y":-0.64}},{"t":"X1","s":"","d":{"X":0.772,"Y":0.62}}],"clr":{"R":251,"G":223,"B":244,"A":255}},"GN8-2-54":{"pid":"GN8-sv","orb":12981.79,"per":58.26,"ang":174.69,"t":"ASTEROID","sp":"ASTEROID-5","s":27.8,"m":298.54,"gd":46.34,"wic":{},"woc":{},"wgc":{},"emm":[{"Type":"1","MainRange":64,"MainValue":0.09,"FarRange":155}],"sig":[{"t":"9-1","s":"","d":{"X":0.64,"Y":-0.04}},{"t":"9-2","s":"","d":{"X":0.78,"Y":-0.59}},{"t":"X1","s":"","d":{"X":-0.058,"Y":0.833}}],"clr":{"R":247,"G":203,"B":240,"A":255}},"GN8-2-55":{"pid":"GN8-sv","orb":9066.89,"per":40.69,"ang":83.12,"t":"ASTEROID","sp":"ASTEROID-5","s":17.78,"m":78.19,"gd":29.64,"wic":{},"woc":{},"wgc":{},"emm":[{"Type":"1","MainRange":62,"MainValue":0.3,"FarRange":212}],"sig":[{"t":"9-1","s":"","d":{"X":-0.33,"Y":-0.52}},{"t":"9-2","s":"","d":{"X":-0.33,"Y":-0.79}},{"t":"X1","s":"","d":{"X":0.969,"Y":-0.175}}],"clr":{"R":215,"G":245,"B":231,"A":255}},"GN8-2-56":{"pid":"GN8-sv","orb":11838.66,"per":53.13,"ang":140.66,"t":"ASTEROID","sp":"ASTEROID-2","s":26.95,"m":271.86,"gd":44.91,"wic":{},"woc":{},"wgc":{},"emm":[{"Type":"1","MainRange":47,"MainValue":0.22,"FarRange":172}],"sig":[{"t":"9-1","s":"","d":{"X":-0.23,"Y":-0.12}},{"t":"9-2","s":"","d":{"X":0.83,"Y":-0.15}},{"t":"X1","s":"","d":{"X":-0.691,"Y":0.502}}],"clr":{"R":220,"G":183,"B":252,"A":255}},"GN8-2-57":{"pid":"GN8-sv","orb":11386.32,"per":51.1,"ang":34.02,"t":"ASTEROID","sp":"ASTEROID-5","s":25.94,"m":242.53,"gd":43.23,"wic":{},"woc":{},"wgc":{},"emm":[{"Type":"1","MainRange":61,"MainValue":0.22,"FarRange":117}],"sig":[{"t":"9-1","s":"","d":{"X":0.45,"Y":-0.47}},{"t":"9-2","s":"","d":{"X":0.18,"Y":0.46}},{"t":"X1","s":"","d":{"X":-0.876,"Y":-0.411}}],"clr":{"R":207,"G":214,"B":254,"A":255}},"GN8-2-58":{"pid":"GN8-sv","orb":12820.32,"per":57.53,"ang":342.69,"t":"ASTEROID","sp":"ASTEROID-3","s":31.67,"m":441.58,"gd":52.79,"wic":{},"woc":{},"wgc":{},"emm":[{"Type":"1","MainRange":61,"MainValue":0.17,"FarRange":182}],"sig":[{"t":"9-1","s":"","d":{"X":-0.46,"Y":-0.07}},{"t":"9-2","s":"","d":{"X":-0.29,"Y":0.61}},{"t":"X1","s":"","d":{"X":0.507,"Y":0.17}}],"clr":{"R":248,"G":175,"B":233,"A":255}},"GN8-2-59":{"pid":"GN8-sv","orb":10696.72,"per":48,"ang":127.65,"t":"ASTEROID","sp":"ASTEROID-4","s":21.29,"m":134.19,"gd":35.49,"wic":{},"woc":{},"wgc":{},"emm":[{"Type":"1","MainRange":89,"MainValue":0.26,"FarRange":151}],"sig":[{"t":"9-1","s":"","d":{"X":0.13,"Y":-0.45}},{"t":"9-2","s":"","d":{"X":0.46,"Y":0.52}},{"t":"X1","s":"","d":{"X":0.558,"Y":0.443}}],"clr":{"R":170,"G":184,"B":248,"A":255}},"GN8-2-6":{"pid":"GN8-sv","orb":12574.65,"per":56.43,"ang":16.57,"t":"ASTEROID","sp":"ASTEROID-4","s":21.64,"m":140.91,"gd":36.08,"wic":{},"woc":{},"wgc":{},"emm":[{"Type":"1","MainRange":41,"MainValue":0.19,"FarRange":143}],"sig":[{"t":"9-1","s":"","d":{"X":0.44,"Y":-0.74}},{"t":"9-2","s":"","d":{"X":0.1,"Y":0.52}},{"t":"X1","s":"","d":{"X":0.894,"Y":-0.047}}],"clr":{"R":205,"G":235,"B":250,"A":255}},"GN8-2-60":{"pid":"GN8-sv","orb":12341.18,"per":55.38,"ang":16.54,"t":"ASTEROID","sp":"ASTEROID-1","s":24.32,"m":200,"gd":40.54,"wic":{},"woc":{},"wgc":{},"emm":[{"Type":"1","MainRange":48,"MainValue":0.24,"FarRange":193}],"sig":[{"t":"9-1","s":"","d":{"X":0.84,"Y":0.1}},{"t":"9-2","s":"","d":{"X":-0.6,"Y":0.09}},{"t":"X1","s":"","d":{"X":-0.34,"Y":0.032}}],"clr":{"R":243,"G":254,"B":229,"A":255}},"GN8-2-61":{"pid":"GN8-sv","orb":9553.18,"per":42.87,"ang":234.08,"t":"ASTEROID","sp":"ASTEROID-2","s":24.89,"m":214.24,"gd":41.48,"wic":{},"woc":{},"wgc":{},"emm":[{"Type":"1","MainRange":47,"MainValue":0.16,"FarRange":169},{"Type":"2","MainRange":24,"MainValue":0.23,"FarRange":158}],"sig":[{"t":"9-1","s":"","d":{"X":0.81,"Y":-0.57}},{"t":"9-2","s":"","d":{"X":0.6,"Y":0.74}},{"t":"X1","s":"","d":{"X":0.442,"Y":-0.136}},{"t":"X2","s":"","d":{"X":-0.876,"Y":0.296}}],"clr":{"R":243,"G":218,"B":247,"A":255}},"GN8-2-62":{"pid":"GN8-sv","orb":11235.65,"per":50.42,"ang":45.46,"t":"ASTEROID","sp":"ASTEROID-3","s":12.39,"m":26.44,"gd":20.65,"wic":{},"woc":{},"wgc":{},"emm":[{"Type":"1","MainRange":53,"MainValue":0.22,"FarRange":136}],"sig":[{"t":"9-1","s":"","d":{"X":-0.02,"Y":0.23}},{"t":"9-2","s":"","d":{"X":0.92,"Y":-0.13}},{"t":"X1","s":"","d":{"X":-0.784,"Y":-0.485}}],"clr":{"R":237,"G":216,"B":250,"A":255}},"GN8-2-63":{"pid":"GN8-sv","orb":11536.12,"per":51.77,"ang":182.3,"t":"ASTEROID","sp":"ASTEROID-1","s":22.81,"m":164.98,"gd":38.02,"wic":{},"woc":{},"wgc":{},"emm":[{"Type":"1","MainRange":60,"MainValue":0.2,"FarRange":208}],"sig":[{"t":"9-1","s":"","d":{"X":0.46,"Y":-0.41}},{"t":"9-2","s":"","d":{"X":-0.21,"Y":-0.94}},{"t":"X1","s":"","d":{"X":-0.009,"Y":0.003}}],"clr":{"R":247,"G":214,"B":200,"A":255}},"GN8-2-64":{"pid":"GN8-sv","orb":10438.39,"per":46.84,"ang":279.46,"t":"ASTEROID","sp":"ASTEROID-1","s":11.69,"m":22.22,"gd":19.49,"wic":{},"woc":{},"wgc":{},"emm":[{"Type":"1","MainRange":71,"MainValue":0.28,"FarRange":91}],"sig":[{"t":"9-1","s":"","d":{"X":-0.73,"Y":-0.47}},{"t":"9-2","s":"","d":{"X":-0.04,"Y":-0.78}},{"t":"X1","s":"","d":{"X":0.452,"Y":-0.024}}],"clr":{"R":231,"G":248,"B":247,"A":255}},"GN8-2-65":{"pid":"GN8-sv","orb":12128.22,"per":54.43,"ang":153.83,"t":"ASTEROID","sp":"ASTEROID-3","s":20.78,"m":124.63,"gd":34.63,"wic":{},"woc":{},"wgc":{},"emm":[{"Type":"1","MainRange":41,"MainValue":0.08,"FarRange":184}],"sig":[{"t":"9-1","s":"","d":{"X":0.18,"Y":0.76}},{"t":"9-2","s":"","d":{"X":0.25,"Y":-0.18}},{"t":"X1","s":"","d":{"X":-0.932,"Y":-0.077}}],"clr":{"R":222,"G":247,"B":245,"A":255}},"GN8-2-66":{"pid":"GN8-sv","orb":12153.32,"per":54.54,"ang":130.17,"t":"ASTEROID","sp":"ASTEROID-5","s":22.43,"m":156.81,"gd":37.38,"wic":{},"woc":{},"wgc":{},"emm":[{"Type":"1","MainRange":61,"MainValue":0.1,"FarRange":135}],"sig":[{"t":"9-1","s":"","d":{"X":-0.66,"Y":-0.48}},{"t":"9-2","s":"","d":{"X":0.36,"Y":0.18}},{"t":"X1","s":"","d":{"X":-0.172,"Y":-0.496}}],"clr":{"R":225,"G":249,"B":249,"A":255}},"GN8-2-67":{"pid":"GN8-sv","orb":10327.39,"per":46.34,"ang":164.49,"t":"ASTEROID","sp":"ASTEROID-3","s":27.81,"m":299.02,"gd":46.36,"wic":{},"woc":{},"wgc":{},"emm":[{"Type":"1","MainRange":50,"MainValue":0.09,"FarRange":91}],"sig":[{"t":"9-1","s":"","d":{"X":-0.41,"Y":-0.84}},{"t":"9-2","s":"","d":{"Y":-0.3}},{"t":"X1","s":"","d":{"X":0.653,"Y":0.124}}],"clr":{"R":254,"G":240,"B":235,"A":255}},"GN8-2-68":{"pid":"GN8-sv","orb":12360.7,"per":55.47,"ang":265.25,"t":"ASTEROID","sp":"ASTEROID-3","s":26.09,"m":246.79,"gd":43.49,"wic":{},"woc":{},"wgc":{},"emm":[{"Type":"1","MainRange":36,"MainValue":0.24,"FarRange":138}],"sig":[{"t":"9-1","s":"","d":{"X":-0.39,"Y":0.35}},{"t":"9-2","s":"","d":{"X":0.71,"Y":-0.31}},{"t":"X1","s":"","d":{"X":0.405,"Y":0.286}}],"clr":{"R":250,"G":223,"B":252,"A":255}},"GN8-2-69":{"pid":"GN8-sv","orb":11825.6,"per":53.07,"ang":278.29,"t":"ASTEROID","sp":"ASTEROID-2","s":16.94,"m":67.53,"gd":28.23,"wic":{},"woc":{},"wgc":{},"emm":[{"Type":"1","MainRange":38,"MainValue":0.18,"FarRange":227}],"sig":[{"t":"9-1","s":"","d":{"X":-0.41,"Y":0.16}},{"t":"9-2","s":"","d":{"X":-0.12,"Y":-0.64}},{"t":"X1","s":"","d":{"X":0.417,"Y":0.151}}],"clr":{"R":241,"G":227,"B":251,"A":255}},"GN8-2-7":{"pid":"GN8-sv","orb":12180.27,"per":54.66,"ang":107.64,"t":"ASTEROID","sp":"ASTEROID-4","s":30.65,"m":400.21,"gd":51.09,"wic":{},"woc":{},"wgc":{},"emm":[{"Type":"1","MainRange":47,"MainValue":0.2,"FarRange":174}],"sig":[{"t":"9-1","s":"","d":{"X":0.51,"Y":-0.06}},{"t":"9-2","s":"","d":{"X":-0.5,"Y":0.12}},{"t":"X1","s":"","d":{"X":-0.114,"Y":0.11}}],"clr":{"R":195,"G":229,"B":238,"A":255}},"GN8-2-70":{"pid":"GN8-sv","orb":12859.4,"per":57.71,"ang":355.8,"t":"ASTEROID","sp":"ASTEROID-5","s":25.72,"m":236.41,"gd":42.87,"wic":{},"woc":{},"wgc":{},"emm":[{"Type":"1","MainRange":50,"MainValue":0.17,"FarRange":115}],"sig":[{"t":"9-1","s":"","d":{"X":0.1,"Y":-0.8}},{"t":"9-2","s":"","d":{"X":-0.05,"Y":-0.6}},{"t":"X1","s":"","d":{"X":0.644,"Y":0.287}}],"clr":{"R":246,"G":247,"B":253,"A":255}},"GN8-2-71":{"pid":"GN8-sv","orb":11410.53,"per":51.2,"ang":183.04,"t":"ASTEROID","sp":"ASTEROID-1","s":19.5,"m":103.04,"gd":32.5,"wic":{},"woc":{},"wgc":{},"emm":[{"Type":"1","MainRange":34,"MainValue":0.16,"FarRange":153}],"sig":[{"t":"9-1","s":"","d":{"X":-0.42,"Y":-0.53}},{"t":"9-2","s":"","d":{"X":-0.35,"Y":-0.06}},{"t":"X1","s":"","d":{"X":0.426,"Y":-0.102}}],"clr":{"R":244,"G":230,"B":180,"A":255}},"GN8-2-72":{"pid":"GN8-sv","orb":11653.08,"per":52.29,"ang":72.43,"t":"ASTEROID","sp":"ASTEROID-4","s":23.73,"m":185.61,"gd":39.55,"wic":{},"woc":{},"wgc":{},"emm":[{"Type":"1","MainRange":54,"MainValue":0.19,"FarRange":155}],"sig":[{"t":"9-1","s":"","d":{"X":-0.36,"Y":-0.93}},{"t":"9-2","s":"","d":{"X":-0.44,"Y":0.05}},{"t":"X1","s":"","d":{"X":-0.648,"Y":0.319}}],"clr":{"R":194,"G":236,"B":217,"A":255}},"GN8-2-73":{"pid":"GN8-sv","orb":11866.83,"per":53.25,"ang":336.73,"t":"ASTEROID","sp":"ASTEROID-3","s":15.69,"m":53.69,"gd":26.15,"wic":{},"woc":{},"wgc":{},"emm":[{"Type":"1","MainRange":30,"MainValue":0.14,"FarRange":98}],"sig":[{"t":"9-1","s":"","d":{"X":0.08,"Y":-0.56}},{"t":"9-2","s":"","d":{"X":0.81,"Y":-0.35}},{"t":"X1","s":"","d":{"X":-0.403,"Y":-0.844}}],"clr":{"R":238,"G":176,"B":216,"A":255}},"GN8-2-74":{"pid":"GN8-sv","orb":13149.98,"per":59.01,"ang":164.37,"t":"ASTEROID","sp":"ASTEROID-5","s":10.02,"m":14.01,"gd":16.71,"wic":{},"woc":{},"wgc":{},"emm":[{"Type":"1","MainRange":50,"MainValue":0.14,"FarRange":208}],"sig":[{"t":"9-1","s":"","d":{"X":0.59,"Y":0.63}},{"t":"9-2","s":"","d":{"X":-0.24,"Y":-0.93}},{"t":"X1","s":"","d":{"X":0.193,"Y":-0.441}}],"clr":{"R":253,"G":232,"B":227,"A":255}},"GN8-2-75":{"pid":"GN8-sv","orb":9843.68,"per":44.17,"ang":77.05,"t":"ASTEROID","sp":"ASTEROID-5","s":20.8,"m":125.14,"gd":34.68,"wic":{},"woc":{},"wgc":{},"emm":[{"Type":"1","MainRange":58,"MainValue":0.23,"FarRange":123},{"Type":"2","MainRange":25,"MainValue":0.2,"FarRange":176},{"Type":"3","MainRange":58,"MainValue":0.16,"FarRange":215},{"Type":"15","MainRange":63,"MainValue":0.14,"FarRange":76}],"sig":[{"t":"9-1","s":"","d":{"X":-0.68,"Y":-0.71}},{"t":"9-2","s":"","d":{"X":0.2,"Y":0.18}},{"t":"X1","s":"","d":{"X":0.797,"Y":-0.029}},{"t":"X2","s":"","d":{"X":-0.686,"Y":0.285}},{"t":"X3","s":"","d":{"X":-0.217,"Y":-0.475}},{"t":"X15","s":"","d":{"X":-0.668,"Y":0.401}}],"clr":{"R":246,"G":237,"B":251,"A":255}},"GN8-2-76":{"pid":"GN8-sv","orb":10626.33,"per":47.69,"ang":87.53,"t":"ASTEROID","sp":"ASTEROID-3","s":13.06,"m":31,"gd":21.78,"wic":{},"woc":{},"wgc":{},"emm":[{"Type":"1","MainRange":56,"MainValue":0.1,"FarRange":170}],"sig":[{"t":"9-1","s":"","d":{"X":-0.78,"Y":-0.05}},{"t":"9-2","s":"","d":{"X":-0.62,"Y":0.33}},{"t":"X1","s":"","d":{"X":-0.479,"Y":-0.849}}],"clr":{"R":217,"G":246,"B":230,"A":255}},"GN8-2-77":{"pid":"GN8-sv","orb":11752.73,"per":52.74,"ang":265.99,"t":"ASTEROID","sp":"ASTEROID-3","s":26.7,"m":264.56,"gd":44.51,"wic":{},"woc":{},"wgc":{},"emm":[{"Type":"1","MainRange":38,"MainValue":0.21,"FarRange":97}],"sig":[{"t":"9-1","s":"","d":{"X":0.42,"Y":0.86}},{"t":"9-2","s":"","d":{"X":-0.46,"Y":-0.16}},{"t":"X1","s":"","d":{"X":0.519,"Y":0.385}}],"clr":{"R":246,"G":252,"B":238,"A":255}},"GN8-2-78":{"pid":"GN8-sv","orb":10270.96,"per":46.09,"ang":321.78,"t":"ASTEROID","sp":"ASTEROID-1","s":11.76,"m":22.62,"gd":19.6,"wic":{},"woc":{},"wgc":{},"emm":[{"Type":"1","MainRange":51,"MainValue":0.13,"FarRange":130}],"sig":[{"t":"9-1","s":"","d":{"X":0.01,"Y":0.63}},{"t":"9-2","s":"","d":{"X":0.83,"Y":-0.03}},{"t":"X1","s":"","d":{"X":-0.668,"Y":0.561}}],"clr":{"R":252,"G":254,"B":252,"A":255}},"GN8-2-79":{"pid":"GN8-sv","orb":10985.68,"per":49.3,"ang":123.88,"t":"ASTEROID","sp":"ASTEROID-5","s":16.76,"m":65.43,"gd":27.94,"wic":{},"woc":{},"wgc":{},"emm":[{"Type":"1","MainRange":56,"MainValue":0.37,"FarRange":185}],"sig":[{"t":"9-1","s":"","d":{"X":-0.88,"Y":-0.3}},{"t":"9-2","s":"","d":{"X":0.33,"Y":0.28}},{"t":"X1","s":"","d":{"X":0.361,"Y":-0.724}}],"clr":{"R":249,"G":168,"B":170,"A":255}},"GN8-2-8":{"pid":"GN8-sv","orb":11889.04,"per":53.35,"ang":192.74,"t":"ASTEROID","sp":"ASTEROID-1","s":29.3,"m":349.66,"gd":48.84,"wic":{},"woc":{},"wgc":{},"emm":[{"Type":"1","MainRange":41,"MainValue":0.2,"FarRange":186}],"sig":[{"t":"9-1","s":"","d":{"X":-0.44,"Y":-0.22}},{"t":"9-2","s":"","d":{"X":0.38,"Y":-0.11}},{"t":"X1","s":"","d":{"X":-0.44,"Y":0.276}}],"clr":{"R":206,"G":240,"B":199,"A":255}},"GN8-2-80":{"pid":"GN8-sv","orb":13532.78,"per":60.73,"ang":6.54,"t":"ASTEROID","sp":"ASTEROID-5","s":34.57,"m":574.12,"gd":57.62,"wic":{},"woc":{},"wgc":{},"emm":[{"Type":"1","MainRange":64,"MainValue":0.21,"FarRange":91}],"sig":[{"t":"9-1","s":"","d":{"X":0.05,"Y":0.65}},{"t":"9-2","s":"","d":{"X":-0.33,"Y":-0.41}},{"t":"X1","s":"","d":{"X":0.791,"Y":-0.133}}],"clr":{"R":206,"G":224,"B":240,"A":255}},"GN8-2-81":{"pid":"GN8-sv","orb":11080.55,"per":49.72,"ang":242.64,"t":"ASTEROID","sp":"ASTEROID-4","s":14.58,"m":43.09,"gd":24.3,"wic":{},"woc":{},"wgc":{},"emm":[{"Type":"1","MainRange":56,"MainValue":0.08,"FarRange":199}],"sig":[{"t":"9-1","s":"","d":{"Y":0.1}},{"t":"9-2","s":"","d":{"X":-0.33,"Y":-0.63}},{"t":"X1","s":"","d":{"X":-0.278,"Y":0.325}}],"clr":{"R":254,"G":191,"B":187,"A":255}},"GN8-2-82":{"pid":"GN8-sv","orb":11612.12,"per":52.11,"ang":144.45,"t":"ASTEROID","sp":"ASTEROID-1","s":23.25,"m":174.78,"gd":38.76,"wic":{},"woc":{},"wgc":{},"emm":[{"Type":"1","MainRange":38,"MainValue":0.16,"FarRange":154}],"sig":[{"t":"9-1","s":"","d":{"X":-0.56,"Y":0.42}},{"t":"9-2","s":"","d":{"X":0.51,"Y":-0.07}},{"t":"X1","s":"","d":{"X":0.463,"Y":-0.217}}],"clr":{"R":204,"G":238,"B":228,"A":255}},"GN8-2-83":{"pid":"GN8-sv","orb":10811.84,"per":48.52,"ang":35.53,"t":"ASTEROID","sp":"ASTEROID-1","s":9.91,"m":13.55,"gd":16.53,"wic":{},"woc":{},"wgc":{},"emm":[{"Type":"1","MainRange":42,"MainValue":0.12,"FarRange":138}],"sig":[{"t":"9-1","s":"","d":{"X":-0.29,"Y":-0.64}},{"t":"9-2","s":"","d":{"X":0.03,"Y":0.6}},{"t":"X1","s":"","d":{"X":0.056,"Y":-0.596}}],"clr":{"R":236,"G":254,"B":246,"A":255}},"GN8-2-84":{"pid":"GN8-sv","orb":11837.31,"per":53.12,"ang":143.64,"t":"ASTEROID","sp":"ASTEROID-1","s":18.06,"m":81.85,"gd":30.1,"wic":{},"woc":{},"wgc":{},"emm":[{"Type":"1","MainRange":29,"MainValue":0.22,"FarRange":91}],"sig":[{"t":"9-1","s":"","d":{"X":0.57,"Y":0.72}},{"t":"9-2","s":"","d":{"X":-0.77,"Y":-0.06}},{"t":"X1","s":"","d":{"X":-0.068,"Y":0.686}}],"clr":{"R":243,"G":252,"B":228,"A":255}},"GN8-2-85":{"pid":"GN8-sv","orb":11075.1,"per":49.7,"ang":79.66,"t":"ASTEROID","sp":"ASTEROID-3","s":29.94,"m":373.09,"gd":49.91,"wic":{},"woc":{},"wgc":{},"emm":[{"Type":"1","MainRange":69,"MainValue":0.32,"FarRange":113}],"sig":[{"t":"9-1","s":"","d":{"X":0.92,"Y":-0.21}},{"t":"9-2","s":"","d":{"X":0.13,"Y":-0.87}},{"t":"X1","s":"","d":{"X":-0.474,"Y":0.341}}],"clr":{"R":249,"G":254,"B":251,"A":255}},"GN8-2-86":{"pid":"GN8-sv","orb":11127.96,"per":49.94,"ang":345.39,"t":"ASTEROID","sp":"ASTEROID-3","s":19.91,"m":109.72,"gd":33.19,"wic":{},"woc":{},"wgc":{},"emm":[{"Type":"1","MainRange":55,"MainValue":0.23,"FarRange":156}],"sig":[{"t":"9-1","s":"","d":{"Y":0.52}},{"t":"9-2","s":"","d":{"X":-0.82,"Y":0.4}},{"t":"X1","s":"","d":{"X":0.274,"Y":0.733}}],"clr":{"R":229,"G":250,"B":246,"A":255}},"GN8-2-87":{"pid":"GN8-sv","orb":12771.46,"per":57.31,"ang":197.78,"t":"ASTEROID","sp":"ASTEROID-3","s":19.54,"m":103.64,"gd":32.56,"wic":{},"woc":{},"wgc":{},"emm":[{"Type":"1","MainRange":46,"MainValue":0.13,"FarRange":106}],"sig":[{"t":"9-1","s":"","d":{"X":-0.22,"Y":0.69}},{"t":"9-2","s":"","d":{"X":0.07,"Y":-0.49}},{"t":"X1","s":"","d":{"X":-0.123,"Y":-0.878}}],"clr":{"R":244,"G":253,"B":245,"A":255}},"GN8-2-88":{"pid":"GN8-sv","orb":10279.58,"per":46.13,"ang":329.86,"t":"ASTEROID","sp":"ASTEROID-1","s":19.7,"m":106.18,"gd":32.83,"wic":{},"woc":{},"wgc":{},"emm":[{"Type":"1","MainRange":29,"MainValue":0.25,"FarRange":178}],"sig":[{"t":"9-1","s":"","d":{"X":0.59,"Y":-0.69}},{"t":"9-2","s":"","d":{"X":-0.33,"Y":-0.11}},{"t":"X1","s":"","d":{"X":-0.354,"Y":0.858}}],"clr":{"R":230,"G":225,"B":246,"A":255}},"GN8-2-89":{"pid":"GN8-sv","orb":10134.29,"per":45.48,"ang":311.77,"t":"ASTEROID","sp":"ASTEROID-3","s":8.31,"m":7.98,"gd":13.86,"wic":{},"woc":{},"wgc":{},"emm":[{"Type":"1","MainRange":50,"MainValue":0.26,"FarRange":167}],"sig":[{"t":"9-1","s":"","d":{"X":0.49,"Y":-0.13}},{"t":"9-2","s":"","d":{"X":-0.13,"Y":-0.59}},{"t":"X1","s":"","d":{"X":0.496,"Y":0.386}}],"clr":{"R":189,"G":238,"B":238,"A":255}},"GN8-2-9":{"pid":"GN8-sv","orb":11203.18,"per":50.27,"ang":137.25,"t":"ASTEROID","sp":"ASTEROID-2","s":24.47,"m":203.6,"gd":40.79,"wic":{},"woc":{},"wgc":{},"emm":[{"Type":"1","MainRange":60,"MainValue":0.14,"FarRange":215}],"sig":[{"t":"9-1","s":"","d":{"X":0.17,"Y":0.84}},{"t":"9-2","s":"","d":{"X":0.45,"Y":-0.85}},{"t":"X1","s":"","d":{"X":-0.569,"Y":-0.303}}],"clr":{"R":214,"G":252,"B":163,"A":255}},"GN8-2-90":{"pid":"GN8-sv","orb":12010.41,"per":53.9,"ang":15.28,"t":"ASTEROID","sp":"ASTEROID-2","s":30.25,"m":384.76,"gd":50.43,"wic":{},"woc":{},"wgc":{},"emm":[{"Type":"1","MainRange":50,"MainValue":0.17,"FarRange":169}],"sig":[{"t":"9-1","s":"","d":{"X":-0.47,"Y":-0.41}},{"t":"9-2","s":"","d":{"X":-0.92,"Y":0.11}},{"t":"X1","s":"","d":{"X":0.836,"Y":0.508}}],"clr":{"R":246,"G":171,"B":250,"A":255}},"GN8-2-91":{"pid":"GN8-sv","orb":10594.47,"per":47.54,"ang":234.12,"t":"ASTEROID","sp":"ASTEROID-5","s":23.64,"m":183.51,"gd":39.4,"wic":{},"woc":{},"wgc":{},"emm":[{"Type":"1","MainRange":57,"MainValue":0.07,"FarRange":136}],"sig":[{"t":"9-1","s":"","d":{"X":0.45,"Y":-0.21}},{"t":"9-2","s":"","d":{"X":0.23,"Y":0.86}},{"t":"X1","s":"","d":{"X":0.39,"Y":0.345}}],"clr":{"R":253,"G":251,"B":243,"A":255}},"GN8-2-92":{"pid":"GN8-sv","orb":8737.49,"per":39.21,"ang":183.27,"t":"ASTEROID","sp":"ASTEROID-1","s":17.19,"m":70.63,"gd":28.66,"wic":{},"woc":{},"wgc":{},"emm":[{"Type":"1","MainRange":16,"MainValue":0.12,"FarRange":140},{"Type":"2","MainRange":64,"MainValue":0.15,"FarRange":181},{"Type":"6","MainRange":57,"MainValue":0.1,"FarRange":114}],"sig":[{"t":"9-1","s":"","d":{"X":0.47,"Y":-0.83}},{"t":"9-2","s":"","d":{"X":-0.18,"Y":-0.04}},{"t":"X1","s":"","d":{"X":0.279,"Y":0.13}},{"t":"X2","s":"","d":{"X":-0.347,"Y":0.09}},{"t":"X6","s":"","d":{"X":-0.922,"Y":0.332}}],"clr":{"R":173,"G":234,"B":179,"A":255}},"GN8-2-93":{"pid":"GN8-sv","orb":12662.26,"per":56.82,"ang":242.92,"t":"ASTEROID","sp":"ASTEROID-5","s":8.26,"m":7.84,"gd":13.77,"wic":{},"woc":{},"wgc":{},"emm":[{"Type":"1","MainRange":69,"MainValue":0.13,"FarRange":96}],"sig":[{"t":"9-1","s":"","d":{"X":-0.01,"Y":0.47}},{"t":"9-2","s":"","d":{"X":-0.81,"Y":0.35}},{"t":"X1","s":"","d":{"X":0.577,"Y":0.55}}],"clr":{"R":249,"G":248,"B":252,"A":255}},"GN8-2-94":{"pid":"GN8-sv","orb":11992.5,"per":53.82,"ang":214.35,"t":"ASTEROID","sp":"ASTEROID-3","s":25.83,"m":239.6,"gd":43.06,"wic":{},"woc":{},"wgc":{},"emm":[{"Type":"1","MainRange":47,"MainValue":0.22,"FarRange":147}],"sig":[{"t":"9-1","s":"","d":{"X":-0.95,"Y":-0.29}},{"t":"9-2","s":"","d":{"X":0.17,"Y":0.51}},{"t":"X1","s":"","d":{"X":-0.482,"Y":-0.495}}],"clr":{"R":253,"G":251,"B":254,"A":255}},"GN8-2-95":{"pid":"GN8-sv","orb":10634.9,"per":47.72,"ang":339.03,"t":"ASTEROID","sp":"ASTEROID-2","s":15.79,"m":54.77,"gd":26.33,"wic":{},"woc":{},"wgc":{},"emm":[{"Type":"1","MainRange":37,"MainValue":0.2,"FarRange":173}],"sig":[{"t":"9-1","s":"","d":{"X":-0.44,"Y":0.29}},{"t":"9-2","s":"","d":{"X":0.66,"Y":0.72}},{"t":"X1","s":"","d":{"X":0.767,"Y":-0.016}}],"clr":{"R":215,"G":188,"B":247,"A":255}},"GN8-2-96":{"pid":"GN8-sv","orb":12436.58,"per":55.81,"ang":138.98,"t":"ASTEROID","sp":"ASTEROID-4","s":21.39,"m":135.96,"gd":35.65,"wic":{},"woc":{},"wgc":{},"emm":[{"Type":"1","MainRange":67,"MainValue":0.17,"FarRange":126}],"sig":[{"t":"9-1","s":"","d":{"X":-0.32,"Y":-0.42}},{"t":"9-2","s":"","d":{"X":0.18,"Y":0.73}},{"t":"X1","s":"","d":{"X":-0.047,"Y":-0.709}}],"clr":{"R":251,"G":220,"B":212,"A":255}},"GN8-2-97":{"pid":"GN8-sv","orb":11791.36,"per":52.91,"ang":160.47,"t":"ASTEROID","sp":"ASTEROID-5","s":10.09,"m":14.29,"gd":16.82,"wic":{},"woc":{},"wgc":{},"emm":[{"Type":"1","MainRange":78,"MainValue":0.14,"FarRange":223}],"sig":[{"t":"9-1","s":"","d":{"X":-0.24,"Y":0.91}},{"t":"9-2","s":"","d":{"X":-0.56,"Y":-0.58}},{"t":"X1","s":"","d":{"X":-0.272,"Y":0.277}}],"clr":{"R":241,"G":225,"B":191,"A":255}},"GN8-2-98":{"pid":"GN8-sv","orb":11503.04,"per":51.62,"ang":168.86,"t":"ASTEROID","sp":"ASTEROID-1","s":25.88,"m":241,"gd":43.14,"wic":{},"woc":{},"wgc":{},"emm":[{"Type":"1","MainRange":47,"MainValue":0.13,"FarRange":85}],"sig":[{"t":"9-1","s":"","d":{"X":-0.11,"Y":0.79}},{"t":"9-2","s":"","d":{"X":0.16,"Y":0.74}},{"t":"X1","s":"","d":{"X":0.526,"Y":-0.846}}],"clr":{"R":189,"G":225,"B":247,"A":255}},"GN8-2-99":{"pid":"GN8-sv","orb":11258.55,"per":50.52,"ang":144.21,"t":"ASTEROID","sp":"ASTEROID-3","s":16.37,"m":60.95,"gd":27.28,"wic":{},"woc":{},"wgc":{},"emm":[{"Type":"1","MainRange":50,"MainValue":0.08,"FarRange":151}],"sig":[{"t":"9-1","s":"","d":{"X":-0.6,"Y":0.11}},{"t":"9-2","s":"","d":{"X":-0.53,"Y":-0.83}},{"t":"X1","s":"","d":{"X":0.463,"Y":0.505}}],"clr":{"R":204,"G":246,"B":174,"A":255}},"GN8-228":{"pid":"GN8-sv","orb":14455.76,"per":64.87,"t":"GASPLANET","sp":"GASPLANET-40","s":153.43,"m":35115.9,"gd":255.71,"wic":{},"woc":{},"wgc":{},"emm":[{"Type":"1","MainRange":470,"MainValue":1.41,"FarRange":1403},{"Type":"24","MainRange":293,"MainValue":1.19,"FarRange":1215}],"sig":[{"t":"0-2","s":"","d":{"X":-0.05,"Y":0.44}},{"t":"1-3","s":"","d":{"X":-0.57,"Y":0.66}},{"t":"3-1","s":"","d":{"X":0.33,"Y":0.24}},{"t":"6-3","s":"","d":{"X":-0.23,"Y":-0.14}},{"t":"7-3","s":"","d":{"X":0.53,"Y":0.64}},{"t":"8-2","s":"","d":{"X":-0.4,"Y":0.01}},{"t":"10-1","s":"","d":{"X":-0.55,"Y":-0.67}},{"t":"10-2","s":"","d":{"X":0.56,"Y":0.59}},{"t":"11-1","s":"","d":{"X":-0.11,"Y":-0.74}},{"t":"X1","s":"","d":{"X":0.489,"Y":-0.453}},{"t":"X24","s":"","d":{"X":-0.041,"Y":-0.116}}],"clr":{"R":237,"G":225,"B":250,"A":255}},"GN8-228-0":{"pid":"GN8-228","orb":2373.38,"per":10.65,"ang":67.73,"t":"ASTEROID","sp":"ASTEROID-5","s":24.21,"m":197.19,"gd":40.35,"wic":{},"woc":{},"wgc":{},"emm":[{"Type":"1","MainRange":54,"MainValue":0.09,"FarRange":169}],"sig":[{"t":"9-1","s":"","d":{"X":-0.05,"Y":-0.82}},{"t":"9-2","s":"","d":{"X":-0.66,"Y":0.72}},{"t":"X1","s":"","d":{"X":-0.535,"Y":0.223}}],"clr":{"R":254,"G":254,"B":254,"A":255}},"GN8-228-1":{"pid":"GN8-228","orb":2887.25,"per":12.95,"ang":342.4,"t":"ASTEROID","sp":"ASTEROID-5","s":22.75,"m":163.67,"gd":37.92,"wic":{},"woc":{},"wgc":{},"emm":[{"Type":"1","MainRange":58,"MainValue":0.26,"FarRange":166}],"sig":[{"t":"9-1","s":"","d":{"X":-0.52,"Y":-0.12}},{"t":"9-2","s":"","d":{"X":0.72,"Y":-0.55}},{"t":"X1","s":"","d":{"X":0.183,"Y":0.075}}],"clr":{"R":251,"G":226,"B":236,"A":255}},"GN8-228-10":{"pid":"GN8-228","orb":2662.04,"per":11.94,"ang":338.39,"t":"ASTEROID","sp":"ASTEROID-2","s":29.85,"m":369.45,"gd":49.75,"wic":{},"woc":{},"wgc":{},"emm":[{"Type":"1","MainRange":27,"MainValue":0.34,"FarRange":194}],"sig":[{"t":"9-1","s":"","d":{"X":0.12,"Y":0.88}},{"t":"9-2","s":"","d":{"X":0.25,"Y":0.01}},{"t":"X1","s":"","d":{"X":-0.529,"Y":0.043}}],"clr":{"R":223,"G":247,"B":224,"A":255}},"GN8-228-11":{"pid":"GN8-228","orb":2256.05,"per":10.12,"ang":12.26,"t":"ASTEROID","sp":"ASTEROID-3","s":21.62,"m":140.44,"gd":36.04,"wic":{},"woc":{},"wgc":{},"emm":[{"Type":"1","MainRange":65,"MainValue":0.22,"FarRange":127}],"sig":[{"t":"9-1","s":"","d":{"X":0.81,"Y":-0.05}},{"t":"9-2","s":"","d":{"X":0.44,"Y":0.59}},{"t":"X1","s":"","d":{"X":-0.348,"Y":-0.133}}],"clr":{"R":212,"G":226,"B":247,"A":255}},"GN8-228-12":{"pid":"GN8-228","orb":2120.54,"per":9.51,"ang":13.28,"t":"ASTEROID","sp":"ASTEROID-2","s":31.64,"m":440.16,"gd":52.74,"wic":{},"woc":{},"wgc":{},"emm":[{"Type":"1","MainRange":53,"MainValue":0.25,"FarRange":117}],"sig":[{"t":"9-1","s":"","d":{"X":0.12,"Y":0.07}},{"t":"9-2","s":"","d":{"X":-0.34,"Y":0.32}},{"t":"X1","s":"","d":{"X":0.045,"Y":-0.102}}],"clr":{"R":244,"G":219,"B":189,"A":255}},"GN8-228-13":{"pid":"GN8-228","orb":2340.72,"per":10.5,"ang":59.54,"t":"ASTEROID","sp":"ASTEROID-2","s":20.32,"m":116.55,"gd":33.86,"wic":{},"woc":{},"wgc":{},"emm":[{"Type":"1","MainRange":40,"MainValue":0.19,"FarRange":181}],"sig":[{"t":"9-1","s":"","d":{"X":-0.34,"Y":0.81}},{"t":"9-2","s":"","d":{"X":0.03,"Y":-0.21}},{"t":"X1","s":"","d":{"X":0.414,"Y":-0.628}}],"clr":{"R":253,"G":245,"B":236,"A":255}},"GN8-228-14":{"pid":"GN8-228","orb":1913.8,"per":8.58,"ang":304.62,"t":"ASTEROID","sp":"ASTEROID-2","s":31.08,"m":417.3,"gd":51.81,"wic":{},"woc":{},"wgc":{},"emm":[{"Type":"1","MainRange":45,"MainValue":0.21,"FarRange":146}],"sig":[{"t":"9-1","s":"","d":{"X":0.13,"Y":0.64}},{"t":"9-2","s":"","d":{"X":-0.54,"Y":0.07}},{"t":"X1","s":"","d":{"X":0.924,"Y":-0.057}}],"clr":{"R":155,"G":173,"B":253,"A":255}},"GN8-228-15":{"pid":"GN8-228","orb":2392.61,"per":10.73,"ang":16.29,"t":"ASTEROID","sp":"ASTEROID-5","s":21.36,"m":135.47,"gd":35.61,"wic":{},"woc":{},"wgc":{},"emm":[{"Type":"1","MainRange":60,"MainValue":0.23,"FarRange":192}],"sig":[{"t":"9-1","s":"","d":{"X":0.51,"Y":-0.67}},{"t":"9-2","s":"","d":{"X":-0.61,"Y":-0.72}},{"t":"X1","s":"","d":{"X":-0.56,"Y":-0.676}}],"clr":{"R":233,"G":198,"B":250,"A":255}},"GN8-228-16":{"pid":"GN8-228","orb":2434.48,"per":10.92,"ang":241.24,"t":"ASTEROID","sp":"ASTEROID-5","s":23.19,"m":173.23,"gd":38.65,"wic":{},"woc":{},"wgc":{},"emm":[{"Type":"1","MainRange":50,"MainValue":0.23,"FarRange":108}],"sig":[{"t":"9-1","s":"","d":{"X":0.94,"Y":0.28}},{"t":"9-2","s":"","d":{"X":0.21,"Y":0.9}},{"t":"X1","s":"","d":{"X":-0.637,"Y":-0.17}}],"clr":{"R":244,"G":213,"B":203,"A":255}},"GN8-228-17":{"pid":"GN8-228","orb":2415.94,"per":10.84,"ang":204.08,"t":"ASTEROID","sp":"ASTEROID-2","s":16.76,"m":65.41,"gd":27.93,"wic":{},"woc":{},"wgc":{},"emm":[{"Type":"1","MainRange":48,"MainValue":0.25,"FarRange":155}],"sig":[{"t":"9-1","s":"","d":{"X":-0.06,"Y":0.41}},{"t":"9-2","s":"","d":{"X":0.37,"Y":0.12}},{"t":"X1","s":"","d":{"X":-0.542,"Y":-0.768}}],"clr":{"R":230,"G":241,"B":198,"A":255}},"GN8-228-18":{"pid":"GN8-228","orb":2339.7,"per":10.5,"ang":204.49,"t":"ASTEROID","sp":"ASTEROID-4","s":21.97,"m":147.41,"gd":36.62,"wic":{},"woc":{},"wgc":{},"emm":[{"Type":"1","MainRange":30,"MainValue":0.25,"FarRange":125}],"sig":[{"t":"9-1","s":"","d":{"X":0.27,"Y":0.27}},{"t":"9-2","s":"","d":{"X":0.47,"Y":-0.8}},{"t":"X1","s":"","d":{"X":0.204,"Y":-0.182}}],"clr":{"R":242,"G":213,"B":216,"A":255}},"GN8-228-19":{"pid":"GN8-228","orb":2820.35,"per":12.65,"ang":182.31,"t":"ASTEROID","sp":"ASTEROID-5","s":17.07,"m":69.09,"gd":28.45,"wic":{},"woc":{},"wgc":{},"emm":[{"Type":"1","MainRange":37,"MainValue":0.16,"FarRange":165}],"sig":[{"t":"9-1","s":"","d":{"X":-0.35,"Y":0.06}},{"t":"9-2","s":"","d":{"X":-0.24,"Y":0.96}},{"t":"X1","s":"","d":{"X":-0.635,"Y":0.347}}],"clr":{"R":199,"G":241,"B":195,"A":255}},"GN8-228-2":{"pid":"GN8-228","orb":2245.31,"per":10.07,"ang":114.06,"t":"ASTEROID","sp":"ASTEROID-1","s":13.7,"m":35.74,"gd":22.83,"wic":{},"woc":{},"wgc":{},"emm":[{"Type":"1","MainRange":41,"MainValue":0.13,"FarRange":210}],"sig":[{"t":"9-1","s":"","d":{"X":-0.24,"Y":0.17}},{"t":"9-2","s":"","d":{"X":-0.24,"Y":0.38}},{"t":"X1","s":"","d":{"X":0.461,"Y":-0.765}}],"clr":{"R":240,"G":253,"B":252,"A":255}},"GN8-228-20":{"pid":"GN8-228","orb":2253.68,"per":10.11,"ang":209.91,"t":"ASTEROID","sp":"ASTEROID-5","s":23.86,"m":188.81,"gd":39.77,"wic":{},"woc":{},"wgc":{},"emm":[{"Type":"1","MainRange":36,"MainValue":0.15,"FarRange":164}],"sig":[{"t":"9-1","s":"","d":{"X":-0.03,"Y":0.24}},{"t":"9-2","s":"","d":{"X":-0.15,"Y":-0.5}},{"t":"X1","s":"","d":{"X":0.611,"Y":0.554}}],"clr":{"R":170,"G":171,"B":250,"A":255}},"GN8-228-21":{"pid":"GN8-228","orb":2247.21,"per":10.08,"ang":67.83,"t":"ASTEROID","sp":"ASTEROID-4","s":21.75,"m":143,"gd":36.25,"wic":{},"woc":{},"wgc":{},"emm":[{"Type":"1","MainRange":71,"MainValue":0.22,"FarRange":138}],"sig":[{"t":"9-1","s":"","d":{"X":0.82,"Y":0.01}},{"t":"9-2","s":"","d":{"X":0.25,"Y":0.6}},{"t":"X1","s":"","d":{"X":0.778,"Y":-0.526}}],"clr":{"R":197,"G":206,"B":239,"A":255}},"GN8-228-22":{"pid":"GN8-228","orb":2360.75,"per":10.59,"ang":50.07,"t":"ASTEROID","sp":"ASTEROID-1","s":11.15,"m":19.26,"gd":18.58,"wic":{},"woc":{},"wgc":{},"emm":[{"Type":"1","MainRange":19,"MainValue":0.19,"FarRange":137}],"sig":[{"t":"9-1","s":"","d":{"X":-0.26,"Y":0.26}},{"t":"9-2","s":"","d":{"X":-0.66,"Y":-0.51}},{"t":"X1","s":"","d":{"X":0.008,"Y":-0.842}}],"clr":{"R":233,"G":179,"B":198,"A":255}},"GN8-228-23":{"pid":"GN8-228","orb":2217.29,"per":9.95,"ang":224.36,"t":"ASTEROID","sp":"ASTEROID-4","s":20.91,"m":126.98,"gd":34.85,"wic":{},"woc":{},"wgc":{},"emm":[{"Type":"1","MainRange":69,"MainValue":0.21,"FarRange":124}],"sig":[{"t":"9-1","s":"","d":{"X":-0.88,"Y":0.27}},{"t":"9-2","s":"","d":{"X":0.93,"Y":0.01}},{"t":"X1","s":"","d":{"X":0.338,"Y":0.169}}],"clr":{"R":252,"G":185,"B":219,"A":255}},"GN8-228-24":{"pid":"GN8-228","orb":2750.02,"per":12.34,"ang":152.72,"t":"ASTEROID","sp":"ASTEROID-1","s":9.77,"m":12.98,"gd":16.29,"wic":{},"woc":{},"wgc":{},"emm":[{"Type":"1","MainRange":77.4,"MainValue":0.2,"FarRange":86}],"sig":[{"t":"9-1","s":"","d":{"X":-0.44,"Y":0.8}},{"t":"9-2","s":"","d":{"X":-0.53,"Y":-0.3}},{"t":"X1","s":"","d":{"X":-0.051,"Y":0.24}}],"clr":{"R":166,"G":245,"B":167,"A":255}},"GN8-228-25":{"pid":"GN8-228","orb":2232.14,"per":10.01,"ang":330.28,"t":"ASTEROID","sp":"ASTEROID-3","s":15.74,"m":54.24,"gd":26.24,"wic":{},"woc":{},"wgc":{},"emm":[{"Type":"1","MainRange":77,"MainValue":0.2,"FarRange":120}],"sig":[{"t":"9-1","s":"","d":{"X":0.34,"Y":0.43}},{"t":"9-2","s":"","d":{"X":-0.09,"Y":0.01}},{"t":"X1","s":"","d":{"X":0.322,"Y":-0.682}}],"clr":{"R":181,"G":231,"B":224,"A":255}},"GN8-228-26":{"pid":"GN8-228","orb":2153.49,"per":9.66,"ang":202.83,"t":"ASTEROID","sp":"ASTEROID-1","s":15.19,"m":48.73,"gd":25.32,"wic":{},"woc":{},"wgc":{},"emm":[{"Type":"1","MainRange":49,"MainValue":0.23,"FarRange":113}],"sig":[{"t":"9-1","s":"","d":{"X":0.79,"Y":-0.54}},{"t":"9-2","s":"","d":{"X":0.76,"Y":-0.08}},{"t":"X1","s":"","d":{"X":-0.931,"Y":0.289}}],"clr":{"R":248,"G":190,"B":219,"A":255}},"GN8-228-27":{"pid":"GN8-228","orb":2762.27,"per":12.39,"ang":298.58,"t":"ASTEROID","sp":"ASTEROID-2","s":15.46,"m":51.33,"gd":25.76,"wic":{},"woc":{},"wgc":{},"emm":[{"Type":"1","MainRange":23,"MainValue":0.23,"FarRange":147}],"sig":[{"t":"9-1","s":"","d":{"X":-0.12,"Y":-0.72}},{"t":"9-2","s":"","d":{"X":-0.12,"Y":-0.35}},{"t":"X1","s":"","d":{"X":-0.438,"Y":0.499}}],"clr":{"R":239,"G":235,"B":249,"A":255}},"GN8-228-28":{"pid":"GN8-228","orb":3003.9,"per":13.48,"ang":60.17,"t":"ASTEROID","sp":"ASTEROID-4","s":21.79,"m":143.73,"gd":36.32,"wic":{},"woc":{},"wgc":{},"emm":[{"Type":"1","MainRange":34,"MainValue":0.27,"FarRange":149}],"sig":[{"t":"9-1","s":"","d":{"X":0.72,"Y":0.17}},{"t":"9-2","s":"","d":{"X":-0.01,"Y":-0.87}},{"t":"X1","s":"","d":{"X":0.227,"Y":0.76}}],"clr":{"R":183,"G":239,"B":171,"A":255}},"GN8-228-29":{"pid":"GN8-228","orb":2557.23,"per":11.47,"ang":320.54,"t":"ASTEROID","sp":"ASTEROID-1","s":13.13,"m":31.43,"gd":21.88,"wic":{},"woc":{},"wgc":{},"emm":[{"Type":"1","MainRange":75,"MainValue":0.19,"FarRange":88}],"sig":[{"t":"9-1","s":"","d":{"X":-0.31,"Y":0.24}},{"t":"9-2","s":"","d":{"X":-0.65,"Y":0.26}},{"t":"X1","s":"","d":{"X":0.596,"Y":0.745}}],"clr":{"R":249,"G":254,"B":243,"A":255}},"GN8-228-3":{"pid":"GN8-228","orb":2871.42,"per":12.88,"ang":48.34,"t":"ASTEROID","sp":"ASTEROID-4","s":11.29,"m":20.03,"gd":18.83,"wic":{},"woc":{},"wgc":{},"emm":[{"Type":"1","MainRange":57,"MainValue":0.25,"FarRange":112}],"sig":[{"t":"9-1","s":"","d":{"X":0.42}},{"t":"9-2","s":"","d":{"X":-0.7,"Y":0.61}},{"t":"X1","s":"","d":{"X":0.782,"Y":-0.622}}],"clr":{"R":253,"G":236,"B":251,"A":255}},"GN8-228-30":{"pid":"GN8-228","orb":2323.21,"per":10.42,"ang":112.73,"t":"ASTEROID","sp":"ASTEROID-4","s":17.17,"m":70.35,"gd":28.62,"wic":{},"woc":{},"wgc":{},"emm":[{"Type":"1","MainRange":46,"MainValue":0.25,"FarRange":203}],"sig":[{"t":"9-1","s":"","d":{"X":-0.21,"Y":-0.43}},{"t":"9-2","s":"","d":{"X":0.67,"Y":0.28}},{"t":"X1","s":"","d":{"X":0.645,"Y":0.392}}],"clr":{"R":178,"G":250,"B":208,"A":255}},"GN8-228-31":{"pid":"GN8-228","orb":2355.26,"per":10.57,"ang":77.37,"t":"ASTEROID","sp":"ASTEROID-2","s":18.13,"m":82.77,"gd":30.21,"wic":{},"woc":{},"wgc":{},"emm":[{"Type":"1","MainRange":35,"MainValue":0.19,"FarRange":107}],"sig":[{"t":"9-1","s":"","d":{"X":-0.62,"Y":-0.37}},{"t":"9-2","s":"","d":{"X":-0.62,"Y":0.15}},{"t":"X1","s":"","d":{"X":-0.716,"Y":-0.331}}],"clr":{"R":215,"G":245,"B":200,"A":255}},"GN8-228-32":{"pid":"GN8-228","orb":2095.64,"per":9.4,"ang":249.44,"t":"ASTEROID","sp":"ASTEROID-1","s":21.35,"m":135.16,"gd":35.58,"wic":{},"woc":{},"wgc":{},"emm":[{"Type":"1","MainRange":78,"MainValue":0.26,"FarRange":109}],"sig":[{"t":"9-1","s":"","d":{"X":-0.44,"Y":0.59}},{"t":"9-2","s":"","d":{"X":0.4,"Y":0.06}},{"t":"X1","s":"","d":{"X":-0.545,"Y":0.198}}],"clr":{"R":191,"G":193,"B":242,"A":255}},"GN8-228-33":{"pid":"GN8-228","orb":2313.91,"per":10.38,"ang":23.52,"t":"ASTEROID","sp":"ASTEROID-3","s":10.77,"m":17.35,"gd":17.95,"wic":{},"woc":{},"wgc":{},"emm":[{"Type":"1","MainRange":57.6,"MainValue":0.06,"FarRange":64}],"sig":[{"t":"9-1","s":"","d":{"X":0.09,"Y":0.66}},{"t":"9-2","s":"","d":{"X":-0.04,"Y":0.41}},{"t":"X1","s":"","d":{"X":0.984,"Y":-0.035}}],"clr":{"R":246,"G":253,"B":247,"A":255}},"GN8-228-34":{"pid":"GN8-228","orb":2657.9,"per":11.92,"ang":183.7,"t":"ASTEROID","sp":"ASTEROID-5","s":12.72,"m":28.63,"gd":21.21,"wic":{},"woc":{},"wgc":{},"emm":[{"Type":"1","MainRange":44,"MainValue":0.05,"FarRange":158}],"sig":[{"t":"9-1","s":"","d":{"X":-0.54,"Y":0.69}},{"t":"9-2","s":"","d":{"X":-0.98,"Y":0.14}},{"t":"X1","s":"","d":{"X":-0.127,"Y":-0.798}}],"clr":{"R":179,"G":212,"B":241,"A":255}},"GN8-228-35":{"pid":"GN8-228","orb":2429.93,"per":10.9,"ang":218.21,"t":"ASTEROID","sp":"ASTEROID-1","s":20.3,"m":116.33,"gd":33.84,"wic":{},"woc":{},"wgc":{},"emm":[{"Type":"1","MainRange":57,"MainValue":0.17,"FarRange":172},{"Type":"2","MainRange":63.9,"MainValue":0.13,"FarRange":71}],"sig":[{"t":"9-1","s":"","d":{"X":0.43,"Y":0.42}},{"t":"9-2","s":"","d":{"X":-0.87,"Y":0.47}},{"t":"X1","s":"","d":{"X":-0.95,"Y":-0.12}},{"t":"X2","s":"","d":{"X":-0.28,"Y":0.348}}],"clr":{"R":193,"G":227,"B":253,"A":255}},"GN8-228-36":{"pid":"GN8-228","orb":2249.34,"per":10.09,"ang":119.49,"t":"ASTEROID","sp":"ASTEROID-4","s":21.11,"m":130.75,"gd":35.19,"wic":{},"woc":{},"wgc":{},"emm":[{"Type":"1","MainRange":65,"MainValue":0.1,"FarRange":179}],"sig":[{"t":"9-1","s":"","d":{"X":0.4,"Y":0.01}},{"t":"9-2","s":"","d":{"X":0.81,"Y":0.24}},{"t":"X1","s":"","d":{"X":0.312,"Y":-0.005}}],"clr":{"R":213,"G":241,"B":246,"A":255}},"GN8-228-37":{"pid":"GN8-228","orb":2954.78,"per":13.26,"ang":333.76,"t":"ASTEROID","sp":"ASTEROID-1","s":15.2,"m":48.85,"gd":25.34,"wic":{},"woc":{},"wgc":{},"emm":[{"Type":"1","MainRange":44,"MainValue":0.27,"FarRange":95}],"sig":[{"t":"9-1","s":"","d":{"X":-0.88,"Y":-0.32}},{"t":"9-2","s":"","d":{"X":-0.61,"Y":-0.55}},{"t":"X1","s":"","d":{"X":-0.392,"Y":-0.246}}],"clr":{"R":230,"G":254,"B":240,"A":255}},"GN8-228-38":{"pid":"GN8-228","orb":2596.97,"per":11.65,"ang":66.29,"t":"ASTEROID","sp":"ASTEROID-2","s":18.86,"m":93.22,"gd":31.43,"wic":{},"woc":{},"wgc":{},"emm":[{"Type":"1","MainRange":62,"MainValue":0.13,"FarRange":165}],"sig":[{"t":"9-1","s":"","d":{"X":-0.46}},{"t":"9-2","s":"","d":{"X":0.63,"Y":-0.44}},{"t":"X1","s":"","d":{"X":0.82,"Y":-0.563}}],"clr":{"R":252,"G":203,"B":214,"A":255}},"GN8-228-39":{"pid":"GN8-228","orb":2923.29,"per":13.11,"ang":136.58,"t":"ASTEROID","sp":"ASTEROID-3","s":21.44,"m":137.05,"gd":35.74,"wic":{},"woc":{},"wgc":{},"emm":[{"Type":"1","MainRange":43,"MainValue":0.23,"FarRange":173}],"sig":[{"t":"9-1","s":"","d":{"X":0.33,"Y":0.03}},{"t":"9-2","s":"","d":{"X":0.16,"Y":0.35}},{"t":"X1","s":"","d":{"X":0.739,"Y":-0.661}}],"clr":{"R":241,"G":253,"B":249,"A":255}},"GN8-228-4":{"pid":"GN8-228","orb":2526.13,"per":11.33,"ang":341.21,"t":"ASTEROID","sp":"ASTEROID-2","s":21.84,"m":144.81,"gd":36.41,"wic":{},"woc":{},"wgc":{},"emm":[{"Type":"1","MainRange":61,"MainValue":0.12,"FarRange":110}],"sig":[{"t":"9-1","s":"","d":{"X":0.2,"Y":-0.41}},{"t":"9-2","s":"","d":{"X":-0.68,"Y":0.29}},{"t":"X1","s":"","d":{"X":0.342,"Y":-0.493}}],"clr":{"R":241,"G":213,"B":196,"A":255}},"GN8-228-40":{"pid":"GN8-228","orb":2019.59,"per":9.06,"ang":351.95,"t":"ASTEROID","sp":"ASTEROID-2","s":19.63,"m":105.13,"gd":32.72,"wic":{},"woc":{},"wgc":{},"emm":[{"Type":"1","MainRange":53,"MainValue":0.27,"FarRange":117}],"sig":[{"t":"9-1","s":"","d":{"X":0.15,"Y":0.09}},{"t":"9-2","s":"","d":{"X":0.17,"Y":0.3}},{"t":"X1","s":"","d":{"X":0.45,"Y":0.848}}],"clr":{"R":184,"G":252,"B":193,"A":255}},"GN8-228-41":{"pid":"GN8-228","orb":2851.65,"per":12.79,"ang":259.74,"t":"ASTEROID","sp":"ASTEROID-4","s":14.38,"m":41.36,"gd":23.97,"wic":{},"woc":{},"wgc":{},"emm":[{"Type":"1","MainRange":76,"MainValue":0.19,"FarRange":124}],"sig":[{"t":"9-1","s":"","d":{"X":-0.37,"Y":-0.05}},{"t":"9-2","s":"","d":{"X":-0.71,"Y":0.08}},{"t":"X1","s":"","d":{"X":-0.059,"Y":-0.852}}],"clr":{"R":250,"G":186,"B":217,"A":255}},"GN8-228-42":{"pid":"GN8-228","orb":2451.59,"per":11,"ang":233.78,"t":"ASTEROID","sp":"ASTEROID-2","s":17.24,"m":71.18,"gd":28.73,"wic":{},"woc":{},"wgc":{},"emm":[{"Type":"1","MainRange":46,"MainValue":0.26,"FarRange":189}],"sig":[{"t":"9-1","s":"","d":{"X":-0.6,"Y":0.19}},{"t":"9-2","s":"","d":{"X":0.79}},{"t":"X1","s":"","d":{"X":0.09,"Y":-0.078}}],"clr":{"R":194,"G":247,"B":215,"A":255}},"GN8-228-43":{"pid":"GN8-228","orb":2517.35,"per":11.29,"ang":199.41,"t":"ASTEROID","sp":"ASTEROID-1","s":27.18,"m":279.06,"gd":45.31,"wic":{},"woc":{},"wgc":{},"emm":[{"Type":"1","MainRange":33,"MainValue":0.25,"FarRange":141}],"sig":[{"t":"9-1","s":"","d":{"X":-0.18,"Y":-0.89}},{"t":"9-2","s":"","d":{"X":-0.51,"Y":-0.15}},{"t":"X1","s":"","d":{"X":0.694,"Y":0.092}}],"clr":{"R":250,"G":183,"B":179,"A":255}},"GN8-228-44":{"pid":"GN8-228","orb":2660.62,"per":11.94,"ang":243.56,"t":"ASTEROID","sp":"ASTEROID-1","s":26.25,"m":251.27,"gd":43.75,"wic":{},"woc":{},"wgc":{},"emm":[{"Type":"1","MainRange":53,"MainValue":0.31,"FarRange":127}],"sig":[{"t":"9-1","s":"","d":{"X":0.7,"Y":-0.53}},{"t":"9-2","s":"","d":{"X":-0.3,"Y":0.47}},{"t":"X1","s":"","d":{"X":0.277,"Y":-0.626}}],"clr":{"R":179,"G":189,"B":254,"A":255}},"GN8-228-45":{"pid":"GN8-228","orb":2613.56,"per":11.72,"ang":167.7,"t":"ASTEROID","sp":"ASTEROID-1","s":17.57,"m":75.45,"gd":29.29,"wic":{},"woc":{},"wgc":{},"emm":[{"Type":"1","MainRange":40,"MainValue":0.36,"FarRange":192}],"sig":[{"t":"9-1","s":"","d":{"X":0.39,"Y":-0.11}},{"t":"9-2","s":"","d":{"X":-0.36,"Y":-0.36}},{"t":"X1","s":"","d":{"X":-0.509,"Y":-0.373}}],"clr":{"R":181,"G":233,"B":245,"A":255}},"GN8-228-46":{"pid":"GN8-228","orb":1949.95,"per":8.75,"ang":98.32,"t":"ASTEROID","sp":"ASTEROID-5","s":18.02,"m":81.27,"gd":30.03,"wic":{},"woc":{},"wgc":{},"emm":[{"Type":"1","MainRange":69,"MainValue":0.25,"FarRange":136}],"sig":[{"t":"9-1","s":"","d":{"X":0.55,"Y":-0.37}},{"t":"9-2","s":"","d":{"X":0.52,"Y":0.03}},{"t":"X1","s":"","d":{"X":0.716,"Y":-0.232}}],"clr":{"R":230,"G":225,"B":252,"A":255}},"GN8-228-47":{"pid":"GN8-228","orb":2503.43,"per":11.23,"ang":216.89,"t":"ASTEROID","sp":"ASTEROID-4","s":22.21,"m":152.21,"gd":37.02,"wic":{},"woc":{},"wgc":{},"emm":[{"Type":"1","MainRange":31,"MainValue":0.19,"FarRange":138}],"sig":[{"t":"9-1","s":"","d":{"X":-0.27,"Y":-0.91}},{"t":"9-2","s":"","d":{"X":-0.45,"Y":0.47}},{"t":"X1","s":"","d":{"X":-0.06,"Y":-0.249}}],"clr":{"R":221,"G":209,"B":247,"A":255}},"GN8-228-48":{"pid":"GN8-228","orb":2415.71,"per":10.84,"ang":18.96,"t":"ASTEROID","sp":"ASTEROID-2","s":23.3,"m":175.73,"gd":38.83,"wic":{},"woc":{},"wgc":{},"emm":[{"Type":"1","MainRange":42.300000000000004,"MainValue":0.21,"FarRange":47}],"sig":[{"t":"9-1","s":"","d":{"X":0.17,"Y":-0.45}},{"t":"9-2","s":"","d":{"X":-0.19,"Y":0.45}},{"t":"X1","s":"","d":{"X":-0.369,"Y":0.732}}],"clr":{"R":220,"G":194,"B":236,"A":255}},"GN8-228-49":{"pid":"GN8-228","orb":2885.29,"per":12.94,"ang":7.53,"t":"ASTEROID","sp":"ASTEROID-1","s":9.04,"m":10.28,"gd":15.07,"wic":{},"woc":{},"wgc":{},"emm":[{"Type":"1","MainRange":44,"MainValue":0.03,"FarRange":104}],"sig":[{"t":"9-1","s":"","d":{"X":-0.61,"Y":0.16}},{"t":"9-2","s":"","d":{"X":0.35,"Y":-0.68}},{"t":"X1","s":"","d":{"X":-0.748,"Y":0.162}}],"clr":{"R":212,"G":243,"B":243,"A":255}},"GN8-228-5":{"pid":"GN8-228","orb":2151.53,"per":9.65,"ang":291.88,"t":"ASTEROID","sp":"ASTEROID-3","s":9.89,"m":13.45,"gd":16.49,"wic":{},"woc":{},"wgc":{},"emm":[{"Type":"1","MainRange":38,"MainValue":0.25,"FarRange":46},{"Type":"2","MainRange":63,"MainValue":0.23,"FarRange":122},{"Type":"25","MainRange":23,"MainValue":0.13,"FarRange":136}],"sig":[{"t":"9-1","s":"","d":{"X":-0.24,"Y":-0.08}},{"t":"9-2","s":"","d":{"X":0.31,"Y":0.2}},{"t":"X1","s":"","d":{"X":-0.367,"Y":0.411}},{"t":"X2","s":"","d":{"X":-0.938,"Y":-0.056}},{"t":"X25","s":"","d":{"X":0.223,"Y":-0.616}}],"clr":{"R":237,"G":227,"B":246,"A":255}},"GN8-228-50":{"pid":"GN8-228","orb":2604.31,"per":11.68,"ang":219.81,"t":"ASTEROID","sp":"ASTEROID-1","s":21.83,"m":144.58,"gd":36.39,"wic":{},"woc":{},"wgc":{},"emm":[{"Type":"1","MainRange":49,"MainValue":0.22,"FarRange":103}],"sig":[{"t":"9-1","s":"","d":{"X":0.07,"Y":-0.22}},{"t":"9-2","s":"","d":{"X":0.59,"Y":0.74}},{"t":"X1","s":"","d":{"X":0.143,"Y":0.413}}],"clr":{"R":252,"G":242,"B":239,"A":255}},"GN8-228-51":{"pid":"GN8-228","orb":2640.33,"per":11.84,"ang":302.13,"t":"ASTEROID","sp":"ASTEROID-4","s":10.14,"m":14.5,"gd":16.9,"wic":{},"woc":{},"wgc":{},"emm":[{"Type":"1","MainRange":44,"MainValue":0.22,"FarRange":161}],"sig":[{"t":"9-1","s":"","d":{"X":0.01,"Y":0.89}},{"t":"9-2","s":"","d":{"X":0.1,"Y":-0.5}},{"t":"X1","s":"","d":{"X":-0.065,"Y":0.178}}],"clr":{"R":239,"G":219,"B":185,"A":255}},"GN8-228-52":{"pid":"GN8-228","orb":2210.21,"per":9.91,"ang":146.7,"t":"ASTEROID","sp":"ASTEROID-2","s":24.36,"m":200.87,"gd":40.6,"wic":{},"woc":{},"wgc":{},"emm":[{"Type":"1","MainRange":30,"MainValue":0.08,"FarRange":135}],"sig":[{"t":"9-1","s":"","d":{"X":-0.76,"Y":-0.33}},{"t":"9-2","s":"","d":{"X":0.74,"Y":0.02}},{"t":"X1","s":"","d":{"X":-0.113,"Y":-0.993}}],"clr":{"R":193,"G":254,"B":248,"A":255}},"GN8-228-53":{"pid":"GN8-228","orb":2317.29,"per":10.39,"ang":284.24,"t":"ASTEROID","sp":"ASTEROID-3","s":29.47,"m":355.64,"gd":49.12,"wic":{},"woc":{},"wgc":{},"emm":[{"Type":"1","MainRange":44,"MainValue":0.23,"FarRange":175}],"sig":[{"t":"9-1","s":"","d":{"X":0.3,"Y":0.41}},{"t":"9-2","s":"","d":{"X":-0.25,"Y":0.69}},{"t":"X1","s":"","d":{"X":0.267,"Y":0.815}}],"clr":{"R":248,"G":218,"B":190,"A":255}},"GN8-228-54":{"pid":"GN8-228","orb":2142.16,"per":9.61,"ang":87.01,"t":"ASTEROID","sp":"ASTEROID-4","s":16.38,"m":61.13,"gd":27.31,"wic":{},"woc":{},"wgc":{},"emm":[{"Type":"1","MainRange":55,"MainValue":0.25,"FarRange":141}],"sig":[{"t":"9-1","s":"","d":{"X":0.65}},{"t":"9-2","s":"","d":{"X":0.18,"Y":0.53}},{"t":"X1","s":"","d":{"X":0.814,"Y":0.39}}],"clr":{"R":254,"G":254,"B":254,"A":255}},"GN8-228-55":{"pid":"GN8-228","orb":2221.94,"per":9.97,"ang":287.22,"t":"ASTEROID","sp":"ASTEROID-3","s":14.9,"m":45.95,"gd":24.83,"wic":{},"woc":{},"wgc":{},"emm":[{"Type":"1","MainRange":36,"MainValue":0.3,"FarRange":155},{"Type":"18","MainRange":61,"MainValue":0.22,"FarRange":105},{"Type":"13","MainRange":64,"MainValue":0.2,"FarRange":106}],"sig":[{"t":"9-1","s":"","d":{"X":0.96,"Y":0.13}},{"t":"9-2","s":"","d":{"X":-0.07,"Y":0.24}},{"t":"X1","s":"","d":{"X":0.448,"Y":-0.208}},{"t":"X18","s":"","d":{"X":0.378,"Y":0.628}},{"t":"X13","s":"","d":{"X":-0.924,"Y":-0.216}}],"clr":{"R":240,"G":249,"B":223,"A":255}},"GN8-228-56":{"pid":"GN8-228","orb":2450.13,"per":10.99,"ang":184.29,"t":"ASTEROID","sp":"ASTEROID-5","s":10.24,"m":14.94,"gd":17.08,"wic":{},"woc":{},"wgc":{},"emm":[{"Type":"1","MainRange":53,"MainValue":0.16,"FarRange":98}],"sig":[{"t":"9-1","s":"","d":{"X":-0.34,"Y":0.75}},{"t":"9-2","s":"","d":{"X":-0.71,"Y":0.59}},{"t":"X1","s":"","d":{"X":0.268,"Y":0.37}}],"clr":{"R":186,"G":234,"B":252,"A":255}},"GN8-228-57":{"pid":"GN8-228","orb":2394.62,"per":10.74,"ang":232.45,"t":"ASTEROID","sp":"ASTEROID-3","s":32.1,"m":459.71,"gd":53.51,"wic":{},"woc":{},"wgc":{},"emm":[{"Type":"1","MainRange":38,"MainValue":0.21,"FarRange":116},{"Type":"11","MainRange":59,"MainValue":0.23,"FarRange":109},{"Type":"5","MainRange":41,"MainValue":0.14,"FarRange":112},{"Type":"13","MainRange":45,"MainValue":0.22,"FarRange":149},{"Type":"12","MainRange":49,"MainValue":0.26,"FarRange":197}],"sig":[{"t":"9-1","s":"","d":{"X":0.27,"Y":-0.81}},{"t":"9-2","s":"","d":{"X":-0.44,"Y":0.13}},{"t":"X1","s":"","d":{"X":0.515,"Y":-0.836}},{"t":"X11","s":"","d":{"X":-0.902,"Y":0.113}},{"t":"X5","s":"","d":{"X":-0.707,"Y":0.371}},{"t":"X13","s":"","d":{"X":-0.823,"Y":0.239}},{"t":"X12","s":"","d":{"X":-0.227,"Y":0.051}}],"clr":{"R":174,"G":245,"B":182,"A":255}},"GN8-228-58":{"pid":"GN8-228","orb":2653.33,"per":11.9,"ang":80.49,"t":"ASTEROID","sp":"ASTEROID-3","s":12.6,"m":27.78,"gd":21,"wic":{},"woc":{},"wgc":{},"emm":[{"Type":"1","MainRange":41,"MainValue":0.32,"FarRange":134}],"sig":[{"t":"9-1","s":"","d":{"X":-0.75,"Y":-0.39}},{"t":"9-2","s":"","d":{"X":0.34,"Y":0.03}},{"t":"X1","s":"","d":{"X":0.593,"Y":0.381}}],"clr":{"R":193,"G":230,"B":245,"A":255}},"GN8-228-59":{"pid":"GN8-228","orb":2232.95,"per":10.02,"ang":32.43,"t":"ASTEROID","sp":"ASTEROID-3","s":23.37,"m":177.39,"gd":38.95,"wic":{},"woc":{},"wgc":{},"emm":[{"Type":"1","MainRange":48,"MainValue":0.2,"FarRange":166}],"sig":[{"t":"9-1","s":"","d":{"X":-0.62,"Y":0.19}},{"t":"9-2","s":"","d":{"X":-0.13,"Y":0.82}},{"t":"X1","s":"","d":{"X":0.385,"Y":0.906}}],"clr":{"R":206,"G":249,"B":233,"A":255}},"GN8-228-6":{"pid":"GN8-228","orb":2523.2,"per":11.32,"ang":339.06,"t":"ASTEROID","sp":"ASTEROID-3","s":27,"m":273.42,"gd":45,"wic":{},"woc":{},"wgc":{},"emm":[{"Type":"1","MainRange":56,"MainValue":0.18,"FarRange":133}],"sig":[{"t":"9-1","s":"","d":{"X":-0.51,"Y":-0.31}},{"t":"9-2","s":"","d":{"X":0.11,"Y":0.49}},{"t":"X1","s":"","d":{"X":-0.55,"Y":-0.017}}],"clr":{"R":200,"G":253,"B":246,"A":255}},"GN8-228-60":{"pid":"GN8-228","orb":2486.64,"per":11.15,"ang":145.73,"t":"ASTEROID","sp":"ASTEROID-3","s":21.04,"m":129.49,"gd":35.07,"wic":{},"woc":{},"wgc":{},"emm":[{"Type":"1","MainRange":38,"MainValue":0.17,"FarRange":172}],"sig":[{"t":"9-1","s":"","d":{"X":0.33,"Y":-0.3}},{"t":"9-2","s":"","d":{"X":-0.82,"Y":-0.35}},{"t":"X1","s":"","d":{"X":-0.892,"Y":0.346}}],"clr":{"R":212,"G":250,"B":201,"A":255}},"GN8-228-61":{"pid":"GN8-228","orb":2685.68,"per":12.05,"ang":344.64,"t":"ASTEROID","sp":"ASTEROID-4","s":29.21,"m":346.33,"gd":48.69,"wic":{},"woc":{},"wgc":{},"emm":[{"Type":"1","MainRange":69,"MainValue":0.2,"FarRange":158},{"Type":"16","MainRange":46,"MainValue":0.19,"FarRange":154}],"sig":[{"t":"9-1","s":"","d":{"X":-0.26,"Y":0.79}},{"t":"9-2","s":"","d":{"X":-0.03,"Y":-0.62}},{"t":"X1","s":"","d":{"X":0.568,"Y":0.637}},{"t":"X16","s":"","d":{"X":-0.497,"Y":-0.827}}],"clr":{"R":204,"G":253,"B":229,"A":255}},"GN8-228-62":{"pid":"GN8-228","orb":2781.34,"per":12.48,"ang":211.8,"t":"ASTEROID","sp":"ASTEROID-3","s":13.43,"m":33.68,"gd":22.39,"wic":{},"woc":{},"wgc":{},"emm":[{"Type":"1","MainRange":59,"MainValue":0.32,"FarRange":126}],"sig":[{"t":"9-1","s":"","d":{"X":-0.25,"Y":0.96}},{"t":"9-2","s":"","d":{"X":-0.59,"Y":0.71}},{"t":"X1","s":"","d":{"X":0.437,"Y":0.435}}],"clr":{"R":240,"G":254,"B":244,"A":255}},"GN8-228-63":{"pid":"GN8-228","orb":2083.77,"per":9.35,"ang":120.69,"t":"ASTEROID","sp":"ASTEROID-2","s":37.46,"m":730.39,"gd":62.44,"wic":{},"woc":{},"wgc":{},"emm":[{"Type":"1","MainRange":45,"MainValue":0.23,"FarRange":98}],"sig":[{"t":"9-1","s":"","d":{"X":-0.34,"Y":-0.03}},{"t":"9-2","s":"","d":{"X":0.11,"Y":-0.35}},{"t":"X1","s":"","d":{"X":-0.229,"Y":-0.003}}],"clr":{"R":182,"G":206,"B":245,"A":255}},"GN8-228-64":{"pid":"GN8-228","orb":2566.94,"per":11.52,"ang":205,"t":"ASTEROID","sp":"ASTEROID-1","s":8.57,"m":8.76,"gd":14.29,"wic":{},"woc":{},"wgc":{},"emm":[{"Type":"1","MainRange":68,"MainValue":0.16,"FarRange":142}],"sig":[{"t":"9-1","s":"","d":{"X":-0.01,"Y":0.42}},{"t":"9-2","s":"","d":{"X":0.4,"Y":0.38}},{"t":"X1","s":"","d":{"X":-0.744,"Y":0.481}}],"clr":{"R":247,"G":235,"B":203,"A":255}},"GN8-228-65":{"pid":"GN8-228","orb":2535.87,"per":11.38,"ang":92.69,"t":"ASTEROID","sp":"ASTEROID-2","s":28.89,"m":334.98,"gd":48.15,"wic":{},"woc":{},"wgc":{},"emm":[{"Type":"1","MainRange":39,"MainValue":0.17,"FarRange":168}],"sig":[{"t":"9-1","s":"","d":{"X":0.28,"Y":0.68}},{"t":"9-2","s":"","d":{"X":0.54,"Y":-0.52}},{"t":"X1","s":"","d":{"X":-0.569,"Y":0.236}}],"clr":{"R":209,"G":188,"B":236,"A":255}},"GN8-228-66":{"pid":"GN8-228","orb":2285.11,"per":10.25,"ang":21.48,"t":"ASTEROID","sp":"ASTEROID-1","s":23.2,"m":173.55,"gd":38.67,"wic":{},"woc":{},"wgc":{},"emm":[{"Type":"1","MainRange":39,"MainValue":0.28,"FarRange":112}],"sig":[{"t":"9-1","s":"","d":{"X":0.62,"Y":0.7}},{"t":"9-2","s":"","d":{"X":-0.19,"Y":0.65}},{"t":"X1","s":"","d":{"X":0.542,"Y":-0.044}}],"clr":{"R":236,"G":185,"B":249,"A":255}},"GN8-228-67":{"pid":"GN8-228","orb":2584.18,"per":11.59,"ang":127.21,"t":"ASTEROID","sp":"ASTEROID-3","s":23.17,"m":172.81,"gd":38.62,"wic":{},"woc":{},"wgc":{},"emm":[{"Type":"1","MainRange":89,"MainValue":0.12,"FarRange":184}],"sig":[{"t":"9-1","s":"","d":{"X":0.86,"Y":0.25}},{"t":"9-2","s":"","d":{"X":0.51,"Y":0.38}},{"t":"X1","s":"","d":{"X":0.349,"Y":0.835}}],"clr":{"R":242,"G":253,"B":250,"A":255}},"GN8-228-68":{"pid":"GN8-228","orb":2567.22,"per":11.52,"ang":204.02,"t":"ASTEROID","sp":"ASTEROID-3","s":13.24,"m":32.23,"gd":22.06,"wic":{},"woc":{},"wgc":{},"emm":[{"Type":"1","MainRange":46,"MainValue":0.16,"FarRange":185}],"sig":[{"t":"9-1","s":"","d":{"X":0.3,"Y":-0.14}},{"t":"9-2","s":"","d":{"X":0.52,"Y":0.73}},{"t":"X1","s":"","d":{"X":0.359,"Y":-0.601}}],"clr":{"R":228,"G":241,"B":173,"A":255}},"GN8-228-69":{"pid":"GN8-228","orb":2513.41,"per":11.28,"ang":268.99,"t":"ASTEROID","sp":"ASTEROID-1","s":23.24,"m":174.35,"gd":38.73,"wic":{},"woc":{},"wgc":{},"emm":[{"Type":"1","MainRange":46,"MainValue":0.12,"FarRange":185}],"sig":[{"t":"9-1","s":"","d":{"X":0.27,"Y":0.64}},{"t":"9-2","s":"","d":{"X":0.35,"Y":0.11}},{"t":"X1","s":"","d":{"X":-0.72,"Y":-0.408}}],"clr":{"R":197,"G":241,"B":250,"A":255}},"GN8-228-7":{"pid":"GN8-228","orb":2945.49,"per":13.21,"ang":29.14,"t":"ASTEROID","sp":"ASTEROID-4","s":20.91,"m":127.04,"gd":34.85,"wic":{},"woc":{},"wgc":{},"emm":[{"Type":"1","MainRange":14,"MainValue":0.2,"FarRange":141}],"sig":[{"t":"9-1","s":"","d":{"X":-0.56,"Y":-0.46}},{"t":"9-2","s":"","d":{"X":-0.28,"Y":-0.01}},{"t":"X1","s":"","d":{"X":-0.349,"Y":0.893}}],"clr":{"R":252,"G":252,"B":254,"A":255}},"GN8-228-70":{"pid":"GN8-228","orb":2876.54,"per":12.9,"ang":252.66,"t":"ASTEROID","sp":"ASTEROID-2","s":14.23,"m":40.04,"gd":23.72,"wic":{},"woc":{},"wgc":{},"emm":[{"Type":"1","MainRange":38,"MainValue":0.23,"FarRange":118}],"sig":[{"t":"9-1","s":"","d":{"X":0.18,"Y":0.84}},{"t":"9-2","s":"","d":{"X":0.16,"Y":-0.06}},{"t":"X1","s":"","d":{"X":-0.711,"Y":0.027}}],"clr":{"R":251,"G":250,"B":253,"A":255}},"GN8-228-71":{"pid":"GN8-228","orb":2855.06,"per":12.81,"ang":258.01,"t":"ASTEROID","sp":"ASTEROID-5","s":34.25,"m":558.35,"gd":57.09,"wic":{},"woc":{},"wgc":{},"emm":[{"Type":"1","MainRange":52,"MainValue":0.15,"FarRange":166}],"sig":[{"t":"9-1","s":"","d":{"X":-0.15,"Y":0.55}},{"t":"9-2","s":"","d":{"X":-0.57,"Y":0.61}},{"t":"X1","s":"","d":{"X":0.481,"Y":0.627}}],"clr":{"R":243,"G":248,"B":252,"A":255}},"GN8-228-72":{"pid":"GN8-228","orb":2401.1,"per":10.77,"ang":333.79,"t":"ASTEROID","sp":"ASTEROID-3","s":14.76,"m":44.68,"gd":24.6,"wic":{},"woc":{},"wgc":{},"emm":[{"Type":"1","MainRange":72,"MainValue":0.23,"FarRange":183}],"sig":[{"t":"9-1","s":"","d":{"X":-0.7,"Y":-0.58}},{"t":"9-2","s":"","d":{"X":0.69,"Y":0.5}},{"t":"X1","s":"","d":{"X":0.896,"Y":-0.009}}],"clr":{"R":240,"G":248,"B":231,"A":255}},"GN8-228-73":{"pid":"GN8-228","orb":2419.89,"per":10.86,"ang":98.43,"t":"ASTEROID","sp":"ASTEROID-2","s":23.64,"m":183.69,"gd":39.41,"wic":{},"woc":{},"wgc":{},"emm":[{"Type":"1","MainRange":67,"MainValue":0.01,"FarRange":114}],"sig":[{"t":"9-1","s":"","d":{"X":-0.74,"Y":-0.46}},{"t":"9-2","s":"","d":{"X":0.74,"Y":-0.36}},{"t":"X1","s":"","d":{"X":0.64,"Y":-0.634}}],"clr":{"R":234,"G":254,"B":232,"A":255}},"GN8-228-74":{"pid":"GN8-228","orb":2227.69,"per":9.99,"ang":266.28,"t":"ASTEROID","sp":"ASTEROID-1","s":9.78,"m":13,"gd":16.3,"wic":{},"woc":{},"wgc":{},"emm":[{"Type":"1","MainRange":18,"MainValue":0.25,"FarRange":202},{"Type":"26","MainRange":47,"MainValue":0.18,"FarRange":201}],"sig":[{"t":"9-1","s":"","d":{"X":-0.12,"Y":-0.65}},{"t":"9-2","s":"","d":{"X":0.46,"Y":-0.15}},{"t":"X1","s":"","d":{"X":-0.585,"Y":0.754}},{"t":"X26","s":"","d":{"X":-0.41,"Y":-0.568}}],"clr":{"R":238,"G":202,"B":236,"A":255}},"GN8-228-75":{"pid":"GN8-228","orb":2175.36,"per":9.76,"ang":259.84,"t":"ASTEROID","sp":"ASTEROID-2","s":16.11,"m":58.15,"gd":26.86,"wic":{},"woc":{},"wgc":{},"emm":[{"Type":"1","MainRange":17.1,"MainValue":0.17,"FarRange":19}],"sig":[{"t":"9-1","s":"","d":{"X":0.36,"Y":-0.51}},{"t":"9-2","s":"","d":{"X":0.28,"Y":0.12}},{"t":"X1","s":"","d":{"X":0.819,"Y":-0.426}}],"clr":{"R":248,"G":233,"B":234,"A":255}},"GN8-228-76":{"pid":"GN8-228","orb":2158.64,"per":9.68,"ang":73.32,"t":"ASTEROID","sp":"ASTEROID-1","s":18.78,"m":92.04,"gd":31.3,"wic":{},"woc":{},"wgc":{},"emm":[{"Type":"1","MainRange":54,"MainValue":0.14,"FarRange":123}],"sig":[{"t":"9-1","s":"","d":{"X":-0.4,"Y":-0.32}},{"t":"9-2","s":"","d":{"X":0.4,"Y":0.08}},{"t":"X1","s":"","d":{"X":0.887,"Y":0.149}}],"clr":{"R":224,"G":217,"B":253,"A":255}},"GN8-228-77":{"pid":"GN8-228","orb":2007.78,"per":9.01,"ang":206.01,"t":"ASTEROID","sp":"ASTEROID-4","s":13.53,"m":34.44,"gd":22.55,"wic":{},"woc":{},"wgc":{},"emm":[{"Type":"1","MainRange":29,"MainValue":0.23,"FarRange":172}],"sig":[{"t":"9-1","s":"","d":{"X":0.73,"Y":-0.46}},{"t":"9-2","s":"","d":{"X":0.47,"Y":-0.32}},{"t":"X1","s":"","d":{"X":-0.563,"Y":0.416}}],"clr":{"R":254,"G":254,"B":254,"A":255}},"GN8-228-78":{"pid":"GN8-228","orb":2340.51,"per":10.5,"ang":140.54,"t":"ASTEROID","sp":"ASTEROID-4","s":13.24,"m":32.25,"gd":22.07,"wic":{},"woc":{},"wgc":{},"emm":[{"Type":"1","MainRange":47,"MainValue":0.12,"FarRange":139}],"sig":[{"t":"9-1","s":"","d":{"X":-0.19,"Y":0.17}},{"t":"9-2","s":"","d":{"X":0.62,"Y":0.53}},{"t":"X1","s":"","d":{"X":-0.877,"Y":0.259}}],"clr":{"R":252,"G":244,"B":246,"A":255}},"GN8-228-79":{"pid":"GN8-228","orb":2414.3,"per":10.83,"ang":157.11,"t":"ASTEROID","sp":"ASTEROID-3","s":13.83,"m":36.79,"gd":23.06,"wic":{},"woc":{},"wgc":{},"emm":[{"Type":"1","MainRange":71,"MainValue":0.26,"FarRange":192}],"sig":[{"t":"9-1","s":"","d":{"X":0.76,"Y":-0.47}},{"t":"9-2","s":"","d":{"X":0.19,"Y":0.94}},{"t":"X1","s":"","d":{"X":0.294,"Y":0.038}}],"clr":{"R":170,"G":246,"B":232,"A":255}},"GN8-228-8":{"pid":"GN8-228","orb":2159.64,"per":9.69,"ang":266.45,"t":"ASTEROID","sp":"ASTEROID-3","s":23.1,"m":171.26,"gd":38.5,"wic":{},"woc":{},"wgc":{},"emm":[{"Type":"1","MainRange":55,"MainValue":0.18,"FarRange":137}],"sig":[{"t":"9-1","s":"","d":{"X":-0.8,"Y":0.57}},{"t":"9-2","s":"","d":{"X":0.32,"Y":0.07}},{"t":"X1","s":"","d":{"X":0.79,"Y":0.052}}],"clr":{"R":254,"G":251,"B":247,"A":255}},"GN8-228-80":{"pid":"GN8-228","orb":2779.23,"per":12.47,"ang":239.21,"t":"ASTEROID","sp":"ASTEROID-5","s":23.47,"m":179.59,"gd":39.11,"wic":{},"woc":{},"wgc":{},"emm":[{"Type":"1","MainRange":43,"MainValue":0.19,"FarRange":167}],"sig":[{"t":"9-1","s":"","d":{"X":0.67,"Y":-0.04}},{"t":"9-2","s":"","d":{"X":-0.04,"Y":0.46}},{"t":"X1","s":"","d":{"X":0.066,"Y":0.869}}],"clr":{"R":238,"G":202,"B":211,"A":255}},"GN8-228-81":{"pid":"GN8-228","orb":2797.72,"per":12.55,"ang":242.47,"t":"ASTEROID","sp":"ASTEROID-5","s":16,"m":56.99,"gd":26.68,"wic":{},"woc":{},"wgc":{},"emm":[{"Type":"1","MainRange":38,"MainValue":0.26,"FarRange":148}],"sig":[{"t":"9-1","s":"","d":{"X":-0.86,"Y":0.14}},{"t":"9-2","s":"","d":{"X":-0.6,"Y":-0.49}},{"t":"X1","s":"","d":{"X":-0.504,"Y":0.018}}],"clr":{"R":178,"G":239,"B":197,"A":255}},"GN8-228-82":{"pid":"GN8-228","orb":2350.55,"per":10.54,"ang":80.47,"t":"ASTEROID","sp":"ASTEROID-2","s":17.68,"m":76.75,"gd":29.46,"wic":{},"woc":{},"wgc":{},"emm":[{"Type":"1","MainRange":62,"MainValue":0.16,"FarRange":105}],"sig":[{"t":"9-1","s":"","d":{"X":0.42,"Y":0.05}},{"t":"9-2","s":"","d":{"X":-0.31,"Y":0.82}},{"t":"X1","s":"","d":{"X":0.072,"Y":0.155}}],"clr":{"R":241,"G":180,"B":168,"A":255}},"GN8-228-83":{"pid":"GN8-228","orb":2495.25,"per":11.19,"ang":1.68,"t":"ASTEROID","sp":"ASTEROID-2","s":26.96,"m":272.42,"gd":44.94,"wic":{},"woc":{},"wgc":{},"emm":[{"Type":"1","MainRange":32,"MainValue":0.26,"FarRange":75}],"sig":[{"t":"9-1","s":"","d":{"X":0.45,"Y":0.47}},{"t":"9-2","s":"","d":{"X":0.53,"Y":-0.8}},{"t":"X1","s":"","d":{"X":0.268,"Y":0.103}}],"clr":{"R":187,"G":237,"B":171,"A":255}},"GN8-228-84":{"pid":"GN8-228","orb":2528.23,"per":11.34,"ang":157.88,"t":"ASTEROID","sp":"ASTEROID-1","s":19.36,"m":100.82,"gd":32.27,"wic":{},"woc":{},"wgc":{},"emm":[{"Type":"1","MainRange":66,"MainValue":0.08,"FarRange":74}],"sig":[{"t":"9-1","s":"","d":{"X":-0.56,"Y":0.33}},{"t":"9-2","s":"","d":{"X":0.58,"Y":-0.44}},{"t":"X1","s":"","d":{"X":0.292,"Y":-0.234}}],"clr":{"R":242,"G":194,"B":202,"A":255}},"GN8-228-85":{"pid":"GN8-228","orb":2692.38,"per":12.08,"ang":166.07,"t":"ASTEROID","sp":"ASTEROID-4","s":15.25,"m":49.26,"gd":25.41,"wic":{},"woc":{},"wgc":{},"emm":[{"Type":"1","MainRange":51,"MainValue":0.27,"FarRange":186}],"sig":[{"t":"9-1","s":"","d":{"X":-0.32,"Y":0.69}},{"t":"9-2","s":"","d":{"X":-0.2,"Y":-0.06}},{"t":"X1","s":"","d":{"X":0.102,"Y":0.649}}],"clr":{"R":202,"G":236,"B":237,"A":255}},"GN8-228-86":{"pid":"GN8-228","orb":2390.2,"per":10.72,"ang":191.29,"t":"ASTEROID","sp":"ASTEROID-5","s":20.54,"m":120.4,"gd":34.23,"wic":{},"woc":{},"wgc":{},"emm":[{"Type":"1","MainRange":72,"MainValue":0.16,"FarRange":90},{"Type":"5","MainRange":23,"MainValue":0.22,"FarRange":191},{"Type":"24","MainRange":25,"MainValue":0.16,"FarRange":156}],"sig":[{"t":"9-1","s":"","d":{"X":-0.31,"Y":0.03}},{"t":"9-2","s":"","d":{"X":-0.89,"Y":-0.11}},{"t":"X1","s":"","d":{"X":0.085,"Y":0.805}},{"t":"X5","s":"","d":{"X":0.087,"Y":-0.946}},{"t":"X24","s":"","d":{"X":-0.766,"Y":0.387}}],"clr":{"R":252,"G":204,"B":252,"A":255}},"GN8-228-9":{"pid":"GN8-228","orb":2363.44,"per":10.6,"ang":64.03,"t":"ASTEROID","sp":"ASTEROID-5","s":19.09,"m":96.72,"gd":31.82,"wic":{},"woc":{},"wgc":{},"emm":[{"Type":"1","MainRange":46,"MainValue":0.16,"FarRange":158}],"sig":[{"t":"9-1","s":"","d":{"X":0.39,"Y":0.56}},{"t":"9-2","s":"","d":{"X":-0.05,"Y":-0.64}},{"t":"X1","s":"","d":{"X":-0.351,"Y":0.765}}],"clr":{"R":251,"G":235,"B":247,"A":255}},"GN8-531":{"pid":"GN8-sv","orb":15558.79,"per":69.82,"t":"GASPLANET","sp":"GASPLANET-41","s":258.21,"m":167386.27,"gd":430.36,"wic":{},"woc":{},"wgc":{},"emm":[{"Type":"2","MainRange":383.40000000000003,"MainValue":1.96,"FarRange":426}],"sig":[{"t":"0-2","s":"","d":{"X":0.01,"Y":0.34}},{"t":"1-3","s":"","d":{"X":-0.51,"Y":0.69}},{"t":"3-1","s":"","d":{"X":-0.47,"Y":-0.16}},{"t":"6-3","s":"","d":{"X":0.9,"Y":-0.3}},{"t":"11-1","s":"","d":{"Y":-0.2}},{"t":"X2","s":"","d":{"X":-0.761,"Y":0.357}}],"clr":{"R":193,"G":250,"B":186,"A":255}},"GN8-562":{"pid":"GN8-sv","orb":8595.45,"per":38.57,"t":"HARDPLANET","sp":"HARDPLANET-70","s":89.98,"m":42480.79,"gd":257.08,"wic":{},"woc":{},"wgc":{},"mi":[6],"sig":[{"t":"0-2","s":"","d":{"X":0.11,"Y":0.46}},{"t":"1-2","s":"","d":{"X":-0.55,"Y":-0.32}},{"t":"3-2","s":"","d":{"X":0.62,"Y":-0.03}},{"t":"5-2","s":"","d":{"X":0.07,"Y":0.76}},{"t":"6-2","s":"","d":{"X":0.33,"Y":-0.89}},{"t":"7-1","s":"","d":{"X":0.89,"Y":0.14}},{"t":"7-3","s":"","d":{"X":0.55,"Y":0.14}},{"t":"8-2","s":"","d":{"X":-0.49,"Y":-0.87}},{"t":"9-1","s":"","d":{"X":0.05,"Y":0.84}},{"t":"9-2","s":"","d":{"X":-0.13,"Y":0.41}},{"t":"10-1","s":"","d":{"X":-0.31,"Y":-0.18}},{"t":"10-2","s":"","d":{"X":0.17,"Y":-0.63}},{"t":"11-1","s":"","d":{"X":0.74,"Y":-0.58}},{"t":"12-4","s":"","d":{"X":0.2,"Y":-0.39}},{"t":"13-1","s":"","d":{"X":-0.75,"Y":-0.48}},{"t":"13-2","s":"","d":{"X":-0.11,"Y":0.34}}],"clr":{"R":207,"G":253,"B":252,"A":255}},"GN8-968":{"pid":"GN8-sv","orb":4858.96,"per":21.8,"t":"HARDPLANET","sp":"HARDPLANET-35","s":70.79,"m":20690.04,"gd":202.27,"wic":{},"woc":{},"wgc":{},"mi":[6],"sig":[{"t":"0-1","s":"","d":{"X":-0.34,"Y":0.25}},{"t":"1-1","s":"","d":{"X":-0.35,"Y":-0.02}},{"t":"9-1","s":"","d":{"X":-0.21,"Y":-0.71}},{"t":"9-2","s":"","d":{"X":-0.56,"Y":0.3}},{"t":"10-1","s":"","d":{"X":0.81,"Y":-0.02}},{"t":"10-2","s":"","d":{"X":-0.08,"Y":-0.29}},{"t":"11-1","s":"","d":{"X":-0.51,"Y":-0.22}},{"t":"12-1","s":"","d":{"X":0.4,"Y":-0.6}},{"t":"13-1","s":"","d":{"X":-0.2,"Y":-0.87}},{"t":"13-2","s":"","d":{"X":-0.49,"Y":0.41}}],"clr":{"R":232,"G":250,"B":239,"A":255}},"GN8-S1":{"pid":"GN8-sv","orb":3256.38,"per":22.75,"t":"STAR","sp":"STAR-6","s":338.19,"m":2148918.44,"gd":1127.3,"wic":{},"woc":{},"wgc":{},"emm":[{"Type":"2","MainRange":1099,"MainValue":3.59,"FarRange":3309}],"sig":[{"t":"X2","s":"","d":{"X":-0.458,"Y":-0.476}}],"clr":{"R":209,"G":224,"B":240,"A":255}},"GN8-S2":{"pid":"GN8-sv","orb":2827.35,"per":22.75,"ang":180,"t":"STAR","sp":"STAR-2","s":429.26,"m":4394419.84,"gd":1430.88,"wic":{},"woc":{},"wgc":{},"emm":[{"Type":"2","MainRange":1057,"MainValue":2.89,"FarRange":2353}],"sig":[{"t":"X2","s":"","d":{"X":0.387,"Y":-0.119}}],"clr":{"R":254,"G":239,"B":236,"A":255}},"GN8-sv":{"iv":true,"wic":{},"woc":{},"wgc":{},"clr":{}}}}