{"SpawnDistance":2421.551,"Points":{"AZ6-0-0":{"pid":"AZ6-S","orb":841.38,"per":14.02,"ang":77.64,"t":"ASTEROID","sp":"ASTEROID-3","s":14.97,"m":46.6,"gd":24.95,"wic":{},"woc":{},"wgc":{},"emm":[{"Type":"1","MainRange":52,"MainValue":0.37,"FarRange":63}],"sig":[{"t":"9-1","s":"","d":{"X":-0.5,"Y":0.6}},{"t":"9-2","s":"","d":{"X":0.41,"Y":-0.83}},{"t":"X1","s":"","d":{"X":0.272,"Y":-0.548}}],"clr":{"R":238,"G":205,"B":213,"A":255}},"AZ6-0-1":{"pid":"AZ6-S","orb":1206.78,"per":20.11,"ang":212.99,"t":"ASTEROID","sp":"ASTEROID-4","s":15.76,"m":54.37,"gd":26.26,"wic":{},"woc":{},"wgc":{},"emm":[{"Type":"1","MainRange":56,"MainValue":0.09,"FarRange":195}],"sig":[{"t":"9-1","s":"","d":{"X":0.64,"Y":-0.09}},{"t":"9-2","s":"","d":{"X":-0.43,"Y":0.11}},{"t":"X1","s":"","d":{"X":-0.702,"Y":-0.707}}],"clr":{"R":179,"G":231,"B":233,"A":255}},"AZ6-0-10":{"pid":"AZ6-S","orb":979.39,"per":16.32,"ang":51.59,"t":"ASTEROID","sp":"ASTEROID-5","s":17.43,"m":73.6,"gd":29.05,"wic":{},"woc":{},"wgc":{},"emm":[{"Type":"1","MainRange":52,"MainValue":0.15,"FarRange":153}],"sig":[{"t":"9-1","s":"","d":{"X":0.45,"Y":0.1}},{"t":"9-2","s":"","d":{"X":0.73,"Y":-0.64}},{"t":"X1","s":"","d":{"X":-0.422,"Y":-0.712}}],"clr":{"R":238,"G":249,"B":229,"A":255}},"AZ6-0-11":{"pid":"AZ6-S","orb":851.09,"per":14.18,"ang":220.41,"t":"ASTEROID","sp":"ASTEROID-2","s":16.96,"m":67.77,"gd":28.26,"wic":{},"woc":{},"wgc":{},"emm":[{"Type":"1","MainRange":51,"MainValue":0.23,"FarRange":124}],"sig":[{"t":"9-1","s":"","d":{"X":0.28,"Y":0.39}},{"t":"9-2","s":"","d":{"X":-0.16,"Y":-0.29}},{"t":"X1","s":"","d":{"X":0.488,"Y":0.002}}],"clr":{"R":183,"G":238,"B":238,"A":255}},"AZ6-0-12":{"pid":"AZ6-S","orb":1120.9,"per":18.68,"ang":3.07,"t":"ASTEROID","sp":"ASTEROID-3","s":20.1,"m":112.95,"gd":33.51,"wic":{},"woc":{},"wgc":{},"emm":[{"Type":"1","MainRange":57,"MainValue":0.22,"FarRange":244}],"sig":[{"t":"9-1","s":"","d":{"X":-0.28,"Y":0.64}},{"t":"9-2","s":"","d":{"X":-0.27,"Y":0.67}},{"t":"X1","s":"","d":{"X":-0.091,"Y":0.916}}],"clr":{"R":254,"G":254,"B":253,"A":255}},"AZ6-0-13":{"pid":"AZ6-S","orb":1087.44,"per":18.12,"ang":184.83,"t":"ASTEROID","sp":"ASTEROID-3","s":12.64,"m":28.09,"gd":21.07,"wic":{},"woc":{},"wgc":{},"emm":[{"Type":"1","MainRange":46,"MainValue":0.2,"FarRange":116}],"sig":[{"t":"9-1","s":"","d":{"X":0.83,"Y":0.27}},{"t":"9-2","s":"","d":{"X":0.31,"Y":0.56}},{"t":"X1","s":"","d":{"X":0.601,"Y":-0.393}}],"clr":{"R":245,"G":207,"B":196,"A":255}},"AZ6-0-14":{"pid":"AZ6-S","orb":1001.46,"per":16.69,"ang":50.22,"t":"ASTEROID","sp":"ASTEROID-3","s":23.97,"m":191.3,"gd":39.95,"wic":{},"woc":{},"wgc":{},"emm":[{"Type":"1","MainRange":52,"MainValue":0.22,"FarRange":160}],"sig":[{"t":"9-1","s":"","d":{"X":0.24,"Y":-0.34}},{"t":"9-2","s":"","d":{"X":0.44,"Y":0.42}},{"t":"X1","s":"","d":{"X":-0.718,"Y":-0.425}}],"clr":{"R":175,"G":223,"B":246,"A":255}},"AZ6-0-15":{"pid":"AZ6-S","orb":1139.14,"per":18.98,"ang":41.14,"t":"ASTEROID","sp":"ASTEROID-4","s":32.66,"m":484.21,"gd":54.44,"wic":{},"woc":{},"wgc":{},"emm":[{"Type":"1","MainRange":73,"MainValue":0.27,"FarRange":124}],"sig":[{"t":"9-1","s":"","d":{"X":0.13,"Y":0.28}},{"t":"9-2","s":"","d":{"X":0.71,"Y":-0.59}},{"t":"X1","s":"","d":{"X":-0.968,"Y":0.121}}],"clr":{"R":206,"G":249,"B":244,"A":255}},"AZ6-0-16":{"pid":"AZ6-S","orb":1117.02,"per":18.61,"ang":206.61,"t":"ASTEROID","sp":"ASTEROID-4","s":27.92,"m":302.57,"gd":46.54,"wic":{},"woc":{},"wgc":{},"emm":[{"Type":"1","MainRange":64,"MainValue":0.1,"FarRange":115}],"sig":[{"t":"9-1","s":"","d":{"X":-0.75,"Y":-0.41}},{"t":"9-2","s":"","d":{"X":0.09,"Y":-0.42}},{"t":"X1","s":"","d":{"X":0.168,"Y":-0.033}}],"clr":{"R":241,"G":250,"B":207,"A":255}},"AZ6-0-17":{"pid":"AZ6-S","orb":1075.97,"per":17.93,"ang":315.59,"t":"ASTEROID","sp":"ASTEROID-4","s":28.41,"m":318.69,"gd":47.36,"wic":{},"woc":{},"wgc":{},"emm":[{"Type":"1","MainRange":27,"MainValue":0.25,"FarRange":140}],"sig":[{"t":"9-1","s":"","d":{"X":0.76,"Y":-0.04}},{"t":"9-2","s":"","d":{"X":-0.46,"Y":-0.58}},{"t":"X1","s":"","d":{"X":0.514,"Y":0.456}}],"clr":{"R":197,"G":230,"B":241,"A":255}},"AZ6-0-18":{"pid":"AZ6-S","orb":1189.04,"per":19.81,"ang":306.6,"t":"ASTEROID","sp":"ASTEROID-5","s":19.89,"m":109.29,"gd":33.15,"wic":{},"woc":{},"wgc":{},"emm":[{"Type":"1","MainRange":58,"MainValue":0.31,"FarRange":121}],"sig":[{"t":"9-1","s":"","d":{"X":-0.09,"Y":0.59}},{"t":"9-2","s":"","d":{"X":0.3,"Y":-0.5}},{"t":"X1","s":"","d":{"X":-0.365,"Y":0.194}}],"clr":{"R":244,"G":224,"B":202,"A":255}},"AZ6-0-19":{"pid":"AZ6-S","orb":888.17,"per":14.8,"ang":134.88,"t":"ASTEROID","sp":"ASTEROID-1","s":19.95,"m":110.39,"gd":33.26,"wic":{},"woc":{},"wgc":{},"emm":[{"Type":"1","MainRange":17,"MainValue":0.19,"FarRange":165}],"sig":[{"t":"9-1","s":"","d":{"X":-0.12,"Y":0.32}},{"t":"9-2","s":"","d":{"X":0.36,"Y":0.52}},{"t":"X1","s":"","d":{"X":0.385,"Y":-0.805}}],"clr":{"R":235,"G":249,"B":241,"A":255}},"AZ6-0-2":{"pid":"AZ6-S","orb":1019.16,"per":16.98,"ang":81.39,"t":"ASTEROID","sp":"ASTEROID-1","s":28.69,"m":328.16,"gd":47.82,"wic":{},"woc":{},"wgc":{},"emm":[{"Type":"1","MainRange":44,"MainValue":0.26,"FarRange":146}],"sig":[{"t":"9-1","s":"","d":{"X":0.29,"Y":-0.13}},{"t":"9-2","s":"","d":{"X":-0.23,"Y":-0.22}},{"t":"X1","s":"","d":{"X":0.134,"Y":0.023}}],"clr":{"R":215,"G":244,"B":226,"A":255}},"AZ6-0-20":{"pid":"AZ6-S","orb":1047.23,"per":17.45,"ang":181.84,"t":"ASTEROID","sp":"ASTEROID-5","s":15.97,"m":56.64,"gd":26.62,"wic":{},"woc":{},"wgc":{},"emm":[{"Type":"1","MainRange":30,"MainValue":0.25,"FarRange":146}],"sig":[{"t":"9-1","s":"","d":{"X":0.23,"Y":0.28}},{"t":"9-2","s":"","d":{"X":0.37,"Y":0.27}},{"t":"X1","s":"","d":{"X":0.883,"Y":0.168}}],"clr":{"R":222,"G":202,"B":248,"A":255}},"AZ6-0-21":{"pid":"AZ6-S","orb":1058.38,"per":17.63,"ang":309.6,"t":"ASTEROID","sp":"ASTEROID-3","s":29.61,"m":360.59,"gd":49.35,"wic":{},"woc":{},"wgc":{},"emm":[{"Type":"1","MainRange":34,"MainValue":0.16,"FarRange":48}],"sig":[{"t":"9-1","s":"","d":{"X":0.12,"Y":-0.58}},{"t":"9-2","s":"","d":{"X":-0.98,"Y":-0.12}},{"t":"X1","s":"","d":{"X":0.969,"Y":-0.094}}],"clr":{"R":195,"G":235,"B":241,"A":255}},"AZ6-0-22":{"pid":"AZ6-S","orb":1025.3,"per":17.08,"ang":101.03,"t":"ASTEROID","sp":"ASTEROID-3","s":22.18,"m":151.74,"gd":36.98,"wic":{},"woc":{},"wgc":{},"emm":[{"Type":"1","MainRange":34,"MainValue":0.2,"FarRange":188},{"Type":"26","MainRange":52,"MainValue":0.17,"FarRange":112}],"sig":[{"t":"9-1","s":"","d":{"X":-0.88,"Y":-0.4}},{"t":"9-2","s":"","d":{"X":-0.71,"Y":-0.48}},{"t":"X1","s":"","d":{"X":0.292,"Y":-0.082}},{"t":"X26","s":"","d":{"X":-0.198,"Y":0.711}}],"clr":{"R":178,"G":243,"B":229,"A":255}},"AZ6-0-23":{"pid":"AZ6-S","orb":896.33,"per":14.93,"ang":216.34,"t":"ASTEROID","sp":"ASTEROID-5","s":19.69,"m":106.07,"gd":32.82,"wic":{},"woc":{},"wgc":{},"emm":[{"Type":"1","MainRange":25,"MainValue":0.23,"FarRange":170}],"sig":[{"t":"9-1","s":"","d":{"X":-0.42,"Y":0.81}},{"t":"9-2","s":"","d":{"X":-0.32,"Y":-0.29}},{"t":"X1","s":"","d":{"X":-0.206,"Y":-0.248}}],"clr":{"R":247,"G":231,"B":211,"A":255}},"AZ6-0-24":{"pid":"AZ6-S","orb":1019.65,"per":16.99,"ang":85.73,"t":"ASTEROID","sp":"ASTEROID-1","s":15.15,"m":48.34,"gd":25.25,"wic":{},"woc":{},"wgc":{},"emm":[{"Type":"1","MainRange":66.60000000000001,"MainValue":0.29,"FarRange":74}],"sig":[{"t":"9-1","s":"","d":{"X":0.01,"Y":-0.56}},{"t":"9-2","s":"","d":{"X":-0.19,"Y":0.3}},{"t":"X1","s":"","d":{"X":-0.292,"Y":0.57}}],"clr":{"R":234,"G":253,"B":238,"A":255}},"AZ6-0-25":{"pid":"AZ6-S","orb":1121.09,"per":18.68,"ang":186.7,"t":"ASTEROID","sp":"ASTEROID-3","s":16.49,"m":62.36,"gd":27.49,"wic":{},"woc":{},"wgc":{},"emm":[{"Type":"1","MainRange":34,"MainValue":0.14,"FarRange":136}],"sig":[{"t":"9-1","s":"","d":{"X":-0.96,"Y":-0.02}},{"t":"9-2","s":"","d":{"X":-0.18,"Y":-0.37}},{"t":"X1","s":"","d":{"X":0.522,"Y":0.143}}],"clr":{"R":241,"G":243,"B":252,"A":255}},"AZ6-0-26":{"pid":"AZ6-S","orb":965.36,"per":16.08,"ang":167.39,"t":"ASTEROID","sp":"ASTEROID-2","s":24.19,"m":196.76,"gd":40.32,"wic":{},"woc":{},"wgc":{},"emm":[{"Type":"1","MainRange":68,"MainValue":0.26,"FarRange":138}],"sig":[{"t":"9-1","s":"","d":{"X":-0.19,"Y":-0.03}},{"t":"9-2","s":"","d":{"X":0.09,"Y":-0.16}},{"t":"X1","s":"","d":{"X":0.237,"Y":0.612}}],"clr":{"R":225,"G":245,"B":251,"A":255}},"AZ6-0-27":{"pid":"AZ6-S","orb":1127.97,"per":18.79,"ang":352.36,"t":"ASTEROID","sp":"ASTEROID-4","s":11.76,"m":22.63,"gd":19.61,"wic":{},"woc":{},"wgc":{},"emm":[{"Type":"1","MainRange":90,"MainValue":0.19,"FarRange":209}],"sig":[{"t":"9-1","s":"","d":{"X":-0.39,"Y":0.12}},{"t":"9-2","s":"","d":{"X":0.81,"Y":-0.48}},{"t":"X1","s":"","d":{"X":-0.519,"Y":0.307}}],"clr":{"R":209,"G":250,"B":210,"A":255}},"AZ6-0-28":{"pid":"AZ6-S","orb":1133.1,"per":18.88,"ang":156.71,"t":"ASTEROID","sp":"ASTEROID-1","s":17.95,"m":80.34,"gd":29.91,"wic":{},"woc":{},"wgc":{},"emm":[{"Type":"1","MainRange":41,"MainValue":0.23,"FarRange":73}],"sig":[{"t":"9-1","s":"","d":{"X":-0.26,"Y":0.18}},{"t":"9-2","s":"","d":{"X":0.47,"Y":-0.23}},{"t":"X1","s":"","d":{"X":0.323,"Y":-0.212}}],"clr":{"R":229,"G":168,"B":249,"A":255}},"AZ6-0-29":{"pid":"AZ6-S","orb":806.67,"per":13.44,"ang":120.41,"t":"ASTEROID","sp":"ASTEROID-1","s":14.85,"m":45.49,"gd":24.75,"wic":{},"woc":{},"wgc":{},"emm":[{"Type":"1","MainRange":59,"MainValue":0.21,"FarRange":175}],"sig":[{"t":"9-1","s":"","d":{"X":-0.9,"Y":-0.25}},{"t":"9-2","s":"","d":{"X":-0.38,"Y":0.15}},{"t":"X1","s":"","d":{"X":-0.571,"Y":0.343}}],"clr":{"R":241,"G":211,"B":250,"A":255}},"AZ6-0-3":{"pid":"AZ6-S","orb":1103.22,"per":18.38,"ang":148.42,"t":"ASTEROID","sp":"ASTEROID-1","s":11.85,"m":23.14,"gd":19.76,"wic":{},"woc":{},"wgc":{},"emm":[{"Type":"1","MainRange":29,"MainValue":0.25,"FarRange":185}],"sig":[{"t":"9-1","s":"","d":{"X":-0.58,"Y":0.19}},{"t":"9-2","s":"","d":{"X":0.52,"Y":0.37}},{"t":"X1","s":"","d":{"X":0.578,"Y":0.434}}],"clr":{"R":242,"G":207,"B":250,"A":255}},"AZ6-0-30":{"pid":"AZ6-S","orb":1251.06,"per":20.85,"ang":331.73,"t":"ASTEROID","sp":"ASTEROID-5","s":15.24,"m":49.23,"gd":25.41,"wic":{},"woc":{},"wgc":{},"emm":[{"Type":"1","MainRange":40,"MainValue":0.25,"FarRange":139},{"Type":"13","MainRange":50,"MainValue":0.24,"FarRange":120}],"sig":[{"t":"9-1","s":"","d":{"X":0.83,"Y":0.04}},{"t":"9-2","s":"","d":{"X":0.06,"Y":0.83}},{"t":"X1","s":"","d":{"X":0.292,"Y":0.755}},{"t":"X13","s":"","d":{"X":-0.646,"Y":0.169}}],"clr":{"R":209,"G":246,"B":207,"A":255}},"AZ6-0-31":{"pid":"AZ6-S","orb":1252.97,"per":20.88,"ang":268.04,"t":"ASTEROID","sp":"ASTEROID-2","s":25.02,"m":217.72,"gd":41.71,"wic":{},"woc":{},"wgc":{},"emm":[{"Type":"1","MainRange":49,"MainValue":0.2,"FarRange":108}],"sig":[{"t":"9-1","s":"","d":{"X":-0.27,"Y":0.65}},{"t":"9-2","s":"","d":{"X":0.56,"Y":0.56}},{"t":"X1","s":"","d":{"X":0.705,"Y":0.15}}],"clr":{"R":245,"G":245,"B":253,"A":255}},"AZ6-0-32":{"pid":"AZ6-S","orb":1016.15,"per":16.93,"ang":205.68,"t":"ASTEROID","sp":"ASTEROID-1","s":20.21,"m":114.72,"gd":33.69,"wic":{},"woc":{},"wgc":{},"emm":[{"Type":"1","MainRange":59,"MainValue":0.24,"FarRange":187}],"sig":[{"t":"9-1","s":"","d":{"X":0.36,"Y":0.3}},{"t":"9-2","s":"","d":{"X":-0.28,"Y":0.27}},{"t":"X1","s":"","d":{"X":-0.473,"Y":-0.241}}],"clr":{"R":228,"G":241,"B":211,"A":255}},"AZ6-0-33":{"pid":"AZ6-S","orb":1073.24,"per":17.88,"ang":178.67,"t":"ASTEROID","sp":"ASTEROID-4","s":24.77,"m":211.21,"gd":41.29,"wic":{},"woc":{},"wgc":{},"emm":[{"Type":"1","MainRange":39,"MainValue":0.16,"FarRange":135},{"Type":"11","MainRange":49,"MainValue":0.34,"FarRange":130}],"sig":[{"t":"9-1","s":"","d":{"X":0.66,"Y":0.25}},{"t":"9-2","s":"","d":{"X":0.82,"Y":0.4}},{"t":"X1","s":"","d":{"X":-0.266,"Y":-0.774}},{"t":"X11","s":"","d":{"X":-0.416,"Y":-0.096}}],"clr":{"R":254,"G":248,"B":233,"A":255}},"AZ6-0-34":{"pid":"AZ6-S","orb":1091.73,"per":18.19,"ang":277.74,"t":"ASTEROID","sp":"ASTEROID-3","s":16.82,"m":66.2,"gd":28.04,"wic":{},"woc":{},"wgc":{},"emm":[{"Type":"1","MainRange":65,"MainValue":0.26,"FarRange":125},{"Type":"15","MainRange":54,"MainValue":0.26,"FarRange":116},{"Type":"5","MainRange":70,"MainValue":0.28,"FarRange":108}],"sig":[{"t":"9-1","s":"","d":{"X":0.72,"Y":-0.01}},{"t":"9-2","s":"","d":{"X":-0.46,"Y":-0.57}},{"t":"X1","s":"","d":{"X":0.4,"Y":-0.169}},{"t":"X15","s":"","d":{"X":0.215,"Y":-0.589}},{"t":"X5","s":"","d":{"X":-0.382,"Y":0.602}}],"clr":{"R":212,"G":191,"B":238,"A":255}},"AZ6-0-35":{"pid":"AZ6-S","orb":1009.27,"per":16.82,"ang":190.45,"t":"ASTEROID","sp":"ASTEROID-5","s":22.5,"m":158.27,"gd":37.5,"wic":{},"woc":{},"wgc":{},"emm":[{"Type":"1","MainRange":43,"MainValue":0.11,"FarRange":153}],"sig":[{"t":"9-1","s":"","d":{"X":0.64,"Y":0.5}},{"t":"9-2","s":"","d":{"X":0.22,"Y":0.59}},{"t":"X1","s":"","d":{"X":0.827,"Y":0.517}}],"clr":{"R":232,"G":252,"B":177,"A":255}},"AZ6-0-36":{"pid":"AZ6-S","orb":1239.34,"per":20.65,"ang":32.4,"t":"ASTEROID","sp":"ASTEROID-4","s":17.36,"m":72.66,"gd":28.93,"wic":{},"woc":{},"wgc":{},"emm":[{"Type":"1","MainRange":40,"MainValue":0.23,"FarRange":114}],"sig":[{"t":"9-1","s":"","d":{"X":-0.29,"Y":0.36}},{"t":"9-2","s":"","d":{"X":0.44,"Y":-0.37}},{"t":"X1","s":"","d":{"X":-0.589,"Y":0.305}}],"clr":{"R":240,"G":249,"B":250,"A":255}},"AZ6-0-37":{"pid":"AZ6-S","orb":937.54,"per":15.62,"ang":231.16,"t":"ASTEROID","sp":"ASTEROID-5","s":19.27,"m":99.38,"gd":32.11,"wic":{},"woc":{},"wgc":{},"emm":[{"Type":"1","MainRange":44,"MainValue":0.24,"FarRange":131}],"sig":[{"t":"9-1","s":"","d":{"X":0.21,"Y":0.64}},{"t":"9-2","s":"","d":{"X":0.35,"Y":0.1}},{"t":"X1","s":"","d":{"X":-0.743,"Y":-0.571}}],"clr":{"R":235,"G":248,"B":237,"A":255}},"AZ6-0-38":{"pid":"AZ6-S","orb":1107.85,"per":18.46,"ang":251.33,"t":"ASTEROID","sp":"ASTEROID-1","s":13.57,"m":34.76,"gd":22.62,"wic":{},"woc":{},"wgc":{},"emm":[{"Type":"1","MainRange":42,"MainValue":0.2,"FarRange":142}],"sig":[{"t":"9-1","s":"","d":{"X":-0.33,"Y":-0.92}},{"t":"9-2","s":"","d":{"X":0.81,"Y":-0.09}},{"t":"X1","s":"","d":{"X":-0.042,"Y":0.685}}],"clr":{"R":253,"G":179,"B":211,"A":255}},"AZ6-0-39":{"pid":"AZ6-S","orb":1042.8,"per":17.38,"ang":304.56,"t":"ASTEROID","sp":"ASTEROID-1","s":21.96,"m":147.11,"gd":36.6,"wic":{},"woc":{},"wgc":{},"emm":[{"Type":"1","MainRange":18,"MainValue":0.21,"FarRange":192}],"sig":[{"t":"9-1","s":"","d":{"X":-0.92,"Y":0.21}},{"t":"9-2","s":"","d":{"X":-0.34,"Y":0.01}},{"t":"X1","s":"","d":{"X":-0.617,"Y":0.675}}],"clr":{"R":232,"G":238,"B":250,"A":255}},"AZ6-0-4":{"pid":"AZ6-S","orb":1082.8,"per":18.04,"ang":202.84,"t":"ASTEROID","sp":"ASTEROID-2","s":13.38,"m":33.31,"gd":22.31,"wic":{},"woc":{},"wgc":{},"emm":[{"Type":"1","MainRange":68,"MainValue":0.2,"FarRange":134}],"sig":[{"t":"9-1","s":"","d":{"X":0.33,"Y":0.01}},{"t":"9-2","s":"","d":{"X":0.4,"Y":-0.15}},{"t":"X1","s":"","d":{"X":-0.962,"Y":0.19}}],"clr":{"R":233,"G":248,"B":232,"A":255}},"AZ6-0-40":{"pid":"AZ6-S","orb":1160.45,"per":19.34,"ang":250.92,"t":"ASTEROID","sp":"ASTEROID-5","s":16.04,"m":57.36,"gd":26.74,"wic":{},"woc":{},"wgc":{},"emm":[{"Type":"1","MainRange":69,"MainValue":0.19,"FarRange":187}],"sig":[{"t":"9-1","s":"","d":{"X":0.13,"Y":0.85}},{"t":"9-2","s":"","d":{"X":-0.88,"Y":0.17}},{"t":"X1","s":"","d":{"X":-0.885,"Y":0.275}}],"clr":{"R":246,"G":204,"B":228,"A":255}},"AZ6-0-41":{"pid":"AZ6-S","orb":1249.62,"per":20.82,"ang":335.73,"t":"ASTEROID","sp":"ASTEROID-2","s":19.15,"m":97.56,"gd":31.91,"wic":{},"woc":{},"wgc":{},"emm":[{"Type":"1","MainRange":68,"MainValue":0.27,"FarRange":117}],"sig":[{"t":"9-1","s":"","d":{"X":0.43,"Y":-0.65}},{"t":"9-2","s":"","d":{"X":0.1,"Y":-0.82}},{"t":"X1","s":"","d":{"X":0.809,"Y":0.224}}],"clr":{"R":173,"G":205,"B":234,"A":255}},"AZ6-0-42":{"pid":"AZ6-S","orb":1203.14,"per":20.05,"ang":359.6,"t":"ASTEROID","sp":"ASTEROID-5","s":11.12,"m":19.1,"gd":18.53,"wic":{},"woc":{},"wgc":{},"emm":[{"Type":"1","MainRange":36,"MainValue":0.02,"FarRange":149}],"sig":[{"t":"9-1","s":"","d":{"X":-0.96,"Y":0.23}},{"t":"9-2","s":"","d":{"X":0.45,"Y":0.81}},{"t":"X1","s":"","d":{"X":-0.006,"Y":-0.881}}],"clr":{"R":244,"G":200,"B":237,"A":255}},"AZ6-0-43":{"pid":"AZ6-S","orb":1072.41,"per":17.87,"ang":41.46,"t":"ASTEROID","sp":"ASTEROID-3","s":24.26,"m":198.47,"gd":40.44,"wic":{},"woc":{},"wgc":{},"emm":[{"Type":"1","MainRange":55,"MainValue":0.21,"FarRange":150}],"sig":[{"t":"9-1","s":"","d":{"X":-0.4,"Y":-0.06}},{"t":"9-2","s":"","d":{"X":0.4,"Y":0.7}},{"t":"X1","s":"","d":{"X":-0.523,"Y":-0.185}}],"clr":{"R":230,"G":251,"B":169,"A":255}},"AZ6-0-44":{"pid":"AZ6-S","orb":1131.69,"per":18.86,"ang":289.5,"t":"ASTEROID","sp":"ASTEROID-5","s":23.14,"m":172.15,"gd":38.57,"wic":{},"woc":{},"wgc":{},"emm":[{"Type":"1","MainRange":60,"MainValue":0.12,"FarRange":165}],"sig":[{"t":"9-1","s":"","d":{"X":0.42,"Y":-0.13}},{"t":"9-2","s":"","d":{"X":0.03,"Y":-0.84}},{"t":"X1","s":"","d":{"X":0.867,"Y":0.233}}],"clr":{"R":232,"G":234,"B":180,"A":255}},"AZ6-0-45":{"pid":"AZ6-S","orb":1166.43,"per":19.44,"ang":219.96,"t":"ASTEROID","sp":"ASTEROID-3","s":18.36,"m":85.98,"gd":30.6,"wic":{},"woc":{},"wgc":{},"emm":[{"Type":"1","MainRange":82,"MainValue":0.21,"FarRange":146}],"sig":[{"t":"9-1","s":"","d":{"X":0.92,"Y":0.28}},{"t":"9-2","s":"","d":{"X":-0.01,"Y":0.43}},{"t":"X1","s":"","d":{"X":0.133,"Y":0.292}}],"clr":{"R":238,"G":249,"B":184,"A":255}},"AZ6-0-46":{"pid":"AZ6-S","orb":1066.09,"per":17.76,"ang":270.45,"t":"ASTEROID","sp":"ASTEROID-2","s":17.72,"m":77.29,"gd":29.53,"wic":{},"woc":{},"wgc":{},"emm":[{"Type":"1","MainRange":35,"MainValue":0.19,"FarRange":165}],"sig":[{"t":"9-1","s":"","d":{"X":-0.25,"Y":-0.02}},{"t":"9-2","s":"","d":{"X":-0.84,"Y":-0.21}},{"t":"X1","s":"","d":{"X":0.281,"Y":0.749}}],"clr":{"R":249,"G":210,"B":253,"A":255}},"AZ6-0-47":{"pid":"AZ6-S","orb":1055.56,"per":17.59,"ang":223.3,"t":"ASTEROID","sp":"ASTEROID-2","s":13.22,"m":32.09,"gd":22.03,"wic":{},"woc":{},"wgc":{},"emm":[{"Type":"1","MainRange":60,"MainValue":0.2,"FarRange":133}],"sig":[{"t":"9-1","s":"","d":{"X":-0.11,"Y":-0.71}},{"t":"9-2","s":"","d":{"X":-0.45,"Y":0.34}},{"t":"X1","s":"","d":{"X":-0.018,"Y":-0.093}}],"clr":{"R":193,"G":235,"B":208,"A":255}},"AZ6-0-48":{"pid":"AZ6-S","orb":1119.32,"per":18.65,"ang":166.4,"t":"ASTEROID","sp":"ASTEROID-1","s":19.09,"m":96.72,"gd":31.82,"wic":{},"woc":{},"wgc":{},"emm":[{"Type":"1","MainRange":69,"MainValue":0.14,"FarRange":144}],"sig":[{"t":"9-1","s":"","d":{"X":-0.72,"Y":0.17}},{"t":"9-2","s":"","d":{"X":0.73,"Y":-0.55}},{"t":"X1","s":"","d":{"X":0.621,"Y":0.321}}],"clr":{"R":253,"G":228,"B":215,"A":255}},"AZ6-0-49":{"pid":"AZ6-S","orb":1068.89,"per":17.81,"ang":146,"t":"ASTEROID","sp":"ASTEROID-1","s":23.8,"m":187.28,"gd":39.66,"wic":{},"woc":{},"wgc":{},"emm":[{"Type":"1","MainRange":45,"MainValue":0.26,"FarRange":195}],"sig":[{"t":"9-1","s":"","d":{"X":-0.33,"Y":0.62}},{"t":"9-2","s":"","d":{"X":-0.16,"Y":0.67}},{"t":"X1","s":"","d":{"X":0.714,"Y":0.499}}],"clr":{"R":202,"G":191,"B":238,"A":255}},"AZ6-0-5":{"pid":"AZ6-S","orb":1197.21,"per":19.95,"ang":117.76,"t":"ASTEROID","sp":"ASTEROID-3","s":22.11,"m":150.32,"gd":36.86,"wic":{},"woc":{},"wgc":{},"emm":[{"Type":"1","MainRange":13,"MainValue":0.22,"FarRange":165}],"sig":[{"t":"9-1","s":"","d":{"X":0.44,"Y":-0.3}},{"t":"9-2","s":"","d":{"X":-0.47,"Y":0.86}},{"t":"X1","s":"","d":{"X":-0.67,"Y":0.254}}],"clr":{"R":183,"G":234,"B":177,"A":255}},"AZ6-0-50":{"pid":"AZ6-S","orb":1080.33,"per":18,"ang":66.81,"t":"ASTEROID","sp":"ASTEROID-2","s":24.63,"m":207.67,"gd":41.06,"wic":{},"woc":{},"wgc":{},"emm":[{"Type":"1","MainRange":50,"MainValue":0.12,"FarRange":148}],"sig":[{"t":"9-1","s":"","d":{"X":0.56,"Y":-0.8}},{"t":"9-2","s":"","d":{"X":-0.36,"Y":-0.51}},{"t":"X1","s":"","d":{"X":-0.605,"Y":0.631}}],"clr":{"R":241,"G":207,"B":187,"A":255}},"AZ6-0-51":{"pid":"AZ6-S","orb":1060.12,"per":17.66,"ang":79.97,"t":"ASTEROID","sp":"ASTEROID-1","s":20.54,"m":120.46,"gd":34.24,"wic":{},"woc":{},"wgc":{},"emm":[{"Type":"1","MainRange":48,"MainValue":0.23,"FarRange":238}],"sig":[{"t":"9-1","s":"","d":{"X":0.33,"Y":-0.33}},{"t":"9-2","s":"","d":{"X":0.81,"Y":-0.54}},{"t":"X1","s":"","d":{"X":0.304,"Y":-0.546}}],"clr":{"R":230,"G":254,"B":234,"A":255}},"AZ6-0-52":{"pid":"AZ6-S","orb":1023.13,"per":17.05,"ang":44.74,"t":"ASTEROID","sp":"ASTEROID-3","s":8.92,"m":9.87,"gd":14.87,"wic":{},"woc":{},"wgc":{},"emm":[{"Type":"1","MainRange":37,"MainValue":0.1,"FarRange":151}],"sig":[{"t":"9-1","s":"","d":{"X":-0.8,"Y":0.51}},{"t":"9-2","s":"","d":{"X":0.21,"Y":0.24}},{"t":"X1","s":"","d":{"X":-0.639,"Y":-0.052}}],"clr":{"R":254,"G":243,"B":231,"A":255}},"AZ6-0-53":{"pid":"AZ6-S","orb":1115.41,"per":18.59,"ang":298.8,"t":"ASTEROID","sp":"ASTEROID-5","s":24.84,"m":212.94,"gd":41.4,"wic":{},"woc":{},"wgc":{},"emm":[{"Type":"1","MainRange":37,"MainValue":0.31,"FarRange":147}],"sig":[{"t":"9-1","s":"","d":{"X":0.83,"Y":-0.04}},{"t":"9-2","s":"","d":{"X":-0.36,"Y":-0.72}},{"t":"X1","s":"","d":{"X":0.414,"Y":0.534}}],"clr":{"R":211,"G":251,"B":200,"A":255}},"AZ6-0-54":{"pid":"AZ6-S","orb":1143.54,"per":19.05,"ang":329.2,"t":"ASTEROID","sp":"ASTEROID-1","s":25.73,"m":236.75,"gd":42.89,"wic":{},"woc":{},"wgc":{},"emm":[{"Type":"1","MainRange":48,"MainValue":0.11,"FarRange":61}],"sig":[{"t":"9-1","s":"","d":{"X":0.66,"Y":0.58}},{"t":"9-2","s":"","d":{"X":0.05,"Y":0.09}},{"t":"X1","s":"","d":{"X":-0.812,"Y":-0.501}}],"clr":{"R":242,"G":249,"B":252,"A":255}},"AZ6-0-55":{"pid":"AZ6-S","orb":1189.09,"per":19.81,"ang":197.44,"t":"ASTEROID","sp":"ASTEROID-1","s":21.97,"m":147.28,"gd":36.61,"wic":{},"woc":{},"wgc":{},"emm":[{"Type":"1","MainRange":55,"MainValue":0.27,"FarRange":157}],"sig":[{"t":"9-1","s":"","d":{"X":-0.71,"Y":0.16}},{"t":"9-2","s":"","d":{"X":-0.43,"Y":0.5}},{"t":"X1","s":"","d":{"X":-0.39,"Y":-0.328}}],"clr":{"R":237,"G":191,"B":239,"A":255}},"AZ6-0-56":{"pid":"AZ6-S","orb":1195.03,"per":19.91,"ang":136.91,"t":"ASTEROID","sp":"ASTEROID-2","s":18.56,"m":88.93,"gd":30.94,"wic":{},"woc":{},"wgc":{},"emm":[{"Type":"1","MainRange":61,"MainValue":0.12,"FarRange":218}],"sig":[{"t":"9-1","s":"","d":{"X":-0.35,"Y":-0.78}},{"t":"9-2","s":"","d":{"X":-0.97,"Y":0.16}},{"t":"X1","s":"","d":{"X":0.495,"Y":0.347}}],"clr":{"R":244,"G":224,"B":242,"A":255}},"AZ6-0-57":{"pid":"AZ6-S","orb":1151.54,"per":19.19,"ang":324.37,"t":"ASTEROID","sp":"ASTEROID-5","s":24.59,"m":206.6,"gd":40.98,"wic":{},"woc":{},"wgc":{},"emm":[{"Type":"1","MainRange":56,"MainValue":0.22,"FarRange":225}],"sig":[{"t":"9-1","s":"","d":{"X":0.37,"Y":-0.06}},{"t":"9-2","s":"","d":{"X":-0.89,"Y":-0.01}},{"t":"X1","s":"","d":{"X":-0.234,"Y":0.675}}],"clr":{"R":246,"G":211,"B":199,"A":255}},"AZ6-0-58":{"pid":"AZ6-S","orb":1091.93,"per":18.19,"ang":179.25,"t":"ASTEROID","sp":"ASTEROID-1","s":21.12,"m":130.89,"gd":35.2,"wic":{},"woc":{},"wgc":{},"emm":[{"Type":"1","MainRange":49,"MainValue":0.19,"FarRange":130}],"sig":[{"t":"9-1","s":"","d":{"X":-0.63,"Y":0.77}},{"t":"9-2","s":"","d":{"X":0.64,"Y":0.11}},{"t":"X1","s":"","d":{"X":0.332,"Y":-0.813}}],"clr":{"R":237,"G":230,"B":249,"A":255}},"AZ6-0-59":{"pid":"AZ6-S","orb":1069.15,"per":17.81,"ang":184.61,"t":"ASTEROID","sp":"ASTEROID-2","s":22.93,"m":167.54,"gd":38.22,"wic":{},"woc":{},"wgc":{},"emm":[{"Type":"1","MainRange":67,"MainValue":0.1,"FarRange":139}],"sig":[{"t":"9-1","s":"","d":{"X":-0.29,"Y":0.94}},{"t":"9-2","s":"","d":{"X":0.37,"Y":-0.7}},{"t":"X1","s":"","d":{"X":-0.439,"Y":-0.021}}],"clr":{"R":213,"G":249,"B":236,"A":255}},"AZ6-0-6":{"pid":"AZ6-S","orb":1137.78,"per":18.96,"ang":210.3,"t":"ASTEROID","sp":"ASTEROID-5","s":21.36,"m":135.5,"gd":35.61,"wic":{},"woc":{},"wgc":{},"emm":[{"Type":"1","MainRange":38,"MainValue":0.15,"FarRange":180}],"sig":[{"t":"9-1","s":"","d":{"X":-0.77,"Y":0.14}},{"t":"9-2","s":"","d":{"X":-0.39,"Y":-0.18}},{"t":"X1","s":"","d":{"X":-0.457,"Y":0.766}}],"clr":{"R":203,"G":241,"B":202,"A":255}},"AZ6-0-60":{"pid":"AZ6-S","orb":1106.27,"per":18.43,"ang":185.08,"t":"ASTEROID","sp":"ASTEROID-3","s":11.76,"m":22.63,"gd":19.61,"wic":{},"woc":{},"wgc":{},"emm":[{"Type":"1","MainRange":61,"MainValue":0.25,"FarRange":112}],"sig":[{"t":"9-1","s":"","d":{"X":-0.16,"Y":-0.97}},{"t":"9-2","s":"","d":{"X":-0.31,"Y":-0.6}},{"t":"X1","s":"","d":{"X":-0.448,"Y":0.423}}],"clr":{"R":254,"G":254,"B":254,"A":255}},"AZ6-0-61":{"pid":"AZ6-S","orb":1208.33,"per":20.13,"ang":9.75,"t":"ASTEROID","sp":"ASTEROID-2","s":17.83,"m":78.74,"gd":29.71,"wic":{},"woc":{},"wgc":{},"emm":[{"Type":"1","MainRange":53,"MainValue":0.2,"FarRange":72}],"sig":[{"t":"9-1","s":"","d":{"X":-0.25,"Y":-0.53}},{"t":"9-2","s":"","d":{"X":0.54,"Y":0.3}},{"t":"X1","s":"","d":{"X":-0.565,"Y":0.412}}],"clr":{"R":247,"G":192,"B":214,"A":255}},"AZ6-0-62":{"pid":"AZ6-S","orb":1207.61,"per":20.12,"ang":339.16,"t":"ASTEROID","sp":"ASTEROID-4","s":17.64,"m":76.29,"gd":29.4,"wic":{},"woc":{},"wgc":{},"emm":[{"Type":"1","MainRange":45,"MainValue":0.22,"FarRange":108}],"sig":[{"t":"9-1","s":"","d":{"X":-0.02,"Y":-0.83}},{"t":"9-2","s":"","d":{"X":0.32,"Y":0.45}},{"t":"X1","s":"","d":{"X":-0.838,"Y":0.192}}],"clr":{"R":187,"G":185,"B":240,"A":255}},"AZ6-0-63":{"pid":"AZ6-S","orb":1016.74,"per":16.94,"ang":157.88,"t":"ASTEROID","sp":"ASTEROID-2","s":23.29,"m":175.62,"gd":38.82,"wic":{},"woc":{},"wgc":{},"emm":[{"Type":"1","MainRange":38,"MainValue":0.15,"FarRange":103}],"sig":[{"t":"9-1","s":"","d":{"X":-0.11,"Y":-0.59}},{"t":"9-2","s":"","d":{"X":0.7,"Y":0.14}},{"t":"X1","s":"","d":{"X":0.156,"Y":-0.452}}],"clr":{"R":235,"G":246,"B":226,"A":255}},"AZ6-0-64":{"pid":"AZ6-S","orb":913.02,"per":15.21,"ang":37.76,"t":"ASTEROID","sp":"ASTEROID-3","s":15.26,"m":49.4,"gd":25.44,"wic":{},"woc":{},"wgc":{},"emm":[{"Type":"1","MainRange":50,"MainValue":0.1,"FarRange":146}],"sig":[{"t":"9-1","s":"","d":{"X":0.18,"Y":0.71}},{"t":"9-2","s":"","d":{"X":0.58,"Y":0.23}},{"t":"X1","s":"","d":{"X":0.072,"Y":0.702}}],"clr":{"R":209,"G":247,"B":194,"A":255}},"AZ6-0-65":{"pid":"AZ6-S","orb":1164.17,"per":19.4,"ang":186.55,"t":"ASTEROID","sp":"ASTEROID-5","s":23.42,"m":178.55,"gd":39.04,"wic":{},"woc":{},"wgc":{},"emm":[{"Type":"1","MainRange":57,"MainValue":0.19,"FarRange":92}],"sig":[{"t":"9-1","s":"","d":{"X":0.56,"Y":-0.21}},{"t":"9-2","s":"","d":{"X":-0.44,"Y":-0.5}},{"t":"X1","s":"","d":{"X":0.909,"Y":-0.4}}],"clr":{"R":249,"G":253,"B":245,"A":255}},"AZ6-0-66":{"pid":"AZ6-S","orb":964.3,"per":16.07,"ang":229.61,"t":"ASTEROID","sp":"ASTEROID-5","s":18.42,"m":86.89,"gd":30.71,"wic":{},"woc":{},"wgc":{},"emm":[{"Type":"1","MainRange":45,"MainValue":0.26,"FarRange":151},{"Type":"11","MainRange":53,"MainValue":0.2,"FarRange":154},{"Type":"19","MainRange":50,"MainValue":0.11,"FarRange":137},{"Type":"3","MainRange":59,"MainValue":0.12,"FarRange":179}],"sig":[{"t":"9-1","s":"","d":{"X":-0.75,"Y":0.44}},{"t":"9-2","s":"","d":{"X":0.4,"Y":-0.62}},{"t":"X1","s":"","d":{"X":0.422,"Y":-0.077}},{"t":"X11","s":"","d":{"X":0.144,"Y":0.541}},{"t":"X19","s":"","d":{"X":-0.711,"Y":-0.242}},{"t":"X3","s":"","d":{"X":-0.724,"Y":-0.035}}],"clr":{"R":254,"G":225,"B":227,"A":255}},"AZ6-0-67":{"pid":"AZ6-S","orb":1164.81,"per":19.41,"ang":247.1,"t":"ASTEROID","sp":"ASTEROID-3","s":15.3,"m":49.78,"gd":25.5,"wic":{},"woc":{},"wgc":{},"emm":[{"Type":"1","MainRange":66,"MainValue":0.21,"FarRange":190}],"sig":[{"t":"9-1","s":"","d":{"X":-0.52,"Y":-0.26}},{"t":"9-2","s":"","d":{"Y":0.25}},{"t":"X1","s":"","d":{"X":0.61,"Y":-0.608}}],"clr":{"R":250,"G":237,"B":158,"A":255}},"AZ6-0-68":{"pid":"AZ6-S","orb":1060.69,"per":17.67,"ang":89.7,"t":"ASTEROID","sp":"ASTEROID-5","s":24.35,"m":200.76,"gd":40.59,"wic":{},"woc":{},"wgc":{},"emm":[{"Type":"1","MainRange":55,"MainValue":0.19,"FarRange":166}],"sig":[{"t":"9-1","s":"","d":{"X":0.06,"Y":-0.51}},{"t":"9-2","s":"","d":{"X":-0.18,"Y":-0.49}},{"t":"X1","s":"","d":{"X":0.925,"Y":0.141}}],"clr":{"R":241,"G":218,"B":189,"A":255}},"AZ6-0-69":{"pid":"AZ6-S","orb":988.1,"per":16.46,"ang":158.29,"t":"ASTEROID","sp":"ASTEROID-3","s":19.46,"m":102.38,"gd":32.43,"wic":{},"woc":{},"wgc":{},"emm":[{"Type":"1","MainRange":49,"MainValue":0.03,"FarRange":143}],"sig":[{"t":"9-1","s":"","d":{"X":0.45,"Y":-0.06}},{"t":"9-2","s":"","d":{"X":0.84,"Y":0.17}},{"t":"X1","s":"","d":{"X":0.802,"Y":0.066}}],"clr":{"R":249,"G":238,"B":236,"A":255}},"AZ6-0-7":{"pid":"AZ6-S","orb":935.01,"per":15.58,"ang":2.96,"t":"ASTEROID","sp":"ASTEROID-1","s":17.46,"m":73.96,"gd":29.1,"wic":{},"woc":{},"wgc":{},"emm":[{"Type":"1","MainRange":77,"MainValue":0.28,"FarRange":218}],"sig":[{"t":"9-1","s":"","d":{"X":0.22,"Y":0.59}},{"t":"9-2","s":"","d":{"X":0.54,"Y":0.04}},{"t":"X1","s":"","d":{"X":0.624,"Y":0.735}}],"clr":{"R":253,"G":176,"B":222,"A":255}},"AZ6-0-70":{"pid":"AZ6-S","orb":1046.04,"per":17.43,"ang":92.92,"t":"ASTEROID","sp":"ASTEROID-2","s":16.59,"m":63.51,"gd":27.66,"wic":{},"woc":{},"wgc":{},"emm":[{"Type":"1","MainRange":54,"MainValue":0.13,"FarRange":164}],"sig":[{"t":"9-1","s":"","d":{"X":0.81,"Y":0.15}},{"t":"9-2","s":"","d":{"X":-0.32,"Y":-0.87}},{"t":"X1","s":"","d":{"X":0.575,"Y":-0.211}}],"clr":{"R":201,"G":197,"B":244,"A":255}},"AZ6-0-71":{"pid":"AZ6-S","orb":1161.96,"per":19.36,"ang":349.74,"t":"ASTEROID","sp":"ASTEROID-1","s":22.9,"m":166.91,"gd":38.17,"wic":{},"woc":{},"wgc":{},"emm":[{"Type":"1","MainRange":69,"MainValue":0.16,"FarRange":185}],"sig":[{"t":"9-1","s":"","d":{"X":-0.22,"Y":-0.03}},{"t":"9-2","s":"","d":{"X":-0.83,"Y":-0.13}},{"t":"X1","s":"","d":{"X":0.075,"Y":0.588}}],"clr":{"R":252,"G":254,"B":252,"A":255}},"AZ6-0-72":{"pid":"AZ6-S","orb":1009.76,"per":16.82,"ang":282.19,"t":"ASTEROID","sp":"ASTEROID-3","s":26.27,"m":251.88,"gd":43.78,"wic":{},"woc":{},"wgc":{},"emm":[{"Type":"1","MainRange":43,"MainValue":0.13,"FarRange":138}],"sig":[{"t":"9-1","s":"","d":{"X":0.94,"Y":-0.17}},{"t":"9-2","s":"","d":{"X":0.16,"Y":-0.51}},{"t":"X1","s":"","d":{"X":-0.515,"Y":-0.385}}],"clr":{"R":254,"G":230,"B":243,"A":255}},"AZ6-0-73":{"pid":"AZ6-S","orb":1171.42,"per":19.52,"ang":30.06,"t":"ASTEROID","sp":"ASTEROID-1","s":18.71,"m":91.1,"gd":31.19,"wic":{},"woc":{},"wgc":{},"emm":[{"Type":"1","MainRange":59,"MainValue":0.2,"FarRange":234}],"sig":[{"t":"9-1","s":"","d":{"X":0.1,"Y":0.3}},{"t":"9-2","s":"","d":{"X":-0.25,"Y":0.65}},{"t":"X1","s":"","d":{"X":0.828,"Y":0.264}}],"clr":{"R":215,"G":251,"B":230,"A":255}},"AZ6-0-8":{"pid":"AZ6-S","orb":1236.45,"per":20.6,"ang":32.04,"t":"ASTEROID","sp":"ASTEROID-5","s":15.22,"m":49.04,"gd":25.37,"wic":{},"woc":{},"wgc":{},"emm":[{"Type":"1","MainRange":56,"MainValue":0.14,"FarRange":142}],"sig":[{"t":"9-1","s":"","d":{"X":-0.11,"Y":0.01}},{"t":"9-2","s":"","d":{"X":-0.22,"Y":0.76}},{"t":"X1","s":"","d":{"X":0.767,"Y":0.53}}],"clr":{"R":240,"G":240,"B":252,"A":255}},"AZ6-0-9":{"pid":"AZ6-S","orb":1079.06,"per":17.98,"ang":187.01,"t":"ASTEROID","sp":"ASTEROID-3","s":20.27,"m":115.82,"gd":33.79,"wic":{},"woc":{},"wgc":{},"emm":[{"Type":"1","MainRange":46,"MainValue":0.17,"FarRange":141}],"sig":[{"t":"9-1","s":"","d":{"X":0.79,"Y":0.52}},{"t":"9-2","s":"","d":{"X":-0.21,"Y":0.81}},{"t":"X1","s":"","d":{"X":0.316,"Y":-0.44}}],"clr":{"R":193,"G":214,"B":253,"A":255}},"AZ6-525":{"pid":"AZ6-S","orb":1806.9,"per":30.11,"t":"HARDPLANET","sp":"HARDPLANET-14","s":34.1,"m":2313.15,"gd":97.44,"wic":{},"woc":{},"wgc":{},"mi":[4],"sig":[{"t":"7-2","s":"","d":{"X":0.47,"Y":-0.1}},{"t":"8-1","s":"","d":{"X":0.76,"Y":-0.53}},{"t":"8-2","s":"","d":{"X":-0.25,"Y":0.59}},{"t":"9-1","s":"","d":{"X":0.32,"Y":-0.02}},{"t":"9-2","s":"","d":{"X":-0.3,"Y":-0.78}},{"t":"10-1","s":"","d":{"X":0.07,"Y":-0.46}},{"t":"10-2","s":"","d":{"X":0.31,"Y":0.51}},{"t":"11-2","s":"","d":{"X":0.91,"Y":0.01}},{"t":"12-4","s":"","d":{"Y":0.16}},{"t":"13-1","s":"","d":{"X":-0.02,"Y":0.89}},{"t":"13-2","s":"","d":{"X":-0.21,"Y":-0.71}}],"clr":{"R":243,"G":250,"B":229,"A":255}},"AZ6-834":{"pid":"AZ6-S","orb":2201.41,"per":36.69,"t":"GASPLANET","sp":"GASPLANET-13","s":209.96,"m":89993.39,"gd":349.94,"wic":{},"woc":{},"wgc":{},"sig":[{"t":"0-3","s":"","d":{"X":-0.22,"Y":0.83}},{"t":"1-3","s":"","d":{"X":0.22,"Y":-0.76}},{"t":"3-1","s":"","d":{"X":0.23,"Y":-0.13}},{"t":"6-3","s":"","d":{"X":0.91,"Y":-0.25}},{"t":"7-2","s":"","d":{"X":0.52,"Y":-0.37}},{"t":"7-3","s":"","d":{"X":0.39,"Y":0.52}},{"t":"8-1","s":"","d":{"X":-0.38,"Y":-0.5}},{"t":"8-2","s":"","d":{"X":0.09,"Y":0.46}},{"t":"10-2","s":"","d":{"X":-0.19,"Y":-0.25}},{"t":"11-1","s":"","d":{"X":-0.58,"Y":-0.49}},{"t":"14-4","s":"","d":{"X":-0.62,"Y":-0.31}}],"clr":{"R":243,"G":253,"B":243,"A":255}},"AZ6-S":{"t":"STAR","sp":"STAR-11","s":485.86,"m":6371999.7,"gd":1619.55,"wic":{},"woc":{},"wgc":{},"emm":[{"Type":"2","MainRange":1111,"MainValue":2.53,"FarRange":1876}],"sig":[{"t":"X2","s":"","d":{"X":0.643,"Y":-0.616}}],"clr":{"R":245,"G":187,"B":201,"A":255}}}}