{"SpawnDistance":1901.5150000000003,"Points":{"DV1-152":{"pid":"DV1-S","orb":1166.79,"per":19.44,"t":"HARDPLANET","sp":"HARDPLANET-58","s":50.71,"m":7606.93,"gd":144.9,"wic":{},"woc":{},"wgc":{},"mi":[6],"sig":[{"t":"7-4","s":"","d":{"X":0.84,"Y":0.06}},{"t":"9-1","s":"","d":{"X":0.3,"Y":-0.75}},{"t":"9-2","s":"","d":{"X":-0.28,"Y":-0.85}},{"t":"10-1","s":"","d":{"X":-0.88,"Y":-0.22}},{"t":"10-2","s":"","d":{"X":0.26,"Y":-0.9}},{"t":"11-2","s":"","d":{"X":0.75,"Y":-0.21}},{"t":"12-2","s":"","d":{"X":0.71,"Y":0.24}},{"t":"13-1","s":"","d":{"X":0.54,"Y":-0.34}},{"t":"13-2","s":"","d":{"X":-0.36,"Y":-0.2}}],"clr":{"R":223,"G":254,"B":229,"A":255}},"DV1-333":{"pid":"DV1-S","orb":1728.65,"per":28.81,"t":"GASPLANET","sp":"GASPLANET-5","s":186.36,"m":62929.9,"gd":310.6,"wic":{},"woc":{},"wgc":{},"sig":[{"t":"0-2","s":"","d":{"X":0.62,"Y":0.47}},{"t":"1-3","s":"","d":{"X":0.2,"Y":0.18}},{"t":"3-1","s":"","d":{"X":-0.9,"Y":-0.37}},{"t":"6-3","s":"","d":{"X":-0.48,"Y":-0.4}},{"t":"7-3","s":"","d":{"X":0.53,"Y":-0.56}},{"t":"8-1","s":"","d":{"X":0.42,"Y":-0.87}},{"t":"8-2","s":"","d":{"X":0.34,"Y":-0.58}},{"t":"10-2","s":"","d":{"X":0.28,"Y":0.54}},{"t":"11-1","s":"","d":{"X":0.18,"Y":0.15}},{"t":"14-1","s":"","d":{"X":0.59,"Y":-0.73}}],"clr":{"R":250,"G":207,"B":185,"A":255}},"DV1-S":{"t":"STAR","sp":"STAR-9","s":312.09,"m":1688846.84,"gd":1040.31,"wic":{},"woc":{},"wgc":{},"emm":[{"Type":"2","MainRange":1312,"MainValue":7.25,"FarRange":1575}],"sig":[{"t":"X2","s":"","d":{"X":0.446,"Y":-0.854}}],"clr":{"R":249,"G":226,"B":220,"A":255}}}}