{"SpawnDistance":1650.0000000000002,"Points":{"CO0-324":{"pid":"CO0-S","orb":822.07,"per":13.7,"t":"GASPLANET","sp":"GASPLANET-53","s":256.29,"m":163674.39,"gd":427.15,"wic":{},"woc":{},"wgc":{},"sig":[{"t":"0-3","s":"","d":{"X":-0.49,"Y":-0.15}},{"t":"1-3","s":"","d":{"X":-0.89,"Y":0.35}},{"t":"3-1","s":"","d":{"X":-0.55,"Y":0.81}},{"t":"6-2","s":"","d":{"X":-0.53,"Y":0.59}},{"t":"7-2","s":"","d":{"X":0.15,"Y":-0.83}},{"t":"7-3","s":"","d":{"X":0.31,"Y":0.85}},{"t":"8-1","s":"","d":{"X":-0.39,"Y":0.89}},{"t":"10-1","s":"","d":{"X":0.58,"Y":-0.05}},{"t":"11-1","s":"","d":{"X":-0.04,"Y":-0.21}}],"clr":{"R":198,"G":240,"B":210,"A":255}},"CO0-S":{"t":"STAR","sp":"STAR-8","s":375.69,"m":2945966.42,"gd":1252.31,"wic":{},"woc":{},"wgc":{},"emm":[{"Type":"2","MainRange":901,"MainValue":5.09,"FarRange":2540}],"sig":[{"t":"X2","s":"","d":{"X":0.084,"Y":0.899}}],"clr":{"R":159,"G":249,"B":176,"A":255}}}}