{"SpawnDistance":5460.18,"Points":{"JJ8-0-0":{"pid":"JJ8-S","orb":1436.89,"per":23.94,"ang":270.62,"t":"ASTEROID","sp":"ASTEROID-4","s":26.63,"m":262.43,"gd":44.39,"wic":{},"woc":{},"wgc":{},"emm":[{"Type":"1","MainRange":55,"MainValue":0.2,"FarRange":141},{"Type":"2","MainRange":54.9,"MainValue":0.26,"FarRange":61},{"Type":"27","MainRange":51.300000000000004,"MainValue":0.26,"FarRange":57}],"sig":[{"t":"9-1","s":"","d":{"X":0.38,"Y":0.44}},{"t":"X1","s":"","d":{"X":0.181,"Y":0.083}},{"t":"X2","s":"","d":{"X":0.834,"Y":-0.521}},{"t":"X27","s":"","d":{"X":-0.169,"Y":-0.181}}],"clr":{"R":214,"G":246,"B":229,"A":255}},"JJ8-0-1":{"pid":"JJ8-S","orb":1272.57,"per":21.2,"ang":21.65,"t":"ASTEROID","sp":"ASTEROID-1","s":19.73,"m":106.72,"gd":32.88,"wic":{},"woc":{},"wgc":{},"emm":[{"Type":"1","MainRange":50,"MainValue":0.13,"FarRange":203}],"sig":[{"t":"9-1","s":"","d":{"X":-0.23}},{"t":"X1","s":"","d":{"X":0.174,"Y":-0.289}}],"clr":{"R":233,"G":213,"B":245,"A":255}},"JJ8-0-10":{"pid":"JJ8-S","orb":1202.94,"per":20.04,"ang":94.8,"t":"ASTEROID","sp":"ASTEROID-2","s":19.47,"m":102.62,"gd":32.46,"wic":{},"woc":{},"wgc":{},"emm":[{"Type":"1","MainRange":38,"MainValue":0.19,"FarRange":128}],"sig":[{"t":"9-1","s":"","d":{"X":0.35,"Y":0.32}},{"t":"X1","s":"","d":{"X":-0.608,"Y":0.338}}],"clr":{"R":246,"G":218,"B":252,"A":255}},"JJ8-0-11":{"pid":"JJ8-S","orb":1340.23,"per":22.33,"ang":44.07,"t":"ASTEROID","sp":"ASTEROID-2","s":16.8,"m":65.91,"gd":28,"wic":{},"woc":{},"wgc":{},"emm":[{"Type":"1","MainRange":53,"MainValue":0.2,"FarRange":186}],"sig":[{"t":"9-1","s":"","d":{"X":-0.21,"Y":-0.25}},{"t":"X1","s":"","d":{"X":0.827,"Y":0.322}}],"clr":{"R":215,"G":243,"B":213,"A":255}},"JJ8-0-12":{"pid":"JJ8-S","orb":1169.91,"per":19.49,"ang":354.93,"t":"ASTEROID","sp":"ASTEROID-2","s":18.21,"m":83.93,"gd":30.35,"wic":{},"woc":{},"wgc":{},"emm":[{"Type":"1","MainRange":28,"MainValue":0.18,"FarRange":163}],"sig":[{"t":"9-1","s":"","d":{"X":0.36,"Y":-0.47}},{"t":"X1","s":"","d":{"X":0.704,"Y":-0.082}}],"clr":{"R":192,"G":249,"B":182,"A":255}},"JJ8-0-13":{"pid":"JJ8-S","orb":1431.98,"per":23.86,"ang":263.4,"t":"ASTEROID","sp":"ASTEROID-1","s":29.93,"m":372.51,"gd":49.88,"wic":{},"woc":{},"wgc":{},"emm":[{"Type":"1","MainRange":62,"MainValue":0.18,"FarRange":157}],"sig":[{"t":"9-1","s":"","d":{"X":-0.31,"Y":-0.16}},{"t":"X1","s":"","d":{"X":0.655,"Y":0.034}}],"clr":{"R":248,"G":252,"B":254,"A":255}},"JJ8-0-14":{"pid":"JJ8-S","orb":1404.91,"per":23.41,"ang":11.45,"t":"ASTEROID","sp":"ASTEROID-2","s":30.6,"m":398.09,"gd":51,"wic":{},"woc":{},"wgc":{},"emm":[{"Type":"1","MainRange":47,"MainValue":0.17,"FarRange":228}],"sig":[{"t":"9-1","s":"","d":{"X":0.51,"Y":-0.43}},{"t":"X1","s":"","d":{"X":-0.035,"Y":-0.293}}],"clr":{"R":225,"G":187,"B":242,"A":255}},"JJ8-0-15":{"pid":"JJ8-S","orb":1463.33,"per":24.38,"ang":255.29,"t":"ASTEROID","sp":"ASTEROID-5","s":16.99,"m":68.12,"gd":28.31,"wic":{},"woc":{},"wgc":{},"emm":[{"Type":"1","MainRange":33,"MainValue":0.21,"FarRange":171}],"sig":[{"t":"9-1","s":"","d":{"X":0.71,"Y":-0.67}},{"t":"X1","s":"","d":{"X":0.268,"Y":-0.129}}],"clr":{"R":200,"G":230,"B":237,"A":255}},"JJ8-0-16":{"pid":"JJ8-S","orb":1249.48,"per":20.82,"ang":188.37,"t":"ASTEROID","sp":"ASTEROID-2","s":11.31,"m":20.13,"gd":18.86,"wic":{},"woc":{},"wgc":{},"emm":[{"Type":"1","MainRange":54,"MainValue":0.24,"FarRange":104},{"Type":"27","MainRange":31,"MainValue":0.16,"FarRange":184},{"Type":"25","MainRange":60,"MainValue":0.17,"FarRange":127}],"sig":[{"t":"9-1","s":"","d":{"X":-0.02,"Y":0.14}},{"t":"X1","s":"","d":{"X":-0.418,"Y":0.148}},{"t":"X27","s":"","d":{"X":-0.045,"Y":0.162}},{"t":"X25","s":"","d":{"X":-0.177,"Y":-0.008}}],"clr":{"R":183,"G":176,"B":250,"A":255}},"JJ8-0-17":{"pid":"JJ8-S","orb":1321.5,"per":22.02,"ang":172.27,"t":"ASTEROID","sp":"ASTEROID-4","s":18.39,"m":86.39,"gd":30.65,"wic":{},"woc":{},"wgc":{},"emm":[{"Type":"1","MainRange":44,"MainValue":0.25,"FarRange":217}],"sig":[{"t":"9-1","s":"","d":{"X":-0.25,"Y":-0.89}},{"t":"X1","s":"","d":{"X":0.402,"Y":-0.046}}],"clr":{"R":166,"G":163,"B":254,"A":255}},"JJ8-0-18":{"pid":"JJ8-S","orb":1228.06,"per":20.46,"ang":198.19,"t":"ASTEROID","sp":"ASTEROID-2","s":24.86,"m":213.46,"gd":41.43,"wic":{},"woc":{},"wgc":{},"emm":[{"Type":"1","MainRange":64,"MainValue":0.19,"FarRange":113}],"sig":[{"t":"9-1","s":"","d":{"X":-0.94,"Y":0.13}},{"t":"X1","s":"","d":{"X":-0.647,"Y":0.745}}],"clr":{"R":199,"G":242,"B":235,"A":255}},"JJ8-0-19":{"pid":"JJ8-S","orb":1620.04,"per":27,"ang":248.81,"t":"ASTEROID","sp":"ASTEROID-3","s":23.45,"m":179.11,"gd":39.08,"wic":{},"woc":{},"wgc":{},"emm":[{"Type":"1","MainRange":71,"MainValue":0.19,"FarRange":199}],"sig":[{"t":"9-1","s":"","d":{"X":0.21,"Y":-0.17}},{"t":"X1","s":"","d":{"X":-0.52,"Y":-0.592}}],"clr":{"R":234,"G":159,"B":254,"A":255}},"JJ8-0-2":{"pid":"JJ8-S","orb":1195.66,"per":19.92,"ang":218.97,"t":"ASTEROID","sp":"ASTEROID-2","s":30.28,"m":385.69,"gd":50.47,"wic":{},"woc":{},"wgc":{},"emm":[{"Type":"1","MainRange":53,"MainValue":0.19,"FarRange":194}],"sig":[{"t":"9-1","s":"","d":{"X":0.21,"Y":0.68}},{"t":"X1","s":"","d":{"X":0.679,"Y":0.202}}],"clr":{"R":236,"G":252,"B":231,"A":255}},"JJ8-0-20":{"pid":"JJ8-S","orb":1355.97,"per":22.59,"ang":287.46,"t":"ASTEROID","sp":"ASTEROID-3","s":23.38,"m":177.56,"gd":38.97,"wic":{},"woc":{},"wgc":{},"emm":[{"Type":"1","MainRange":60,"MainValue":0.27,"FarRange":180}],"sig":[{"t":"9-1","s":"","d":{"X":-0.06,"Y":-0.45}},{"t":"X1","s":"","d":{"X":-0.736,"Y":0.065}}],"clr":{"R":200,"G":242,"B":232,"A":255}},"JJ8-0-21":{"pid":"JJ8-S","orb":1573.9,"per":26.23,"ang":53.6,"t":"ASTEROID","sp":"ASTEROID-2","s":13.16,"m":31.66,"gd":21.93,"wic":{},"woc":{},"wgc":{},"emm":[{"Type":"1","MainRange":18,"MainValue":0.11,"FarRange":107}],"sig":[{"t":"9-1","s":"","d":{"X":0.29,"Y":-0.77}},{"t":"X1","s":"","d":{"X":-0.525,"Y":0.099}}],"clr":{"R":212,"G":176,"B":253,"A":255}},"JJ8-0-22":{"pid":"JJ8-S","orb":1331.81,"per":22.19,"ang":0.69,"t":"ASTEROID","sp":"ASTEROID-1","s":17.68,"m":76.84,"gd":29.47,"wic":{},"woc":{},"wgc":{},"emm":[{"Type":"1","MainRange":58,"MainValue":0.11,"FarRange":79},{"Type":"13","MainRange":66,"MainValue":0.15,"FarRange":122},{"Type":"26","MainRange":37,"MainValue":0.19,"FarRange":107}],"sig":[{"t":"9-1","s":"","d":{"X":-0.59,"Y":-0.38}},{"t":"X1","s":"","d":{"X":0.44,"Y":0.411}},{"t":"X13","s":"","d":{"X":-0.029,"Y":-0.929}},{"t":"X26","s":"","d":{"X":0.321,"Y":0.183}}],"clr":{"R":254,"G":254,"B":254,"A":255}},"JJ8-0-23":{"pid":"JJ8-S","orb":1481.94,"per":24.69,"ang":128.08,"t":"ASTEROID","sp":"ASTEROID-4","s":25.23,"m":223.3,"gd":42.06,"wic":{},"woc":{},"wgc":{},"emm":[{"Type":"1","MainRange":45,"MainValue":0.2,"FarRange":76}],"sig":[{"t":"9-1","s":"","d":{"X":0.17,"Y":0.37}},{"t":"X1","s":"","d":{"X":-0.186,"Y":-0.375}}],"clr":{"R":234,"G":189,"B":240,"A":255}},"JJ8-0-24":{"pid":"JJ8-S","orb":1300.85,"per":21.68,"ang":169.3,"t":"ASTEROID","sp":"ASTEROID-2","s":21.41,"m":136.35,"gd":35.68,"wic":{},"woc":{},"wgc":{},"emm":[{"Type":"1","MainRange":58,"MainValue":0.32,"FarRange":202}],"sig":[{"t":"9-1","s":"","d":{"X":-0.61,"Y":-0.13}},{"t":"X1","s":"","d":{"X":0.304,"Y":-0.27}}],"clr":{"R":232,"G":215,"B":241,"A":255}},"JJ8-0-25":{"pid":"JJ8-S","orb":1457.97,"per":24.29,"ang":72.4,"t":"ASTEROID","sp":"ASTEROID-3","s":28.6,"m":325.17,"gd":47.67,"wic":{},"woc":{},"wgc":{},"emm":[{"Type":"1","MainRange":48,"MainValue":0.19,"FarRange":179},{"Type":"18","MainRange":35,"MainValue":0.2,"FarRange":161},{"Type":"13","MainRange":61,"MainValue":0.2,"FarRange":169}],"sig":[{"t":"9-1","s":"","d":{"X":0.63,"Y":-0.74}},{"t":"X1","s":"","d":{"X":0.115,"Y":0.642}},{"t":"X18","s":"","d":{"X":0.1,"Y":-0.902}},{"t":"X13","s":"","d":{"X":0.522,"Y":0.656}}],"clr":{"R":201,"G":179,"B":242,"A":255}},"JJ8-0-26":{"pid":"JJ8-S","orb":1582.97,"per":26.38,"ang":242.48,"t":"ASTEROID","sp":"ASTEROID-5","s":24.35,"m":200.53,"gd":40.58,"wic":{},"woc":{},"wgc":{},"emm":[{"Type":"1","MainRange":26,"MainValue":0.09,"FarRange":126}],"sig":[{"t":"9-1","s":"","d":{"X":-0.18,"Y":-0.7}},{"t":"X1","s":"","d":{"X":-0.771,"Y":0.065}}],"clr":{"R":248,"G":208,"B":184,"A":255}},"JJ8-0-27":{"pid":"JJ8-S","orb":1427.47,"per":23.79,"ang":117.29,"t":"ASTEROID","sp":"ASTEROID-4","s":21.78,"m":143.63,"gd":36.31,"wic":{},"woc":{},"wgc":{},"emm":[{"Type":"1","MainRange":73,"MainValue":0.14,"FarRange":104}],"sig":[{"t":"9-1","s":"","d":{"X":-0.1,"Y":0.64}},{"t":"X1","s":"","d":{"X":0.857,"Y":-0.051}}],"clr":{"R":203,"G":182,"B":232,"A":255}},"JJ8-0-28":{"pid":"JJ8-S","orb":1274.76,"per":21.24,"ang":279.09,"t":"ASTEROID","sp":"ASTEROID-5","s":21.65,"m":141.01,"gd":36.08,"wic":{},"woc":{},"wgc":{},"emm":[{"Type":"1","MainRange":51,"MainValue":0.16,"FarRange":194}],"sig":[{"t":"9-1","s":"","d":{"X":-0.68,"Y":0.21}},{"t":"X1","s":"","d":{"X":0.649,"Y":-0.051}}],"clr":{"R":246,"G":231,"B":182,"A":255}},"JJ8-0-29":{"pid":"JJ8-S","orb":1217.81,"per":20.29,"ang":262.32,"t":"ASTEROID","sp":"ASTEROID-4","s":20.84,"m":125.79,"gd":34.74,"wic":{},"woc":{},"wgc":{},"emm":[{"Type":"1","MainRange":32,"MainValue":0.17,"FarRange":105}],"sig":[{"t":"9-1","s":"","d":{"X":0.39,"Y":-0.63}},{"t":"X1","s":"","d":{"X":0.139,"Y":-0.806}}],"clr":{"R":191,"G":213,"B":243,"A":255}},"JJ8-0-3":{"pid":"JJ8-S","orb":1335.19,"per":22.25,"ang":305.97,"t":"ASTEROID","sp":"ASTEROID-2","s":24.32,"m":199.81,"gd":40.53,"wic":{},"woc":{},"wgc":{},"emm":[{"Type":"1","MainRange":47,"MainValue":0.22,"FarRange":112}],"sig":[{"t":"9-1","s":"","d":{"X":0.27,"Y":-0.39}},{"t":"X1","s":"","d":{"X":-0.635,"Y":0.728}}],"clr":{"R":215,"G":238,"B":247,"A":255}},"JJ8-0-30":{"pid":"JJ8-S","orb":1491.49,"per":24.85,"ang":19.83,"t":"ASTEROID","sp":"ASTEROID-4","s":15.65,"m":53.3,"gd":26.09,"wic":{},"woc":{},"wgc":{},"emm":[{"Type":"1","MainRange":36,"MainValue":0.2,"FarRange":202},{"Type":"14","MainRange":50,"MainValue":0.1,"FarRange":93}],"sig":[{"t":"9-1","s":"","d":{"X":0.06,"Y":-0.56}},{"t":"X1","s":"","d":{"X":0.576,"Y":0.512}},{"t":"X14","s":"","d":{"X":-0.647,"Y":-0.199}}],"clr":{"R":190,"G":243,"B":243,"A":255}},"JJ8-0-31":{"pid":"JJ8-S","orb":1435.97,"per":23.93,"ang":117.24,"t":"ASTEROID","sp":"ASTEROID-2","s":32.49,"m":476.52,"gd":54.15,"wic":{},"woc":{},"wgc":{},"emm":[{"Type":"1","MainRange":74,"MainValue":0.27,"FarRange":144}],"sig":[{"t":"9-1","s":"","d":{"X":0.36,"Y":-0.75}},{"t":"X1","s":"","d":{"X":-0.476,"Y":-0.127}}],"clr":{"R":217,"G":241,"B":203,"A":255}},"JJ8-0-32":{"pid":"JJ8-S","orb":1291.11,"per":21.51,"ang":356.26,"t":"ASTEROID","sp":"ASTEROID-3","s":17.03,"m":68.61,"gd":28.38,"wic":{},"woc":{},"wgc":{},"emm":[{"Type":"1","MainRange":33,"MainValue":0.25,"FarRange":169}],"sig":[{"t":"9-1","s":"","d":{"X":-0.56,"Y":0.19}},{"t":"X1","s":"","d":{"X":0.517,"Y":-0.192}}],"clr":{"R":206,"G":245,"B":172,"A":255}},"JJ8-0-33":{"pid":"JJ8-S","orb":1551.85,"per":25.86,"ang":350.55,"t":"ASTEROID","sp":"ASTEROID-3","s":30.55,"m":396.36,"gd":50.93,"wic":{},"woc":{},"wgc":{},"emm":[{"Type":"1","MainRange":47.7,"MainValue":0.29,"FarRange":53}],"sig":[{"t":"9-1","s":"","d":{"X":0.3,"Y":0.12}},{"t":"X1","s":"","d":{"X":-0.047,"Y":0.263}}],"clr":{"R":239,"G":251,"B":239,"A":255}},"JJ8-0-34":{"pid":"JJ8-S","orb":1432.94,"per":23.88,"ang":345.8,"t":"ASTEROID","sp":"ASTEROID-3","s":32.85,"m":492.64,"gd":54.76,"wic":{},"woc":{},"wgc":{},"emm":[{"Type":"1","MainRange":68,"MainValue":0.2,"FarRange":160}],"sig":[{"t":"9-1","s":"","d":{"X":0.11,"Y":0.5}},{"t":"X1","s":"","d":{"X":-0.951,"Y":0.232}}],"clr":{"R":241,"G":245,"B":222,"A":255}},"JJ8-0-35":{"pid":"JJ8-S","orb":1462.59,"per":24.37,"ang":121.93,"t":"ASTEROID","sp":"ASTEROID-4","s":25.26,"m":224,"gd":42.1,"wic":{},"woc":{},"wgc":{},"emm":[{"Type":"1","MainRange":30,"MainValue":0.15,"FarRange":219}],"sig":[{"t":"9-1","s":"","d":{"X":-0.37,"Y":-0.5}},{"t":"X1","s":"","d":{"X":-0.017,"Y":0.022}}],"clr":{"R":207,"G":254,"B":245,"A":255}},"JJ8-0-36":{"pid":"JJ8-S","orb":1333.88,"per":22.23,"ang":334.51,"t":"ASTEROID","sp":"ASTEROID-3","s":17.19,"m":70.65,"gd":28.66,"wic":{},"woc":{},"wgc":{},"emm":[{"Type":"1","MainRange":35,"MainValue":0.08,"FarRange":247}],"sig":[{"t":"9-1","s":"","d":{"X":0.03,"Y":-0.19}},{"t":"X1","s":"","d":{"X":0.188,"Y":0.143}}],"clr":{"R":248,"G":254,"B":225,"A":255}},"JJ8-0-37":{"pid":"JJ8-S","orb":1094.43,"per":18.24,"ang":356.2,"t":"ASTEROID","sp":"ASTEROID-2","s":27.63,"m":293.03,"gd":46.05,"wic":{},"woc":{},"wgc":{},"emm":[{"Type":"1","MainRange":64,"MainValue":0.16,"FarRange":195},{"Type":"27","MainRange":54,"MainValue":0.29,"FarRange":151}],"sig":[{"t":"9-1","s":"","d":{"X":-0.17,"Y":0.08}},{"t":"X1","s":"","d":{"X":-0.084,"Y":-0.843}},{"t":"X27","s":"","d":{"X":-0.568,"Y":0.537}}],"clr":{"R":234,"G":177,"B":207,"A":255}},"JJ8-0-38":{"pid":"JJ8-S","orb":1346.64,"per":22.44,"ang":201.85,"t":"ASTEROID","sp":"ASTEROID-2","s":14.45,"m":41.97,"gd":24.09,"wic":{},"woc":{},"wgc":{},"emm":[{"Type":"1","MainRange":60,"MainValue":0.16,"FarRange":156}],"sig":[{"t":"9-1","s":"","d":{"X":-0.51,"Y":-0.61}},{"t":"X1","s":"","d":{"X":-0.38,"Y":-0.3}}],"clr":{"R":227,"G":252,"B":238,"A":255}},"JJ8-0-39":{"pid":"JJ8-S","orb":1343.22,"per":22.38,"ang":253.51,"t":"ASTEROID","sp":"ASTEROID-4","s":15.94,"m":56.31,"gd":26.57,"wic":{},"woc":{},"wgc":{},"emm":[{"Type":"1","MainRange":51,"MainValue":0.23,"FarRange":103}],"sig":[{"t":"9-1","s":"","d":{"X":-0.47,"Y":0.3}},{"t":"X1","s":"","d":{"X":0.581,"Y":-0.439}}],"clr":{"R":250,"G":243,"B":205,"A":255}},"JJ8-0-4":{"pid":"JJ8-S","orb":1461.04,"per":24.35,"ang":261.6,"t":"ASTEROID","sp":"ASTEROID-4","s":14.31,"m":40.76,"gd":23.86,"wic":{},"woc":{},"wgc":{},"emm":[{"Type":"1","MainRange":42,"MainValue":0.19,"FarRange":119},{"Type":"24","MainRange":51,"MainValue":0.21,"FarRange":233}],"sig":[{"t":"9-1","s":"","d":{"X":-0.43,"Y":-0.02}},{"t":"X1","s":"","d":{"X":0.638,"Y":-0.61}},{"t":"X24","s":"","d":{"X":-0.514,"Y":-0.817}}],"clr":{"R":219,"G":251,"B":165,"A":255}},"JJ8-0-40":{"pid":"JJ8-S","orb":1112.43,"per":18.54,"ang":319.91,"t":"ASTEROID","sp":"ASTEROID-5","s":23.08,"m":170.93,"gd":38.48,"wic":{},"woc":{},"wgc":{},"emm":[{"Type":"1","MainRange":39,"MainValue":0.12,"FarRange":138}],"sig":[{"t":"9-1","s":"","d":{"X":-0.07,"Y":-0.7}},{"t":"X1","s":"","d":{"X":-0.488,"Y":-0.584}}],"clr":{"R":158,"G":254,"B":203,"A":255}},"JJ8-0-5":{"pid":"JJ8-S","orb":1564.38,"per":26.07,"ang":101.76,"t":"ASTEROID","sp":"ASTEROID-5","s":18.1,"m":82.39,"gd":30.17,"wic":{},"woc":{},"wgc":{},"emm":[{"Type":"1","MainRange":37,"MainValue":0.23,"FarRange":116}],"sig":[{"t":"9-1","s":"","d":{"X":0.41,"Y":0.16}},{"t":"X1","s":"","d":{"X":-0.451,"Y":-0.105}}],"clr":{"R":248,"G":246,"B":215,"A":255}},"JJ8-0-6":{"pid":"JJ8-S","orb":1341.54,"per":22.35,"ang":304.74,"t":"ASTEROID","sp":"ASTEROID-3","s":20.83,"m":125.54,"gd":34.71,"wic":{},"woc":{},"wgc":{},"emm":[{"Type":"1","MainRange":77,"MainValue":0.16,"FarRange":142}],"sig":[{"t":"9-1","s":"","d":{"X":-0.07,"Y":0.18}},{"t":"X1","s":"","d":{"X":-0.369,"Y":-0.468}}],"clr":{"R":240,"G":209,"B":219,"A":255}},"JJ8-0-7":{"pid":"JJ8-S","orb":1451.51,"per":24.19,"ang":295.44,"t":"ASTEROID","sp":"ASTEROID-5","s":23.76,"m":186.37,"gd":39.6,"wic":{},"woc":{},"wgc":{},"emm":[{"Type":"1","MainRange":35,"MainValue":0.21,"FarRange":178}],"sig":[{"t":"9-1","s":"","d":{"X":-0.57,"Y":-0.19}},{"t":"X1","s":"","d":{"X":-0.047,"Y":-0.017}}],"clr":{"R":252,"G":244,"B":251,"A":255}},"JJ8-0-8":{"pid":"JJ8-S","orb":1197.77,"per":19.96,"ang":81.05,"t":"ASTEROID","sp":"ASTEROID-3","s":11.63,"m":21.87,"gd":19.39,"wic":{},"woc":{},"wgc":{},"emm":[{"Type":"1","MainRange":50,"MainValue":0.26,"FarRange":167}],"sig":[{"t":"9-1","s":"","d":{"X":-0.42,"Y":-0.19}},{"t":"X1","s":"","d":{"X":-0.357,"Y":-0.64}}],"clr":{"R":241,"G":253,"B":227,"A":255}},"JJ8-0-9":{"pid":"JJ8-S","orb":1199.58,"per":19.99,"ang":312.43,"t":"ASTEROID","sp":"ASTEROID-5","s":17.3,"m":71.98,"gd":28.84,"wic":{},"woc":{},"wgc":{},"emm":[{"Type":"1","MainRange":66,"MainValue":0.17,"FarRange":146}],"sig":[{"t":"9-1","s":"","d":{"X":-0.28,"Y":-0.19}},{"t":"X1","s":"","d":{"X":-0.065,"Y":0.338}}],"clr":{"R":228,"G":244,"B":253,"A":255}},"JJ8-156":{"pid":"JJ8-S","orb":3179.73,"per":52.99,"t":"GASPLANET","sp":"GASPLANET-30","s":200.97,"m":78921.03,"gd":334.95,"wic":{},"woc":{},"wgc":{},"emm":[{"Type":"27","MainRange":543,"MainValue":0.78,"FarRange":724}],"sig":[{"t":"0-2","s":"","d":{"X":0.53,"Y":0.33}},{"t":"1-3","s":"","d":{"X":0.82,"Y":0.18}},{"t":"3-1","s":"","d":{"X":0.25,"Y":0.56}},{"t":"6-3","s":"","d":{"X":0.13,"Y":0.93}},{"t":"11-1","s":"","d":{"X":-0.29,"Y":-0.78}},{"t":"X27","s":"","d":{"X":-0.025,"Y":0.675}}],"clr":{"R":189,"G":246,"B":179,"A":255}},"JJ8-156-0":{"pid":"JJ8-156","orb":514.07,"per":8.56,"ang":16.81,"t":"ASTEROID","sp":"ASTEROID-4","s":21.32,"m":134.61,"gd":35.53,"wic":{},"woc":{},"wgc":{},"emm":[{"Type":"1","MainRange":64,"MainValue":0.24,"FarRange":224}],"sig":[{"t":"9-1","s":"","d":{"X":-0.38,"Y":-0.37}},{"t":"X1","s":"","d":{"X":-0.506,"Y":0.59}}],"clr":{"R":250,"G":199,"B":249,"A":255}},"JJ8-156-1":{"pid":"JJ8-156","orb":387.81,"per":6.46,"ang":247.69,"t":"ASTEROID","sp":"ASTEROID-1","s":22.62,"m":160.93,"gd":37.71,"wic":{},"woc":{},"wgc":{},"emm":[{"Type":"1","MainRange":47,"MainValue":0.12,"FarRange":102},{"Type":"10","MainRange":40,"MainValue":0.11,"FarRange":190}],"sig":[{"t":"9-1","s":"","d":{"X":-0.39,"Y":-0.33}},{"t":"X1","s":"","d":{"X":0.191,"Y":-0.445}},{"t":"X10","s":"","d":{"X":0.698,"Y":0.016}}],"clr":{"R":184,"G":230,"B":247,"A":255}},"JJ8-156-10":{"pid":"JJ8-156","orb":406.2,"per":6.77,"ang":264.99,"t":"ASTEROID","sp":"ASTEROID-4","s":20.38,"m":117.62,"gd":33.97,"wic":{},"woc":{},"wgc":{},"emm":[{"Type":"1","MainRange":52,"MainValue":0.23,"FarRange":106}],"sig":[{"t":"9-1","s":"","d":{"X":0.34,"Y":-0.67}},{"t":"X1","s":"","d":{"X":0.476,"Y":-0.454}}],"clr":{"R":210,"G":163,"B":253,"A":255}},"JJ8-156-11":{"pid":"JJ8-156","orb":469.64,"per":7.82,"ang":35,"t":"ASTEROID","sp":"ASTEROID-3","s":24.3,"m":199.32,"gd":40.5,"wic":{},"woc":{},"wgc":{},"emm":[{"Type":"1","MainRange":61,"MainValue":0.12,"FarRange":199},{"Type":"16","MainRange":53,"MainValue":0.2,"FarRange":161}],"sig":[{"t":"9-1","s":"","d":{"X":0.12,"Y":-0.24}},{"t":"X1","s":"","d":{"X":0.022,"Y":0.711}},{"t":"X16","s":"","d":{"X":-0.104,"Y":0.442}}],"clr":{"R":241,"G":254,"B":236,"A":255}},"JJ8-156-12":{"pid":"JJ8-156","orb":474.62,"per":7.91,"ang":51.13,"t":"ASTEROID","sp":"ASTEROID-5","s":26.9,"m":270.38,"gd":44.83,"wic":{},"woc":{},"wgc":{},"emm":[{"Type":"1","MainRange":69,"MainValue":0.15,"FarRange":153}],"sig":[{"t":"9-1","s":"","d":{"X":0.85,"Y":-0.18}},{"t":"X1","s":"","d":{"X":-0.342,"Y":0.071}}],"clr":{"R":201,"G":185,"B":232,"A":255}},"JJ8-156-13":{"pid":"JJ8-156","orb":378.04,"per":6.3,"ang":335.93,"t":"ASTEROID","sp":"ASTEROID-4","s":17.59,"m":75.6,"gd":29.31,"wic":{},"woc":{},"wgc":{},"emm":[{"Type":"1","MainRange":75,"MainValue":0.13,"FarRange":168}],"sig":[{"t":"9-1","s":"","d":{"X":0.83,"Y":-0.27}},{"t":"X1","s":"","d":{"X":-0.503,"Y":0.737}}],"clr":{"R":208,"G":239,"B":203,"A":255}},"JJ8-156-14":{"pid":"JJ8-156","orb":447.53,"per":7.45,"ang":53.99,"t":"ASTEROID","sp":"ASTEROID-3","s":23.2,"m":173.48,"gd":38.67,"wic":{},"woc":{},"wgc":{},"emm":[{"Type":"1","MainRange":47,"MainValue":0.15,"FarRange":99}],"sig":[{"t":"9-1","s":"","d":{"X":-0.15,"Y":0.89}},{"t":"X1","s":"","d":{"X":0.387,"Y":0.175}}],"clr":{"R":193,"G":229,"B":239,"A":255}},"JJ8-156-15":{"pid":"JJ8-156","orb":429.67,"per":7.16,"ang":95,"t":"ASTEROID","sp":"ASTEROID-1","s":27.26,"m":281.45,"gd":45.43,"wic":{},"woc":{},"wgc":{},"emm":[{"Type":"1","MainRange":44,"MainValue":0.17,"FarRange":175}],"sig":[{"t":"9-1","s":"","d":{"X":0.72,"Y":0.63}},{"t":"X1","s":"","d":{"X":0.224,"Y":0.931}}],"clr":{"R":231,"G":244,"B":219,"A":255}},"JJ8-156-16":{"pid":"JJ8-156","orb":528.29,"per":8.8,"ang":150.86,"t":"ASTEROID","sp":"ASTEROID-2","s":18.35,"m":85.89,"gd":30.59,"wic":{},"woc":{},"wgc":{},"emm":[{"Type":"1","MainRange":57,"MainValue":0.23,"FarRange":168}],"sig":[{"t":"9-1","s":"","d":{"X":-0.51,"Y":-0.56}},{"t":"X1","s":"","d":{"X":-0.219,"Y":-0.582}}],"clr":{"R":201,"G":252,"B":199,"A":255}},"JJ8-156-17":{"pid":"JJ8-156","orb":383.54,"per":6.39,"ang":338.09,"t":"ASTEROID","sp":"ASTEROID-3","s":22.04,"m":148.88,"gd":36.74,"wic":{},"woc":{},"wgc":{},"emm":[{"Type":"1","MainRange":41.4,"MainValue":0.25,"FarRange":46}],"sig":[{"t":"9-1","s":"","d":{"X":0.43,"Y":-0.56}},{"t":"X1","s":"","d":{"X":0.227,"Y":0.126}}],"clr":{"R":210,"G":235,"B":194,"A":255}},"JJ8-156-18":{"pid":"JJ8-156","orb":431.26,"per":7.18,"ang":243.12,"t":"ASTEROID","sp":"ASTEROID-2","s":23.62,"m":183.19,"gd":39.37,"wic":{},"woc":{},"wgc":{},"emm":[{"Type":"1","MainRange":53,"MainValue":0.22,"FarRange":141}],"sig":[{"t":"9-1","s":"","d":{"X":-0.62,"Y":0.23}},{"t":"X1","s":"","d":{"X":0.263,"Y":0.584}}],"clr":{"R":243,"G":253,"B":226,"A":255}},"JJ8-156-19":{"pid":"JJ8-156","orb":455.11,"per":7.58,"ang":331.48,"t":"ASTEROID","sp":"ASTEROID-1","s":10.71,"m":17.1,"gd":17.86,"wic":{},"woc":{},"wgc":{},"emm":[{"Type":"1","MainRange":50,"MainValue":0.15,"FarRange":132},{"Type":"3","MainRange":44,"MainValue":0.11,"FarRange":203}],"sig":[{"t":"9-1","s":"","d":{"X":0.33,"Y":-0.16}},{"t":"X1","s":"","d":{"X":-0.039,"Y":-0.226}},{"t":"X3","s":"","d":{"X":-0.416,"Y":0.521}}],"clr":{"R":228,"G":182,"B":235,"A":255}},"JJ8-156-2":{"pid":"JJ8-156","orb":482.86,"per":8.04,"ang":124.15,"t":"ASTEROID","sp":"ASTEROID-1","s":11.14,"m":19.21,"gd":18.57,"wic":{},"woc":{},"wgc":{},"emm":[{"Type":"1","MainRange":64,"MainValue":0.25,"FarRange":135}],"sig":[{"t":"9-1","s":"","d":{"X":-0.02,"Y":0.33}},{"t":"X1","s":"","d":{"X":0.674,"Y":-0.278}}],"clr":{"R":242,"G":241,"B":180,"A":255}},"JJ8-156-20":{"pid":"JJ8-156","orb":394.4,"per":6.57,"ang":28.96,"t":"ASTEROID","sp":"ASTEROID-1","s":19.28,"m":99.59,"gd":32.13,"wic":{},"woc":{},"wgc":{},"emm":[{"Type":"1","MainRange":67,"MainValue":0.16,"FarRange":151}],"sig":[{"t":"9-1","s":"","d":{"X":-0.27,"Y":0.53}},{"t":"X1","s":"","d":{"X":0.257,"Y":0.294}}],"clr":{"R":214,"G":211,"B":243,"A":255}},"JJ8-156-21":{"pid":"JJ8-156","orb":461.27,"per":7.68,"ang":219.03,"t":"ASTEROID","sp":"ASTEROID-2","s":18.54,"m":88.59,"gd":30.9,"wic":{},"woc":{},"wgc":{},"emm":[{"Type":"1","MainRange":60,"MainValue":0.11,"FarRange":159}],"sig":[{"t":"9-1","s":"","d":{"X":-0.51,"Y":0.61}},{"t":"X1","s":"","d":{"X":-0.36,"Y":-0.665}}],"clr":{"R":252,"G":249,"B":253,"A":255}},"JJ8-156-22":{"pid":"JJ8-156","orb":415.86,"per":6.93,"ang":104.1,"t":"ASTEROID","sp":"ASTEROID-3","s":16.59,"m":63.49,"gd":27.66,"wic":{},"woc":{},"wgc":{},"emm":[{"Type":"1","MainRange":47,"MainValue":0.16,"FarRange":155}],"sig":[{"t":"9-1","s":"","d":{"X":-0.57,"Y":0.71}},{"t":"X1","s":"","d":{"X":-0.369,"Y":-0.702}}],"clr":{"R":254,"G":251,"B":242,"A":255}},"JJ8-156-23":{"pid":"JJ8-156","orb":463.75,"per":7.72,"ang":111.81,"t":"ASTEROID","sp":"ASTEROID-1","s":24.03,"m":192.78,"gd":40.05,"wic":{},"woc":{},"wgc":{},"emm":[{"Type":"1","MainRange":43,"MainValue":0.15,"FarRange":70}],"sig":[{"t":"9-1","s":"","d":{"X":0.29,"Y":0.24}},{"t":"X1","s":"","d":{"X":-0.044,"Y":0.941}}],"clr":{"R":220,"G":253,"B":195,"A":255}},"JJ8-156-24":{"pid":"JJ8-156","orb":439.55,"per":7.32,"ang":44.29,"t":"ASTEROID","sp":"ASTEROID-2","s":18.11,"m":82.5,"gd":30.18,"wic":{},"woc":{},"wgc":{},"emm":[{"Type":"1","MainRange":37,"MainValue":0.12,"FarRange":210}],"sig":[{"t":"9-1","s":"","d":{"X":0.27,"Y":-0.29}},{"t":"X1","s":"","d":{"X":-0.603,"Y":0.712}}],"clr":{"R":239,"G":246,"B":227,"A":255}},"JJ8-156-25":{"pid":"JJ8-156","orb":441.1,"per":7.35,"ang":251.17,"t":"ASTEROID","sp":"ASTEROID-2","s":20.12,"m":113.16,"gd":33.53,"wic":{},"woc":{},"wgc":{},"emm":[{"Type":"1","MainRange":56,"MainValue":0.14,"FarRange":167},{"Type":"5","MainRange":49,"MainValue":0.14,"FarRange":158},{"Type":"27","MainRange":60,"MainValue":0.16,"FarRange":134},{"Type":"16","MainRange":60,"MainValue":0.2,"FarRange":181},{"Type":"3","MainRange":37,"MainValue":0.11,"FarRange":211},{"Type":"14","MainRange":46,"MainValue":0.26,"FarRange":151},{"Type":"25","MainRange":50,"MainValue":0.2,"FarRange":201},{"Type":"18","MainRange":32,"MainValue":0.15,"FarRange":167},{"Type":"6","MainRange":34,"MainValue":0.2,"FarRange":87}],"sig":[{"t":"9-1","s":"","d":{"X":-0.61,"Y":0.73}},{"t":"X1","s":"","d":{"X":0.275,"Y":-0.506}},{"t":"X5","s":"","d":{"X":-0.548,"Y":0.626}},{"t":"X27","s":"","d":{"X":0.192,"Y":-0.925}},{"t":"X16","s":"","d":{"X":0.633,"Y":-0.332}},{"t":"X3","s":"","d":{"X":0.798,"Y":0.513}},{"t":"X14","s":"","d":{"X":-0.578,"Y":-0.136}},{"t":"X25","s":"","d":{"X":0.718,"Y":0.175}},{"t":"X18","s":"","d":{"X":-0.445,"Y":-0.178}},{"t":"X6","s":"","d":{"X":-0.066,"Y":0.871}}],"clr":{"R":238,"G":254,"B":243,"A":255}},"JJ8-156-26":{"pid":"JJ8-156","orb":432.24,"per":7.2,"ang":312.23,"t":"ASTEROID","sp":"ASTEROID-1","s":17.37,"m":72.81,"gd":28.95,"wic":{},"woc":{},"wgc":{},"emm":[{"Type":"1","MainRange":64,"MainValue":0.19,"FarRange":187},{"Type":"17","MainRange":29,"MainValue":0.2,"FarRange":149},{"Type":"10","MainRange":48,"MainValue":0.24,"FarRange":187},{"Type":"6","MainRange":38,"MainValue":0.15,"FarRange":185}],"sig":[{"t":"9-1","s":"","d":{"X":-0.49,"Y":0.53}},{"t":"X1","s":"","d":{"X":-0.505,"Y":0.003}},{"t":"X17","s":"","d":{"X":0.626,"Y":0.446}},{"t":"X10","s":"","d":{"X":0.041,"Y":-0.662}},{"t":"X6","s":"","d":{"X":-0.271,"Y":-0.566}}],"clr":{"R":207,"G":243,"B":204,"A":255}},"JJ8-156-27":{"pid":"JJ8-156","orb":424.11,"per":7.06,"ang":236.5,"t":"ASTEROID","sp":"ASTEROID-1","s":18.78,"m":92.11,"gd":31.31,"wic":{},"woc":{},"wgc":{},"emm":[{"Type":"1","MainRange":22,"MainValue":0.3,"FarRange":203}],"sig":[{"t":"9-1","s":"","d":{"X":-0.23,"Y":0.82}},{"t":"X1","s":"","d":{"X":-0.035,"Y":-0.84}}],"clr":{"R":248,"G":233,"B":253,"A":255}},"JJ8-156-28":{"pid":"JJ8-156","orb":412.39,"per":6.87,"ang":86.86,"t":"ASTEROID","sp":"ASTEROID-5","s":24.38,"m":201.31,"gd":40.63,"wic":{},"woc":{},"wgc":{},"emm":[{"Type":"1","MainRange":56,"MainValue":0.21,"FarRange":177}],"sig":[{"t":"9-1","s":"","d":{"X":0.31,"Y":0.42}},{"t":"X1","s":"","d":{"X":-0.839,"Y":0.326}}],"clr":{"R":184,"G":239,"B":186,"A":255}},"JJ8-156-3":{"pid":"JJ8-156","orb":354.04,"per":5.9,"ang":138.66,"t":"ASTEROID","sp":"ASTEROID-5","s":20.64,"m":122.23,"gd":34.41,"wic":{},"woc":{},"wgc":{},"emm":[{"Type":"1","MainRange":54,"MainValue":0.19,"FarRange":180}],"sig":[{"t":"9-1","s":"","d":{"X":-0.5,"Y":-0.14}},{"t":"X1","s":"","d":{"X":-0.287,"Y":0.124}}],"clr":{"R":248,"G":221,"B":214,"A":255}},"JJ8-156-4":{"pid":"JJ8-156","orb":380.69,"per":6.34,"ang":124.56,"t":"ASTEROID","sp":"ASTEROID-2","s":18.29,"m":85.07,"gd":30.49,"wic":{},"woc":{},"wgc":{},"emm":[{"Type":"1","MainRange":29,"MainValue":0.12,"FarRange":101}],"sig":[{"t":"9-1","s":"","d":{"X":0.14,"Y":-0.83}},{"t":"X1","s":"","d":{"X":0.703,"Y":-0.521}}],"clr":{"R":241,"G":252,"B":243,"A":255}},"JJ8-156-5":{"pid":"JJ8-156","orb":432.77,"per":7.21,"ang":50.17,"t":"ASTEROID","sp":"ASTEROID-2","s":18.15,"m":83.15,"gd":30.26,"wic":{},"woc":{},"wgc":{},"emm":[{"Type":"1","MainRange":30,"MainValue":0.08,"FarRange":122}],"sig":[{"t":"9-1","s":"","d":{"X":0.29,"Y":-0.91}},{"t":"X1","s":"","d":{"X":-0.371,"Y":0.429}}],"clr":{"R":251,"G":250,"B":254,"A":255}},"JJ8-156-6":{"pid":"JJ8-156","orb":434.03,"per":7.23,"ang":87.73,"t":"ASTEROID","sp":"ASTEROID-3","s":15.35,"m":50.3,"gd":25.59,"wic":{},"woc":{},"wgc":{},"emm":[{"Type":"1","MainRange":56,"MainValue":0.25,"FarRange":154}],"sig":[{"t":"9-1","s":"","d":{"X":-0.38,"Y":0.81}},{"t":"X1","s":"","d":{"X":0.657,"Y":-0.611}}],"clr":{"R":238,"G":253,"B":234,"A":255}},"JJ8-156-7":{"pid":"JJ8-156","orb":424.27,"per":7.07,"ang":186.46,"t":"ASTEROID","sp":"ASTEROID-5","s":16.93,"m":67.5,"gd":28.23,"wic":{},"woc":{},"wgc":{},"emm":[{"Type":"1","MainRange":65,"MainValue":0.3,"FarRange":156}],"sig":[{"t":"9-1","s":"","d":{"X":0.39,"Y":-0.81}},{"t":"X1","s":"","d":{"X":-0.161,"Y":0.307}}],"clr":{"R":249,"G":207,"B":229,"A":255}},"JJ8-156-8":{"pid":"JJ8-156","orb":409.92,"per":6.83,"ang":284.01,"t":"ASTEROID","sp":"ASTEROID-4","s":21.69,"m":141.88,"gd":36.16,"wic":{},"woc":{},"wgc":{},"emm":[{"Type":"1","MainRange":54,"MainValue":0.19,"FarRange":200}],"sig":[{"t":"9-1","s":"","d":{"X":-0.14,"Y":0.59}},{"t":"X1","s":"","d":{"X":-0.003,"Y":0.449}}],"clr":{"R":249,"G":225,"B":233,"A":255}},"JJ8-156-9":{"pid":"JJ8-156","orb":379.93,"per":6.33,"ang":174.17,"t":"ASTEROID","sp":"ASTEROID-4","s":24.79,"m":211.63,"gd":41.31,"wic":{},"woc":{},"wgc":{},"emm":[{"Type":"1","MainRange":37,"MainValue":0.21,"FarRange":130},{"Type":"17","MainRange":49,"MainValue":0.18,"FarRange":93}],"sig":[{"t":"9-1","s":"","d":{"X":0.29,"Y":0.66}},{"t":"X1","s":"","d":{"X":-0.497,"Y":0.121}},{"t":"X17","s":"","d":{"X":0.068,"Y":-0.553}}],"clr":{"R":249,"G":240,"B":252,"A":255}},"JJ8-583":{"pid":"JJ8-S","orb":4963.8,"per":82.73,"t":"GASPLANET","sp":"GASPLANET-9","s":151.31,"m":33684.51,"gd":252.19,"wic":{},"woc":{},"wgc":{},"sig":[{"t":"0-2","s":"","d":{"X":-0.47,"Y":0.65}},{"t":"1-3","s":"","d":{"X":-0.93,"Y":-0.14}},{"t":"3-1","s":"","d":{"X":-0.51,"Y":0.25}},{"t":"6-2","s":"","d":{"X":0.52,"Y":0.3}},{"t":"7-2","s":"","d":{"X":0.21,"Y":0.28}},{"t":"7-3","s":"","d":{"X":-0.3,"Y":0.88}},{"t":"8-1","s":"","d":{"X":-0.7,"Y":0.28}},{"t":"10-1","s":"","d":{"X":-0.38,"Y":0.64}},{"t":"11-1","s":"","d":{"X":-0.29,"Y":-0.78}}],"clr":{"R":233,"G":247,"B":252,"A":255}},"JJ8-S":{"t":"STAR","sp":"STAR-9","s":402.16,"m":3613599.39,"gd":1340.54,"wic":{},"woc":{},"wgc":{},"emm":[{"Type":"2","MainRange":1355,"MainValue":5.37,"FarRange":4054}],"sig":[{"t":"X2","s":"","d":{"X":0.587,"Y":-0.137}}],"clr":{"R":240,"G":250,"B":247,"A":255}}}}