{"SpawnDistance":9977.561000000002,"Points":{"LN6-032":{"pid":"LN6-S","orb":9070.51,"per":151.17,"t":"GASPLANET","sp":"GASPLANET-19","s":219.91,"m":103403.08,"gd":366.52,"wic":{},"woc":{},"wgc":{},"emm":[{"Type":"6","MainRange":251,"MainValue":1.42,"FarRange":803}],"sig":[{"t":"0-3","s":"","d":{"X":-0.26,"Y":-0.54}},{"t":"1-3","s":"","d":{"X":0.23,"Y":0.04}},{"t":"3-1","s":"","d":{"X":0.23,"Y":0.16}},{"t":"6-3","s":"","d":{"X":0.51,"Y":0.29}},{"t":"7-3","s":"","d":{"X":-0.86,"Y":-0.31}},{"t":"8-2","s":"","d":{"X":-0.35,"Y":0.31}},{"t":"10-1","s":"","d":{"X":-0.2,"Y":0.54}},{"t":"10-2","s":"","d":{"X":0.87,"Y":0.31}},{"t":"11-1","s":"","d":{"X":-0.47,"Y":0.64}},{"t":"X6","s":"","d":{"X":-0.171,"Y":-0.304}}],"clr":{"R":204,"G":251,"B":217,"A":255}},"LN6-4-0":{"pid":"LN6-S","orb":3876.24,"per":64.6,"ang":15.39,"t":"ASTEROID","sp":"ASTEROID-3","s":16.02,"m":57.2,"gd":26.71,"wic":{},"woc":{},"wgc":{},"emm":[{"Type":"1","MainRange":50,"MainValue":0.13,"FarRange":131}],"sig":[{"t":"9-1","s":"","d":{"X":-0.71,"Y":-0.25}},{"t":"9-2","s":"","d":{"X":-0.26,"Y":0.1}},{"t":"X1","s":"","d":{"X":-0.651,"Y":0.032}}],"clr":{"R":245,"G":241,"B":202,"A":255}},"LN6-4-1":{"pid":"LN6-S","orb":3683.75,"per":61.39,"ang":193.41,"t":"ASTEROID","sp":"ASTEROID-5","s":23.9,"m":189.72,"gd":39.84,"wic":{},"woc":{},"wgc":{},"emm":[{"Type":"1","MainRange":71,"MainValue":0.16,"FarRange":105}],"sig":[{"t":"9-1","s":"","d":{"X":-0.85,"Y":-0.26}},{"t":"9-2","s":"","d":{"X":-0.73,"Y":0.56}},{"t":"X1","s":"","d":{"X":0.413,"Y":-0.096}}],"clr":{"R":224,"G":246,"B":232,"A":255}},"LN6-4-10":{"pid":"LN6-S","orb":4390.06,"per":73.16,"ang":146.56,"t":"ASTEROID","sp":"ASTEROID-2","s":15.43,"m":51.08,"gd":25.72,"wic":{},"woc":{},"wgc":{},"emm":[{"Type":"1","MainRange":37,"MainValue":0.28,"FarRange":285},{"Type":"11","MainRange":60,"MainValue":0.14,"FarRange":184}],"sig":[{"t":"9-1","s":"","d":{"X":0.2,"Y":0.6}},{"t":"9-2","s":"","d":{"X":0.07,"Y":0.21}},{"t":"X1","s":"","d":{"X":0.267,"Y":0.718}},{"t":"X11","s":"","d":{"X":0.626,"Y":-0.707}}],"clr":{"R":221,"G":218,"B":245,"A":255}},"LN6-4-100":{"pid":"LN6-S","orb":3960.81,"per":66.01,"ang":2.92,"t":"ASTEROID","sp":"ASTEROID-2","s":17.41,"m":73.3,"gd":29.01,"wic":{},"woc":{},"wgc":{},"emm":[{"Type":"1","MainRange":56,"MainValue":0.2,"FarRange":96}],"sig":[{"t":"9-1","s":"","d":{"X":0.52,"Y":0.33}},{"t":"9-2","s":"","d":{"X":0.3,"Y":-0.49}},{"t":"X1","s":"","d":{"X":0.564,"Y":0.171}}],"clr":{"R":212,"G":195,"B":253,"A":255}},"LN6-4-101":{"pid":"LN6-S","orb":4151.31,"per":69.18,"ang":138.79,"t":"ASTEROID","sp":"ASTEROID-1","s":12.45,"m":26.83,"gd":20.75,"wic":{},"woc":{},"wgc":{},"emm":[{"Type":"1","MainRange":38,"MainValue":0.21,"FarRange":176}],"sig":[{"t":"9-1","s":"","d":{"X":0.36,"Y":-0.13}},{"t":"9-2","s":"","d":{"X":0.07,"Y":0.22}},{"t":"X1","s":"","d":{"X":-0.779,"Y":-0.143}}],"clr":{"R":251,"G":220,"B":236,"A":255}},"LN6-4-11":{"pid":"LN6-S","orb":3916.05,"per":65.26,"ang":260.87,"t":"ASTEROID","sp":"ASTEROID-3","s":26.2,"m":249.88,"gd":43.67,"wic":{},"woc":{},"wgc":{},"emm":[{"Type":"1","MainRange":49,"MainValue":0.2,"FarRange":107}],"sig":[{"t":"9-1","s":"","d":{"X":0.68,"Y":0.06}},{"t":"9-2","s":"","d":{"X":-0.37,"Y":-0.26}},{"t":"X1","s":"","d":{"X":0.164,"Y":-0.538}}],"clr":{"R":239,"G":194,"B":249,"A":255}},"LN6-4-12":{"pid":"LN6-S","orb":4032.13,"per":67.2,"ang":192.26,"t":"ASTEROID","sp":"ASTEROID-3","s":18.02,"m":81.33,"gd":30.04,"wic":{},"woc":{},"wgc":{},"emm":[{"Type":"1","MainRange":61,"MainValue":0.21,"FarRange":91}],"sig":[{"t":"9-1","s":"","d":{"X":-0.72,"Y":-0.23}},{"t":"9-2","s":"","d":{"X":-0.37,"Y":-0.63}},{"t":"X1","s":"","d":{"X":-0.773,"Y":0.029}}],"clr":{"R":232,"G":247,"B":229,"A":255}},"LN6-4-13":{"pid":"LN6-S","orb":3068.23,"per":51.13,"ang":154.61,"t":"ASTEROID","sp":"ASTEROID-3","s":16.42,"m":61.52,"gd":27.37,"wic":{},"woc":{},"wgc":{},"emm":[{"Type":"1","MainRange":30,"MainValue":0.17,"FarRange":126}],"sig":[{"t":"9-1","s":"","d":{"X":0.87,"Y":-0.38}},{"t":"9-2","s":"","d":{"X":-0.05,"Y":-0.07}},{"t":"X1","s":"","d":{"X":-0.497,"Y":-0.206}}],"clr":{"R":237,"G":252,"B":229,"A":255}},"LN6-4-14":{"pid":"LN6-S","orb":3182.85,"per":53.04,"ang":229.72,"t":"ASTEROID","sp":"ASTEROID-5","s":26.73,"m":265.32,"gd":44.55,"wic":{},"woc":{},"wgc":{},"emm":[{"Type":"1","MainRange":61,"MainValue":0.19,"FarRange":98}],"sig":[{"t":"9-1","s":"","d":{"X":0.84,"Y":-0.13}},{"t":"9-2","s":"","d":{"X":0.02,"Y":0.44}},{"t":"X1","s":"","d":{"X":-0.15,"Y":-0.79}}],"clr":{"R":248,"G":224,"B":254,"A":255}},"LN6-4-15":{"pid":"LN6-S","orb":4077.28,"per":67.95,"ang":337.73,"t":"ASTEROID","sp":"ASTEROID-5","s":21.68,"m":141.62,"gd":36.14,"wic":{},"woc":{},"wgc":{},"emm":[{"Type":"1","MainRange":49,"MainValue":0.25,"FarRange":82}],"sig":[{"t":"9-1","s":"","d":{"X":-0.23,"Y":-0.26}},{"t":"9-2","s":"","d":{"X":0.32,"Y":0.16}},{"t":"X1","s":"","d":{"X":0.453,"Y":0.093}}],"clr":{"R":243,"G":234,"B":252,"A":255}},"LN6-4-16":{"pid":"LN6-S","orb":3633.98,"per":60.56,"ang":225.49,"t":"ASTEROID","sp":"ASTEROID-2","s":17.95,"m":80.38,"gd":29.92,"wic":{},"woc":{},"wgc":{},"emm":[{"Type":"1","MainRange":58,"MainValue":0.17,"FarRange":125}],"sig":[{"t":"9-1","s":"","d":{"X":-0.19,"Y":-0.91}},{"t":"9-2","s":"","d":{"X":0.5,"Y":0.46}},{"t":"X1","s":"","d":{"X":0.396,"Y":0.048}}],"clr":{"R":251,"G":244,"B":254,"A":255}},"LN6-4-17":{"pid":"LN6-S","orb":4035.96,"per":67.26,"ang":18.9,"t":"ASTEROID","sp":"ASTEROID-2","s":17.06,"m":68.98,"gd":28.43,"wic":{},"woc":{},"wgc":{},"emm":[{"Type":"1","MainRange":37.800000000000004,"MainValue":0.22,"FarRange":42}],"sig":[{"t":"9-1","s":"","d":{"X":0.97,"Y":-0.05}},{"t":"9-2","s":"","d":{"X":-0.21,"Y":0.47}},{"t":"X1","s":"","d":{"X":0.511,"Y":0.593}}],"clr":{"R":182,"G":175,"B":247,"A":255}},"LN6-4-18":{"pid":"LN6-S","orb":4266.39,"per":71.1,"ang":9.19,"t":"ASTEROID","sp":"ASTEROID-4","s":12.02,"m":24.13,"gd":20.03,"wic":{},"woc":{},"wgc":{},"emm":[{"Type":"1","MainRange":75,"MainValue":0.23,"FarRange":170}],"sig":[{"t":"9-1","s":"","d":{"X":-0.18,"Y":-0.53}},{"t":"9-2","s":"","d":{"X":0.47,"Y":-0.83}},{"t":"X1","s":"","d":{"X":-0.004,"Y":0.546}}],"clr":{"R":244,"G":214,"B":242,"A":255}},"LN6-4-19":{"pid":"LN6-S","orb":4140.53,"per":69,"ang":134.34,"t":"ASTEROID","sp":"ASTEROID-5","s":29.6,"m":360.42,"gd":49.34,"wic":{},"woc":{},"wgc":{},"emm":[{"Type":"1","MainRange":42,"MainValue":0.17,"FarRange":102}],"sig":[{"t":"9-1","s":"","d":{"X":0.33,"Y":-0.23}},{"t":"9-2","s":"","d":{"X":0.97,"Y":0.06}},{"t":"X1","s":"","d":{"X":-0.626,"Y":-0.532}}],"clr":{"R":250,"G":241,"B":215,"A":255}},"LN6-4-2":{"pid":"LN6-S","orb":3887.3,"per":64.78,"ang":235.69,"t":"ASTEROID","sp":"ASTEROID-4","s":26.32,"m":253.25,"gd":43.86,"wic":{},"woc":{},"wgc":{},"emm":[{"Type":"1","MainRange":71,"MainValue":0.19,"FarRange":176},{"Type":"27","MainRange":38,"MainValue":0.2,"FarRange":86},{"Type":"6","MainRange":52,"MainValue":0.15,"FarRange":154},{"Type":"3","MainRange":72.9,"MainValue":0.18,"FarRange":81}],"sig":[{"t":"9-1","s":"","d":{"X":-0.53,"Y":0.23}},{"t":"9-2","s":"","d":{"X":0.01,"Y":0.01}},{"t":"X1","s":"","d":{"X":0.963,"Y":-0.156}},{"t":"X27","s":"","d":{"X":0.431,"Y":-0.253}},{"t":"X6","s":"","d":{"X":0.817,"Y":-0.053}},{"t":"X3","s":"","d":{"X":0.552,"Y":0.719}}],"clr":{"R":247,"G":243,"B":251,"A":255}},"LN6-4-20":{"pid":"LN6-S","orb":4310.98,"per":71.84,"ang":288.53,"t":"ASTEROID","sp":"ASTEROID-5","s":28.63,"m":326.06,"gd":47.72,"wic":{},"woc":{},"wgc":{},"emm":[{"Type":"1","MainRange":63,"MainValue":0.12,"FarRange":171}],"sig":[{"t":"9-1","s":"","d":{"X":0.17,"Y":0.27}},{"t":"9-2","s":"","d":{"X":-0.16,"Y":-0.21}},{"t":"X1","s":"","d":{"X":0.057,"Y":-0.561}}],"clr":{"R":241,"G":185,"B":211,"A":255}},"LN6-4-21":{"pid":"LN6-S","orb":3780.2,"per":63,"ang":39.41,"t":"ASTEROID","sp":"ASTEROID-1","s":20.77,"m":124.53,"gd":34.62,"wic":{},"woc":{},"wgc":{},"emm":[{"Type":"1","MainRange":20,"MainValue":0.16,"FarRange":76}],"sig":[{"t":"9-1","s":"","d":{"X":0.75,"Y":-0.29}},{"t":"9-2","s":"","d":{"X":0.84,"Y":-0.36}},{"t":"X1","s":"","d":{"X":0.518,"Y":0.108}}],"clr":{"R":254,"G":253,"B":253,"A":255}},"LN6-4-22":{"pid":"LN6-S","orb":4628.47,"per":77.14,"ang":143.78,"t":"ASTEROID","sp":"ASTEROID-5","s":18.82,"m":92.7,"gd":31.38,"wic":{},"woc":{},"wgc":{},"emm":[{"Type":"1","MainRange":47,"MainValue":0.19,"FarRange":174}],"sig":[{"t":"9-1","s":"","d":{"X":-0.39,"Y":-0.5}},{"t":"9-2","s":"","d":{"X":0.36,"Y":0.02}},{"t":"X1","s":"","d":{"X":0.249,"Y":-0.866}}],"clr":{"R":247,"G":249,"B":252,"A":255}},"LN6-4-23":{"pid":"LN6-S","orb":3525.45,"per":58.75,"ang":189.84,"t":"ASTEROID","sp":"ASTEROID-4","s":11.14,"m":19.24,"gd":18.58,"wic":{},"woc":{},"wgc":{},"emm":[{"Type":"1","MainRange":85,"MainValue":0.09,"FarRange":181}],"sig":[{"t":"9-1","s":"","d":{"X":-0.05,"Y":-0.73}},{"t":"9-2","s":"","d":{"X":-0.16,"Y":0.78}},{"t":"X1","s":"","d":{"X":0.107,"Y":0.519}}],"clr":{"R":253,"G":233,"B":252,"A":255}},"LN6-4-24":{"pid":"LN6-S","orb":4009.33,"per":66.82,"ang":102.65,"t":"ASTEROID","sp":"ASTEROID-3","s":25.32,"m":225.58,"gd":42.2,"wic":{},"woc":{},"wgc":{},"emm":[{"Type":"1","MainRange":55,"MainValue":0.18,"FarRange":143},{"Type":"3","MainRange":58,"MainValue":0.17,"FarRange":167},{"Type":"12","MainRange":75.60000000000001,"MainValue":0.36,"FarRange":84},{"Type":"16","MainRange":53,"MainValue":0.18,"FarRange":140},{"Type":"14","MainRange":65,"MainValue":0.22,"FarRange":184}],"sig":[{"t":"9-1","s":"","d":{"X":0.51,"Y":0.7}},{"t":"9-2","s":"","d":{"X":0.81,"Y":0.45}},{"t":"X1","s":"","d":{"X":-0.045,"Y":0.634}},{"t":"X3","s":"","d":{"X":-0.401,"Y":0.725}},{"t":"X12","s":"","d":{"X":0.699,"Y":0.294}},{"t":"X16","s":"","d":{"X":-0.137,"Y":-0.713}},{"t":"X14","s":"","d":{"X":-0.238,"Y":0.389}}],"clr":{"R":230,"G":178,"B":192,"A":255}},"LN6-4-25":{"pid":"LN6-S","orb":4156.96,"per":69.28,"ang":56.44,"t":"ASTEROID","sp":"ASTEROID-5","s":18.09,"m":82.29,"gd":30.15,"wic":{},"woc":{},"wgc":{},"emm":[{"Type":"1","MainRange":82,"MainValue":0.15,"FarRange":159}],"sig":[{"t":"9-1","s":"","d":{"X":-0.64,"Y":-0.38}},{"t":"9-2","s":"","d":{"X":-0.71,"Y":0.63}},{"t":"X1","s":"","d":{"X":-0.193,"Y":0.465}}],"clr":{"R":252,"G":247,"B":218,"A":255}},"LN6-4-26":{"pid":"LN6-S","orb":3204.93,"per":53.41,"ang":71.21,"t":"ASTEROID","sp":"ASTEROID-3","s":11.82,"m":22.95,"gd":19.7,"wic":{},"woc":{},"wgc":{},"emm":[{"Type":"1","MainRange":66,"MainValue":0.17,"FarRange":249}],"sig":[{"t":"9-1","s":"","d":{"X":0.23,"Y":0.62}},{"t":"9-2","s":"","d":{"X":0.78,"Y":-0.42}},{"t":"X1","s":"","d":{"X":0.166,"Y":0.067}}],"clr":{"R":252,"G":248,"B":244,"A":255}},"LN6-4-27":{"pid":"LN6-S","orb":4309.6,"per":71.82,"ang":259.15,"t":"ASTEROID","sp":"ASTEROID-1","s":17.41,"m":73.4,"gd":29.03,"wic":{},"woc":{},"wgc":{},"emm":[{"Type":"1","MainRange":23.400000000000002,"MainValue":0.3,"FarRange":26}],"sig":[{"t":"9-1","s":"","d":{"X":0.19,"Y":-0.74}},{"t":"9-2","s":"","d":{"X":-0.05,"Y":-0.93}},{"t":"X1","s":"","d":{"X":-0.039,"Y":-0.341}}],"clr":{"R":230,"G":180,"B":244,"A":255}},"LN6-4-28":{"pid":"LN6-S","orb":4010.11,"per":66.83,"ang":173.85,"t":"ASTEROID","sp":"ASTEROID-1","s":11.96,"m":23.76,"gd":19.93,"wic":{},"woc":{},"wgc":{},"emm":[{"Type":"1","MainRange":58,"MainValue":0.13,"FarRange":246}],"sig":[{"t":"9-1","s":"","d":{"X":-0.71,"Y":-0.35}},{"t":"9-2","s":"","d":{"X":-0.21,"Y":0.34}},{"t":"X1","s":"","d":{"X":-0.067,"Y":-0.692}}],"clr":{"R":247,"G":250,"B":254,"A":255}},"LN6-4-29":{"pid":"LN6-S","orb":4348.49,"per":72.47,"ang":153.98,"t":"ASTEROID","sp":"ASTEROID-1","s":18.69,"m":90.75,"gd":31.15,"wic":{},"woc":{},"wgc":{},"emm":[{"Type":"1","MainRange":41.4,"MainValue":0.17,"FarRange":46}],"sig":[{"t":"9-1","s":"","d":{"X":-0.51,"Y":-0.44}},{"t":"9-2","s":"","d":{"X":-0.65,"Y":0.12}},{"t":"X1","s":"","d":{"X":-0.113,"Y":-0.773}}],"clr":{"R":248,"G":245,"B":252,"A":255}},"LN6-4-3":{"pid":"LN6-S","orb":3617.67,"per":60.29,"ang":320.59,"t":"ASTEROID","sp":"ASTEROID-3","s":11.38,"m":20.49,"gd":18.97,"wic":{},"woc":{},"wgc":{},"emm":[{"Type":"1","MainRange":15,"MainValue":0.25,"FarRange":186}],"sig":[{"t":"9-1","s":"","d":{"X":0.85,"Y":0.06}},{"t":"9-2","s":"","d":{"X":-0.16,"Y":0.65}},{"t":"X1","s":"","d":{"X":-0.729,"Y":0.298}}],"clr":{"R":219,"G":254,"B":219,"A":255}},"LN6-4-30":{"pid":"LN6-S","orb":4299.54,"per":71.65,"ang":248.8,"t":"ASTEROID","sp":"ASTEROID-4","s":10.11,"m":14.36,"gd":16.85,"wic":{},"woc":{},"wgc":{},"emm":[{"Type":"1","MainRange":57,"MainValue":0.12,"FarRange":173}],"sig":[{"t":"9-1","s":"","d":{"X":-0.3,"Y":-0.75}},{"t":"9-2","s":"","d":{"X":-0.02,"Y":0.19}},{"t":"X1","s":"","d":{"X":0.568,"Y":-0.176}}],"clr":{"R":248,"G":232,"B":217,"A":255}},"LN6-4-31":{"pid":"LN6-S","orb":4296.36,"per":71.6,"ang":95.65,"t":"ASTEROID","sp":"ASTEROID-2","s":18.25,"m":84.45,"gd":30.42,"wic":{},"woc":{},"wgc":{},"emm":[{"Type":"1","MainRange":23,"MainValue":0.12,"FarRange":144}],"sig":[{"t":"9-1","s":"","d":{"X":0.41,"Y":-0.59}},{"t":"9-2","s":"","d":{"X":-0.57,"Y":-0.32}},{"t":"X1","s":"","d":{"X":-0.134,"Y":-0.634}}],"clr":{"R":225,"G":249,"B":223,"A":255}},"LN6-4-32":{"pid":"LN6-S","orb":4382.65,"per":73.04,"ang":68.92,"t":"ASTEROID","sp":"ASTEROID-4","s":28.1,"m":308.31,"gd":46.84,"wic":{},"woc":{},"wgc":{},"emm":[{"Type":"1","MainRange":27,"MainValue":0.24,"FarRange":160}],"sig":[{"t":"9-1","s":"","d":{"X":0.72,"Y":-0.06}},{"t":"9-2","s":"","d":{"X":0.43,"Y":-0.69}},{"t":"X1","s":"","d":{"X":0.741,"Y":0.446}}],"clr":{"R":201,"G":166,"B":250,"A":255}},"LN6-4-33":{"pid":"LN6-S","orb":3293.94,"per":54.89,"ang":154.5,"t":"ASTEROID","sp":"ASTEROID-4","s":15.12,"m":48.05,"gd":25.2,"wic":{},"woc":{},"wgc":{},"emm":[{"Type":"1","MainRange":39,"MainValue":0.15,"FarRange":58}],"sig":[{"t":"9-1","s":"","d":{"X":-0.86,"Y":-0.14}},{"t":"9-2","s":"","d":{"X":-0.68,"Y":0.71}},{"t":"X1","s":"","d":{"X":0.247,"Y":-0.345}}],"clr":{"R":239,"G":247,"B":253,"A":255}},"LN6-4-34":{"pid":"LN6-S","orb":3682.27,"per":61.37,"ang":343.38,"t":"ASTEROID","sp":"ASTEROID-2","s":22.45,"m":157.26,"gd":37.42,"wic":{},"woc":{},"wgc":{},"emm":[{"Type":"1","MainRange":32,"MainValue":0.21,"FarRange":181}],"sig":[{"t":"9-1","s":"","d":{"X":-0.27,"Y":0.16}},{"t":"9-2","s":"","d":{"X":-0.05,"Y":-0.65}},{"t":"X1","s":"","d":{"X":-0.638,"Y":0.102}}],"clr":{"R":226,"G":243,"B":198,"A":255}},"LN6-4-35":{"pid":"LN6-S","orb":3968.77,"per":66.14,"ang":152.73,"t":"ASTEROID","sp":"ASTEROID-3","s":13.72,"m":35.94,"gd":22.88,"wic":{},"woc":{},"wgc":{},"emm":[{"Type":"1","MainRange":42,"MainValue":0.11,"FarRange":107}],"sig":[{"t":"9-1","s":"","d":{"X":-0.64,"Y":-0.57}},{"t":"9-2","s":"","d":{"X":0.13,"Y":0.86}},{"t":"X1","s":"","d":{"X":-0.349,"Y":0.806}}],"clr":{"R":250,"G":197,"B":168,"A":255}},"LN6-4-36":{"pid":"LN6-S","orb":3809.14,"per":63.48,"ang":42.9,"t":"ASTEROID","sp":"ASTEROID-4","s":27.89,"m":301.35,"gd":46.48,"wic":{},"woc":{},"wgc":{},"emm":[{"Type":"1","MainRange":52,"MainValue":0.18,"FarRange":125}],"sig":[{"t":"9-1","s":"","d":{"X":0.85,"Y":0.03}},{"t":"9-2","s":"","d":{"X":0.57,"Y":-0.04}},{"t":"X1","s":"","d":{"X":-0.362,"Y":-0.874}}],"clr":{"R":214,"G":249,"B":226,"A":255}},"LN6-4-37":{"pid":"LN6-S","orb":4005.93,"per":66.76,"ang":202.23,"t":"ASTEROID","sp":"ASTEROID-3","s":20.22,"m":114.95,"gd":33.71,"wic":{},"woc":{},"wgc":{},"emm":[{"Type":"1","MainRange":26,"MainValue":0.15,"FarRange":219}],"sig":[{"t":"9-1","s":"","d":{"X":0.73,"Y":-0.48}},{"t":"9-2","s":"","d":{"X":0.52,"Y":0.23}},{"t":"X1","s":"","d":{"X":-0.414,"Y":0.598}}],"clr":{"R":252,"G":241,"B":212,"A":255}},"LN6-4-38":{"pid":"LN6-S","orb":4335.2,"per":72.25,"ang":234.36,"t":"ASTEROID","sp":"ASTEROID-3","s":18.49,"m":87.83,"gd":30.82,"wic":{},"woc":{},"wgc":{},"emm":[{"Type":"1","MainRange":20,"MainValue":0.17,"FarRange":152}],"sig":[{"t":"9-1","s":"","d":{"X":-0.49,"Y":0.2}},{"t":"9-2","s":"","d":{"X":-0.49,"Y":0.79}},{"t":"X1","s":"","d":{"X":0.862,"Y":-0.471}}],"clr":{"R":178,"G":242,"B":223,"A":255}},"LN6-4-39":{"pid":"LN6-S","orb":4572.72,"per":76.21,"ang":185.09,"t":"ASTEROID","sp":"ASTEROID-3","s":21.82,"m":144.35,"gd":36.37,"wic":{},"woc":{},"wgc":{},"emm":[{"Type":"1","MainRange":57,"MainValue":0.21,"FarRange":170}],"sig":[{"t":"9-1","s":"","d":{"X":0.06,"Y":-0.23}},{"t":"9-2","s":"","d":{"X":-0.08,"Y":-0.62}},{"t":"X1","s":"","d":{"X":-0.592,"Y":0.123}}],"clr":{"R":246,"G":252,"B":246,"A":255}},"LN6-4-4":{"pid":"LN6-S","orb":2966.37,"per":49.43,"ang":270.61,"t":"ASTEROID","sp":"ASTEROID-4","s":27.83,"m":299.64,"gd":46.39,"wic":{},"woc":{},"wgc":{},"emm":[{"Type":"1","MainRange":72,"MainValue":0.23,"FarRange":128}],"sig":[{"t":"9-1","s":"","d":{"X":-0.41,"Y":0.31}},{"t":"9-2","s":"","d":{"X":-0.76,"Y":-0.16}},{"t":"X1","s":"","d":{"X":-0.254,"Y":0.559}}],"clr":{"R":252,"G":244,"B":246,"A":255}},"LN6-4-40":{"pid":"LN6-S","orb":4556.69,"per":75.94,"ang":35.65,"t":"ASTEROID","sp":"ASTEROID-2","s":15.08,"m":47.67,"gd":25.14,"wic":{},"woc":{},"wgc":{},"emm":[{"Type":"1","MainRange":80,"MainValue":0.16,"FarRange":118}],"sig":[{"t":"9-1","s":"","d":{"X":-0.34,"Y":-0.79}},{"t":"9-2","s":"","d":{"X":0.09,"Y":0.14}},{"t":"X1","s":"","d":{"X":-0.821,"Y":-0.566}}],"clr":{"R":246,"G":214,"B":229,"A":255}},"LN6-4-41":{"pid":"LN6-S","orb":4082.68,"per":68.04,"ang":343.6,"t":"ASTEROID","sp":"ASTEROID-4","s":16.26,"m":59.8,"gd":27.11,"wic":{},"woc":{},"wgc":{},"emm":[{"Type":"1","MainRange":60,"MainValue":0.19,"FarRange":95}],"sig":[{"t":"9-1","s":"","d":{"X":0.79,"Y":0.06}},{"t":"9-2","s":"","d":{"X":-0.52,"Y":-0.09}},{"t":"X1","s":"","d":{"X":-0.876,"Y":-0.436}}],"clr":{"R":247,"G":224,"B":226,"A":255}},"LN6-4-42":{"pid":"LN6-S","orb":3349.22,"per":55.82,"ang":309.48,"t":"ASTEROID","sp":"ASTEROID-5","s":18.1,"m":82.38,"gd":30.16,"wic":{},"woc":{},"wgc":{},"emm":[{"Type":"1","MainRange":61,"MainValue":0.16,"FarRange":155}],"sig":[{"t":"9-1","s":"","d":{"X":0.43,"Y":0.34}},{"t":"9-2","s":"","d":{"X":-0.89,"Y":0.02}},{"t":"X1","s":"","d":{"X":0.149,"Y":0.273}}],"clr":{"R":236,"G":222,"B":252,"A":255}},"LN6-4-43":{"pid":"LN6-S","orb":3832.17,"per":63.86,"ang":79.27,"t":"ASTEROID","sp":"ASTEROID-4","s":24.77,"m":211.24,"gd":41.29,"wic":{},"woc":{},"wgc":{},"emm":[{"Type":"1","MainRange":63,"MainValue":0.16,"FarRange":70}],"sig":[{"t":"9-1","s":"","d":{"X":-0.36,"Y":0.87}},{"t":"9-2","s":"","d":{"X":-0.09,"Y":0.99}},{"t":"X1","s":"","d":{"X":-0.64,"Y":-0.329}}],"clr":{"R":224,"G":224,"B":250,"A":255}},"LN6-4-44":{"pid":"LN6-S","orb":4017.23,"per":66.95,"ang":295.67,"t":"ASTEROID","sp":"ASTEROID-3","s":22.93,"m":167.63,"gd":38.23,"wic":{},"woc":{},"wgc":{},"emm":[{"Type":"1","MainRange":50,"MainValue":0.21,"FarRange":193}],"sig":[{"t":"9-1","s":"","d":{"X":0.84,"Y":-0.12}},{"t":"9-2","s":"","d":{"X":-0.37,"Y":-0.19}},{"t":"X1","s":"","d":{"X":0.149,"Y":0.006}}],"clr":{"R":234,"G":251,"B":254,"A":255}},"LN6-4-45":{"pid":"LN6-S","orb":3351.27,"per":55.85,"ang":11.69,"t":"ASTEROID","sp":"ASTEROID-1","s":24.87,"m":213.83,"gd":41.46,"wic":{},"woc":{},"wgc":{},"emm":[{"Type":"1","MainRange":50,"MainValue":0.3,"FarRange":63}],"sig":[{"t":"9-1","s":"","d":{"X":0.46,"Y":0.5}},{"t":"9-2","s":"","d":{"X":0.15,"Y":0.49}},{"t":"X1","s":"","d":{"X":-0.747,"Y":0.273}}],"clr":{"R":249,"G":236,"B":221,"A":255}},"LN6-4-46":{"pid":"LN6-S","orb":4865.41,"per":81.09,"ang":336.6,"t":"ASTEROID","sp":"ASTEROID-3","s":17.65,"m":76.37,"gd":29.41,"wic":{},"woc":{},"wgc":{},"emm":[{"Type":"1","MainRange":53,"MainValue":0.19,"FarRange":146},{"Type":"18","MainRange":62,"MainValue":0.19,"FarRange":179},{"Type":"3","MainRange":59,"MainValue":0.18,"FarRange":100}],"sig":[{"t":"9-1","s":"","d":{"X":-0.35,"Y":0.74}},{"t":"9-2","s":"","d":{"X":-0.63,"Y":-0.5}},{"t":"X1","s":"","d":{"X":0.337,"Y":-0.285}},{"t":"X18","s":"","d":{"X":0.115,"Y":0.088}},{"t":"X3","s":"","d":{"X":0.437,"Y":0.31}}],"clr":{"R":231,"G":212,"B":183,"A":255}},"LN6-4-47":{"pid":"LN6-S","orb":3565.69,"per":59.42,"ang":50.83,"t":"ASTEROID","sp":"ASTEROID-4","s":20.15,"m":113.65,"gd":33.58,"wic":{},"woc":{},"wgc":{},"emm":[{"Type":"1","MainRange":50,"MainValue":0.1,"FarRange":107}],"sig":[{"t":"9-1","s":"","d":{"X":0.28,"Y":-0.39}},{"t":"9-2","s":"","d":{"X":-0.55,"Y":0.75}},{"t":"X1","s":"","d":{"X":0.74,"Y":0.488}}],"clr":{"R":254,"G":254,"B":254,"A":255}},"LN6-4-48":{"pid":"LN6-S","orb":4389.26,"per":73.15,"ang":352.25,"t":"ASTEROID","sp":"ASTEROID-1","s":24.37,"m":201.18,"gd":40.62,"wic":{},"woc":{},"wgc":{},"emm":[{"Type":"1","MainRange":52,"MainValue":0.29,"FarRange":165},{"Type":"14","MainRange":46,"MainValue":0.18,"FarRange":282},{"Type":"27","MainRange":49,"MainValue":0.18,"FarRange":77},{"Type":"11","MainRange":36,"MainValue":0.2,"FarRange":100}],"sig":[{"t":"9-1","s":"","d":{"X":0.12,"Y":0.06}},{"t":"9-2","s":"","d":{"X":-0.66,"Y":0.49}},{"t":"X1","s":"","d":{"X":0.124,"Y":0.569}},{"t":"X14","s":"","d":{"X":0.663,"Y":0.589}},{"t":"X27","s":"","d":{"X":0.374,"Y":0.085}},{"t":"X11","s":"","d":{"X":0.57,"Y":0.61}}],"clr":{"R":205,"G":251,"B":243,"A":255}},"LN6-4-49":{"pid":"LN6-S","orb":3421.5,"per":57.02,"ang":110.48,"t":"ASTEROID","sp":"ASTEROID-3","s":23.77,"m":186.55,"gd":39.61,"wic":{},"woc":{},"wgc":{},"emm":[{"Type":"1","MainRange":33,"MainValue":0.21,"FarRange":145}],"sig":[{"t":"9-1","s":"","d":{"X":-0.64,"Y":0.11}},{"t":"9-2","s":"","d":{"X":-0.18,"Y":-0.1}},{"t":"X1","s":"","d":{"X":-0.067,"Y":-0.615}}],"clr":{"R":250,"G":229,"B":253,"A":255}},"LN6-4-5":{"pid":"LN6-S","orb":3702.75,"per":61.71,"ang":245.16,"t":"ASTEROID","sp":"ASTEROID-1","s":20.8,"m":125.08,"gd":34.67,"wic":{},"woc":{},"wgc":{},"emm":[{"Type":"1","MainRange":34,"MainValue":0.18,"FarRange":182}],"sig":[{"t":"9-1","s":"","d":{"X":0.65,"Y":-0.53}},{"t":"9-2","s":"","d":{"X":0.2,"Y":-0.2}},{"t":"X1","s":"","d":{"X":0.173,"Y":-0.002}}],"clr":{"R":247,"G":253,"B":236,"A":255}},"LN6-4-50":{"pid":"LN6-S","orb":4007.37,"per":66.78,"ang":311.35,"t":"ASTEROID","sp":"ASTEROID-2","s":13.79,"m":36.47,"gd":22.99,"wic":{},"woc":{},"wgc":{},"emm":[{"Type":"1","MainRange":40,"MainValue":0.2,"FarRange":180}],"sig":[{"t":"9-1","s":"","d":{"Y":-0.39}},{"t":"9-2","s":"","d":{"X":-0.72,"Y":0.45}},{"t":"X1","s":"","d":{"X":0.48,"Y":0.766}}],"clr":{"R":240,"G":232,"B":247,"A":255}},"LN6-4-51":{"pid":"LN6-S","orb":4212.65,"per":70.21,"ang":197.89,"t":"ASTEROID","sp":"ASTEROID-5","s":22.75,"m":163.59,"gd":37.92,"wic":{},"woc":{},"wgc":{},"emm":[{"Type":"1","MainRange":58,"MainValue":0.25,"FarRange":124}],"sig":[{"t":"9-1","s":"","d":{"X":-0.43,"Y":-0.78}},{"t":"9-2","s":"","d":{"X":0.63,"Y":0.6}},{"t":"X1","s":"","d":{"X":-0.174,"Y":0.153}}],"clr":{"R":248,"G":253,"B":252,"A":255}},"LN6-4-52":{"pid":"LN6-S","orb":4326.98,"per":72.11,"ang":17.36,"t":"ASTEROID","sp":"ASTEROID-2","s":17.37,"m":72.85,"gd":28.95,"wic":{},"woc":{},"wgc":{},"emm":[{"Type":"1","MainRange":66,"MainValue":0.2,"FarRange":243}],"sig":[{"t":"9-1","s":"","d":{"X":0.13,"Y":0.12}},{"t":"9-2","s":"","d":{"X":-0.3,"Y":-0.13}},{"t":"X1","s":"","d":{"X":-0.055,"Y":0.93}}],"clr":{"R":177,"G":175,"B":243,"A":255}},"LN6-4-53":{"pid":"LN6-S","orb":3193.17,"per":53.21,"ang":15.69,"t":"ASTEROID","sp":"ASTEROID-3","s":21.68,"m":141.53,"gd":36.13,"wic":{},"woc":{},"wgc":{},"emm":[{"Type":"1","MainRange":37,"MainValue":0.22,"FarRange":86}],"sig":[{"t":"9-1","s":"","d":{"X":0.39,"Y":0.3}},{"t":"9-2","s":"","d":{"X":-0.34,"Y":-0.14}},{"t":"X1","s":"","d":{"X":0.495,"Y":-0.085}}],"clr":{"R":236,"G":254,"B":206,"A":255}},"LN6-4-54":{"pid":"LN6-S","orb":4414.97,"per":73.58,"ang":154.49,"t":"ASTEROID","sp":"ASTEROID-4","s":19.59,"m":104.5,"gd":32.65,"wic":{},"woc":{},"wgc":{},"emm":[{"Type":"1","MainRange":55,"MainValue":0.1,"FarRange":152}],"sig":[{"t":"9-1","s":"","d":{"X":-0.48,"Y":-0.01}},{"t":"9-2","s":"","d":{"X":-0.58,"Y":-0.24}},{"t":"X1","s":"","d":{"X":-0.7,"Y":0.325}}],"clr":{"R":245,"G":217,"B":232,"A":255}},"LN6-4-55":{"pid":"LN6-S","orb":3840.88,"per":64.01,"ang":222.3,"t":"ASTEROID","sp":"ASTEROID-5","s":26.56,"m":260.25,"gd":44.26,"wic":{},"woc":{},"wgc":{},"emm":[{"Type":"1","MainRange":49,"MainValue":0.15,"FarRange":127}],"sig":[{"t":"9-1","s":"","d":{"X":0.42,"Y":0.76}},{"t":"9-2","s":"","d":{"X":-0.09,"Y":-0.97}},{"t":"X1","s":"","d":{"X":-0.241,"Y":0.816}}],"clr":{"R":185,"G":251,"B":188,"A":255}},"LN6-4-56":{"pid":"LN6-S","orb":4625.66,"per":77.09,"ang":70.35,"t":"ASTEROID","sp":"ASTEROID-3","s":12.96,"m":30.28,"gd":21.61,"wic":{},"woc":{},"wgc":{},"emm":[{"Type":"1","MainRange":43,"MainValue":0.22,"FarRange":144}],"sig":[{"t":"9-1","s":"","d":{"X":0.15,"Y":-0.56}},{"t":"9-2","s":"","d":{"X":-0.69,"Y":0.6}},{"t":"X1","s":"","d":{"X":-0.829,"Y":-0.263}}],"clr":{"R":253,"G":235,"B":238,"A":255}},"LN6-4-57":{"pid":"LN6-S","orb":3996.54,"per":66.6,"ang":183.95,"t":"ASTEROID","sp":"ASTEROID-5","s":15.4,"m":50.79,"gd":25.67,"wic":{},"woc":{},"wgc":{},"emm":[{"Type":"1","MainRange":57,"MainValue":0.15,"FarRange":163}],"sig":[{"t":"9-1","s":"","d":{"X":0.49,"Y":0.05}},{"t":"9-2","s":"","d":{"X":0.55,"Y":-0.09}},{"t":"X1","s":"","d":{"X":-0.001,"Y":0.852}}],"clr":{"R":239,"G":227,"B":246,"A":255}},"LN6-4-58":{"pid":"LN6-S","orb":3349.67,"per":55.82,"ang":153.28,"t":"ASTEROID","sp":"ASTEROID-4","s":22.98,"m":168.56,"gd":38.3,"wic":{},"woc":{},"wgc":{},"emm":[{"Type":"1","MainRange":32,"MainValue":0.08,"FarRange":179}],"sig":[{"t":"9-1","s":"","d":{"X":-0.48,"Y":0.1}},{"t":"9-2","s":"","d":{"X":-0.29,"Y":0.48}},{"t":"X1","s":"","d":{"X":0.496,"Y":-0.673}}],"clr":{"R":205,"G":192,"B":234,"A":255}},"LN6-4-59":{"pid":"LN6-S","orb":3759.86,"per":62.66,"ang":214.24,"t":"ASTEROID","sp":"ASTEROID-2","s":23.31,"m":175.95,"gd":38.85,"wic":{},"woc":{},"wgc":{},"emm":[{"Type":"1","MainRange":50.4,"MainValue":0.23,"FarRange":56}],"sig":[{"t":"9-1","s":"","d":{"X":0.84,"Y":-0.54}},{"t":"9-2","s":"","d":{"X":0.75,"Y":0.64}},{"t":"X1","s":"","d":{"X":0.695,"Y":0.709}}],"clr":{"R":218,"G":249,"B":250,"A":255}},"LN6-4-6":{"pid":"LN6-S","orb":3573.98,"per":59.56,"ang":178.53,"t":"ASTEROID","sp":"ASTEROID-4","s":20.91,"m":126.99,"gd":34.85,"wic":{},"woc":{},"wgc":{},"emm":[{"Type":"1","MainRange":61,"MainValue":0.19,"FarRange":114}],"sig":[{"t":"9-1","s":"","d":{"X":0.23,"Y":0.36}},{"t":"9-2","s":"","d":{"X":-0.57,"Y":-0.24}},{"t":"X1","s":"","d":{"X":-0.55,"Y":-0.13}}],"clr":{"R":234,"G":214,"B":191,"A":255}},"LN6-4-60":{"pid":"LN6-S","orb":3958.87,"per":65.98,"ang":88.86,"t":"ASTEROID","sp":"ASTEROID-4","s":20.26,"m":115.5,"gd":33.76,"wic":{},"woc":{},"wgc":{},"emm":[{"Type":"1","MainRange":44,"MainValue":0.23,"FarRange":197}],"sig":[{"t":"9-1","s":"","d":{"X":-0.8,"Y":-0.59}},{"t":"9-2","s":"","d":{"X":0.14,"Y":0.6}},{"t":"X1","s":"","d":{"X":-0.278,"Y":-0.38}}],"clr":{"R":249,"G":183,"B":226,"A":255}},"LN6-4-61":{"pid":"LN6-S","orb":4555.94,"per":75.93,"ang":198.26,"t":"ASTEROID","sp":"ASTEROID-2","s":26.37,"m":254.89,"gd":43.96,"wic":{},"woc":{},"wgc":{},"emm":[{"Type":"1","MainRange":24,"MainValue":0.16,"FarRange":64}],"sig":[{"t":"9-1","s":"","d":{"X":-0.75,"Y":0.54}},{"t":"9-2","s":"","d":{"X":0.7,"Y":-0.4}},{"t":"X1","s":"","d":{"X":0.261,"Y":-0.481}}],"clr":{"R":217,"G":245,"B":229,"A":255}},"LN6-4-62":{"pid":"LN6-S","orb":3555.83,"per":59.26,"ang":68.87,"t":"ASTEROID","sp":"ASTEROID-3","s":21.41,"m":136.32,"gd":35.68,"wic":{},"woc":{},"wgc":{},"emm":[{"Type":"1","MainRange":52,"MainValue":0.28,"FarRange":206}],"sig":[{"t":"9-1","s":"","d":{"X":0.1,"Y":-0.65}},{"t":"9-2","s":"","d":{"X":-0.33,"Y":0.29}},{"t":"X1","s":"","d":{"X":-0.034,"Y":-0.522}}],"clr":{"R":225,"G":171,"B":247,"A":255}},"LN6-4-63":{"pid":"LN6-S","orb":3817.27,"per":63.62,"ang":119.58,"t":"ASTEROID","sp":"ASTEROID-2","s":14.03,"m":38.38,"gd":23.38,"wic":{},"woc":{},"wgc":{},"emm":[{"Type":"1","MainRange":35,"MainValue":0.27,"FarRange":147}],"sig":[{"t":"9-1","s":"","d":{"X":0.95,"Y":-0.18}},{"t":"9-2","s":"","d":{"Y":-0.69}},{"t":"X1","s":"","d":{"X":-0.763,"Y":-0.037}}],"clr":{"R":228,"G":243,"B":167,"A":255}},"LN6-4-64":{"pid":"LN6-S","orb":4436.67,"per":73.94,"ang":197.8,"t":"ASTEROID","sp":"ASTEROID-2","s":24.3,"m":199.39,"gd":40.5,"wic":{},"woc":{},"wgc":{},"emm":[{"Type":"1","MainRange":54,"MainValue":0.27,"FarRange":115}],"sig":[{"t":"9-1","s":"","d":{"X":0.49,"Y":-0.14}},{"t":"9-2","s":"","d":{"X":0.82,"Y":-0.44}},{"t":"X1","s":"","d":{"X":0.269,"Y":-0.273}}],"clr":{"R":254,"G":227,"B":244,"A":255}},"LN6-4-65":{"pid":"LN6-S","orb":4223.69,"per":70.39,"ang":211.55,"t":"ASTEROID","sp":"ASTEROID-4","s":28.82,"m":332.63,"gd":48.04,"wic":{},"woc":{},"wgc":{},"emm":[{"Type":"1","MainRange":32,"MainValue":0.29,"FarRange":147}],"sig":[{"t":"9-1","s":"","d":{"X":-0.41,"Y":0.65}},{"t":"9-2","s":"","d":{"X":-0.57,"Y":-0.51}},{"t":"X1","s":"","d":{"X":0.827,"Y":0.364}}],"clr":{"R":252,"G":254,"B":251,"A":255}},"LN6-4-66":{"pid":"LN6-S","orb":3309.04,"per":55.15,"ang":267.99,"t":"ASTEROID","sp":"ASTEROID-1","s":16.46,"m":61.94,"gd":27.43,"wic":{},"woc":{},"wgc":{},"emm":[{"Type":"1","MainRange":46,"MainValue":0.23,"FarRange":108}],"sig":[{"t":"9-1","s":"","d":{"X":0.05,"Y":-0.54}},{"t":"9-2","s":"","d":{"X":0.36,"Y":-0.77}},{"t":"X1","s":"","d":{"X":0.727,"Y":0.526}}],"clr":{"R":207,"G":254,"B":208,"A":255}},"LN6-4-67":{"pid":"LN6-S","orb":4701.8,"per":78.36,"ang":343.1,"t":"ASTEROID","sp":"ASTEROID-3","s":11.47,"m":20.97,"gd":19.12,"wic":{},"woc":{},"wgc":{},"emm":[{"Type":"1","MainRange":56,"MainValue":0.2,"FarRange":205}],"sig":[{"t":"9-1","s":"","d":{"X":-0.89,"Y":-0.24}},{"t":"9-2","s":"","d":{"X":-0.57,"Y":-0.72}},{"t":"X1","s":"","d":{"X":-0.119,"Y":-0.706}}],"clr":{"R":224,"G":254,"B":233,"A":255}},"LN6-4-68":{"pid":"LN6-S","orb":4036.08,"per":67.26,"ang":342.88,"t":"ASTEROID","sp":"ASTEROID-1","s":26.13,"m":247.89,"gd":43.55,"wic":{},"woc":{},"wgc":{},"emm":[{"Type":"1","MainRange":38,"MainValue":0.25,"FarRange":132}],"sig":[{"t":"9-1","s":"","d":{"X":0.32,"Y":0.73}},{"t":"9-2","s":"","d":{"X":0.11,"Y":0.13}},{"t":"X1","s":"","d":{"X":-0.448,"Y":0.802}}],"clr":{"R":248,"G":219,"B":223,"A":255}},"LN6-4-69":{"pid":"LN6-S","orb":3647.78,"per":60.79,"ang":173.48,"t":"ASTEROID","sp":"ASTEROID-3","s":26.87,"m":269.5,"gd":44.78,"wic":{},"woc":{},"wgc":{},"emm":[{"Type":"1","MainRange":50,"MainValue":0.15,"FarRange":166},{"Type":"2","MainRange":90,"MainValue":0.1,"FarRange":138},{"Type":"3","MainRange":48,"MainValue":0.38,"FarRange":154},{"Type":"20","MainRange":74,"MainValue":0.17,"FarRange":254}],"sig":[{"t":"9-1","s":"","d":{"X":0.03,"Y":-0.67}},{"t":"9-2","s":"","d":{"X":-0.11,"Y":-0.94}},{"t":"X1","s":"","d":{"X":0.044,"Y":0.941}},{"t":"X2","s":"","d":{"X":0.517,"Y":-0.318}},{"t":"X3","s":"","d":{"X":0.001,"Y":0.657}},{"t":"X20","s":"","d":{"X":0.69,"Y":-0.064}}],"clr":{"R":175,"G":240,"B":175,"A":255}},"LN6-4-7":{"pid":"LN6-S","orb":3500.89,"per":58.34,"ang":327.98,"t":"ASTEROID","sp":"ASTEROID-5","s":20.36,"m":117.32,"gd":33.94,"wic":{},"woc":{},"wgc":{},"emm":[{"Type":"1","MainRange":46,"MainValue":0.29,"FarRange":178}],"sig":[{"t":"9-1","s":"","d":{"X":0.37,"Y":-0.04}},{"t":"9-2","s":"","d":{"X":-0.41,"Y":-0.61}},{"t":"X1","s":"","d":{"X":-0.54,"Y":0.336}}],"clr":{"R":238,"G":237,"B":249,"A":255}},"LN6-4-70":{"pid":"LN6-S","orb":3742.39,"per":62.37,"ang":354.17,"t":"ASTEROID","sp":"ASTEROID-3","s":15.61,"m":52.84,"gd":26.01,"wic":{},"woc":{},"wgc":{},"emm":[{"Type":"1","MainRange":69,"MainValue":0.32,"FarRange":105},{"Type":"15","MainRange":60,"MainValue":0.22,"FarRange":148}],"sig":[{"t":"9-1","s":"","d":{"X":0.61,"Y":-0.65}},{"t":"9-2","s":"","d":{"X":-0.32,"Y":0.51}},{"t":"X1","s":"","d":{"X":-0.486,"Y":-0.795}},{"t":"X15","s":"","d":{"X":0.019,"Y":0.01}}],"clr":{"R":254,"G":254,"B":254,"A":255}},"LN6-4-71":{"pid":"LN6-S","orb":4400.71,"per":73.34,"ang":212.5,"t":"ASTEROID","sp":"ASTEROID-5","s":24.42,"m":202.34,"gd":40.7,"wic":{},"woc":{},"wgc":{},"emm":[{"Type":"1","MainRange":56,"MainValue":0.12,"FarRange":137}],"sig":[{"t":"9-1","s":"","d":{"X":0.67,"Y":0.36}},{"t":"9-2","s":"","d":{"X":0.92,"Y":-0.35}},{"t":"X1","s":"","d":{"X":-0.513,"Y":-0.184}}],"clr":{"R":253,"G":253,"B":254,"A":255}},"LN6-4-72":{"pid":"LN6-S","orb":3961.08,"per":66.01,"ang":188.72,"t":"ASTEROID","sp":"ASTEROID-4","s":27.51,"m":289.27,"gd":45.85,"wic":{},"woc":{},"wgc":{},"emm":[{"Type":"1","MainRange":34,"MainValue":0.2,"FarRange":105}],"sig":[{"t":"9-1","s":"","d":{"X":-0.02,"Y":0.81}},{"t":"9-2","s":"","d":{"X":-0.06,"Y":0.31}},{"t":"X1","s":"","d":{"X":-0.082,"Y":0.146}}],"clr":{"R":214,"G":182,"B":250,"A":255}},"LN6-4-73":{"pid":"LN6-S","orb":4435.58,"per":73.92,"ang":288.83,"t":"ASTEROID","sp":"ASTEROID-3","s":20.88,"m":126.45,"gd":34.8,"wic":{},"woc":{},"wgc":{},"emm":[{"Type":"1","MainRange":36,"MainValue":0.13,"FarRange":40}],"sig":[{"t":"9-1","s":"","d":{"X":0.58,"Y":-0.69}},{"t":"9-2","s":"","d":{"X":-0.61,"Y":0.39}},{"t":"X1","s":"","d":{"X":0.176,"Y":0.802}}],"clr":{"R":241,"G":215,"B":230,"A":255}},"LN6-4-74":{"pid":"LN6-S","orb":3453.44,"per":57.55,"ang":32.66,"t":"ASTEROID","sp":"ASTEROID-4","s":20.26,"m":115.54,"gd":33.77,"wic":{},"woc":{},"wgc":{},"emm":[{"Type":"1","MainRange":49,"MainValue":0.07,"FarRange":230}],"sig":[{"t":"9-1","s":"","d":{"X":-0.23,"Y":0.69}},{"t":"9-2","s":"","d":{"X":-0.41,"Y":-0.23}},{"t":"X1","s":"","d":{"X":-0.072,"Y":-0.133}}],"clr":{"R":179,"G":166,"B":247,"A":255}},"LN6-4-75":{"pid":"LN6-S","orb":3944.51,"per":65.74,"ang":281.81,"t":"ASTEROID","sp":"ASTEROID-3","s":29.52,"m":357.4,"gd":49.2,"wic":{},"woc":{},"wgc":{},"emm":[{"Type":"1","MainRange":50,"MainValue":0.23,"FarRange":90}],"sig":[{"t":"9-1","s":"","d":{"X":0.17,"Y":-0.53}},{"t":"9-2","s":"","d":{"X":-0.48,"Y":0.82}},{"t":"X1","s":"","d":{"X":0.037,"Y":-0.875}}],"clr":{"R":175,"G":252,"B":159,"A":255}},"LN6-4-76":{"pid":"LN6-S","orb":4230.85,"per":70.51,"ang":261.9,"t":"ASTEROID","sp":"ASTEROID-1","s":10.48,"m":15.99,"gd":17.46,"wic":{},"woc":{},"wgc":{},"emm":[{"Type":"1","MainRange":71,"MainValue":0.22,"FarRange":147}],"sig":[{"t":"9-1","s":"","d":{"X":-0.5,"Y":0.46}},{"t":"9-2","s":"","d":{"X":0.86,"Y":-0.01}},{"t":"X1","s":"","d":{"X":0.541,"Y":-0.164}}],"clr":{"R":200,"G":227,"B":243,"A":255}},"LN6-4-77":{"pid":"LN6-S","orb":4240.61,"per":70.67,"ang":72.61,"t":"ASTEROID","sp":"ASTEROID-1","s":24.67,"m":208.72,"gd":41.12,"wic":{},"woc":{},"wgc":{},"emm":[{"Type":"1","MainRange":31,"MainValue":0.26,"FarRange":158}],"sig":[{"t":"9-1","s":"","d":{"X":-0.43,"Y":-0.48}},{"t":"9-2","s":"","d":{"X":0.25,"Y":0.52}},{"t":"X1","s":"","d":{"X":0.149,"Y":-0.501}}],"clr":{"R":238,"G":246,"B":228,"A":255}},"LN6-4-78":{"pid":"LN6-S","orb":3460.59,"per":57.67,"ang":197.51,"t":"ASTEROID","sp":"ASTEROID-2","s":11.28,"m":19.96,"gd":18.81,"wic":{},"woc":{},"wgc":{},"emm":[{"Type":"1","MainRange":47,"MainValue":0.17,"FarRange":184}],"sig":[{"t":"9-1","s":"","d":{"X":-0.92,"Y":-0.35}},{"t":"9-2","s":"","d":{"X":-0.14,"Y":0.57}},{"t":"X1","s":"","d":{"X":0.532,"Y":-0.297}}],"clr":{"R":233,"G":248,"B":237,"A":255}},"LN6-4-79":{"pid":"LN6-S","orb":3826.27,"per":63.77,"ang":247.18,"t":"ASTEROID","sp":"ASTEROID-2","s":32.99,"m":498.68,"gd":54.98,"wic":{},"woc":{},"wgc":{},"emm":[{"Type":"1","MainRange":78,"MainValue":0.18,"FarRange":162}],"sig":[{"t":"9-1","s":"","d":{"X":-0.64,"Y":-0.18}},{"t":"9-2","s":"","d":{"X":0.5,"Y":-0.8}},{"t":"X1","s":"","d":{"X":-0.724,"Y":-0.656}}],"clr":{"R":252,"G":222,"B":158,"A":255}},"LN6-4-8":{"pid":"LN6-S","orb":3372.2,"per":56.2,"ang":47.47,"t":"ASTEROID","sp":"ASTEROID-1","s":19.11,"m":96.96,"gd":31.85,"wic":{},"woc":{},"wgc":{},"emm":[{"Type":"1","MainRange":54,"MainValue":0.25,"FarRange":160}],"sig":[{"t":"9-1","s":"","d":{"X":0.49,"Y":-0.86}},{"t":"9-2","s":"","d":{"X":-0.58,"Y":0.64}},{"t":"X1","s":"","d":{"X":-0.388,"Y":-0.118}}],"clr":{"R":245,"G":254,"B":238,"A":255}},"LN6-4-80":{"pid":"LN6-S","orb":3873.34,"per":64.55,"ang":306.68,"t":"ASTEROID","sp":"ASTEROID-3","s":21.61,"m":140.18,"gd":36.01,"wic":{},"woc":{},"wgc":{},"emm":[{"Type":"1","MainRange":54,"MainValue":0.16,"FarRange":141}],"sig":[{"t":"9-1","s":"","d":{"X":-0.43,"Y":0.13}},{"t":"9-2","s":"","d":{"X":0.44,"Y":-0.73}},{"t":"X1","s":"","d":{"X":0.318,"Y":-0.397}}],"clr":{"R":241,"G":252,"B":242,"A":255}},"LN6-4-81":{"pid":"LN6-S","orb":4545.2,"per":75.75,"ang":292.98,"t":"ASTEROID","sp":"ASTEROID-2","s":23.8,"m":187.37,"gd":39.67,"wic":{},"woc":{},"wgc":{},"emm":[{"Type":"1","MainRange":13,"MainValue":0.19,"FarRange":208}],"sig":[{"t":"9-1","s":"","d":{"X":-0.67,"Y":0.13}},{"t":"9-2","s":"","d":{"X":-0.13,"Y":-0.07}},{"t":"X1","s":"","d":{"X":0.265,"Y":0.154}}],"clr":{"R":247,"G":222,"B":223,"A":255}},"LN6-4-82":{"pid":"LN6-S","orb":4159.56,"per":69.32,"ang":108.45,"t":"ASTEROID","sp":"ASTEROID-3","s":17.05,"m":68.95,"gd":28.43,"wic":{},"woc":{},"wgc":{},"emm":[{"Type":"1","MainRange":63,"MainValue":0.15,"FarRange":156}],"sig":[{"t":"9-1","s":"","d":{"X":-0.82,"Y":0.35}},{"t":"9-2","s":"","d":{"X":-0.46,"Y":0.39}},{"t":"X1","s":"","d":{"X":0.598,"Y":0.194}}],"clr":{"R":252,"G":233,"B":228,"A":255}},"LN6-4-83":{"pid":"LN6-S","orb":3397.04,"per":56.61,"ang":42.74,"t":"ASTEROID","sp":"ASTEROID-1","s":17.75,"m":77.71,"gd":29.58,"wic":{},"woc":{},"wgc":{},"emm":[{"Type":"1","MainRange":31,"MainValue":0.24,"FarRange":139}],"sig":[{"t":"9-1","s":"","d":{"X":0.58,"Y":-0.58}},{"t":"9-2","s":"","d":{"X":0.25,"Y":0.35}},{"t":"X1","s":"","d":{"X":0.235,"Y":-0.889}}],"clr":{"R":251,"G":247,"B":231,"A":255}},"LN6-4-84":{"pid":"LN6-S","orb":2846.46,"per":47.44,"ang":79.83,"t":"ASTEROID","sp":"ASTEROID-3","s":18.67,"m":90.43,"gd":31.12,"wic":{},"woc":{},"wgc":{},"emm":[{"Type":"1","MainRange":51,"MainValue":0.16,"FarRange":138}],"sig":[{"t":"9-1","s":"","d":{"X":-0.22,"Y":0.66}},{"t":"9-2","s":"","d":{"X":-0.67,"Y":0.35}},{"t":"X1","s":"","d":{"X":-0.004,"Y":-0.608}}],"clr":{"R":223,"G":230,"B":252,"A":255}},"LN6-4-85":{"pid":"LN6-S","orb":3539.63,"per":58.99,"ang":152.09,"t":"ASTEROID","sp":"ASTEROID-4","s":28.24,"m":313.03,"gd":47.07,"wic":{},"woc":{},"wgc":{},"emm":[{"Type":"1","MainRange":54,"MainValue":0.2,"FarRange":113}],"sig":[{"t":"9-1","s":"","d":{"X":0.71,"Y":0.14}},{"t":"9-2","s":"","d":{"X":-0.4,"Y":0.51}},{"t":"X1","s":"","d":{"X":-0.221,"Y":0.526}}],"clr":{"R":247,"G":242,"B":216,"A":255}},"LN6-4-86":{"pid":"LN6-S","orb":3700.08,"per":61.66,"ang":189.67,"t":"ASTEROID","sp":"ASTEROID-1","s":15.18,"m":48.66,"gd":25.31,"wic":{},"woc":{},"wgc":{},"emm":[{"Type":"1","MainRange":95,"MainValue":0.17,"FarRange":149}],"sig":[{"t":"9-1","s":"","d":{"X":0.01,"Y":0.38}},{"t":"9-2","s":"","d":{"X":-0.56,"Y":-0.48}},{"t":"X1","s":"","d":{"X":-0.275,"Y":-0.436}}],"clr":{"R":184,"G":251,"B":185,"A":255}},"LN6-4-87":{"pid":"LN6-S","orb":3478.03,"per":57.96,"ang":92.72,"t":"ASTEROID","sp":"ASTEROID-5","s":19.26,"m":99.25,"gd":32.1,"wic":{},"woc":{},"wgc":{},"emm":[{"Type":"1","MainRange":51,"MainValue":0.18,"FarRange":146}],"sig":[{"t":"9-1","s":"","d":{"X":-0.52,"Y":0.13}},{"t":"9-2","s":"","d":{"X":-0.24,"Y":0.73}},{"t":"X1","s":"","d":{"X":-0.334,"Y":0.807}}],"clr":{"R":201,"G":245,"B":251,"A":255}},"LN6-4-88":{"pid":"LN6-S","orb":4270.81,"per":71.18,"ang":249.51,"t":"ASTEROID","sp":"ASTEROID-2","s":20.76,"m":124.43,"gd":34.61,"wic":{},"woc":{},"wgc":{},"emm":[{"Type":"1","MainRange":78,"MainValue":0.22,"FarRange":106}],"sig":[{"t":"9-1","s":"","d":{"X":-0.33,"Y":0.71}},{"t":"9-2","s":"","d":{"X":0.07,"Y":-0.59}},{"t":"X1","s":"","d":{"X":0.236,"Y":0.576}}],"clr":{"R":246,"G":252,"B":231,"A":255}},"LN6-4-89":{"pid":"LN6-S","orb":3771.39,"per":62.85,"ang":61.24,"t":"ASTEROID","sp":"ASTEROID-5","s":3.9,"m":0.82,"gd":6.5,"wic":{},"woc":{},"wgc":{},"emm":[{"Type":"1","MainRange":62,"MainValue":0.25,"FarRange":114}],"sig":[{"t":"9-1","s":"","d":{"X":-0.83,"Y":-0.48}},{"t":"9-2","s":"","d":{"X":-0.48,"Y":-0.5}},{"t":"X1","s":"","d":{"X":0.238,"Y":0.735}}],"clr":{"R":243,"G":254,"B":254,"A":255}},"LN6-4-9":{"pid":"LN6-S","orb":4048.19,"per":67.46,"ang":161.49,"t":"ASTEROID","sp":"ASTEROID-1","s":14.21,"m":39.86,"gd":23.68,"wic":{},"woc":{},"wgc":{},"emm":[{"Type":"1","MainRange":36.9,"MainValue":0.11,"FarRange":41}],"sig":[{"t":"9-1","s":"","d":{"X":-0.39,"Y":0.74}},{"t":"9-2","s":"","d":{"X":-0.1,"Y":0.72}},{"t":"X1","s":"","d":{"X":-0.359,"Y":-0.682}}],"clr":{"R":249,"G":227,"B":238,"A":255}},"LN6-4-90":{"pid":"LN6-S","orb":3921.33,"per":65.35,"ang":287.77,"t":"ASTEROID","sp":"ASTEROID-1","s":17.38,"m":72.97,"gd":28.97,"wic":{},"woc":{},"wgc":{},"emm":[{"Type":"1","MainRange":45,"MainValue":0.26,"FarRange":94}],"sig":[{"t":"9-1","s":"","d":{"X":-0.88,"Y":-0.39}},{"t":"9-2","s":"","d":{"X":0.13,"Y":0.5}},{"t":"X1","s":"","d":{"X":-0.201,"Y":-0.358}}],"clr":{"R":254,"G":216,"B":227,"A":255}},"LN6-4-91":{"pid":"LN6-S","orb":3513.73,"per":58.56,"ang":195.48,"t":"ASTEROID","sp":"ASTEROID-4","s":22.2,"m":151.96,"gd":37,"wic":{},"woc":{},"wgc":{},"emm":[{"Type":"1","MainRange":49,"MainValue":0.26,"FarRange":199},{"Type":"19","MainRange":48,"MainValue":0.18,"FarRange":169}],"sig":[{"t":"9-1","s":"","d":{"X":0.44,"Y":0.76}},{"t":"9-2","s":"","d":{"X":0.71,"Y":0.2}},{"t":"X1","s":"","d":{"X":-0.15,"Y":0.929}},{"t":"X19","s":"","d":{"X":0.68,"Y":-0.05}}],"clr":{"R":247,"G":174,"B":232,"A":255}},"LN6-4-92":{"pid":"LN6-S","orb":4771.24,"per":79.52,"ang":335.98,"t":"ASTEROID","sp":"ASTEROID-4","s":16.19,"m":58.95,"gd":26.98,"wic":{},"woc":{},"wgc":{},"emm":[{"Type":"1","MainRange":48,"MainValue":0.21,"FarRange":136}],"sig":[{"t":"9-1","s":"","d":{"X":-0.17,"Y":0.86}},{"t":"9-2","s":"","d":{"X":-0.56,"Y":-0.04}},{"t":"X1","s":"","d":{"X":-0.258,"Y":-0.056}}],"clr":{"R":250,"G":237,"B":216,"A":255}},"LN6-4-93":{"pid":"LN6-S","orb":4569.43,"per":76.15,"ang":77.92,"t":"ASTEROID","sp":"ASTEROID-3","s":20.22,"m":114.81,"gd":33.7,"wic":{},"woc":{},"wgc":{},"emm":[{"Type":"1","MainRange":59,"MainValue":0.26,"FarRange":94}],"sig":[{"t":"9-1","s":"","d":{"X":0.93,"Y":-0.26}},{"t":"9-2","s":"","d":{"X":-0.27,"Y":-0.5}},{"t":"X1","s":"","d":{"X":0.599,"Y":0.006}}],"clr":{"R":252,"G":252,"B":254,"A":255}},"LN6-4-94":{"pid":"LN6-S","orb":3857.04,"per":64.28,"ang":288.47,"t":"ASTEROID","sp":"ASTEROID-1","s":14.37,"m":41.28,"gd":23.96,"wic":{},"woc":{},"wgc":{},"emm":[{"Type":"1","MainRange":29,"MainValue":0.2,"FarRange":143}],"sig":[{"t":"9-1","s":"","d":{"X":-0.61,"Y":0.08}},{"t":"9-2","s":"","d":{"X":-0.73,"Y":-0.04}},{"t":"X1","s":"","d":{"X":-0.561,"Y":-0.813}}],"clr":{"R":248,"G":249,"B":238,"A":255}},"LN6-4-95":{"pid":"LN6-S","orb":3093.63,"per":51.56,"ang":8.42,"t":"ASTEROID","sp":"ASTEROID-3","s":20.89,"m":126.62,"gd":34.81,"wic":{},"woc":{},"wgc":{},"emm":[{"Type":"1","MainRange":36,"MainValue":0.14,"FarRange":147}],"sig":[{"t":"9-1","s":"","d":{"X":0.34,"Y":-0.31}},{"t":"9-2","s":"","d":{"X":0.23,"Y":-0.24}},{"t":"X1","s":"","d":{"X":-0.749,"Y":0.229}}],"clr":{"R":246,"G":161,"B":211,"A":255}},"LN6-4-96":{"pid":"LN6-S","orb":4129.84,"per":68.83,"ang":211.52,"t":"ASTEROID","sp":"ASTEROID-1","s":15.01,"m":47,"gd":25.02,"wic":{},"woc":{},"wgc":{},"emm":[{"Type":"1","MainRange":46,"MainValue":0.23,"FarRange":124}],"sig":[{"t":"9-1","s":"","d":{"X":0.4,"Y":-0.65}},{"t":"9-2","s":"","d":{"X":0.51}},{"t":"X1","s":"","d":{"X":0.205,"Y":0.753}}],"clr":{"R":174,"G":187,"B":235,"A":255}},"LN6-4-97":{"pid":"LN6-S","orb":4191.48,"per":69.85,"ang":293.32,"t":"ASTEROID","sp":"ASTEROID-3","s":15.59,"m":52.68,"gd":25.99,"wic":{},"woc":{},"wgc":{},"emm":[{"Type":"1","MainRange":49,"MainValue":0.23,"FarRange":98}],"sig":[{"t":"9-1","s":"","d":{"X":0.24,"Y":-0.93}},{"t":"9-2","s":"","d":{"X":-0.14,"Y":0.44}},{"t":"X1","s":"","d":{"X":0.832,"Y":0.436}}],"clr":{"R":243,"G":219,"B":210,"A":255}},"LN6-4-98":{"pid":"LN6-S","orb":4046.02,"per":67.43,"ang":232.67,"t":"ASTEROID","sp":"ASTEROID-4","s":18.52,"m":88.31,"gd":30.87,"wic":{},"woc":{},"wgc":{},"emm":[{"Type":"1","MainRange":55,"MainValue":0.18,"FarRange":145}],"sig":[{"t":"9-1","s":"","d":{"X":0.55,"Y":0.15}},{"t":"9-2","s":"","d":{"X":0.4,"Y":0.39}},{"t":"X1","s":"","d":{"X":0.729,"Y":-0.488}}],"clr":{"R":246,"G":197,"B":216,"A":255}},"LN6-4-99":{"pid":"LN6-S","orb":3830.85,"per":63.84,"ang":146.69,"t":"ASTEROID","sp":"ASTEROID-4","s":22.23,"m":152.61,"gd":37.05,"wic":{},"woc":{},"wgc":{},"emm":[{"Type":"1","MainRange":60,"MainValue":0.22,"FarRange":190}],"sig":[{"t":"9-1","s":"","d":{"X":0.71,"Y":0.67}},{"t":"9-2","s":"","d":{"X":0.37,"Y":0.34}},{"t":"X1","s":"","d":{"X":-0.987,"Y":-0.024}}],"clr":{"R":227,"G":240,"B":204,"A":255}},"LN6-449":{"pid":"LN6-S","orb":1273.36,"per":21.22,"t":"HARDPLANET","sp":"HARDPLANET-8","s":62.37,"m":14150.06,"gd":178.21,"wic":{},"woc":{},"wgc":{},"sig":[{"t":"0-1","s":"","d":{"X":0.31,"Y":0.81}},{"t":"1-1","s":"","d":{"X":-0.06,"Y":-0.6}},{"t":"3-2","s":"","d":{"X":-0.21,"Y":0.64}},{"t":"4-2","s":"","d":{"X":-0.75,"Y":0.49}},{"t":"5-1","s":"","d":{"X":0.17,"Y":-0.25}},{"t":"6-2","s":"","d":{"X":-0.45,"Y":0.13}},{"t":"7-4","s":"","d":{"X":-0.57,"Y":-0.77}},{"t":"9-1","s":"","d":{"X":0.43,"Y":-0.19}},{"t":"9-2","s":"","d":{"X":-0.07,"Y":0.48}},{"t":"10-1","s":"","d":{"X":-0.73,"Y":0.17}},{"t":"10-2","s":"","d":{"X":-0.16,"Y":-0.45}},{"t":"11-1","s":"","d":{"X":0.19,"Y":-0.05}},{"t":"12-1","s":"","d":{"X":-0.42,"Y":-0.11}},{"t":"13-1","s":"","d":{"X":0.19,"Y":0.66}},{"t":"13-2","s":"","d":{"X":-0.2,"Y":0.36}}],"clr":{"R":223,"G":243,"B":209,"A":255}},"LN6-678":{"pid":"LN6-S","orb":2909.03,"per":48.48,"t":"GASPLANET","sp":"GASPLANET-1","s":208.08,"m":87600.12,"gd":346.81,"wic":{},"woc":{},"wgc":{},"sig":[{"t":"0-2","s":"","d":{"X":-0.3,"Y":-0.71}},{"t":"1-3","s":"","d":{"X":0.51,"Y":-0.1}},{"t":"3-1","s":"","d":{"X":0.37,"Y":-0.48}},{"t":"6-3","s":"","d":{"X":-0.92,"Y":-0.29}},{"t":"7-3","s":"","d":{"X":-0.67,"Y":-0.51}},{"t":"8-1","s":"","d":{"X":-0.24,"Y":-0.6}},{"t":"8-2","s":"","d":{"X":-0.24,"Y":-0.88}},{"t":"10-2","s":"","d":{"X":-0.22,"Y":0.34}},{"t":"11-1","s":"","d":{"X":0.44,"Y":-0.19}}],"clr":{"R":246,"G":253,"B":227,"A":255}},"LN6-678-0":{"pid":"LN6-678","orb":464.79,"per":7.74,"ang":316.1,"t":"ASTEROID","sp":"ASTEROID-5","s":14.75,"m":44.63,"gd":24.59,"wic":{},"woc":{},"wgc":{},"emm":[{"Type":"1","MainRange":58,"MainValue":0.12,"FarRange":111}],"sig":[{"t":"9-1","s":"","d":{"X":-0.33,"Y":-0.39}},{"t":"9-2","s":"","d":{"X":0.35,"Y":-0.41}},{"t":"X1","s":"","d":{"X":-0.776,"Y":0.452}}],"clr":{"R":254,"G":220,"B":241,"A":255}},"LN6-678-1":{"pid":"LN6-678","orb":328.71,"per":5.47,"ang":215.81,"t":"ASTEROID","sp":"ASTEROID-1","s":9.94,"m":13.66,"gd":16.57,"wic":{},"woc":{},"wgc":{},"emm":[{"Type":"1","MainRange":62,"MainValue":0.09,"FarRange":127},{"Type":"14","MainRange":77,"MainValue":0.08,"FarRange":163}],"sig":[{"t":"9-1","s":"","d":{"X":-0.5,"Y":-0.02}},{"t":"9-2","s":"","d":{"X":0.03,"Y":0.08}},{"t":"X1","s":"","d":{"X":-0.429,"Y":0.36}},{"t":"X14","s":"","d":{"X":0.235,"Y":0.826}}],"clr":{"R":186,"G":181,"B":249,"A":255}},"LN6-678-10":{"pid":"LN6-678","orb":442.13,"per":7.36,"ang":144.72,"t":"ASTEROID","sp":"ASTEROID-1","s":24.57,"m":206.08,"gd":40.95,"wic":{},"woc":{},"wgc":{},"emm":[{"Type":"1","MainRange":49,"MainValue":0.19,"FarRange":239}],"sig":[{"t":"9-1","s":"","d":{"X":-0.64,"Y":-0.49}},{"t":"9-2","s":"","d":{"X":0.06,"Y":0.6}},{"t":"X1","s":"","d":{"X":-0.273,"Y":-0.73}}],"clr":{"R":244,"G":213,"B":166,"A":255}},"LN6-678-11":{"pid":"LN6-678","orb":417.48,"per":6.95,"ang":332.35,"t":"ASTEROID","sp":"ASTEROID-3","s":19.22,"m":98.69,"gd":32.04,"wic":{},"woc":{},"wgc":{},"emm":[{"Type":"1","MainRange":42,"MainValue":0.2,"FarRange":137}],"sig":[{"t":"9-1","s":"","d":{"X":0.42,"Y":0.87}},{"t":"9-2","s":"","d":{"X":0.04,"Y":-0.36}},{"t":"X1","s":"","d":{"X":-0.187,"Y":-0.407}}],"clr":{"R":195,"G":177,"B":237,"A":255}},"LN6-678-12":{"pid":"LN6-678","orb":358.5,"per":5.97,"ang":288.74,"t":"ASTEROID","sp":"ASTEROID-3","s":28.69,"m":328.25,"gd":47.82,"wic":{},"woc":{},"wgc":{},"emm":[{"Type":"1","MainRange":61,"MainValue":0.23,"FarRange":175}],"sig":[{"t":"9-1","s":"","d":{"X":0.2,"Y":-0.28}},{"t":"9-2","s":"","d":{"X":0.88,"Y":-0.1}},{"t":"X1","s":"","d":{"X":0.586,"Y":0.545}}],"clr":{"R":189,"G":203,"B":243,"A":255}},"LN6-678-13":{"pid":"LN6-678","orb":412.4,"per":6.87,"ang":37.27,"t":"ASTEROID","sp":"ASTEROID-1","s":19.15,"m":97.61,"gd":31.92,"wic":{},"woc":{},"wgc":{},"emm":[{"Type":"1","MainRange":51,"MainValue":0.13,"FarRange":151}],"sig":[{"t":"9-1","s":"","d":{"X":-0.56,"Y":-0.26}},{"t":"9-2","s":"","d":{"X":0.24}},{"t":"X1","s":"","d":{"X":0.814,"Y":0.148}}],"clr":{"R":201,"G":240,"B":213,"A":255}},"LN6-678-14":{"pid":"LN6-678","orb":436.45,"per":7.27,"ang":125.93,"t":"ASTEROID","sp":"ASTEROID-1","s":12,"m":24.01,"gd":20,"wic":{},"woc":{},"wgc":{},"emm":[{"Type":"1","MainRange":57,"MainValue":0.16,"FarRange":102}],"sig":[{"t":"9-1","s":"","d":{"X":-0.52,"Y":-0.66}},{"t":"9-2","s":"","d":{"X":-0.6,"Y":0.03}},{"t":"X1","s":"","d":{"X":0.163,"Y":-0.773}}],"clr":{"R":199,"G":224,"B":254,"A":255}},"LN6-678-15":{"pid":"LN6-678","orb":464.36,"per":7.73,"ang":337,"t":"ASTEROID","sp":"ASTEROID-5","s":27.37,"m":284.91,"gd":45.62,"wic":{},"woc":{},"wgc":{},"emm":[{"Type":"1","MainRange":62,"MainValue":0.3,"FarRange":197},{"Type":"13","MainRange":30,"MainValue":0.08,"FarRange":277},{"Type":"18","MainRange":62,"MainValue":0.17,"FarRange":123},{"Type":"26","MainRange":49,"MainValue":0.24,"FarRange":159},{"Type":"25","MainRange":44,"MainValue":0.15,"FarRange":100},{"Type":"3","MainRange":48,"MainValue":0.17,"FarRange":64},{"Type":"20","MainRange":56,"MainValue":0.35,"FarRange":147},{"Type":"6","MainRange":35,"MainValue":0.14,"FarRange":174},{"Type":"2","MainRange":58,"MainValue":0.2,"FarRange":70}],"sig":[{"t":"9-1","s":"","d":{"X":-0.72,"Y":0.13}},{"t":"9-2","s":"","d":{"X":0.29,"Y":-0.73}},{"t":"X1","s":"","d":{"X":-0.895,"Y":0.218}},{"t":"X13","s":"","d":{"X":-0.706,"Y":-0.215}},{"t":"X18","s":"","d":{"X":0.435,"Y":-0.572}},{"t":"X26","s":"","d":{"X":0.341,"Y":-0.104}},{"t":"X25","s":"","d":{"X":0.12,"Y":-0.502}},{"t":"X3","s":"","d":{"X":0.152,"Y":0.735}},{"t":"X20","s":"","d":{"X":0.914,"Y":0.239}},{"t":"X6","s":"","d":{"X":-0.017,"Y":0.696}},{"t":"X2","s":"","d":{"X":0.033,"Y":-0.258}}],"clr":{"R":223,"G":240,"B":173,"A":255}},"LN6-678-16":{"pid":"LN6-678","orb":409.16,"per":6.81,"ang":300.33,"t":"ASTEROID","sp":"ASTEROID-5","s":17.94,"m":80.21,"gd":29.9,"wic":{},"woc":{},"wgc":{},"emm":[{"Type":"1","MainRange":58.5,"MainValue":0.13,"FarRange":65}],"sig":[{"t":"9-1","s":"","d":{"X":0.11,"Y":0.82}},{"t":"9-2","s":"","d":{"X":-0.88,"Y":0.35}},{"t":"X1","s":"","d":{"X":-0.761,"Y":-0.574}}],"clr":{"R":199,"G":238,"B":249,"A":255}},"LN6-678-17":{"pid":"LN6-678","orb":413.57,"per":6.89,"ang":81.16,"t":"ASTEROID","sp":"ASTEROID-3","s":14.3,"m":40.63,"gd":23.83,"wic":{},"woc":{},"wgc":{},"emm":[{"Type":"1","MainRange":58,"MainValue":0.15,"FarRange":162}],"sig":[{"t":"9-1","s":"","d":{"X":0.53,"Y":0.57}},{"t":"9-2","s":"","d":{"X":-0.32,"Y":0.57}},{"t":"X1","s":"","d":{"X":-0.378,"Y":0.021}}],"clr":{"R":171,"G":222,"B":251,"A":255}},"LN6-678-18":{"pid":"LN6-678","orb":439.18,"per":7.31,"ang":276.68,"t":"ASTEROID","sp":"ASTEROID-4","s":14.73,"m":44.39,"gd":24.55,"wic":{},"woc":{},"wgc":{},"emm":[{"Type":"1","MainRange":43,"MainValue":0.2,"FarRange":165}],"sig":[{"t":"9-1","s":"","d":{"X":0.52,"Y":-0.27}},{"t":"9-2","s":"","d":{"X":-0.15,"Y":0.66}},{"t":"X1","s":"","d":{"X":0.107,"Y":-0.42}}],"clr":{"R":254,"G":253,"B":253,"A":255}},"LN6-678-19":{"pid":"LN6-678","orb":408.39,"per":6.8,"ang":142.53,"t":"ASTEROID","sp":"ASTEROID-2","s":18.23,"m":84.22,"gd":30.39,"wic":{},"woc":{},"wgc":{},"emm":[{"Type":"1","MainRange":56,"MainValue":0.29,"FarRange":154}],"sig":[{"t":"9-1","s":"","d":{"X":0.12,"Y":-0.25}},{"t":"9-2","s":"","d":{"X":0.8,"Y":0.54}},{"t":"X1","s":"","d":{"X":0.115,"Y":0.118}}],"clr":{"R":254,"G":253,"B":236,"A":255}},"LN6-678-2":{"pid":"LN6-678","orb":396.48,"per":6.6,"ang":209.22,"t":"ASTEROID","sp":"ASTEROID-4","s":11.84,"m":23.07,"gd":19.73,"wic":{},"woc":{},"wgc":{},"emm":[{"Type":"1","MainRange":12,"MainValue":0.23,"FarRange":101}],"sig":[{"t":"9-1","s":"","d":{"X":-0.18,"Y":-0.51}},{"t":"9-2","s":"","d":{"X":-0.33,"Y":-0.67}},{"t":"X1","s":"","d":{"X":0.113,"Y":0.492}}],"clr":{"R":249,"G":244,"B":193,"A":255}},"LN6-678-20":{"pid":"LN6-678","orb":389.85,"per":6.49,"ang":151.88,"t":"ASTEROID","sp":"ASTEROID-3","s":18.87,"m":93.34,"gd":31.45,"wic":{},"woc":{},"wgc":{},"emm":[{"Type":"1","MainRange":27,"MainValue":0.14,"FarRange":109}],"sig":[{"t":"9-1","s":"","d":{"X":-0.06,"Y":0.18}},{"t":"9-2","s":"","d":{"X":0.22,"Y":-0.49}},{"t":"X1","s":"","d":{"X":-0.392,"Y":0.634}}],"clr":{"R":249,"G":248,"B":253,"A":255}},"LN6-678-21":{"pid":"LN6-678","orb":409.18,"per":6.81,"ang":252.22,"t":"ASTEROID","sp":"ASTEROID-3","s":24.97,"m":216.28,"gd":41.61,"wic":{},"woc":{},"wgc":{},"emm":[{"Type":"1","MainRange":44,"MainValue":0.19,"FarRange":156}],"sig":[{"t":"9-1","s":"","d":{"X":-0.71,"Y":-0.3}},{"t":"9-2","s":"","d":{"X":0.76,"Y":0.42}},{"t":"X1","s":"","d":{"X":0.018,"Y":0.072}}],"clr":{"R":241,"G":167,"B":169,"A":255}},"LN6-678-22":{"pid":"LN6-678","orb":465.22,"per":7.75,"ang":254.36,"t":"ASTEROID","sp":"ASTEROID-2","s":13.53,"m":34.44,"gd":22.55,"wic":{},"woc":{},"wgc":{},"emm":[{"Type":"1","MainRange":70,"MainValue":0.05,"FarRange":91}],"sig":[{"t":"9-1","s":"","d":{"X":-0.33,"Y":-0.36}},{"t":"9-2","s":"","d":{"X":-0.33,"Y":-0.29}},{"t":"X1","s":"","d":{"X":-0.819,"Y":0.204}}],"clr":{"R":241,"G":169,"B":253,"A":255}},"LN6-678-23":{"pid":"LN6-678","orb":424.9,"per":7.08,"ang":328.73,"t":"ASTEROID","sp":"ASTEROID-5","s":27.26,"m":281.38,"gd":45.43,"wic":{},"woc":{},"wgc":{},"emm":[{"Type":"1","MainRange":50,"MainValue":0.26,"FarRange":204}],"sig":[{"t":"9-1","s":"","d":{"X":0.05,"Y":-0.97}},{"t":"9-2","s":"","d":{"X":0.02,"Y":-0.13}},{"t":"X1","s":"","d":{"X":-0.82,"Y":-0.179}}],"clr":{"R":226,"G":249,"B":251,"A":255}},"LN6-678-24":{"pid":"LN6-678","orb":414.3,"per":6.9,"ang":81.68,"t":"ASTEROID","sp":"ASTEROID-3","s":13.9,"m":37.33,"gd":23.17,"wic":{},"woc":{},"wgc":{},"emm":[{"Type":"1","MainRange":56,"MainValue":0.19,"FarRange":171}],"sig":[{"t":"9-1","s":"","d":{"X":-0.67,"Y":-0.29}},{"t":"9-2","s":"","d":{"X":-0.79,"Y":-0.56}},{"t":"X1","s":"","d":{"X":0.015,"Y":-0.285}}],"clr":{"R":230,"G":251,"B":195,"A":255}},"LN6-678-25":{"pid":"LN6-678","orb":459.94,"per":7.66,"ang":57.53,"t":"ASTEROID","sp":"ASTEROID-4","s":13.91,"m":37.41,"gd":23.19,"wic":{},"woc":{},"wgc":{},"emm":[{"Type":"1","MainRange":44,"MainValue":0.23,"FarRange":165}],"sig":[{"t":"9-1","s":"","d":{"X":0.58,"Y":0.3}},{"t":"9-2","s":"","d":{"X":0.45,"Y":-0.35}},{"t":"X1","s":"","d":{"X":0.269,"Y":-0.42}}],"clr":{"R":206,"G":252,"B":209,"A":255}},"LN6-678-26":{"pid":"LN6-678","orb":394.52,"per":6.57,"ang":318.6,"t":"ASTEROID","sp":"ASTEROID-5","s":21.91,"m":146.24,"gd":36.53,"wic":{},"woc":{},"wgc":{},"emm":[{"Type":"1","MainRange":21,"MainValue":0.18,"FarRange":175}],"sig":[{"t":"9-1","s":"","d":{"X":0.01,"Y":-0.63}},{"t":"9-2","s":"","d":{"X":-0.02,"Y":0.03}},{"t":"X1","s":"","d":{"X":-0.365,"Y":0.151}}],"clr":{"R":249,"G":164,"B":193,"A":255}},"LN6-678-27":{"pid":"LN6-678","orb":454.13,"per":7.56,"ang":239.77,"t":"ASTEROID","sp":"ASTEROID-3","s":18.78,"m":92.12,"gd":31.31,"wic":{},"woc":{},"wgc":{},"emm":[{"Type":"1","MainRange":28,"MainValue":0.16,"FarRange":161}],"sig":[{"t":"9-1","s":"","d":{"X":0.33,"Y":0.34}},{"t":"9-2","s":"","d":{"X":-0.51,"Y":-0.64}},{"t":"X1","s":"","d":{"X":0.48,"Y":-0.021}}],"clr":{"R":254,"G":164,"B":235,"A":255}},"LN6-678-28":{"pid":"LN6-678","orb":385.06,"per":6.41,"ang":290.86,"t":"ASTEROID","sp":"ASTEROID-3","s":18.49,"m":87.84,"gd":30.82,"wic":{},"woc":{},"wgc":{},"emm":[{"Type":"1","MainRange":87,"MainValue":0.21,"FarRange":243}],"sig":[{"t":"9-1","s":"","d":{"X":-0.59,"Y":-0.29}},{"t":"9-2","s":"","d":{"X":0.32,"Y":-0.75}},{"t":"X1","s":"","d":{"X":-0.326,"Y":0.088}}],"clr":{"R":178,"G":200,"B":250,"A":255}},"LN6-678-29":{"pid":"LN6-678","orb":392.57,"per":6.54,"ang":304.83,"t":"ASTEROID","sp":"ASTEROID-1","s":18.37,"m":86.14,"gd":30.62,"wic":{},"woc":{},"wgc":{},"emm":[{"Type":"1","MainRange":71,"MainValue":0.1,"FarRange":140}],"sig":[{"t":"9-1","s":"","d":{"X":0.19,"Y":0.34}},{"t":"9-2","s":"","d":{"X":0.9,"Y":0.17}},{"t":"X1","s":"","d":{"X":-0.332,"Y":-0.211}}],"clr":{"R":240,"G":253,"B":225,"A":255}},"LN6-678-3":{"pid":"LN6-678","orb":461.27,"per":7.68,"ang":274.77,"t":"ASTEROID","sp":"ASTEROID-5","s":22.54,"m":159.12,"gd":37.57,"wic":{},"woc":{},"wgc":{},"emm":[{"Type":"1","MainRange":76,"MainValue":0.17,"FarRange":150}],"sig":[{"t":"9-1","s":"","d":{"X":-0.41,"Y":0.03}},{"t":"9-2","s":"","d":{"X":0.14,"Y":0.98}},{"t":"X1","s":"","d":{"X":0.642,"Y":0.505}}],"clr":{"R":238,"G":242,"B":215,"A":255}},"LN6-678-30":{"pid":"LN6-678","orb":371.15,"per":6.18,"ang":242.07,"t":"ASTEROID","sp":"ASTEROID-5","s":22.66,"m":161.66,"gd":37.77,"wic":{},"woc":{},"wgc":{},"emm":[{"Type":"1","MainRange":42,"MainValue":0.19,"FarRange":132}],"sig":[{"t":"9-1","s":"","d":{"X":-0.13,"Y":-0.9}},{"t":"9-2","s":"","d":{"X":0.79,"Y":0.01}},{"t":"X1","s":"","d":{"X":0.187,"Y":0.318}}],"clr":{"R":220,"G":241,"B":207,"A":255}},"LN6-678-31":{"pid":"LN6-678","orb":427.46,"per":7.12,"ang":127.63,"t":"ASTEROID","sp":"ASTEROID-1","s":23.98,"m":191.63,"gd":39.97,"wic":{},"woc":{},"wgc":{},"emm":[{"Type":"1","MainRange":30,"MainValue":0.23,"FarRange":157}],"sig":[{"t":"9-1","s":"","d":{"X":0.8,"Y":0.26}},{"t":"9-2","s":"","d":{"X":-0.14,"Y":-0.24}},{"t":"X1","s":"","d":{"X":0.298,"Y":-0.403}}],"clr":{"R":238,"G":229,"B":198,"A":255}},"LN6-678-32":{"pid":"LN6-678","orb":470.11,"per":7.83,"ang":100.55,"t":"ASTEROID","sp":"ASTEROID-1","s":28.55,"m":323.54,"gd":47.59,"wic":{},"woc":{},"wgc":{},"emm":[{"Type":"1","MainRange":41,"MainValue":0.16,"FarRange":159}],"sig":[{"t":"9-1","s":"","d":{"X":0.37,"Y":0.66}},{"t":"9-2","s":"","d":{"X":0.23,"Y":0.34}},{"t":"X1","s":"","d":{"X":0.547,"Y":0.129}}],"clr":{"R":230,"G":249,"B":242,"A":255}},"LN6-678-33":{"pid":"LN6-678","orb":501.77,"per":8.36,"ang":287.67,"t":"ASTEROID","sp":"ASTEROID-2","s":15.88,"m":55.7,"gd":26.48,"wic":{},"woc":{},"wgc":{},"emm":[{"Type":"1","MainRange":63,"MainValue":0.24,"FarRange":135}],"sig":[{"t":"9-1","s":"","d":{"X":0.25,"Y":0.33}},{"t":"9-2","s":"","d":{"X":0.01,"Y":0.28}},{"t":"X1","s":"","d":{"X":-0.935,"Y":-0.152}}],"clr":{"R":207,"G":244,"B":229,"A":255}},"LN6-678-34":{"pid":"LN6-678","orb":351.67,"per":5.86,"ang":122.24,"t":"ASTEROID","sp":"ASTEROID-1","s":19.8,"m":107.85,"gd":33,"wic":{},"woc":{},"wgc":{},"emm":[{"Type":"1","MainRange":55,"MainValue":0.16,"FarRange":145}],"sig":[{"t":"9-1","s":"","d":{"X":0.25,"Y":0.4}},{"t":"9-2","s":"","d":{"X":-0.69,"Y":0.16}},{"t":"X1","s":"","d":{"X":-0.189,"Y":0.551}}],"clr":{"R":254,"G":254,"B":254,"A":255}},"LN6-678-35":{"pid":"LN6-678","orb":397.44,"per":6.62,"ang":96.89,"t":"ASTEROID","sp":"ASTEROID-5","s":12.51,"m":27.22,"gd":20.85,"wic":{},"woc":{},"wgc":{},"emm":[{"Type":"1","MainRange":63,"MainValue":0.18,"FarRange":240}],"sig":[{"t":"9-1","s":"","d":{"X":0.59,"Y":-0.64}},{"t":"9-2","s":"","d":{"X":-0.39,"Y":0.71}},{"t":"X1","s":"","d":{"X":0.001,"Y":0.739}}],"clr":{"R":207,"G":215,"B":254,"A":255}},"LN6-678-36":{"pid":"LN6-678","orb":410.49,"per":6.84,"ang":282.87,"t":"ASTEROID","sp":"ASTEROID-5","s":16.51,"m":62.54,"gd":27.52,"wic":{},"woc":{},"wgc":{},"emm":[{"Type":"1","MainRange":61,"MainValue":0.19,"FarRange":222}],"sig":[{"t":"9-1","s":"","d":{"X":0.45,"Y":0.78}},{"t":"9-2","s":"","d":{"X":-0.49,"Y":0.46}},{"t":"X1","s":"","d":{"X":-0.198,"Y":0.622}}],"clr":{"R":253,"G":199,"B":176,"A":255}},"LN6-678-37":{"pid":"LN6-678","orb":382.07,"per":6.36,"ang":89.68,"t":"ASTEROID","sp":"ASTEROID-1","s":23.86,"m":188.86,"gd":39.78,"wic":{},"woc":{},"wgc":{},"emm":[{"Type":"1","MainRange":54,"MainValue":0.16,"FarRange":174}],"sig":[{"t":"9-1","s":"","d":{"X":0.73,"Y":0.52}},{"t":"9-2","s":"","d":{"X":0.2,"Y":-0.75}},{"t":"X1","s":"","d":{"X":0.477,"Y":-0.866}}],"clr":{"R":220,"G":178,"B":235,"A":255}},"LN6-678-38":{"pid":"LN6-678","orb":420.49,"per":7,"ang":69.38,"t":"ASTEROID","sp":"ASTEROID-1","s":26.3,"m":252.72,"gd":43.83,"wic":{},"woc":{},"wgc":{},"emm":[{"Type":"1","MainRange":41,"MainValue":0.25,"FarRange":64}],"sig":[{"t":"9-1","s":"","d":{"X":0.29,"Y":0.15}},{"t":"9-2","s":"","d":{"X":0.03,"Y":0.4}},{"t":"X1","s":"","d":{"X":0.683,"Y":0.553}}],"clr":{"R":213,"G":245,"B":201,"A":255}},"LN6-678-39":{"pid":"LN6-678","orb":432.44,"per":7.2,"ang":102.51,"t":"ASTEROID","sp":"ASTEROID-3","s":25.84,"m":239.64,"gd":43.06,"wic":{},"woc":{},"wgc":{},"emm":[{"Type":"1","MainRange":37,"MainValue":0.19,"FarRange":118}],"sig":[{"t":"9-1","s":"","d":{"X":-0.43,"Y":-0.22}},{"t":"9-2","s":"","d":{"X":0.76,"Y":0.42}},{"t":"X1","s":"","d":{"X":0.615,"Y":0.194}}],"clr":{"R":219,"G":241,"B":207,"A":255}},"LN6-678-4":{"pid":"LN6-678","orb":409.5,"per":6.82,"ang":215.66,"t":"ASTEROID","sp":"ASTEROID-5","s":24.28,"m":198.86,"gd":40.47,"wic":{},"woc":{},"wgc":{},"emm":[{"Type":"1","MainRange":34,"MainValue":0.15,"FarRange":200}],"sig":[{"t":"9-1","s":"","d":{"X":0.89,"Y":-0.19}},{"t":"9-2","s":"","d":{"X":-0.32,"Y":0.81}},{"t":"X1","s":"","d":{"X":0.414,"Y":-0.004}}],"clr":{"R":236,"G":234,"B":253,"A":255}},"LN6-678-40":{"pid":"LN6-678","orb":337.29,"per":5.62,"ang":264.44,"t":"ASTEROID","sp":"ASTEROID-5","s":19.5,"m":103.08,"gd":32.51,"wic":{},"woc":{},"wgc":{},"emm":[{"Type":"1","MainRange":52,"MainValue":0.21,"FarRange":189}],"sig":[{"t":"9-1","s":"","d":{"X":-0.47,"Y":-0.37}},{"t":"9-2","s":"","d":{"X":0.43,"Y":0.05}},{"t":"X1","s":"","d":{"X":-0.186,"Y":-0.474}}],"clr":{"R":246,"G":236,"B":249,"A":255}},"LN6-678-41":{"pid":"LN6-678","orb":396.14,"per":6.6,"ang":67.67,"t":"ASTEROID","sp":"ASTEROID-2","s":25.94,"m":242.59,"gd":43.24,"wic":{},"woc":{},"wgc":{},"emm":[{"Type":"1","MainRange":54,"MainValue":0.22,"FarRange":202}],"sig":[{"t":"9-1","s":"","d":{"X":-0.45,"Y":0.71}},{"t":"9-2","s":"","d":{"X":0.33,"Y":-0.88}},{"t":"X1","s":"","d":{"X":-0.485,"Y":-0.058}}],"clr":{"R":225,"G":208,"B":243,"A":255}},"LN6-678-42":{"pid":"LN6-678","orb":403.74,"per":6.72,"ang":288.53,"t":"ASTEROID","sp":"ASTEROID-1","s":11.38,"m":20.49,"gd":18.97,"wic":{},"woc":{},"wgc":{},"emm":[{"Type":"1","MainRange":66,"MainValue":0.2,"FarRange":121}],"sig":[{"t":"9-1","s":"","d":{"X":0.58,"Y":-0.58}},{"t":"9-2","s":"","d":{"X":0.39,"Y":-0.2}},{"t":"X1","s":"","d":{"X":-0.043,"Y":-0.731}}],"clr":{"R":254,"G":253,"B":254,"A":255}},"LN6-678-43":{"pid":"LN6-678","orb":426.26,"per":7.1,"ang":286.33,"t":"ASTEROID","sp":"ASTEROID-4","s":20.19,"m":114.36,"gd":33.65,"wic":{},"woc":{},"wgc":{},"emm":[{"Type":"1","MainRange":70,"MainValue":0.23,"FarRange":193}],"sig":[{"t":"9-1","s":"","d":{"X":-0.01,"Y":-0.41}},{"t":"9-2","s":"","d":{"X":-0.62,"Y":-0.48}},{"t":"X1","s":"","d":{"X":0.394,"Y":-0.142}}],"clr":{"R":210,"G":253,"B":230,"A":255}},"LN6-678-44":{"pid":"LN6-678","orb":317.13,"per":5.28,"ang":3.56,"t":"ASTEROID","sp":"ASTEROID-1","s":21.53,"m":138.62,"gd":35.88,"wic":{},"woc":{},"wgc":{},"emm":[{"Type":"1","MainRange":53,"MainValue":0.18,"FarRange":71}],"sig":[{"t":"9-1","s":"","d":{"X":0.61,"Y":-0.13}},{"t":"9-2","s":"","d":{"X":0.24,"Y":-0.92}},{"t":"X1","s":"","d":{"X":-0.08,"Y":-0.584}}],"clr":{"R":228,"G":188,"B":235,"A":255}},"LN6-678-45":{"pid":"LN6-678","orb":453.15,"per":7.55,"ang":129.85,"t":"ASTEROID","sp":"ASTEROID-1","s":29.32,"m":350.22,"gd":48.87,"wic":{},"woc":{},"wgc":{},"emm":[{"Type":"1","MainRange":60,"MainValue":0.21,"FarRange":226}],"sig":[{"t":"9-1","s":"","d":{"X":0.56,"Y":0.81}},{"t":"9-2","s":"","d":{"X":0.79,"Y":-0.04}},{"t":"X1","s":"","d":{"X":-0.293,"Y":0.297}}],"clr":{"R":165,"G":246,"B":239,"A":255}},"LN6-678-46":{"pid":"LN6-678","orb":446.38,"per":7.43,"ang":11.57,"t":"ASTEROID","sp":"ASTEROID-1","s":19.01,"m":95.47,"gd":31.69,"wic":{},"woc":{},"wgc":{},"emm":[{"Type":"1","MainRange":74,"MainValue":0.27,"FarRange":125}],"sig":[{"t":"9-1","s":"","d":{"X":0.3,"Y":-0.03}},{"t":"9-2","s":"","d":{"X":-0.25,"Y":0.48}},{"t":"X1","s":"","d":{"X":0.292,"Y":0.275}}],"clr":{"R":186,"G":251,"B":242,"A":255}},"LN6-678-47":{"pid":"LN6-678","orb":359.52,"per":5.99,"ang":11.65,"t":"ASTEROID","sp":"ASTEROID-1","s":14.89,"m":45.86,"gd":24.81,"wic":{},"woc":{},"wgc":{},"emm":[{"Type":"1","MainRange":48,"MainValue":0.26,"FarRange":138}],"sig":[{"t":"9-1","s":"","d":{"X":-0.82,"Y":0.16}},{"t":"9-2","s":"","d":{"X":0.17,"Y":-0.45}},{"t":"X1","s":"","d":{"X":0.675,"Y":-0.059}}],"clr":{"R":207,"G":228,"B":248,"A":255}},"LN6-678-48":{"pid":"LN6-678","orb":339.08,"per":5.65,"ang":127.35,"t":"ASTEROID","sp":"ASTEROID-1","s":25.35,"m":226.33,"gd":42.25,"wic":{},"woc":{},"wgc":{},"emm":[{"Type":"1","MainRange":52,"MainValue":0.17,"FarRange":185}],"sig":[{"t":"9-1","s":"","d":{"X":-0.29,"Y":-0.3}},{"t":"9-2","s":"","d":{"X":0.33,"Y":0.37}},{"t":"X1","s":"","d":{"X":0.962,"Y":-0.02}}],"clr":{"R":239,"G":211,"B":183,"A":255}},"LN6-678-49":{"pid":"LN6-678","orb":446.32,"per":7.43,"ang":217.61,"t":"ASTEROID","sp":"ASTEROID-2","s":12.29,"m":25.78,"gd":20.48,"wic":{},"woc":{},"wgc":{},"emm":[{"Type":"1","MainRange":55,"MainValue":0.19,"FarRange":111},{"Type":"3","MainRange":67,"MainValue":0.19,"FarRange":135},{"Type":"2","MainRange":64,"MainValue":0.11,"FarRange":128}],"sig":[{"t":"9-1","s":"","d":{"X":0.51,"Y":0.62}},{"t":"9-2","s":"","d":{"X":-0.03,"Y":-0.66}},{"t":"X1","s":"","d":{"X":0.231,"Y":-0.549}},{"t":"X3","s":"","d":{"X":0.782,"Y":-0.423}},{"t":"X2","s":"","d":{"X":0.488,"Y":0.393}}],"clr":{"R":252,"G":201,"B":210,"A":255}},"LN6-678-5":{"pid":"LN6-678","orb":420,"per":7,"ang":170.57,"t":"ASTEROID","sp":"ASTEROID-3","s":15.72,"m":53.95,"gd":26.2,"wic":{},"woc":{},"wgc":{},"emm":[{"Type":"1","MainRange":55,"MainValue":0.17,"FarRange":115}],"sig":[{"t":"9-1","s":"","d":{"X":-0.6,"Y":-0.01}},{"t":"9-2","s":"","d":{"X":-0.92,"Y":0.4}},{"t":"X1","s":"","d":{"X":-0.283,"Y":0.739}}],"clr":{"R":232,"G":245,"B":222,"A":255}},"LN6-678-50":{"pid":"LN6-678","orb":382.79,"per":6.37,"ang":82.55,"t":"ASTEROID","sp":"ASTEROID-3","s":25.11,"m":220.09,"gd":41.86,"wic":{},"woc":{},"wgc":{},"emm":[{"Type":"1","MainRange":66,"MainValue":0.03,"FarRange":163}],"sig":[{"t":"9-1","s":"","d":{"X":-0.63,"Y":-0.02}},{"t":"9-2","s":"","d":{"X":-0.19,"Y":0.16}},{"t":"X1","s":"","d":{"X":0.157,"Y":0.868}}],"clr":{"R":160,"G":254,"B":193,"A":255}},"LN6-678-51":{"pid":"LN6-678","orb":441.94,"per":7.36,"ang":138.53,"t":"ASTEROID","sp":"ASTEROID-1","s":21.77,"m":143.42,"gd":36.29,"wic":{},"woc":{},"wgc":{},"emm":[{"Type":"1","MainRange":49,"MainValue":0.25,"FarRange":204}],"sig":[{"t":"9-1","s":"","d":{"X":0.9,"Y":0.2}},{"t":"9-2","s":"","d":{"X":-0.02,"Y":-0.31}},{"t":"X1","s":"","d":{"X":-0.825,"Y":0.281}}],"clr":{"R":254,"G":254,"B":254,"A":255}},"LN6-678-52":{"pid":"LN6-678","orb":416.19,"per":6.93,"ang":218.19,"t":"ASTEROID","sp":"ASTEROID-2","s":28.33,"m":315.97,"gd":47.22,"wic":{},"woc":{},"wgc":{},"emm":[{"Type":"1","MainRange":50,"MainValue":0.24,"FarRange":106}],"sig":[{"t":"9-1","s":"","d":{"X":-0.79,"Y":0.4}},{"t":"9-2","s":"","d":{"X":-0.27,"Y":-0.95}},{"t":"X1","s":"","d":{"X":-0.101,"Y":0.842}}],"clr":{"R":253,"G":249,"B":251,"A":255}},"LN6-678-53":{"pid":"LN6-678","orb":407.24,"per":6.78,"ang":168.31,"t":"ASTEROID","sp":"ASTEROID-5","s":17.11,"m":69.68,"gd":28.53,"wic":{},"woc":{},"wgc":{},"emm":[{"Type":"1","MainRange":43,"MainValue":0.21,"FarRange":94},{"Type":"2","MainRange":54.9,"MainValue":0.28,"FarRange":61}],"sig":[{"t":"9-1","s":"","d":{"X":0.06,"Y":0.29}},{"t":"9-2","s":"","d":{"X":0.44,"Y":0.56}},{"t":"X1","s":"","d":{"X":0.768,"Y":0.031}},{"t":"X2","s":"","d":{"X":-0.146,"Y":-0.747}}],"clr":{"R":229,"G":232,"B":248,"A":255}},"LN6-678-54":{"pid":"LN6-678","orb":379.04,"per":6.31,"ang":20.55,"t":"ASTEROID","sp":"ASTEROID-5","s":13.09,"m":31.18,"gd":21.82,"wic":{},"woc":{},"wgc":{},"emm":[{"Type":"1","MainRange":45,"MainValue":0.22,"FarRange":123}],"sig":[{"t":"9-1","s":"","d":{"X":-0.21,"Y":-0.27}},{"t":"9-2","s":"","d":{"X":0.15,"Y":-0.28}},{"t":"X1","s":"","d":{"X":-0.479,"Y":-0.534}}],"clr":{"R":252,"G":244,"B":251,"A":255}},"LN6-678-55":{"pid":"LN6-678","orb":396.83,"per":6.61,"ang":64.71,"t":"ASTEROID","sp":"ASTEROID-4","s":24.34,"m":200.37,"gd":40.57,"wic":{},"woc":{},"wgc":{},"emm":[{"Type":"1","MainRange":46,"MainValue":0.17,"FarRange":115}],"sig":[{"t":"9-1","s":"","d":{"X":0.79,"Y":0.01}},{"t":"9-2","s":"","d":{"X":-0.48,"Y":-0.76}},{"t":"X1","s":"","d":{"X":0.684,"Y":0.309}}],"clr":{"R":241,"G":250,"B":235,"A":255}},"LN6-678-56":{"pid":"LN6-678","orb":449.3,"per":7.48,"ang":357.27,"t":"ASTEROID","sp":"ASTEROID-2","s":18.03,"m":81.4,"gd":30.05,"wic":{},"woc":{},"wgc":{},"emm":[{"Type":"1","MainRange":29,"MainValue":0.11,"FarRange":103}],"sig":[{"t":"9-1","s":"","d":{"X":-0.65,"Y":-0.05}},{"t":"9-2","s":"","d":{"X":-0.2,"Y":0.11}},{"t":"X1","s":"","d":{"X":-0.599,"Y":0.348}}],"clr":{"R":248,"G":247,"B":253,"A":255}},"LN6-678-57":{"pid":"LN6-678","orb":499.88,"per":8.33,"ang":93.79,"t":"ASTEROID","sp":"ASTEROID-4","s":23.91,"m":190.06,"gd":39.86,"wic":{},"woc":{},"wgc":{},"emm":[{"Type":"1","MainRange":62,"MainValue":0.1,"FarRange":113}],"sig":[{"t":"9-1","s":"","d":{"X":0.77,"Y":-0.61}},{"t":"9-2","s":"","d":{"X":-0.18,"Y":-0.11}},{"t":"X1","s":"","d":{"X":0.453,"Y":0.028}}],"clr":{"R":176,"G":244,"B":253,"A":255}},"LN6-678-58":{"pid":"LN6-678","orb":364.7,"per":6.07,"ang":311.06,"t":"ASTEROID","sp":"ASTEROID-3","s":17.31,"m":72.1,"gd":28.85,"wic":{},"woc":{},"wgc":{},"emm":[{"Type":"1","MainRange":38,"MainValue":0.19,"FarRange":153}],"sig":[{"t":"9-1","s":"","d":{"X":-0.67,"Y":-0.11}},{"t":"9-2","s":"","d":{"X":0.76,"Y":0.39}},{"t":"X1","s":"","d":{"X":-0.6,"Y":0.073}}],"clr":{"R":198,"G":240,"B":238,"A":255}},"LN6-678-59":{"pid":"LN6-678","orb":441.17,"per":7.35,"ang":332.86,"t":"ASTEROID","sp":"ASTEROID-5","s":13.57,"m":34.75,"gd":22.62,"wic":{},"woc":{},"wgc":{},"emm":[{"Type":"1","MainRange":20,"MainValue":0.24,"FarRange":199}],"sig":[{"t":"9-1","s":"","d":{"X":-0.18,"Y":0.42}},{"t":"9-2","s":"","d":{"X":0.16,"Y":-0.71}},{"t":"X1","s":"","d":{"X":-0.351,"Y":0.59}}],"clr":{"R":246,"G":252,"B":252,"A":255}},"LN6-678-6":{"pid":"LN6-678","orb":449.47,"per":7.49,"ang":252.94,"t":"ASTEROID","sp":"ASTEROID-1","s":12.14,"m":24.86,"gd":20.23,"wic":{},"woc":{},"wgc":{},"emm":[{"Type":"1","MainRange":46,"MainValue":0.2,"FarRange":216}],"sig":[{"t":"9-1","s":"","d":{"X":0.76,"Y":-0.3}},{"t":"9-2","s":"","d":{"X":-0.15,"Y":0.83}},{"t":"X1","s":"","d":{"X":0.184,"Y":0.973}}],"clr":{"R":247,"G":229,"B":240,"A":255}},"LN6-678-60":{"pid":"LN6-678","orb":389.76,"per":6.49,"ang":215.96,"t":"ASTEROID","sp":"ASTEROID-4","s":26.26,"m":251.56,"gd":43.77,"wic":{},"woc":{},"wgc":{},"emm":[{"Type":"1","MainRange":37,"MainValue":0.26,"FarRange":220}],"sig":[{"t":"9-1","s":"","d":{"X":0.34,"Y":-0.77}},{"t":"9-2","s":"","d":{"X":-0.64,"Y":0.4}},{"t":"X1","s":"","d":{"X":-0.775,"Y":-0.221}}],"clr":{"R":228,"G":247,"B":181,"A":255}},"LN6-678-61":{"pid":"LN6-678","orb":422.37,"per":7.03,"ang":239.62,"t":"ASTEROID","sp":"ASTEROID-4","s":26.76,"m":266.24,"gd":44.6,"wic":{},"woc":{},"wgc":{},"emm":[{"Type":"1","MainRange":21,"MainValue":0.16,"FarRange":227}],"sig":[{"t":"9-1","s":"","d":{"X":0.13,"Y":-0.47}},{"t":"9-2","s":"","d":{"X":-0.6,"Y":0.05}},{"t":"X1","s":"","d":{"X":0.384,"Y":-0.887}}],"clr":{"R":250,"G":233,"B":239,"A":255}},"LN6-678-62":{"pid":"LN6-678","orb":393.64,"per":6.56,"ang":280.82,"t":"ASTEROID","sp":"ASTEROID-4","s":13.14,"m":31.55,"gd":21.9,"wic":{},"woc":{},"wgc":{},"emm":[{"Type":"1","MainRange":77,"MainValue":0.19,"FarRange":149}],"sig":[{"t":"9-1","s":"","d":{"X":-0.6,"Y":0.2}},{"t":"9-2","s":"","d":{"X":-0.08,"Y":0.95}},{"t":"X1","s":"","d":{"X":-0.384,"Y":0.907}}],"clr":{"R":252,"G":244,"B":246,"A":255}},"LN6-678-63":{"pid":"LN6-678","orb":448.32,"per":7.47,"ang":127.99,"t":"ASTEROID","sp":"ASTEROID-3","s":21.96,"m":147.16,"gd":36.6,"wic":{},"woc":{},"wgc":{},"emm":[{"Type":"1","MainRange":62,"MainValue":0.13,"FarRange":91}],"sig":[{"t":"9-1","s":"","d":{"X":0.12,"Y":-0.39}},{"t":"9-2","s":"","d":{"X":0.31,"Y":0.54}},{"t":"X1","s":"","d":{"X":-0.448,"Y":0.399}}],"clr":{"R":237,"G":217,"B":195,"A":255}},"LN6-678-64":{"pid":"LN6-678","orb":352.11,"per":5.86,"ang":93.35,"t":"ASTEROID","sp":"ASTEROID-4","s":15.26,"m":49.39,"gd":25.44,"wic":{},"woc":{},"wgc":{},"emm":[{"Type":"1","MainRange":50,"MainValue":0.24,"FarRange":136}],"sig":[{"t":"9-1","s":"","d":{"X":0.16,"Y":0.64}},{"t":"9-2","s":"","d":{"X":-0.12,"Y":-0.18}},{"t":"X1","s":"","d":{"X":0.501,"Y":0.346}}],"clr":{"R":245,"G":253,"B":238,"A":255}},"LN6-678-65":{"pid":"LN6-678","orb":388.79,"per":6.47,"ang":6.11,"t":"ASTEROID","sp":"ASTEROID-3","s":17.83,"m":78.78,"gd":29.72,"wic":{},"woc":{},"wgc":{},"emm":[{"Type":"1","MainRange":50,"MainValue":0.34,"FarRange":105},{"Type":"5","MainRange":63,"MainValue":0.23,"FarRange":160}],"sig":[{"t":"9-1","s":"","d":{"X":-0.65,"Y":0.06}},{"t":"9-2","s":"","d":{"X":-0.34,"Y":-0.71}},{"t":"X1","s":"","d":{"X":0.726,"Y":0.635}},{"t":"X5","s":"","d":{"X":-0.605,"Y":-0.586}}],"clr":{"R":216,"G":248,"B":224,"A":255}},"LN6-678-66":{"pid":"LN6-678","orb":354.93,"per":5.91,"ang":120.23,"t":"ASTEROID","sp":"ASTEROID-2","s":8.27,"m":7.86,"gd":13.78,"wic":{},"woc":{},"wgc":{},"emm":[{"Type":"1","MainRange":47,"MainValue":0.26,"FarRange":184}],"sig":[{"t":"9-1","s":"","d":{"X":-0.16,"Y":-0.28}},{"t":"9-2","s":"","d":{"X":0.56,"Y":-0.5}},{"t":"X1","s":"","d":{"X":-0.298,"Y":0.685}}],"clr":{"R":253,"G":223,"B":236,"A":255}},"LN6-678-67":{"pid":"LN6-678","orb":445.85,"per":7.43,"ang":112.27,"t":"ASTEROID","sp":"ASTEROID-3","s":16.72,"m":64.93,"gd":27.86,"wic":{},"woc":{},"wgc":{},"emm":[{"Type":"1","MainRange":66,"MainValue":0.16,"FarRange":216}],"sig":[{"t":"9-1","s":"","d":{"X":0.64,"Y":-0.1}},{"t":"9-2","s":"","d":{"X":0.46,"Y":0.77}},{"t":"X1","s":"","d":{"X":-0.32,"Y":-0.108}}],"clr":{"R":192,"G":228,"B":240,"A":255}},"LN6-678-68":{"pid":"LN6-678","orb":464.79,"per":7.74,"ang":191.07,"t":"ASTEROID","sp":"ASTEROID-3","s":14.18,"m":39.64,"gd":23.64,"wic":{},"woc":{},"wgc":{},"emm":[{"Type":"1","MainRange":40,"MainValue":0.21,"FarRange":186},{"Type":"10","MainRange":61,"MainValue":0.14,"FarRange":133}],"sig":[{"t":"9-1","s":"","d":{"X":0.67,"Y":-0.62}},{"t":"9-2","s":"","d":{"X":0.39,"Y":0.42}},{"t":"X1","s":"","d":{"X":-0.489,"Y":0.738}},{"t":"X10","s":"","d":{"X":0.045,"Y":-0.084}}],"clr":{"R":249,"G":227,"B":183,"A":255}},"LN6-678-69":{"pid":"LN6-678","orb":393.15,"per":6.55,"ang":304.58,"t":"ASTEROID","sp":"ASTEROID-1","s":23.73,"m":185.62,"gd":39.55,"wic":{},"woc":{},"wgc":{},"emm":[{"Type":"1","MainRange":72,"MainValue":0.22,"FarRange":135}],"sig":[{"t":"9-1","s":"","d":{"X":-0.73,"Y":-0.16}},{"t":"9-2","s":"","d":{"X":-0.31,"Y":0.17}},{"t":"X1","s":"","d":{"X":0.495,"Y":0.03}}],"clr":{"R":249,"G":219,"B":246,"A":255}},"LN6-678-7":{"pid":"LN6-678","orb":396.68,"per":6.61,"ang":24.38,"t":"ASTEROID","sp":"ASTEROID-5","s":16.86,"m":66.6,"gd":28.1,"wic":{},"woc":{},"wgc":{},"emm":[{"Type":"1","MainRange":62,"MainValue":0.23,"FarRange":153}],"sig":[{"t":"9-1","s":"","d":{"X":0.12,"Y":-0.15}},{"t":"9-2","s":"","d":{"X":0.04,"Y":0.87}},{"t":"X1","s":"","d":{"X":-0.06,"Y":0.881}}],"clr":{"R":205,"G":223,"B":248,"A":255}},"LN6-678-70":{"pid":"LN6-678","orb":438.49,"per":7.3,"ang":132.73,"t":"ASTEROID","sp":"ASTEROID-3","s":24.69,"m":209.22,"gd":41.16,"wic":{},"woc":{},"wgc":{},"emm":[{"Type":"1","MainRange":53,"MainValue":0.19,"FarRange":163}],"sig":[{"t":"9-1","s":"","d":{"X":0.33,"Y":-0.72}},{"t":"9-2","s":"","d":{"X":0.51,"Y":0.61}},{"t":"X1","s":"","d":{"X":-0.161,"Y":0.225}}],"clr":{"R":248,"G":214,"B":241,"A":255}},"LN6-678-71":{"pid":"LN6-678","orb":419.66,"per":6.99,"ang":322.77,"t":"ASTEROID","sp":"ASTEROID-3","s":34.37,"m":564.19,"gd":57.29,"wic":{},"woc":{},"wgc":{},"emm":[{"Type":"1","MainRange":62,"MainValue":0.3,"FarRange":175}],"sig":[{"t":"9-1","s":"","d":{"X":-0.72,"Y":0.38}},{"t":"9-2","s":"","d":{"X":-0.36,"Y":-0.22}},{"t":"X1","s":"","d":{"X":0.234,"Y":-0.44}}],"clr":{"R":254,"G":253,"B":252,"A":255}},"LN6-678-72":{"pid":"LN6-678","orb":413.7,"per":6.89,"ang":48.08,"t":"ASTEROID","sp":"ASTEROID-1","s":12.03,"m":24.23,"gd":20.06,"wic":{},"woc":{},"wgc":{},"emm":[{"Type":"1","MainRange":45,"MainValue":0.19,"FarRange":132}],"sig":[{"t":"9-1","s":"","d":{"X":0.2,"Y":-0.81}},{"t":"9-2","s":"","d":{"X":-0.15,"Y":-0.19}},{"t":"X1","s":"","d":{"X":0.387,"Y":-0.528}}],"clr":{"R":190,"G":222,"B":237,"A":255}},"LN6-678-73":{"pid":"LN6-678","orb":375.13,"per":6.25,"ang":351.1,"t":"ASTEROID","sp":"ASTEROID-2","s":32.61,"m":482,"gd":54.36,"wic":{},"woc":{},"wgc":{},"emm":[{"Type":"1","MainRange":78,"MainValue":0.18,"FarRange":121}],"sig":[{"t":"9-1","s":"","d":{"X":0.25,"Y":-0.97}},{"t":"9-2","s":"","d":{"X":-0.44,"Y":0.38}},{"t":"X1","s":"","d":{"X":0.782,"Y":0.231}}],"clr":{"R":221,"G":201,"B":254,"A":255}},"LN6-678-74":{"pid":"LN6-678","orb":400.37,"per":6.67,"ang":116.01,"t":"ASTEROID","sp":"ASTEROID-1","s":25.54,"m":231.43,"gd":42.57,"wic":{},"woc":{},"wgc":{},"emm":[{"Type":"1","MainRange":64,"MainValue":0.32,"FarRange":153}],"sig":[{"t":"9-1","s":"","d":{"X":-0.72,"Y":0.12}},{"t":"9-2","s":"","d":{"X":-0.05,"Y":-0.07}},{"t":"X1","s":"","d":{"X":0.564,"Y":0.585}}],"clr":{"R":249,"G":232,"B":224,"A":255}},"LN6-678-75":{"pid":"LN6-678","orb":428.34,"per":7.13,"ang":44.39,"t":"ASTEROID","sp":"ASTEROID-3","s":17.96,"m":80.49,"gd":29.93,"wic":{},"woc":{},"wgc":{},"emm":[{"Type":"1","MainRange":75,"MainValue":0.26,"FarRange":135}],"sig":[{"t":"9-1","s":"","d":{"X":0.61,"Y":0.05}},{"t":"9-2","s":"","d":{"X":0.55,"Y":-0.05}},{"t":"X1","s":"","d":{"X":-0.015,"Y":-0.572}}],"clr":{"R":198,"G":242,"B":210,"A":255}},"LN6-678-76":{"pid":"LN6-678","orb":409.38,"per":6.82,"ang":144.34,"t":"ASTEROID","sp":"ASTEROID-2","s":20.76,"m":124.32,"gd":34.6,"wic":{},"woc":{},"wgc":{},"emm":[{"Type":"1","MainRange":40,"MainValue":0.23,"FarRange":138}],"sig":[{"t":"9-1","s":"","d":{"X":-0.13,"Y":-0.42}},{"t":"9-2","s":"","d":{"X":0.12,"Y":0.69}},{"t":"X1","s":"","d":{"X":0.368,"Y":0.266}}],"clr":{"R":227,"G":192,"B":240,"A":255}},"LN6-678-77":{"pid":"LN6-678","orb":365.7,"per":6.09,"ang":138.66,"t":"ASTEROID","sp":"ASTEROID-3","s":21.48,"m":137.74,"gd":35.8,"wic":{},"woc":{},"wgc":{},"emm":[{"Type":"1","MainRange":30,"MainValue":0.14,"FarRange":174}],"sig":[{"t":"9-1","s":"","d":{"X":-0.95,"Y":-0.02}},{"t":"9-2","s":"","d":{"X":-0.06,"Y":-0.7}},{"t":"X1","s":"","d":{"X":0.42,"Y":-0.867}}],"clr":{"R":215,"G":250,"B":199,"A":255}},"LN6-678-78":{"pid":"LN6-678","orb":394.39,"per":6.57,"ang":318.33,"t":"ASTEROID","sp":"ASTEROID-2","s":24.6,"m":206.94,"gd":41.01,"wic":{},"woc":{},"wgc":{},"emm":[{"Type":"1","MainRange":23,"MainValue":0.14,"FarRange":177}],"sig":[{"t":"9-1","s":"","d":{"X":-0.41,"Y":-0.37}},{"t":"9-2","s":"","d":{"X":-0.37,"Y":-0.26}},{"t":"X1","s":"","d":{"X":-0.52,"Y":-0.699}}],"clr":{"R":246,"G":253,"B":205,"A":255}},"LN6-678-79":{"pid":"LN6-678","orb":356.25,"per":5.93,"ang":62.86,"t":"ASTEROID","sp":"ASTEROID-2","s":21.03,"m":129.25,"gd":35.05,"wic":{},"woc":{},"wgc":{},"emm":[{"Type":"1","MainRange":39,"MainValue":0.18,"FarRange":238}],"sig":[{"t":"9-1","s":"","d":{"X":0.7,"Y":0.35}},{"t":"9-2","s":"","d":{"X":0.25,"Y":-0.26}},{"t":"X1","s":"","d":{"X":-0.098,"Y":-0.301}}],"clr":{"R":238,"G":189,"B":203,"A":255}},"LN6-678-8":{"pid":"LN6-678","orb":407.45,"per":6.79,"ang":312.6,"t":"ASTEROID","sp":"ASTEROID-5","s":16.93,"m":67.39,"gd":28.21,"wic":{},"woc":{},"wgc":{},"emm":[{"Type":"1","MainRange":64,"MainValue":0.18,"FarRange":186}],"sig":[{"t":"9-1","s":"","d":{"X":0.34,"Y":0.59}},{"t":"9-2","s":"","d":{"X":0.23,"Y":0.94}},{"t":"X1","s":"","d":{"X":0.015,"Y":-0.848}}],"clr":{"R":213,"G":222,"B":243,"A":255}},"LN6-678-80":{"pid":"LN6-678","orb":388.97,"per":6.48,"ang":343.16,"t":"ASTEROID","sp":"ASTEROID-4","s":22.65,"m":161.59,"gd":37.76,"wic":{},"woc":{},"wgc":{},"emm":[{"Type":"1","MainRange":47,"MainValue":0.11,"FarRange":143},{"Type":"6","MainRange":50,"MainValue":0.21,"FarRange":261}],"sig":[{"t":"9-1","s":"","d":{"X":0.35,"Y":-0.07}},{"t":"9-2","s":"","d":{"X":-0.69}},{"t":"X1","s":"","d":{"X":-0.124,"Y":0.941}},{"t":"X6","s":"","d":{"X":-0.231,"Y":0.908}}],"clr":{"R":237,"G":253,"B":227,"A":255}},"LN6-678-81":{"pid":"LN6-678","orb":377.18,"per":6.28,"ang":289.5,"t":"ASTEROID","sp":"ASTEROID-1","s":7.85,"m":6.72,"gd":13.08,"wic":{},"woc":{},"wgc":{},"emm":[{"Type":"1","MainRange":59,"MainValue":0.16,"FarRange":105}],"sig":[{"t":"9-1","s":"","d":{"X":0.05,"Y":-0.98}},{"t":"9-2","s":"","d":{"X":-0.53,"Y":0.78}},{"t":"X1","s":"","d":{"X":0.436,"Y":-0.181}}],"clr":{"R":244,"G":248,"B":233,"A":255}},"LN6-678-82":{"pid":"LN6-678","orb":396.24,"per":6.6,"ang":190.16,"t":"ASTEROID","sp":"ASTEROID-2","s":19.57,"m":104.1,"gd":32.61,"wic":{},"woc":{},"wgc":{},"emm":[{"Type":"1","MainRange":38,"MainValue":0.1,"FarRange":189}],"sig":[{"t":"9-1","s":"","d":{"X":-0.01,"Y":0.93}},{"t":"9-2","s":"","d":{"X":0.44,"Y":0.52}},{"t":"X1","s":"","d":{"X":-0.111,"Y":-0.119}}],"clr":{"R":254,"G":254,"B":254,"A":255}},"LN6-678-83":{"pid":"LN6-678","orb":405.32,"per":6.75,"ang":72.91,"t":"ASTEROID","sp":"ASTEROID-5","s":21.16,"m":131.64,"gd":35.27,"wic":{},"woc":{},"wgc":{},"emm":[{"Type":"1","MainRange":46,"MainValue":0.29,"FarRange":173}],"sig":[{"t":"9-1","s":"","d":{"X":0.82,"Y":-0.48}},{"t":"9-2","s":"","d":{"X":0.41,"Y":-0.37}},{"t":"X1","s":"","d":{"X":-0.131,"Y":0.968}}],"clr":{"R":237,"G":240,"B":206,"A":255}},"LN6-678-84":{"pid":"LN6-678","orb":478.84,"per":7.98,"ang":240.62,"t":"ASTEROID","sp":"ASTEROID-4","s":13.55,"m":34.57,"gd":22.58,"wic":{},"woc":{},"wgc":{},"emm":[{"Type":"1","MainRange":44,"MainValue":0.18,"FarRange":85}],"sig":[{"t":"9-1","s":"","d":{"X":0.55,"Y":-0.47}},{"t":"9-2","s":"","d":{"X":-0.36,"Y":0.21}},{"t":"X1","s":"","d":{"X":0.85,"Y":0.418}}],"clr":{"R":219,"G":193,"B":238,"A":255}},"LN6-678-85":{"pid":"LN6-678","orb":373.67,"per":6.22,"ang":330.05,"t":"ASTEROID","sp":"ASTEROID-5","s":13.68,"m":35.58,"gd":22.8,"wic":{},"woc":{},"wgc":{},"emm":[{"Type":"1","MainRange":18,"MainValue":0.13,"FarRange":125}],"sig":[{"t":"9-1","s":"","d":{"X":0.09,"Y":-0.2}},{"t":"9-2","s":"","d":{"X":0.85,"Y":-0.07}},{"t":"X1","s":"","d":{"X":-0.007,"Y":0.36}}],"clr":{"R":197,"G":249,"B":179,"A":255}},"LN6-678-86":{"pid":"LN6-678","orb":410.1,"per":6.83,"ang":26.93,"t":"ASTEROID","sp":"ASTEROID-5","s":11.13,"m":19.18,"gd":18.56,"wic":{},"woc":{},"wgc":{},"emm":[{"Type":"1","MainRange":39,"MainValue":0.24,"FarRange":138}],"sig":[{"t":"9-1","s":"","d":{"X":-0.83,"Y":0.39}},{"t":"9-2","s":"","d":{"X":0.84,"Y":-0.46}},{"t":"X1","s":"","d":{"X":0.337,"Y":0.362}}],"clr":{"R":225,"G":231,"B":249,"A":255}},"LN6-678-87":{"pid":"LN6-678","orb":484.48,"per":8.07,"ang":133.27,"t":"ASTEROID","sp":"ASTEROID-1","s":23.37,"m":177.32,"gd":38.95,"wic":{},"woc":{},"wgc":{},"emm":[{"Type":"1","MainRange":51,"MainValue":0.1,"FarRange":136}],"sig":[{"t":"9-1","s":"","d":{"X":0.16,"Y":-0.17}},{"t":"9-2","s":"","d":{"X":-0.05,"Y":0.26}},{"t":"X1","s":"","d":{"X":0.483,"Y":0.783}}],"clr":{"R":252,"G":163,"B":199,"A":255}},"LN6-678-88":{"pid":"LN6-678","orb":385.2,"per":6.42,"ang":229.84,"t":"ASTEROID","sp":"ASTEROID-2","s":25.22,"m":222.84,"gd":42.03,"wic":{},"woc":{},"wgc":{},"emm":[{"Type":"1","MainRange":40,"MainValue":0.23,"FarRange":210}],"sig":[{"t":"9-1","s":"","d":{"X":0.8,"Y":0.49}},{"t":"9-2","s":"","d":{"X":-0.4,"Y":-0.63}},{"t":"X1","s":"","d":{"X":0.149,"Y":0.115}}],"clr":{"R":208,"G":250,"B":246,"A":255}},"LN6-678-89":{"pid":"LN6-678","orb":407.44,"per":6.79,"ang":235.34,"t":"ASTEROID","sp":"ASTEROID-3","s":20.84,"m":125.75,"gd":34.73,"wic":{},"woc":{},"wgc":{},"emm":[{"Type":"1","MainRange":44,"MainValue":0.17,"FarRange":165}],"sig":[{"t":"9-1","s":"","d":{"X":-0.4,"Y":0.02}},{"t":"9-2","s":"","d":{"X":-0.78,"Y":0.07}},{"t":"X1","s":"","d":{"X":0.103,"Y":-0.166}}],"clr":{"R":232,"G":182,"B":230,"A":255}},"LN6-678-9":{"pid":"LN6-678","orb":393.22,"per":6.55,"ang":2.38,"t":"ASTEROID","sp":"ASTEROID-4","s":16.98,"m":68.09,"gd":28.31,"wic":{},"woc":{},"wgc":{},"emm":[{"Type":"1","MainRange":36,"MainValue":0.21,"FarRange":94}],"sig":[{"t":"9-1","s":"","d":{"X":-0.43,"Y":0.5}},{"t":"9-2","s":"","d":{"X":-0.44,"Y":-0.29}},{"t":"X1","s":"","d":{"X":-0.242,"Y":-0.182}}],"clr":{"R":252,"G":187,"B":164,"A":255}},"LN6-678-90":{"pid":"LN6-678","orb":475.29,"per":7.92,"ang":130.22,"t":"ASTEROID","sp":"ASTEROID-5","s":16.14,"m":58.41,"gd":26.9,"wic":{},"woc":{},"wgc":{},"emm":[{"Type":"1","MainRange":63,"MainValue":0.19,"FarRange":229}],"sig":[{"t":"9-1","s":"","d":{"X":-0.44,"Y":0.88}},{"t":"9-2","s":"","d":{"X":0.36,"Y":0.22}},{"t":"X1","s":"","d":{"X":-0.851,"Y":-0.4}}],"clr":{"R":252,"G":228,"B":252,"A":255}},"LN6-678-91":{"pid":"LN6-678","orb":322.62,"per":5.37,"ang":330.17,"t":"ASTEROID","sp":"ASTEROID-4","s":13.97,"m":37.93,"gd":23.29,"wic":{},"woc":{},"wgc":{},"emm":[{"Type":"1","MainRange":49,"MainValue":0.21,"FarRange":191}],"sig":[{"t":"9-1","s":"","d":{"X":-0.39,"Y":-0.87}},{"t":"9-2","s":"","d":{"X":0.13,"Y":0.05}},{"t":"X1","s":"","d":{"X":-0.56,"Y":0.714}}],"clr":{"R":251,"G":244,"B":231,"A":255}},"LN6-678-92":{"pid":"LN6-678","orb":404.44,"per":6.74,"ang":208.01,"t":"ASTEROID","sp":"ASTEROID-1","s":18.99,"m":95.16,"gd":31.65,"wic":{},"woc":{},"wgc":{},"emm":[{"Type":"1","MainRange":67,"MainValue":0.1,"FarRange":123},{"Type":"3","MainRange":38,"MainValue":0.17,"FarRange":127}],"sig":[{"t":"9-1","s":"","d":{"X":0.53,"Y":-0.04}},{"t":"9-2","s":"","d":{"X":0.47,"Y":-0.03}},{"t":"X1","s":"","d":{"X":-0.585,"Y":0.211}},{"t":"X3","s":"","d":{"X":-0.401,"Y":0.408}}],"clr":{"R":247,"G":252,"B":212,"A":255}},"LN6-682":{"pid":"LN6-678","orb":301.28,"per":5.02,"t":"HARDPLANET","sp":"HARDPLANET-8","s":57.21,"m":10921.55,"gd":163.47,"wic":{},"woc":{},"wgc":{},"mi":[4],"sig":[{"t":"0-1","s":"","d":{"X":-0.74,"Y":0.11}},{"t":"1-1","s":"","d":{"X":0.74,"Y":-0.1}},{"t":"3-2","s":"","d":{"X":0.33,"Y":-0.34}},{"t":"5-1","s":"","d":{"X":-0.24,"Y":0.66}},{"t":"6-3","s":"","d":{"X":-0.24,"Y":0.82}},{"t":"7-2","s":"","d":{"X":0.26,"Y":0.04}},{"t":"7-3","s":"","d":{"X":-0.73,"Y":-0.12}},{"t":"8-2","s":"","d":{"X":0.18,"Y":0.39}},{"t":"9-1","s":"","d":{"X":0.42,"Y":-0.48}},{"t":"9-2","s":"","d":{"X":-0.16,"Y":-0.04}},{"t":"10-1","s":"","d":{"X":-0.51,"Y":-0.56}},{"t":"10-2","s":"","d":{"X":-0.56,"Y":0.33}},{"t":"11-1","s":"","d":{"X":0.89,"Y":0.16}},{"t":"12-1","s":"","d":{"X":-0.07,"Y":-0.78}},{"t":"13-1","s":"","d":{"X":-0.61,"Y":-0.43}},{"t":"13-2","s":"","d":{"X":-0.41,"Y":-0.67}}],"clr":{"R":178,"G":233,"B":184,"A":255}},"LN6-898":{"pid":"LN6-449","orb":191.76,"per":3.19,"t":"HARDPLANET","sp":"HARDPLANET-32","s":66.38,"m":17060.9,"gd":189.67,"wic":{},"woc":{},"wgc":{},"sig":[{"t":"7-2","s":"","d":{"X":-0.9,"Y":-0.2}},{"t":"8-1","s":"","d":{"X":0.28,"Y":0.17}},{"t":"8-2","s":"","d":{"X":0.03,"Y":0.37}},{"t":"9-1","s":"","d":{"X":0.48,"Y":0.45}},{"t":"9-2","s":"","d":{"X":0.86,"Y":-0.06}},{"t":"10-1","s":"","d":{"X":0.22,"Y":0.51}},{"t":"10-2","s":"","d":{"X":0.25,"Y":0.56}},{"t":"11-2","s":"","d":{"X":0.48,"Y":0.72}},{"t":"12-1","s":"","d":{"X":-0.78,"Y":0.39}},{"t":"13-1","s":"","d":{"X":0.18,"Y":-0.5}},{"t":"13-2","s":"","d":{"X":0.56,"Y":0.48}}],"clr":{"R":252,"G":162,"B":162,"A":255}},"LN6-989":{"pid":"LN6-S","orb":4804.87,"per":80.08,"t":"GASPLANET","sp":"GASPLANET-34","s":254.07,"m":159459.28,"gd":423.45,"wic":{},"woc":{},"wgc":{},"emm":[{"Type":"26","MainRange":290,"MainValue":1.9,"FarRange":677}],"sig":[{"t":"0-3","s":"","d":{"X":0.65,"Y":0.49}},{"t":"1-3","s":"","d":{"X":-0.84,"Y":0.38}},{"t":"3-1","s":"","d":{"X":-0.67,"Y":0.68}},{"t":"6-2","s":"","d":{"X":-0.17,"Y":0.16}},{"t":"10-2","s":"","d":{"X":0.54,"Y":0.76}},{"t":"11-1","s":"","d":{"X":0.56,"Y":0.81}},{"t":"X26","s":"","d":{"X":-0.953,"Y":-0.154}}],"clr":{"R":234,"G":200,"B":236,"A":255}},"LN6-S":{"t":"STAR","sp":"STAR-10","s":370.72,"m":2830538.52,"gd":1235.73,"wic":{},"woc":{},"wgc":{},"emm":[{"Type":"2","MainRange":872,"MainValue":4.46,"FarRange":4323}],"sig":[{"t":"X2","s":"","d":{"X":0.44,"Y":0.787}}],"clr":{"R":205,"G":251,"B":248,"A":255}}}}