{"SpawnDistance":1650.0000000000002,"Points":{"MB6-0-0":{"pid":"MB6-S","orb":1213.46,"per":20.22,"ang":72.58,"t":"ASTEROID","sp":"ASTEROID-2","s":22.67,"m":162.01,"gd":37.79,"wic":{},"woc":{},"wgc":{},"emm":[{"Type":"1","MainRange":36,"MainValue":0.15,"FarRange":195}],"sig":[{"t":"9-1","s":"","d":{"X":-0.03,"Y":-0.89}},{"t":"X1","s":"","d":{"X":0.179,"Y":0.4}}],"clr":{"R":222,"G":244,"B":205,"A":255}},"MB6-0-1":{"pid":"MB6-S","orb":1011.14,"per":16.85,"ang":190.89,"t":"ASTEROID","sp":"ASTEROID-1","s":18.3,"m":85.23,"gd":30.51,"wic":{},"woc":{},"wgc":{},"emm":[{"Type":"1","MainRange":68,"MainValue":0.2,"FarRange":127}],"sig":[{"t":"9-1","s":"","d":{"X":-0.13,"Y":-0.61}},{"t":"X1","s":"","d":{"X":0.161,"Y":0.196}}],"clr":{"R":189,"G":250,"B":203,"A":255}},"MB6-0-10":{"pid":"MB6-S","orb":1028.34,"per":17.13,"ang":31.26,"t":"ASTEROID","sp":"ASTEROID-5","s":18.63,"m":89.84,"gd":31.05,"wic":{},"woc":{},"wgc":{},"emm":[{"Type":"1","MainRange":45,"MainValue":0.15,"FarRange":131}],"sig":[{"t":"9-1","s":"","d":{"X":0.6,"Y":-0.43}},{"t":"X1","s":"","d":{"X":-0.252,"Y":0.355}}],"clr":{"R":218,"G":220,"B":249,"A":255}},"MB6-0-11":{"pid":"MB6-S","orb":876.89,"per":14.61,"ang":241.36,"t":"ASTEROID","sp":"ASTEROID-4","s":29.04,"m":340.31,"gd":48.4,"wic":{},"woc":{},"wgc":{},"emm":[{"Type":"1","MainRange":29,"MainValue":0.26,"FarRange":196},{"Type":"20","MainRange":21,"MainValue":0.21,"FarRange":145}],"sig":[{"t":"9-1","s":"","d":{"X":0.71,"Y":0.04}},{"t":"X1","s":"","d":{"X":0.889,"Y":0.087}},{"t":"X20","s":"","d":{"X":0.096,"Y":0.389}}],"clr":{"R":228,"G":192,"B":234,"A":255}},"MB6-0-12":{"pid":"MB6-S","orb":1224.85,"per":20.41,"ang":145.77,"t":"ASTEROID","sp":"ASTEROID-4","s":24.44,"m":202.9,"gd":40.74,"wic":{},"woc":{},"wgc":{},"emm":[{"Type":"1","MainRange":55,"MainValue":0.18,"FarRange":113}],"sig":[{"t":"9-1","s":"","d":{"X":0.11,"Y":-0.7}},{"t":"X1","s":"","d":{"X":-0.629,"Y":0.425}}],"clr":{"R":229,"G":253,"B":223,"A":255}},"MB6-0-13":{"pid":"MB6-S","orb":1031.32,"per":17.18,"ang":270.75,"t":"ASTEROID","sp":"ASTEROID-4","s":19.08,"m":96.48,"gd":31.8,"wic":{},"woc":{},"wgc":{},"emm":[{"Type":"1","MainRange":52,"MainValue":0.19,"FarRange":195}],"sig":[{"t":"9-1","s":"","d":{"X":-0.15,"Y":-0.63}},{"t":"X1","s":"","d":{"X":-0.256,"Y":-0.959}}],"clr":{"R":250,"G":253,"B":244,"A":255}},"MB6-0-14":{"pid":"MB6-S","orb":1123.53,"per":18.72,"ang":248.1,"t":"ASTEROID","sp":"ASTEROID-4","s":19.12,"m":97.22,"gd":31.88,"wic":{},"woc":{},"wgc":{},"emm":[{"Type":"1","MainRange":51,"MainValue":0.26,"FarRange":160}],"sig":[{"t":"9-1","s":"","d":{"X":-0.13,"Y":0.57}},{"t":"X1","s":"","d":{"X":-0.452,"Y":-0.728}}],"clr":{"R":194,"G":201,"B":239,"A":255}},"MB6-0-15":{"pid":"MB6-S","orb":967.63,"per":16.12,"ang":53.79,"t":"ASTEROID","sp":"ASTEROID-5","s":22.59,"m":160.15,"gd":37.65,"wic":{},"woc":{},"wgc":{},"emm":[{"Type":"1","MainRange":52,"MainValue":0.23,"FarRange":66}],"sig":[{"t":"9-1","s":"","d":{"X":-0.32,"Y":0.07}},{"t":"X1","s":"","d":{"X":-0.611,"Y":-0.194}}],"clr":{"R":171,"G":201,"B":237,"A":255}},"MB6-0-16":{"pid":"MB6-S","orb":981.73,"per":16.36,"ang":188.28,"t":"ASTEROID","sp":"ASTEROID-1","s":21.13,"m":131.08,"gd":35.22,"wic":{},"woc":{},"wgc":{},"emm":[{"Type":"1","MainRange":75,"MainValue":0.35,"FarRange":143}],"sig":[{"t":"9-1","s":"","d":{"X":-0.11,"Y":0.15}},{"t":"X1","s":"","d":{"X":0.553,"Y":0.28}}],"clr":{"R":237,"G":230,"B":189,"A":255}},"MB6-0-17":{"pid":"MB6-S","orb":956.08,"per":15.93,"ang":147.78,"t":"ASTEROID","sp":"ASTEROID-1","s":20.25,"m":115.4,"gd":33.75,"wic":{},"woc":{},"wgc":{},"emm":[{"Type":"1","MainRange":83,"MainValue":0.16,"FarRange":133}],"sig":[{"t":"9-1","s":"","d":{"X":-0.26,"Y":0.23}},{"t":"X1","s":"","d":{"X":0.188,"Y":0.511}}],"clr":{"R":248,"G":240,"B":254,"A":255}},"MB6-0-18":{"pid":"MB6-S","orb":1190.91,"per":19.84,"ang":47.83,"t":"ASTEROID","sp":"ASTEROID-2","s":22.97,"m":168.46,"gd":38.29,"wic":{},"woc":{},"wgc":{},"emm":[{"Type":"1","MainRange":50,"MainValue":0.16,"FarRange":159},{"Type":"16","MainRange":52,"MainValue":0.25,"FarRange":201}],"sig":[{"t":"9-1","s":"","d":{"X":0.52,"Y":0.64}},{"t":"X1","s":"","d":{"X":-0.885,"Y":-0.341}},{"t":"X16","s":"","d":{"X":0.356,"Y":0.545}}],"clr":{"R":223,"G":244,"B":224,"A":255}},"MB6-0-19":{"pid":"MB6-S","orb":1098.51,"per":18.3,"ang":91.26,"t":"ASTEROID","sp":"ASTEROID-1","s":18.76,"m":91.77,"gd":31.27,"wic":{},"woc":{},"wgc":{},"emm":[{"Type":"1","MainRange":46,"MainValue":0.19,"FarRange":112}],"sig":[{"t":"9-1","s":"","d":{"X":0.35,"Y":-0.11}},{"t":"X1","s":"","d":{"X":0.659,"Y":0.652}}],"clr":{"R":247,"G":252,"B":232,"A":255}},"MB6-0-2":{"pid":"MB6-S","orb":828.21,"per":13.8,"ang":109.47,"t":"ASTEROID","sp":"ASTEROID-4","s":27.16,"m":278.51,"gd":45.28,"wic":{},"woc":{},"wgc":{},"emm":[{"Type":"1","MainRange":71,"MainValue":0.11,"FarRange":184}],"sig":[{"t":"9-1","s":"","d":{"X":0.73,"Y":-0.38}},{"t":"X1","s":"","d":{"X":0.57,"Y":0.543}}],"clr":{"R":201,"G":246,"B":240,"A":255}},"MB6-0-20":{"pid":"MB6-S","orb":991.1,"per":16.51,"ang":359.39,"t":"ASTEROID","sp":"ASTEROID-1","s":17.17,"m":70.37,"gd":28.62,"wic":{},"woc":{},"wgc":{},"emm":[{"Type":"1","MainRange":40,"MainValue":0.21,"FarRange":151}],"sig":[{"t":"9-1","s":"","d":{"X":-0.38,"Y":0.49}},{"t":"X1","s":"","d":{"X":0.476,"Y":0.559}}],"clr":{"R":216,"G":217,"B":248,"A":255}},"MB6-0-3":{"pid":"MB6-S","orb":1061.16,"per":17.68,"ang":100.12,"t":"ASTEROID","sp":"ASTEROID-4","s":18.58,"m":89.12,"gd":30.97,"wic":{},"woc":{},"wgc":{},"emm":[{"Type":"1","MainRange":35,"MainValue":0.3,"FarRange":197}],"sig":[{"t":"9-1","s":"","d":{"X":-0.2,"Y":0.13}},{"t":"X1","s":"","d":{"X":0.626,"Y":0.132}}],"clr":{"R":245,"G":171,"B":197,"A":255}},"MB6-0-4":{"pid":"MB6-S","orb":967.68,"per":16.12,"ang":349.85,"t":"ASTEROID","sp":"ASTEROID-4","s":13.85,"m":36.93,"gd":23.09,"wic":{},"woc":{},"wgc":{},"emm":[{"Type":"1","MainRange":30,"MainValue":0.29,"FarRange":228},{"Type":"11","MainRange":56,"MainValue":0.34,"FarRange":126},{"Type":"5","MainRange":42,"MainValue":0.2,"FarRange":180},{"Type":"2","MainRange":38,"MainValue":0.1,"FarRange":91},{"Type":"3","MainRange":44,"MainValue":0.21,"FarRange":104}],"sig":[{"t":"9-1","s":"","d":{"X":0.76,"Y":0.07}},{"t":"X1","s":"","d":{"X":-0.328,"Y":-0.829}},{"t":"X11","s":"","d":{"X":-0.217,"Y":0.108}},{"t":"X5","s":"","d":{"X":-0.386,"Y":-0.771}},{"t":"X2","s":"","d":{"X":0.196,"Y":0.786}},{"t":"X3","s":"","d":{"X":0.647,"Y":-0.097}}],"clr":{"R":222,"G":209,"B":252,"A":255}},"MB6-0-5":{"pid":"MB6-S","orb":1233.36,"per":20.55,"ang":121.62,"t":"ASTEROID","sp":"ASTEROID-5","s":26.16,"m":248.74,"gd":43.6,"wic":{},"woc":{},"wgc":{},"emm":[{"Type":"1","MainRange":37,"MainValue":0.26,"FarRange":162}],"sig":[{"t":"9-1","s":"","d":{"X":-0.34,"Y":-0.64}},{"t":"X1","s":"","d":{"X":0.247,"Y":0.927}}],"clr":{"R":207,"G":245,"B":222,"A":255}},"MB6-0-6":{"pid":"MB6-S","orb":1091.77,"per":18.19,"ang":4.2,"t":"ASTEROID","sp":"ASTEROID-4","s":14,"m":38.18,"gd":23.34,"wic":{},"woc":{},"wgc":{},"emm":[{"Type":"1","MainRange":53,"MainValue":0.18,"FarRange":195}],"sig":[{"t":"9-1","s":"","d":{"X":0.76,"Y":0.16}},{"t":"X1","s":"","d":{"X":-0.469,"Y":0.235}}],"clr":{"R":241,"G":247,"B":254,"A":255}},"MB6-0-7":{"pid":"MB6-S","orb":1171.4,"per":19.52,"ang":116.33,"t":"ASTEROID","sp":"ASTEROID-4","s":8.87,"m":9.69,"gd":14.78,"wic":{},"woc":{},"wgc":{},"emm":[{"Type":"1","MainRange":45,"MainValue":0.21,"FarRange":50},{"Type":"6","MainRange":28,"MainValue":0.09,"FarRange":98},{"Type":"14","MainRange":48,"MainValue":0.16,"FarRange":110}],"sig":[{"t":"9-1","s":"","d":{"X":-0.47,"Y":-0.18}},{"t":"X1","s":"","d":{"X":-0.644,"Y":0.251}},{"t":"X6","s":"","d":{"X":-0.421,"Y":0.1}},{"t":"X14","s":"","d":{"X":0.406,"Y":-0.339}}],"clr":{"R":225,"G":238,"B":176,"A":255}},"MB6-0-8":{"pid":"MB6-S","orb":1313.18,"per":21.88,"ang":226.21,"t":"ASTEROID","sp":"ASTEROID-4","s":27.76,"m":297.35,"gd":46.27,"wic":{},"woc":{},"wgc":{},"emm":[{"Type":"1","MainRange":42,"MainValue":0.23,"FarRange":131}],"sig":[{"t":"9-1","s":"","d":{"X":-0.61,"Y":0.37}},{"t":"X1","s":"","d":{"X":-0.97,"Y":-0.139}}],"clr":{"R":193,"G":243,"B":176,"A":255}},"MB6-0-9":{"pid":"MB6-S","orb":1059.53,"per":17.65,"ang":133.14,"t":"ASTEROID","sp":"ASTEROID-5","s":35.58,"m":625.93,"gd":59.31,"wic":{},"woc":{},"wgc":{},"emm":[{"Type":"1","MainRange":51,"MainValue":0.21,"FarRange":120},{"Type":"3","MainRange":44,"MainValue":0.25,"FarRange":169},{"Type":"14","MainRange":78,"MainValue":0.24,"FarRange":142},{"Type":"25","MainRange":56,"MainValue":0.19,"FarRange":154}],"sig":[{"t":"9-1","s":"","d":{"X":-0.12,"Y":0.18}},{"t":"X1","s":"","d":{"X":0.977,"Y":0.017}},{"t":"X3","s":"","d":{"X":-0.596,"Y":0.354}},{"t":"X14","s":"","d":{"X":-0.829,"Y":0.011}},{"t":"X25","s":"","d":{"X":0.382,"Y":0.857}}],"clr":{"R":192,"G":241,"B":189,"A":255}},"MB6-484":{"pid":"MB6-S","orb":1472.67,"per":24.54,"t":"GASPLANET","sp":"GASPLANET-1","s":127.42,"m":20116.09,"gd":212.37,"wic":{},"woc":{},"wgc":{},"emm":[{"Type":"12","MainRange":430,"MainValue":2.19,"FarRange":1607},{"Type":"27","MainRange":509,"MainValue":1.65,"FarRange":1080},{"Type":"3","MainRange":323,"MainValue":1.81,"FarRange":1594}],"sig":[{"t":"0-3","s":"","d":{"X":0.09,"Y":0.8}},{"t":"1-3","s":"","d":{"X":0.66,"Y":-0.24}},{"t":"3-1","s":"","d":{"X":-0.03,"Y":0.93}},{"t":"6-3","s":"","d":{"X":0.39,"Y":0.3}},{"t":"7-2","s":"","d":{"X":0.83,"Y":0.38}},{"t":"7-3","s":"","d":{"X":0.18,"Y":-0.32}},{"t":"8-1","s":"","d":{"X":0.75,"Y":-0.3}},{"t":"10-1","s":"","d":{"X":0.44,"Y":-0.64}},{"t":"11-1","s":"","d":{"X":0.74,"Y":0.42}},{"t":"X12","s":"","d":{"X":-0.009,"Y":0.705}},{"t":"X27","s":"","d":{"X":0.45,"Y":0.848}},{"t":"X3","s":"","d":{"X":-0.27,"Y":-0.309}}],"clr":{"R":251,"G":200,"B":222,"A":255}},"MB6-S":{"t":"STAR","sp":"STAR-13","s":396.56,"m":3464615.34,"gd":1321.86,"wic":{},"woc":{},"wgc":{},"emm":[{"Type":"2","MainRange":1118,"MainValue":4.33,"FarRange":3256}],"sig":[{"t":"X2","s":"","d":{"X":0.412,"Y":0.577}}],"clr":{"R":242,"G":206,"B":188,"A":255}}}}