{"SpawnDistance":3427.27,"Points":{"JS0-S1":{"pid":"JS0-sv","orb":1146.91,"per":14.17,"t":"STAR","sp":"STAR-14","s":605.49,"m":12332658.99,"gd":2018.31,"wic":{},"woc":{},"wgc":{},"emm":[{"Type":"2","MainRange":1212,"MainValue":5.55,"FarRange":3905}],"sig":[{"t":"X2","s":"","d":{"X":-0.511,"Y":0.308}}],"clr":{"R":247,"G":199,"B":242,"A":255}},"JS0-S2":{"pid":"JS0-sv","orb":3115.7,"per":14.17,"ang":180,"t":"STAR","sp":"STAR-2","s":200.34,"m":446759.6,"gd":667.82,"wic":{},"woc":{},"wgc":{},"emm":[{"Type":"2","MainRange":895,"MainValue":4.54,"FarRange":3387}],"sig":[{"t":"X2","s":"","d":{"X":-0.889,"Y":-0.428}}],"clr":{"R":238,"G":251,"B":245,"A":255}},"JS0-sv":{"iv":true,"wic":{},"woc":{},"wgc":{},"clr":{}}}}