{"SpawnDistance":1650.0000000000002,"Points":{"GE2-269":{"pid":"GE2-S","orb":1447.92,"per":24.13,"t":"GASPLANET","sp":"GASPLANET-6","s":182.61,"m":59207.81,"gd":304.35,"wic":{},"woc":{},"wgc":{},"emm":[{"Type":"2","MainRange":69,"MainValue":1.88,"FarRange":975}],"sig":[{"t":"0-2","s":"","d":{"X":0.21,"Y":-0.84}},{"t":"1-3","s":"","d":{"X":0.28,"Y":0.5}},{"t":"3-1","s":"","d":{"X":0.22,"Y":0.6}},{"t":"6-2","s":"","d":{"X":0.22,"Y":0.66}},{"t":"7-3","s":"","d":{"X":-0.84,"Y":-0.24}},{"t":"8-1","s":"","d":{"X":0.2,"Y":0.87}},{"t":"10-1","s":"","d":{"X":-0.28,"Y":-0.38}},{"t":"11-1","s":"","d":{"X":-0.15,"Y":0.58}},{"t":"X2","s":"","d":{"X":-0.015,"Y":-0.232}}],"clr":{"R":192,"G":242,"B":213,"A":255}},"GE2-269-0":{"pid":"GE2-269","orb":210.93,"per":3.51,"ang":235.93,"t":"ASTEROID","sp":"ASTEROID-1","s":21.07,"m":130.05,"gd":35.12,"wic":{},"woc":{},"wgc":{},"emm":[{"Type":"1","MainRange":41,"MainValue":0.26,"FarRange":134}],"sig":[{"t":"7-2","s":"","d":{"X":-0.05,"Y":0.93}},{"t":"8-1","s":"","d":{"X":0.82,"Y":-0.07}},{"t":"9-1","s":"","d":{"X":-0.34,"Y":-0.82}},{"t":"X1","s":"","d":{"X":0.631,"Y":-0.55}}],"clr":{"R":252,"G":249,"B":254,"A":255}},"GE2-269-1":{"pid":"GE2-269","orb":221.88,"per":3.69,"ang":44.73,"t":"ASTEROID","sp":"ASTEROID-1","s":16.91,"m":67.15,"gd":28.18,"wic":{},"woc":{},"wgc":{},"emm":[{"Type":"1","MainRange":25,"MainValue":0.22,"FarRange":156}],"sig":[{"t":"7-2","s":"","d":{"X":-0.79,"Y":0.35}},{"t":"8-1","s":"","d":{"X":-0.33,"Y":-0.8}},{"t":"9-1","s":"","d":{"X":0.6,"Y":0.69}},{"t":"X1","s":"","d":{"X":-0.372,"Y":0.009}}],"clr":{"R":200,"G":250,"B":160,"A":255}},"GE2-269-10":{"pid":"GE2-269","orb":251.98,"per":4.19,"ang":179.93,"t":"ASTEROID","sp":"ASTEROID-1","s":15.79,"m":54.69,"gd":26.32,"wic":{},"woc":{},"wgc":{},"emm":[{"Type":"1","MainRange":29,"MainValue":0.16,"FarRange":151}],"sig":[{"t":"7-2","s":"","d":{"X":-0.36,"Y":0.21}},{"t":"8-1","s":"","d":{"X":0.09,"Y":0.16}},{"t":"9-1","s":"","d":{"X":-0.83,"Y":0.02}},{"t":"X1","s":"","d":{"X":-0.661,"Y":-0.101}}],"clr":{"R":251,"G":252,"B":220,"A":255}},"GE2-269-11":{"pid":"GE2-269","orb":209.55,"per":3.49,"ang":82.45,"t":"ASTEROID","sp":"ASTEROID-1","s":15.43,"m":51.12,"gd":25.73,"wic":{},"woc":{},"wgc":{},"emm":[{"Type":"1","MainRange":47,"MainValue":0.16,"FarRange":93}],"sig":[{"t":"7-2","s":"","d":{"X":0.43,"Y":-0.44}},{"t":"8-1","s":"","d":{"X":-0.07,"Y":0.83}},{"t":"9-1","s":"","d":{"X":-0.78,"Y":-0.28}},{"t":"X1","s":"","d":{"X":0.272,"Y":-0.313}}],"clr":{"R":240,"G":230,"B":169,"A":255}},"GE2-269-12":{"pid":"GE2-269","orb":274.6,"per":4.57,"ang":92.48,"t":"ASTEROID","sp":"ASTEROID-5","s":19.69,"m":106.18,"gd":32.83,"wic":{},"woc":{},"wgc":{},"emm":[{"Type":"1","MainRange":52,"MainValue":0.31,"FarRange":173}],"sig":[{"t":"7-2","s":"","d":{"X":0.62,"Y":0.46}},{"t":"8-1","s":"","d":{"X":0.25,"Y":-0.43}},{"t":"9-1","s":"","d":{"X":0.1,"Y":0.38}},{"t":"X1","s":"","d":{"X":-0.131,"Y":0.778}}],"clr":{"R":253,"G":245,"B":243,"A":255}},"GE2-269-13":{"pid":"GE2-269","orb":245.59,"per":4.09,"ang":179.92,"t":"ASTEROID","sp":"ASTEROID-1","s":22.64,"m":161.38,"gd":37.74,"wic":{},"woc":{},"wgc":{},"emm":[{"Type":"1","MainRange":48,"MainValue":0.12,"FarRange":125}],"sig":[{"t":"7-2","s":"","d":{"X":0.53,"Y":0.2}},{"t":"8-1","s":"","d":{"X":-0.66,"Y":-0.22}},{"t":"9-1","s":"","d":{"X":0.53,"Y":-0.19}},{"t":"X1","s":"","d":{"X":0.094,"Y":0.946}}],"clr":{"R":220,"G":241,"B":250,"A":255}},"GE2-269-14":{"pid":"GE2-269","orb":258.76,"per":4.31,"ang":84.3,"t":"ASTEROID","sp":"ASTEROID-1","s":22.83,"m":165.37,"gd":38.05,"wic":{},"woc":{},"wgc":{},"emm":[{"Type":"1","MainRange":26,"MainValue":0.25,"FarRange":162}],"sig":[{"t":"7-2","s":"","d":{"X":0.34,"Y":-0.6}},{"t":"8-1","s":"","d":{"X":0.43,"Y":-0.1}},{"t":"9-1","s":"","d":{"X":0.77,"Y":0.2}},{"t":"X1","s":"","d":{"X":-0.395,"Y":-0.901}}],"clr":{"R":250,"G":228,"B":254,"A":255}},"GE2-269-15":{"pid":"GE2-269","orb":223.94,"per":3.73,"ang":94.57,"t":"ASTEROID","sp":"ASTEROID-5","s":28.51,"m":321.91,"gd":47.51,"wic":{},"woc":{},"wgc":{},"emm":[{"Type":"1","MainRange":66,"MainValue":0.29,"FarRange":170}],"sig":[{"t":"7-2","s":"","d":{"X":-0.36,"Y":0.68}},{"t":"8-1","s":"","d":{"X":-0.19,"Y":0.38}},{"t":"9-1","s":"","d":{"X":0.22,"Y":0.73}},{"t":"X1","s":"","d":{"X":0.224,"Y":-0.384}}],"clr":{"R":196,"G":254,"B":230,"A":255}},"GE2-269-16":{"pid":"GE2-269","orb":210.41,"per":3.5,"ang":22.1,"t":"ASTEROID","sp":"ASTEROID-3","s":8.35,"m":8.11,"gd":13.93,"wic":{},"woc":{},"wgc":{},"emm":[{"Type":"1","MainRange":43,"MainValue":0.16,"FarRange":122}],"sig":[{"t":"7-2","s":"","d":{"X":0.29,"Y":0.54}},{"t":"8-1","s":"","d":{"X":0.59,"Y":-0.32}},{"t":"9-1","s":"","d":{"X":-0.02,"Y":0.75}},{"t":"X1","s":"","d":{"X":-0.822,"Y":0.203}}],"clr":{"R":215,"G":241,"B":212,"A":255}},"GE2-269-17":{"pid":"GE2-269","orb":236.06,"per":3.93,"ang":191.98,"t":"ASTEROID","sp":"ASTEROID-5","s":12.26,"m":25.65,"gd":20.44,"wic":{},"woc":{},"wgc":{},"emm":[{"Type":"1","MainRange":57,"MainValue":0.24,"FarRange":217}],"sig":[{"t":"7-2","s":"","d":{"X":0.43,"Y":0.01}},{"t":"8-1","s":"","d":{"X":0.2,"Y":-0.49}},{"t":"9-1","s":"","d":{"X":-0.85,"Y":0.03}},{"t":"X1","s":"","d":{"X":-0.148,"Y":0.386}}],"clr":{"R":220,"G":250,"B":218,"A":255}},"GE2-269-18":{"pid":"GE2-269","orb":207,"per":3.45,"ang":318.68,"t":"ASTEROID","sp":"ASTEROID-3","s":27.53,"m":290.06,"gd":45.89,"wic":{},"woc":{},"wgc":{},"emm":[{"Type":"1","MainRange":51,"MainValue":0.19,"FarRange":69}],"sig":[{"t":"7-2","s":"","d":{"X":0.43,"Y":-0.2}},{"t":"8-1","s":"","d":{"X":-0.85,"Y":-0.11}},{"t":"9-1","s":"","d":{"X":-0.13,"Y":-0.43}},{"t":"X1","s":"","d":{"X":0.718,"Y":-0.668}}],"clr":{"R":253,"G":241,"B":238,"A":255}},"GE2-269-19":{"pid":"GE2-269","orb":230.15,"per":3.83,"ang":333.46,"t":"ASTEROID","sp":"ASTEROID-5","s":30.09,"m":378.61,"gd":50.16,"wic":{},"woc":{},"wgc":{},"emm":[{"Type":"1","MainRange":60,"MainValue":0.23,"FarRange":85}],"sig":[{"t":"7-2","s":"","d":{"X":-0.42,"Y":0.39}},{"t":"8-1","s":"","d":{"X":-0.12,"Y":0.29}},{"t":"9-1","s":"","d":{"X":0.36,"Y":0.3}},{"t":"X1","s":"","d":{"X":0.414,"Y":0.84}}],"clr":{"R":231,"G":251,"B":238,"A":255}},"GE2-269-2":{"pid":"GE2-269","orb":210.26,"per":3.5,"ang":27.07,"t":"ASTEROID","sp":"ASTEROID-1","s":12,"m":24.03,"gd":20,"wic":{},"woc":{},"wgc":{},"emm":[{"Type":"1","MainRange":24,"MainValue":0.24,"FarRange":187}],"sig":[{"t":"7-2","s":"","d":{"X":0.68,"Y":-0.02}},{"t":"8-1","s":"","d":{"X":-0.49,"Y":-0.23}},{"t":"9-1","s":"","d":{"X":0.35,"Y":-0.59}},{"t":"X1","s":"","d":{"X":0.731,"Y":0.087}}],"clr":{"R":235,"G":203,"B":248,"A":255}},"GE2-269-20":{"pid":"GE2-269","orb":240.75,"per":4.01,"ang":182.45,"t":"ASTEROID","sp":"ASTEROID-3","s":13.95,"m":37.71,"gd":23.25,"wic":{},"woc":{},"wgc":{},"emm":[{"Type":"1","MainRange":63,"MainValue":0.15,"FarRange":99},{"Type":"2","MainRange":40,"MainValue":0.14,"FarRange":171}],"sig":[{"t":"7-2","s":"","d":{"X":-0.94,"Y":0.18}},{"t":"8-1","s":"","d":{"X":-0.75,"Y":-0.15}},{"t":"9-1","s":"","d":{"X":0.19,"Y":-0.17}},{"t":"X1","s":"","d":{"X":0.313,"Y":-0.405}},{"t":"X2","s":"","d":{"X":-0.186,"Y":0.816}}],"clr":{"R":250,"G":196,"B":207,"A":255}},"GE2-269-21":{"pid":"GE2-269","orb":225.49,"per":3.75,"ang":278.12,"t":"ASTEROID","sp":"ASTEROID-3","s":17.36,"m":72.72,"gd":28.94,"wic":{},"woc":{},"wgc":{},"emm":[{"Type":"1","MainRange":32,"MainValue":0.15,"FarRange":214}],"sig":[{"t":"7-2","s":"","d":{"X":0.08,"Y":0.77}},{"t":"8-1","s":"","d":{"X":-0.17,"Y":0.96}},{"t":"9-1","s":"","d":{"X":0.28,"Y":0.71}},{"t":"X1","s":"","d":{"X":-0.143,"Y":-0.22}}],"clr":{"R":241,"G":221,"B":168,"A":255}},"GE2-269-22":{"pid":"GE2-269","orb":221.95,"per":3.69,"ang":250.39,"t":"ASTEROID","sp":"ASTEROID-2","s":25.21,"m":222.55,"gd":42.01,"wic":{},"woc":{},"wgc":{},"emm":[{"Type":"1","MainRange":55,"MainValue":0.19,"FarRange":133}],"sig":[{"t":"7-2","s":"","d":{"X":0.35,"Y":0.15}},{"t":"8-1","s":"","d":{"X":0.9,"Y":-0.14}},{"t":"9-1","s":"","d":{"X":0.49,"Y":-0.53}},{"t":"X1","s":"","d":{"X":-0.551,"Y":0.063}}],"clr":{"R":251,"G":249,"B":254,"A":255}},"GE2-269-23":{"pid":"GE2-269","orb":250.32,"per":4.17,"ang":173.66,"t":"ASTEROID","sp":"ASTEROID-3","s":17.07,"m":69.18,"gd":28.46,"wic":{},"woc":{},"wgc":{},"emm":[{"Type":"1","MainRange":26,"MainValue":0.32,"FarRange":239}],"sig":[{"t":"7-2","s":"","d":{"X":0.21,"Y":0.03}},{"t":"8-1","s":"","d":{"X":0.02,"Y":0.65}},{"t":"9-1","s":"","d":{"X":-0.24,"Y":0.5}},{"t":"X1","s":"","d":{"X":0.33,"Y":-0.685}}],"clr":{"R":247,"G":183,"B":226,"A":255}},"GE2-269-24":{"pid":"GE2-269","orb":210.54,"per":3.5,"ang":93.64,"t":"ASTEROID","sp":"ASTEROID-5","s":15.33,"m":50.04,"gd":25.55,"wic":{},"woc":{},"wgc":{},"emm":[{"Type":"1","MainRange":66,"MainValue":0.24,"FarRange":223},{"Type":"18","MainRange":34,"MainValue":0.16,"FarRange":141}],"sig":[{"t":"7-2","s":"","d":{"X":-0.01,"Y":-0.45}},{"t":"8-1","s":"","d":{"X":0.65,"Y":-0.62}},{"t":"9-1","s":"","d":{"X":-0.46,"Y":0.23}},{"t":"X1","s":"","d":{"X":0.697,"Y":0.321}},{"t":"X18","s":"","d":{"X":-0.279,"Y":-0.048}}],"clr":{"R":253,"G":245,"B":250,"A":255}},"GE2-269-25":{"pid":"GE2-269","orb":215.31,"per":3.58,"ang":261.41,"t":"ASTEROID","sp":"ASTEROID-4","s":12.61,"m":27.89,"gd":21.02,"wic":{},"woc":{},"wgc":{},"emm":[{"Type":"1","MainRange":57,"MainValue":0.24,"FarRange":150}],"sig":[{"t":"7-2","s":"","d":{"X":-0.65,"Y":-0.6}},{"t":"8-1","s":"","d":{"X":-0.56,"Y":-0.62}},{"t":"9-1","s":"","d":{"X":0.06,"Y":-0.2}},{"t":"X1","s":"","d":{"X":-0.307,"Y":-0.631}}],"clr":{"R":242,"G":243,"B":251,"A":255}},"GE2-269-26":{"pid":"GE2-269","orb":236.8,"per":3.94,"ang":21.01,"t":"ASTEROID","sp":"ASTEROID-3","s":26.51,"m":259.03,"gd":44.19,"wic":{},"woc":{},"wgc":{},"emm":[{"Type":"1","MainRange":55,"MainValue":0.21,"FarRange":65}],"sig":[{"t":"7-2","s":"","d":{"X":0.29,"Y":0.52}},{"t":"8-1","s":"","d":{"X":-0.24,"Y":-0.84}},{"t":"9-1","s":"","d":{"X":-0.48,"Y":0.43}},{"t":"X1","s":"","d":{"X":-0.105,"Y":-0.873}}],"clr":{"R":246,"G":223,"B":240,"A":255}},"GE2-269-27":{"pid":"GE2-269","orb":196.83,"per":3.28,"ang":262.51,"t":"ASTEROID","sp":"ASTEROID-5","s":19.98,"m":110.91,"gd":33.31,"wic":{},"woc":{},"wgc":{},"emm":[{"Type":"1","MainRange":45,"MainValue":0.19,"FarRange":142}],"sig":[{"t":"7-2","s":"","d":{"X":0.18,"Y":0.88}},{"t":"8-1","s":"","d":{"X":0.02,"Y":0.46}},{"t":"9-1","s":"","d":{"X":0.12,"Y":0.36}},{"t":"X1","s":"","d":{"X":-0.932,"Y":-0.15}}],"clr":{"R":230,"G":248,"B":223,"A":255}},"GE2-269-28":{"pid":"GE2-269","orb":212.83,"per":3.54,"ang":299.57,"t":"ASTEROID","sp":"ASTEROID-2","s":15.51,"m":51.87,"gd":25.85,"wic":{},"woc":{},"wgc":{},"emm":[{"Type":"1","MainRange":42,"MainValue":0.1,"FarRange":237}],"sig":[{"t":"7-2","s":"","d":{"X":-0.62,"Y":-0.74}},{"t":"8-1","s":"","d":{"X":-0.28,"Y":-0.14}},{"t":"9-1","s":"","d":{"X":-0.53,"Y":-0.69}},{"t":"X1","s":"","d":{"X":0.903,"Y":-0.042}}],"clr":{"R":247,"G":183,"B":177,"A":255}},"GE2-269-29":{"pid":"GE2-269","orb":234.33,"per":3.9,"ang":357.7,"t":"ASTEROID","sp":"ASTEROID-5","s":27.42,"m":286.36,"gd":45.7,"wic":{},"woc":{},"wgc":{},"emm":[{"Type":"1","MainRange":50,"MainValue":0.14,"FarRange":143}],"sig":[{"t":"7-2","s":"","d":{"X":-0.15,"Y":0.13}},{"t":"8-1","s":"","d":{"X":0.74,"Y":0.17}},{"t":"9-1","s":"","d":{"X":-0.11,"Y":-0.53}},{"t":"X1","s":"","d":{"X":-0.772,"Y":-0.546}}],"clr":{"R":195,"G":187,"B":238,"A":255}},"GE2-269-3":{"pid":"GE2-269","orb":235.72,"per":3.92,"ang":344.79,"t":"ASTEROID","sp":"ASTEROID-5","s":24.76,"m":210.82,"gd":41.26,"wic":{},"woc":{},"wgc":{},"emm":[{"Type":"1","MainRange":71,"MainValue":0.17,"FarRange":191}],"sig":[{"t":"7-2","s":"","d":{"X":0.47,"Y":0.82}},{"t":"8-1","s":"","d":{"X":-0.08,"Y":-0.85}},{"t":"9-1","s":"","d":{"X":0.6,"Y":0.26}},{"t":"X1","s":"","d":{"X":-0.001,"Y":0.127}}],"clr":{"R":247,"G":242,"B":222,"A":255}},"GE2-269-30":{"pid":"GE2-269","orb":257.55,"per":4.29,"ang":208.28,"t":"ASTEROID","sp":"ASTEROID-4","s":28.17,"m":310.67,"gd":46.95,"wic":{},"woc":{},"wgc":{},"emm":[{"Type":"1","MainRange":42,"MainValue":0.12,"FarRange":150}],"sig":[{"t":"7-2","s":"","d":{"X":0.26,"Y":0.55}},{"t":"8-1","s":"","d":{"X":-0.16,"Y":0.29}},{"t":"9-1","s":"","d":{"X":-0.62,"Y":-0.44}},{"t":"X1","s":"","d":{"X":-0.232,"Y":0.579}}],"clr":{"R":246,"G":225,"B":199,"A":255}},"GE2-269-31":{"pid":"GE2-269","orb":225.79,"per":3.76,"ang":104.36,"t":"ASTEROID","sp":"ASTEROID-3","s":12.63,"m":28.02,"gd":21.05,"wic":{},"woc":{},"wgc":{},"emm":[{"Type":"1","MainRange":70,"MainValue":0.19,"FarRange":126}],"sig":[{"t":"7-2","s":"","d":{"X":-0.76,"Y":-0.09}},{"t":"8-1","s":"","d":{"X":-0.33,"Y":-0.84}},{"t":"9-1","s":"","d":{"X":-0.35,"Y":0.85}},{"t":"X1","s":"","d":{"X":0.88,"Y":-0.305}}],"clr":{"R":238,"G":203,"B":199,"A":255}},"GE2-269-32":{"pid":"GE2-269","orb":217.98,"per":3.63,"ang":120.76,"t":"ASTEROID","sp":"ASTEROID-2","s":20.08,"m":112.48,"gd":33.46,"wic":{},"woc":{},"wgc":{},"emm":[{"Type":"1","MainRange":37,"MainValue":0.22,"FarRange":173}],"sig":[{"t":"7-2","s":"","d":{"X":-0.54,"Y":-0.02}},{"t":"8-1","s":"","d":{"X":-0.73,"Y":-0.56}},{"t":"9-1","s":"","d":{"X":-0.87,"Y":0.41}},{"t":"X1","s":"","d":{"X":0.595,"Y":-0.224}}],"clr":{"R":241,"G":237,"B":251,"A":255}},"GE2-269-33":{"pid":"GE2-269","orb":226.4,"per":3.77,"ang":193.26,"t":"ASTEROID","sp":"ASTEROID-5","s":17.72,"m":77.35,"gd":29.54,"wic":{},"woc":{},"wgc":{},"emm":[{"Type":"1","MainRange":35,"MainValue":0.21,"FarRange":141}],"sig":[{"t":"7-2","s":"","d":{"X":-0.45,"Y":0.54}},{"t":"8-1","s":"","d":{"X":0.03,"Y":0.47}},{"t":"9-1","s":"","d":{"X":-0.24,"Y":-0.09}},{"t":"X1","s":"","d":{"X":0.052,"Y":0.79}}],"clr":{"R":240,"G":251,"B":234,"A":255}},"GE2-269-34":{"pid":"GE2-269","orb":254.88,"per":4.24,"ang":303.84,"t":"ASTEROID","sp":"ASTEROID-5","s":22.77,"m":164.03,"gd":37.95,"wic":{},"woc":{},"wgc":{},"emm":[{"Type":"1","MainRange":45,"MainValue":0.25,"FarRange":135},{"Type":"3","MainRange":53,"MainValue":0.22,"FarRange":176},{"Type":"24","MainRange":43,"MainValue":0.26,"FarRange":104}],"sig":[{"t":"7-2","s":"","d":{"X":0.18,"Y":-0.87}},{"t":"8-1","s":"","d":{"X":-0.08,"Y":-0.66}},{"t":"9-1","s":"","d":{"X":0.26,"Y":-0.58}},{"t":"X1","s":"","d":{"X":-0.591,"Y":0.078}},{"t":"X3","s":"","d":{"X":-0.108,"Y":0.769}},{"t":"X24","s":"","d":{"X":0.504,"Y":0.111}}],"clr":{"R":250,"G":243,"B":226,"A":255}},"GE2-269-35":{"pid":"GE2-269","orb":197.97,"per":3.29,"ang":137.38,"t":"ASTEROID","sp":"ASTEROID-5","s":25.14,"m":220.76,"gd":41.9,"wic":{},"woc":{},"wgc":{},"emm":[{"Type":"1","MainRange":72,"MainValue":0.15,"FarRange":161}],"sig":[{"t":"7-2","s":"","d":{"X":0.98,"Y":0.15}},{"t":"8-1","s":"","d":{"X":0.15,"Y":0.22}},{"t":"9-1","s":"","d":{"X":0.44,"Y":-0.75}},{"t":"X1","s":"","d":{"X":-0.245,"Y":-0.446}}],"clr":{"R":229,"G":249,"B":229,"A":255}},"GE2-269-36":{"pid":"GE2-269","orb":234.22,"per":3.9,"ang":61.37,"t":"ASTEROID","sp":"ASTEROID-4","s":35.98,"m":646.97,"gd":59.96,"wic":{},"woc":{},"wgc":{},"emm":[{"Type":"1","MainRange":54,"MainValue":0.21,"FarRange":125}],"sig":[{"t":"7-2","s":"","d":{"X":-0.14,"Y":-0.32}},{"t":"8-1","s":"","d":{"X":0.56,"Y":0.14}},{"t":"9-1","s":"","d":{"X":0.36,"Y":-0.06}},{"t":"X1","s":"","d":{"X":-0.429,"Y":0.388}}],"clr":{"R":223,"G":219,"B":246,"A":255}},"GE2-269-37":{"pid":"GE2-269","orb":242.39,"per":4.03,"ang":108.34,"t":"ASTEROID","sp":"ASTEROID-5","s":28.28,"m":314.32,"gd":47.14,"wic":{},"woc":{},"wgc":{},"emm":[{"Type":"1","MainRange":65,"MainValue":0.24,"FarRange":192},{"Type":"3","MainRange":52,"MainValue":0.2,"FarRange":94}],"sig":[{"t":"7-2","s":"","d":{"X":-0.51,"Y":0.82}},{"t":"8-1","s":"","d":{"X":-0.93,"Y":0.19}},{"t":"9-1","s":"","d":{"X":0.05,"Y":-0.82}},{"t":"X1","s":"","d":{"X":-0.662,"Y":0.478}},{"t":"X3","s":"","d":{"X":-0.125,"Y":0.321}}],"clr":{"R":245,"G":224,"B":196,"A":255}},"GE2-269-38":{"pid":"GE2-269","orb":245.76,"per":4.09,"ang":132.44,"t":"ASTEROID","sp":"ASTEROID-4","s":10.02,"m":13.99,"gd":16.7,"wic":{},"woc":{},"wgc":{},"emm":[{"Type":"1","MainRange":49,"MainValue":0.24,"FarRange":171},{"Type":"18","MainRange":63,"MainValue":0.17,"FarRange":182},{"Type":"24","MainRange":65,"MainValue":0.16,"FarRange":121},{"Type":"26","MainRange":61,"MainValue":0.19,"FarRange":148},{"Type":"2","MainRange":42,"MainValue":0.26,"FarRange":119}],"sig":[{"t":"7-2","s":"","d":{"X":-0.44,"Y":0.66}},{"t":"8-1","s":"","d":{"X":-0.71,"Y":0.2}},{"t":"9-1","s":"","d":{"X":-0.6,"Y":-0.61}},{"t":"X1","s":"","d":{"X":-0.033,"Y":-0.193}},{"t":"X18","s":"","d":{"X":-0.339,"Y":-0.132}},{"t":"X24","s":"","d":{"X":-0.606,"Y":0.375}},{"t":"X26","s":"","d":{"X":0.376,"Y":0.304}},{"t":"X2","s":"","d":{"X":-0.363,"Y":0.46}}],"clr":{"R":211,"G":183,"B":246,"A":255}},"GE2-269-39":{"pid":"GE2-269","orb":262.45,"per":4.37,"ang":28.71,"t":"ASTEROID","sp":"ASTEROID-1","s":12.23,"m":25.46,"gd":20.39,"wic":{},"woc":{},"wgc":{},"emm":[{"Type":"1","MainRange":42,"MainValue":0.28,"FarRange":130}],"sig":[{"t":"7-2","s":"","d":{"X":-0.68,"Y":-0.61}},{"t":"8-1","s":"","d":{"X":-0.75,"Y":0.01}},{"t":"9-1","s":"","d":{"X":0.51,"Y":-0.36}},{"t":"X1","s":"","d":{"X":-0.847,"Y":-0.293}}],"clr":{"R":250,"G":207,"B":238,"A":255}},"GE2-269-4":{"pid":"GE2-269","orb":192.93,"per":3.21,"ang":149.27,"t":"ASTEROID","sp":"ASTEROID-1","s":26.22,"m":250.55,"gd":43.71,"wic":{},"woc":{},"wgc":{},"emm":[{"Type":"1","MainRange":47,"MainValue":0.19,"FarRange":125}],"sig":[{"t":"7-2","s":"","d":{"X":-0.7,"Y":0.33}},{"t":"8-1","s":"","d":{"X":-0.88,"Y":0.37}},{"t":"9-1","s":"","d":{"X":0.2,"Y":-0.37}},{"t":"X1","s":"","d":{"X":0.694,"Y":0.349}}],"clr":{"R":196,"G":244,"B":217,"A":255}},"GE2-269-5":{"pid":"GE2-269","orb":219.66,"per":3.66,"ang":44.84,"t":"ASTEROID","sp":"ASTEROID-2","s":14.39,"m":41.46,"gd":23.99,"wic":{},"woc":{},"wgc":{},"emm":[{"Type":"1","MainRange":46,"MainValue":0.13,"FarRange":132}],"sig":[{"t":"7-2","s":"","d":{"X":-0.43,"Y":-0.82}},{"t":"8-1","s":"","d":{"X":-0.7,"Y":-0.42}},{"t":"9-1","s":"","d":{"X":-0.59,"Y":-0.22}},{"t":"X1","s":"","d":{"X":0.486,"Y":0.12}}],"clr":{"R":184,"G":159,"B":249,"A":255}},"GE2-269-6":{"pid":"GE2-269","orb":229.89,"per":3.83,"ang":67.96,"t":"ASTEROID","sp":"ASTEROID-4","s":19.68,"m":105.87,"gd":32.8,"wic":{},"woc":{},"wgc":{},"emm":[{"Type":"1","MainRange":49,"MainValue":0.19,"FarRange":61}],"sig":[{"t":"7-2","s":"","d":{"X":0.36,"Y":0.85}},{"t":"8-1","s":"","d":{"X":0.08,"Y":-0.41}},{"t":"9-1","s":"","d":{"X":0.8,"Y":-0.1}},{"t":"X1","s":"","d":{"X":-0.104,"Y":0.007}}],"clr":{"R":223,"G":252,"B":231,"A":255}},"GE2-269-7":{"pid":"GE2-269","orb":208.12,"per":3.46,"ang":298.72,"t":"ASTEROID","sp":"ASTEROID-2","s":20.82,"m":125.41,"gd":34.7,"wic":{},"woc":{},"wgc":{},"emm":[{"Type":"1","MainRange":75,"MainValue":0.19,"FarRange":233},{"Type":"19","MainRange":58,"MainValue":0.14,"FarRange":153}],"sig":[{"t":"7-2","s":"","d":{"X":0.25,"Y":0.65}},{"t":"8-1","s":"","d":{"X":0.26,"Y":-0.69}},{"t":"9-1","s":"","d":{"X":-0.25,"Y":0.03}},{"t":"X1","s":"","d":{"X":-0.509,"Y":0.19}},{"t":"X19","s":"","d":{"X":0.2,"Y":0.02}}],"clr":{"R":253,"G":250,"B":247,"A":255}},"GE2-269-8":{"pid":"GE2-269","orb":214.36,"per":3.57,"ang":29.7,"t":"ASTEROID","sp":"ASTEROID-1","s":8.7,"m":9.17,"gd":14.51,"wic":{},"woc":{},"wgc":{},"emm":[{"Type":"1","MainRange":54,"MainValue":0.07,"FarRange":152}],"sig":[{"t":"7-2","s":"","d":{"X":0.11,"Y":0.35}},{"t":"8-1","s":"","d":{"X":-0.34,"Y":-0.56}},{"t":"9-1","s":"","d":{"X":0.16,"Y":0.32}},{"t":"X1","s":"","d":{"X":-0.222,"Y":-0.331}}],"clr":{"R":208,"G":211,"B":245,"A":255}},"GE2-269-9":{"pid":"GE2-269","orb":193.35,"per":3.22,"ang":47.26,"t":"ASTEROID","sp":"ASTEROID-5","s":25.63,"m":234.04,"gd":42.72,"wic":{},"woc":{},"wgc":{},"emm":[{"Type":"1","MainRange":12,"MainValue":0.2,"FarRange":182}],"sig":[{"t":"7-2","s":"","d":{"X":0.81,"Y":0.39}},{"t":"8-1","s":"","d":{"X":-0.48,"Y":0.11}},{"t":"9-1","s":"","d":{"X":0.51,"Y":-0.62}},{"t":"X1","s":"","d":{"X":0.572,"Y":-0.063}}],"clr":{"R":195,"G":238,"B":248,"A":255}},"GE2-S":{"t":"STAR","sp":"STAR-12","s":512.51,"m":7478880.92,"gd":1708.36,"wic":{},"woc":{},"wgc":{},"emm":[{"Type":"2","MainRange":1143,"MainValue":4.45,"FarRange":4357}],"sig":[{"t":"X2","s":"","d":{"X":0.583,"Y":-0.798}}],"clr":{"R":243,"G":208,"B":211,"A":255}}}}