{"SpawnDistance":4195.477000000001,"Points":{"HF0-0-0":{"pid":"HF0-S","orb":652.67,"per":10.87,"ang":130.85,"t":"ASTEROID","sp":"ASTEROID-2","s":21.75,"m":143.06,"gd":36.26,"wic":{},"woc":{},"wgc":{},"emm":[{"Type":"1","MainRange":55,"MainValue":0.15,"FarRange":236},{"Type":"3","MainRange":39,"MainValue":0.16,"FarRange":192}],"sig":[{"t":"7-4","s":"","d":{"X":0.34,"Y":-0.77}},{"t":"8-1","s":"","d":{"X":0.4,"Y":-0.45}},{"t":"9-1","s":"","d":{"X":0.28,"Y":-0.65}},{"t":"X1","s":"","d":{"X":0.466,"Y":0.254}},{"t":"X3","s":"","d":{"X":-0.061,"Y":-0.111}}],"clr":{"R":233,"G":239,"B":192,"A":255}},"HF0-324":{"pid":"HF0-S","orb":2159,"per":35.98,"t":"GASPLANET","sp":"GASPLANET-15","s":104.6,"m":11128.56,"gd":174.34,"wic":{},"woc":{},"wgc":{},"emm":[{"Type":"12","MainRange":402,"MainValue":1.49,"FarRange":1091}],"sig":[{"t":"0-2","s":"","d":{"X":0.78,"Y":0.34}},{"t":"1-3","s":"","d":{"X":-0.5,"Y":0.03}},{"t":"3-1","s":"","d":{"X":0.39,"Y":0.63}},{"t":"6-2","s":"","d":{"X":-0.08,"Y":-0.24}},{"t":"7-3","s":"","d":{"X":-0.04,"Y":0.12}},{"t":"8-1","s":"","d":{"X":-0.6,"Y":-0.01}},{"t":"10-1","s":"","d":{"X":-0.05,"Y":-0.32}},{"t":"11-1","s":"","d":{"X":-0.7,"Y":-0.54}},{"t":"X12","s":"","d":{"X":-0.188,"Y":0.399}}],"clr":{"R":251,"G":163,"B":157,"A":255}},"HF0-570":{"pid":"HF0-S","orb":1590.09,"per":26.5,"t":"GASPLANET","sp":"GASPLANET-5","s":405.81,"m":649766.71,"gd":676.36,"wic":{},"woc":{},"wgc":{},"sig":[{"t":"0-3","s":"","d":{"X":0.54,"Y":0.78}},{"t":"1-3","s":"","d":{"X":-0.29,"Y":0.68}},{"t":"3-1","s":"","d":{"X":0.2,"Y":0.42}},{"t":"6-3","s":"","d":{"X":0.01,"Y":-0.05}},{"t":"10-1","s":"","d":{"X":-0.11,"Y":0.35}},{"t":"11-1","s":"","d":{"X":0.18,"Y":-0.64}}],"clr":{"R":253,"G":254,"B":243,"A":255}},"HF0-947":{"pid":"HF0-S","orb":3814.07,"per":63.56,"t":"GASPLANET","sp":"GASPLANET-32","s":132.86,"m":22804.86,"gd":221.44,"wic":{},"woc":{},"wgc":{},"sig":[{"t":"0-3","s":"","d":{"X":-0.95,"Y":0.28}},{"t":"1-3","s":"","d":{"X":0.08,"Y":0.77}},{"t":"3-1","s":"","d":{"X":0.5,"Y":0.56}},{"t":"6-2","s":"","d":{"X":0.85,"Y":0.04}},{"t":"7-3","s":"","d":{"X":0.32,"Y":-0.28}},{"t":"8-1","s":"","d":{"X":0.38,"Y":-0.88}},{"t":"10-1","s":"","d":{"X":-0.55,"Y":0.54}},{"t":"11-1","s":"","d":{"X":0.23,"Y":0.29}}],"clr":{"R":246,"G":249,"B":227,"A":255}},"HF0-947-0":{"pid":"HF0-947","orb":608.39,"per":10.13,"ang":143.1,"t":"ASTEROID","sp":"ASTEROID-4","s":19.92,"m":109.91,"gd":33.21,"wic":{},"woc":{},"wgc":{},"emm":[{"Type":"1","MainRange":34,"MainValue":0.24,"FarRange":175}],"sig":[{"t":"7-4","s":"","d":{"X":0.74,"Y":-0.32}},{"t":"8-1","s":"","d":{"X":0.08,"Y":-0.3}},{"t":"9-1","s":"","d":{"X":-0.2,"Y":-0.38}},{"t":"X1","s":"","d":{"X":-0.344,"Y":0.45}}],"clr":{"R":253,"G":248,"B":249,"A":255}},"HF0-947-1":{"pid":"HF0-947","orb":546.6,"per":9.11,"ang":123.88,"t":"ASTEROID","sp":"ASTEROID-3","s":28.46,"m":320.16,"gd":47.43,"wic":{},"woc":{},"wgc":{},"emm":[{"Type":"1","MainRange":48,"MainValue":0.24,"FarRange":225}],"sig":[{"t":"7-4","s":"","d":{"X":0.7,"Y":0.51}},{"t":"8-1","s":"","d":{"X":0.5,"Y":-0.05}},{"t":"9-1","s":"","d":{"X":-0.31,"Y":-0.66}},{"t":"X1","s":"","d":{"X":-0.153,"Y":-0.097}}],"clr":{"R":203,"G":246,"B":233,"A":255}},"HF0-947-10":{"pid":"HF0-947","orb":672.42,"per":11.2,"ang":314.07,"t":"ASTEROID","sp":"ASTEROID-2","s":33.36,"m":515.71,"gd":55.6,"wic":{},"woc":{},"wgc":{},"emm":[{"Type":"1","MainRange":38,"MainValue":0.16,"FarRange":143}],"sig":[{"t":"7-4","s":"","d":{"X":-0.81,"Y":0.53}},{"t":"8-1","s":"","d":{"X":-0.6,"Y":0.53}},{"t":"9-1","s":"","d":{"X":-0.67,"Y":0.17}},{"t":"X1","s":"","d":{"X":-0.633,"Y":-0.16}}],"clr":{"R":250,"G":224,"B":241,"A":255}},"HF0-947-11":{"pid":"HF0-947","orb":642.23,"per":10.7,"ang":30.71,"t":"ASTEROID","sp":"ASTEROID-2","s":15.75,"m":54.26,"gd":26.25,"wic":{},"woc":{},"wgc":{},"emm":[{"Type":"1","MainRange":45,"MainValue":0.24,"FarRange":128},{"Type":"27","MainRange":55,"MainValue":0.21,"FarRange":118},{"Type":"5","MainRange":53,"MainValue":0.18,"FarRange":110},{"Type":"26","MainRange":44,"MainValue":0.25,"FarRange":105}],"sig":[{"t":"7-4","s":"","d":{"X":0.39,"Y":0.1}},{"t":"8-1","s":"","d":{"X":-0.85,"Y":-0.21}},{"t":"9-1","s":"","d":{"X":0.09,"Y":0.1}},{"t":"X1","s":"","d":{"X":-0.463,"Y":-0.575}},{"t":"X27","s":"","d":{"X":-0.842,"Y":-0.177}},{"t":"X5","s":"","d":{"X":0.637,"Y":0.289}},{"t":"X26","s":"","d":{"X":-0.122,"Y":-0.926}}],"clr":{"R":192,"G":253,"B":186,"A":255}},"HF0-947-12":{"pid":"HF0-947","orb":531.25,"per":8.85,"ang":65.71,"t":"ASTEROID","sp":"ASTEROID-4","s":16.87,"m":66.74,"gd":28.12,"wic":{},"woc":{},"wgc":{},"emm":[{"Type":"1","MainRange":44,"MainValue":0.13,"FarRange":148},{"Type":"27","MainRange":50,"MainValue":0.24,"FarRange":154}],"sig":[{"t":"7-4","s":"","d":{"X":-0.53,"Y":-0.21}},{"t":"8-1","s":"","d":{"X":0.71,"Y":0.26}},{"t":"9-1","s":"","d":{"X":-0.06,"Y":0.1}},{"t":"X1","s":"","d":{"X":0.762,"Y":0.578}},{"t":"X27","s":"","d":{"X":0.04,"Y":0.726}}],"clr":{"R":237,"G":191,"B":246,"A":255}},"HF0-947-13":{"pid":"HF0-947","orb":643.53,"per":10.72,"ang":262.04,"t":"ASTEROID","sp":"ASTEROID-4","s":21.61,"m":140.16,"gd":36.01,"wic":{},"woc":{},"wgc":{},"emm":[{"Type":"1","MainRange":37,"MainValue":0.12,"FarRange":145}],"sig":[{"t":"7-4","s":"","d":{"X":-0.69,"Y":0.03}},{"t":"8-1","s":"","d":{"X":-0.65,"Y":0.61}},{"t":"9-1","s":"","d":{"X":0.14,"Y":0.11}},{"t":"X1","s":"","d":{"X":0.152,"Y":-0.627}}],"clr":{"R":250,"G":254,"B":249,"A":255}},"HF0-947-14":{"pid":"HF0-947","orb":649.82,"per":10.83,"ang":275.38,"t":"ASTEROID","sp":"ASTEROID-4","s":31.01,"m":414.41,"gd":51.69,"wic":{},"woc":{},"wgc":{},"emm":[{"Type":"1","MainRange":51,"MainValue":0.18,"FarRange":124}],"sig":[{"t":"7-4","s":"","d":{"X":0.12,"Y":0.73}},{"t":"8-1","s":"","d":{"X":-0.52,"Y":0.77}},{"t":"9-1","s":"","d":{"X":-0.01,"Y":-0.96}},{"t":"X1","s":"","d":{"X":-0.771,"Y":-0.117}}],"clr":{"R":231,"G":244,"B":189,"A":255}},"HF0-947-15":{"pid":"HF0-947","orb":622.04,"per":10.36,"ang":281.63,"t":"ASTEROID","sp":"ASTEROID-5","s":24.4,"m":201.97,"gd":40.68,"wic":{},"woc":{},"wgc":{},"emm":[{"Type":"1","MainRange":48.6,"MainValue":0.29,"FarRange":54}],"sig":[{"t":"7-4","s":"","d":{"X":0.5,"Y":0.38}},{"t":"8-1","s":"","d":{"X":-0.44,"Y":-0.75}},{"t":"9-1","s":"","d":{"X":-0.36,"Y":-0.27}},{"t":"X1","s":"","d":{"X":-0.652,"Y":0.665}}],"clr":{"R":209,"G":252,"B":233,"A":255}},"HF0-947-16":{"pid":"HF0-947","orb":578.69,"per":9.64,"ang":357.78,"t":"ASTEROID","sp":"ASTEROID-2","s":15.17,"m":48.51,"gd":25.28,"wic":{},"woc":{},"wgc":{},"emm":[{"Type":"1","MainRange":64,"MainValue":0.24,"FarRange":84}],"sig":[{"t":"7-4","s":"","d":{"X":0.05,"Y":-0.97}},{"t":"8-1","s":"","d":{"X":0.45,"Y":-0.67}},{"t":"9-1","s":"","d":{"X":-0.66,"Y":0.03}},{"t":"X1","s":"","d":{"X":-0.172,"Y":-0.953}}],"clr":{"R":207,"G":180,"B":248,"A":255}},"HF0-947-17":{"pid":"HF0-947","orb":676.12,"per":11.26,"ang":349.03,"t":"ASTEROID","sp":"ASTEROID-1","s":17.19,"m":70.63,"gd":28.66,"wic":{},"woc":{},"wgc":{},"emm":[{"Type":"1","MainRange":57,"MainValue":0.23,"FarRange":168}],"sig":[{"t":"7-4","s":"","d":{"X":0.2,"Y":-0.61}},{"t":"8-1","s":"","d":{"X":0.92,"Y":0.2}},{"t":"9-1","s":"","d":{"X":0.49,"Y":0.22}},{"t":"X1","s":"","d":{"X":0.476,"Y":-0.202}}],"clr":{"R":223,"G":252,"B":237,"A":255}},"HF0-947-18":{"pid":"HF0-947","orb":616.55,"per":10.27,"ang":49.71,"t":"ASTEROID","sp":"ASTEROID-2","s":20.24,"m":115.24,"gd":33.74,"wic":{},"woc":{},"wgc":{},"emm":[{"Type":"1","MainRange":53,"MainValue":0.2,"FarRange":78}],"sig":[{"t":"7-4","s":"","d":{"X":0.08,"Y":-0.8}},{"t":"8-1","s":"","d":{"X":0.07,"Y":-0.17}},{"t":"9-1","s":"","d":{"X":-0.15,"Y":0.05}},{"t":"X1","s":"","d":{"X":0.433,"Y":0.542}}],"clr":{"R":229,"G":247,"B":254,"A":255}},"HF0-947-19":{"pid":"HF0-947","orb":644.86,"per":10.74,"ang":8.33,"t":"ASTEROID","sp":"ASTEROID-3","s":27.54,"m":290.38,"gd":45.91,"wic":{},"woc":{},"wgc":{},"emm":[{"Type":"1","MainRange":40,"MainValue":0.13,"FarRange":227}],"sig":[{"t":"7-4","s":"","d":{"X":0.1,"Y":-0.29}},{"t":"8-1","s":"","d":{"X":0.23,"Y":0.4}},{"t":"9-1","s":"","d":{"X":-0.81,"Y":0.55}},{"t":"X1","s":"","d":{"X":-0.884,"Y":-0.212}}],"clr":{"R":238,"G":203,"B":250,"A":255}},"HF0-947-2":{"pid":"HF0-947","orb":586.84,"per":9.78,"ang":5.48,"t":"ASTEROID","sp":"ASTEROID-1","s":18.49,"m":87.82,"gd":30.82,"wic":{},"woc":{},"wgc":{},"emm":[{"Type":"1","MainRange":77,"MainValue":0.11,"FarRange":173}],"sig":[{"t":"7-4","s":"","d":{"X":0.06,"Y":-0.06}},{"t":"8-1","s":"","d":{"X":0.45,"Y":-0.25}},{"t":"9-1","s":"","d":{"X":0.16,"Y":-0.44}},{"t":"X1","s":"","d":{"X":-0.122,"Y":-0.824}}],"clr":{"R":252,"G":246,"B":246,"A":255}},"HF0-947-20":{"pid":"HF0-947","orb":723.22,"per":12.05,"ang":146.41,"t":"ASTEROID","sp":"ASTEROID-1","s":17.49,"m":74.32,"gd":29.15,"wic":{},"woc":{},"wgc":{},"emm":[{"Type":"1","MainRange":84,"MainValue":0.14,"FarRange":174}],"sig":[{"t":"7-4","s":"","d":{"X":-0.26,"Y":0.32}},{"t":"8-1","s":"","d":{"X":0.25,"Y":-0.2}},{"t":"9-1","s":"","d":{"X":-0.67,"Y":-0.13}},{"t":"X1","s":"","d":{"X":-0.477,"Y":0.364}}],"clr":{"R":253,"G":246,"B":243,"A":255}},"HF0-947-21":{"pid":"HF0-947","orb":616.89,"per":10.28,"ang":260.06,"t":"ASTEROID","sp":"ASTEROID-5","s":27.14,"m":277.92,"gd":45.24,"wic":{},"woc":{},"wgc":{},"emm":[{"Type":"1","MainRange":35,"MainValue":0.15,"FarRange":243}],"sig":[{"t":"7-4","s":"","d":{"X":0.38,"Y":-0.3}},{"t":"8-1","s":"","d":{"X":0.11,"Y":-0.74}},{"t":"9-1","s":"","d":{"X":0.56,"Y":-0.8}},{"t":"X1","s":"","d":{"X":-0.402,"Y":0.807}}],"clr":{"R":222,"G":251,"B":163,"A":255}},"HF0-947-22":{"pid":"HF0-947","orb":714.63,"per":11.91,"ang":182.77,"t":"ASTEROID","sp":"ASTEROID-5","s":21.05,"m":129.55,"gd":35.08,"wic":{},"woc":{},"wgc":{},"emm":[{"Type":"1","MainRange":55,"MainValue":0.19,"FarRange":91}],"sig":[{"t":"7-4","s":"","d":{"X":-0.16,"Y":-0.8}},{"t":"8-1","s":"","d":{"X":0.9,"Y":-0.06}},{"t":"9-1","s":"","d":{"X":0.19,"Y":-0.91}},{"t":"X1","s":"","d":{"X":-0.434,"Y":0.137}}],"clr":{"R":234,"G":212,"B":193,"A":255}},"HF0-947-23":{"pid":"HF0-947","orb":578.73,"per":9.64,"ang":331.12,"t":"ASTEROID","sp":"ASTEROID-4","s":17.78,"m":78.19,"gd":29.64,"wic":{},"woc":{},"wgc":{},"emm":[{"Type":"1","MainRange":48,"MainValue":0.19,"FarRange":114}],"sig":[{"t":"7-4","s":"","d":{"X":-0.15,"Y":0.69}},{"t":"8-1","s":"","d":{"X":0.06,"Y":0.33}},{"t":"9-1","s":"","d":{"X":0.61,"Y":-0.79}},{"t":"X1","s":"","d":{"X":-0.387,"Y":0.038}}],"clr":{"R":202,"G":233,"B":245,"A":255}},"HF0-947-24":{"pid":"HF0-947","orb":566.08,"per":9.43,"ang":78.21,"t":"ASTEROID","sp":"ASTEROID-5","s":18.48,"m":87.65,"gd":30.8,"wic":{},"woc":{},"wgc":{},"emm":[{"Type":"1","MainRange":44,"MainValue":0.12,"FarRange":137}],"sig":[{"t":"7-4","s":"","d":{"X":0.52,"Y":-0.57}},{"t":"8-1","s":"","d":{"X":-0.41,"Y":0.32}},{"t":"9-1","s":"","d":{"X":-0.38,"Y":0.86}},{"t":"X1","s":"","d":{"X":-0.391,"Y":-0.209}}],"clr":{"R":199,"G":177,"B":251,"A":255}},"HF0-947-25":{"pid":"HF0-947","orb":558.45,"per":9.3,"ang":164.97,"t":"ASTEROID","sp":"ASTEROID-4","s":12.46,"m":26.92,"gd":20.78,"wic":{},"woc":{},"wgc":{},"emm":[{"Type":"1","MainRange":45,"MainValue":0.25,"FarRange":72}],"sig":[{"t":"7-4","s":"","d":{"X":0.26,"Y":-0.73}},{"t":"8-1","s":"","d":{"X":0.46,"Y":0.45}},{"t":"9-1","s":"","d":{"X":-0.5,"Y":-0.64}},{"t":"X1","s":"","d":{"X":-0.84,"Y":-0.523}}],"clr":{"R":253,"G":244,"B":240,"A":255}},"HF0-947-26":{"pid":"HF0-947","orb":567.62,"per":9.46,"ang":139.4,"t":"ASTEROID","sp":"ASTEROID-5","s":17.68,"m":76.86,"gd":29.48,"wic":{},"woc":{},"wgc":{},"emm":[{"Type":"1","MainRange":70,"MainValue":0.19,"FarRange":120}],"sig":[{"t":"7-4","s":"","d":{"X":0.23,"Y":0.7}},{"t":"8-1","s":"","d":{"X":0.27,"Y":0.95}},{"t":"9-1","s":"","d":{"X":0.11,"Y":-0.11}},{"t":"X1","s":"","d":{"X":0.272,"Y":0.791}}],"clr":{"R":218,"G":244,"B":200,"A":255}},"HF0-947-27":{"pid":"HF0-947","orb":581.22,"per":9.68,"ang":331.55,"t":"ASTEROID","sp":"ASTEROID-5","s":19.99,"m":110.95,"gd":33.31,"wic":{},"woc":{},"wgc":{},"emm":[{"Type":"1","MainRange":58,"MainValue":0.12,"FarRange":121}],"sig":[{"t":"7-4","s":"","d":{"X":-0.41,"Y":0.34}},{"t":"8-1","s":"","d":{"X":0.58,"Y":-0.54}},{"t":"9-1","s":"","d":{"X":0.57,"Y":-0.24}},{"t":"X1","s":"","d":{"X":-0.725,"Y":-0.019}}],"clr":{"R":176,"G":249,"B":244,"A":255}},"HF0-947-28":{"pid":"HF0-947","orb":556.68,"per":9.27,"ang":5.3,"t":"ASTEROID","sp":"ASTEROID-5","s":12.33,"m":26.05,"gd":20.55,"wic":{},"woc":{},"wgc":{},"emm":[{"Type":"1","MainRange":42,"MainValue":0.21,"FarRange":160}],"sig":[{"t":"7-4","s":"","d":{"X":-0.74,"Y":0.3}},{"t":"8-1","s":"","d":{"X":0.11,"Y":0.97}},{"t":"9-1","s":"","d":{"X":-0.4,"Y":0.73}},{"t":"X1","s":"","d":{"X":0.26,"Y":0.384}}],"clr":{"R":213,"G":202,"B":247,"A":255}},"HF0-947-29":{"pid":"HF0-947","orb":490,"per":8.16,"ang":270.51,"t":"ASTEROID","sp":"ASTEROID-3","s":20.51,"m":119.85,"gd":34.18,"wic":{},"woc":{},"wgc":{},"emm":[{"Type":"1","MainRange":62,"MainValue":0.24,"FarRange":180},{"Type":"17","MainRange":44,"MainValue":0.14,"FarRange":167}],"sig":[{"t":"7-4","s":"","d":{"X":-0.46,"Y":0.5}},{"t":"8-1","s":"","d":{"X":0.37,"Y":-0.81}},{"t":"9-1","s":"","d":{"X":0.74,"Y":-0.46}},{"t":"X1","s":"","d":{"X":-0.288,"Y":-0.076}},{"t":"X17","s":"","d":{"X":0.175,"Y":0.123}}],"clr":{"R":218,"G":253,"B":224,"A":255}},"HF0-947-3":{"pid":"HF0-947","orb":694.33,"per":11.57,"ang":288.28,"t":"ASTEROID","sp":"ASTEROID-5","s":25.13,"m":220.49,"gd":41.88,"wic":{},"woc":{},"wgc":{},"emm":[{"Type":"1","MainRange":67,"MainValue":0.25,"FarRange":97}],"sig":[{"t":"7-4","s":"","d":{"X":0.71,"Y":0.24}},{"t":"8-1","s":"","d":{"X":-0.56,"Y":0.65}},{"t":"9-1","s":"","d":{"X":-0.09,"Y":-0.66}},{"t":"X1","s":"","d":{"X":-0.182,"Y":-0.135}}],"clr":{"R":245,"G":170,"B":191,"A":255}},"HF0-947-30":{"pid":"HF0-947","orb":620.8,"per":10.34,"ang":90.57,"t":"ASTEROID","sp":"ASTEROID-5","s":26.45,"m":257.28,"gd":44.09,"wic":{},"woc":{},"wgc":{},"emm":[{"Type":"1","MainRange":37,"MainValue":0.22,"FarRange":147}],"sig":[{"t":"7-4","s":"","d":{"X":0.75,"Y":-0.07}},{"t":"8-1","s":"","d":{"X":-0.13,"Y":0.45}},{"t":"9-1","s":"","d":{"X":-0.18,"Y":-0.96}},{"t":"X1","s":"","d":{"X":0.262,"Y":-0.962}}],"clr":{"R":248,"G":253,"B":206,"A":255}},"HF0-947-31":{"pid":"HF0-947","orb":676.57,"per":11.27,"ang":129.21,"t":"ASTEROID","sp":"ASTEROID-5","s":15.93,"m":56.22,"gd":26.56,"wic":{},"woc":{},"wgc":{},"emm":[{"Type":"1","MainRange":58,"MainValue":0.13,"FarRange":107}],"sig":[{"t":"7-4","s":"","d":{"X":0.58,"Y":0.24}},{"t":"8-1","s":"","d":{"X":-0.25,"Y":-0.55}},{"t":"9-1","s":"","d":{"X":-0.1,"Y":0.88}},{"t":"X1","s":"","d":{"X":-0.022,"Y":-0.246}}],"clr":{"R":251,"G":238,"B":234,"A":255}},"HF0-947-32":{"pid":"HF0-947","orb":642.55,"per":10.7,"ang":289.18,"t":"ASTEROID","sp":"ASTEROID-5","s":26.36,"m":254.44,"gd":43.93,"wic":{},"woc":{},"wgc":{},"emm":[{"Type":"1","MainRange":34,"MainValue":0.18,"FarRange":232}],"sig":[{"t":"7-4","s":"","d":{"X":-0.58,"Y":0.56}},{"t":"8-1","s":"","d":{"X":-0.43,"Y":-0.9}},{"t":"9-1","s":"","d":{"X":0.19,"Y":-0.9}},{"t":"X1","s":"","d":{"X":-0.356,"Y":-0.67}}],"clr":{"R":210,"G":180,"B":241,"A":255}},"HF0-947-33":{"pid":"HF0-947","orb":666.47,"per":11.1,"ang":204.74,"t":"ASTEROID","sp":"ASTEROID-5","s":26.11,"m":247.3,"gd":43.52,"wic":{},"woc":{},"wgc":{},"emm":[{"Type":"1","MainRange":54,"MainValue":0.33,"FarRange":127}],"sig":[{"t":"7-4","s":"","d":{"X":0.24,"Y":-0.12}},{"t":"8-1","s":"","d":{"X":0.02,"Y":0.53}},{"t":"9-1","s":"","d":{"X":0.09,"Y":-0.19}},{"t":"X1","s":"","d":{"X":0.289,"Y":-0.345}}],"clr":{"R":217,"G":181,"B":232,"A":255}},"HF0-947-34":{"pid":"HF0-947","orb":527.98,"per":8.79,"ang":298.27,"t":"ASTEROID","sp":"ASTEROID-2","s":13.46,"m":33.92,"gd":22.44,"wic":{},"woc":{},"wgc":{},"emm":[{"Type":"1","MainRange":51,"MainValue":0.12,"FarRange":135}],"sig":[{"t":"7-4","s":"","d":{"X":-0.4,"Y":-0.89}},{"t":"8-1","s":"","d":{"X":-0.31,"Y":-0.12}},{"t":"9-1","s":"","d":{"X":-0.62,"Y":0.69}},{"t":"X1","s":"","d":{"X":-0.35,"Y":-0.556}}],"clr":{"R":229,"G":221,"B":250,"A":255}},"HF0-947-35":{"pid":"HF0-947","orb":653.61,"per":10.89,"ang":135.14,"t":"ASTEROID","sp":"ASTEROID-4","s":20.89,"m":126.7,"gd":34.82,"wic":{},"woc":{},"wgc":{},"emm":[{"Type":"1","MainRange":38,"MainValue":0.24,"FarRange":148}],"sig":[{"t":"7-4","s":"","d":{"X":-0.38,"Y":-0.25}},{"t":"8-1","s":"","d":{"X":0.68,"Y":0.6}},{"t":"9-1","s":"","d":{"X":-0.22,"Y":0.06}},{"t":"X1","s":"","d":{"X":0.734,"Y":-0.088}}],"clr":{"R":218,"G":244,"B":231,"A":255}},"HF0-947-36":{"pid":"HF0-947","orb":629.7,"per":10.49,"ang":259.49,"t":"ASTEROID","sp":"ASTEROID-2","s":11.18,"m":19.41,"gd":18.63,"wic":{},"woc":{},"wgc":{},"emm":[{"Type":"1","MainRange":69,"MainValue":0.18,"FarRange":107}],"sig":[{"t":"7-4","s":"","d":{"X":0.25,"Y":-0.22}},{"t":"8-1","s":"","d":{"X":0.59,"Y":-0.26}},{"t":"9-1","s":"","d":{"X":0.07,"Y":-0.69}},{"t":"X1","s":"","d":{"X":0.046,"Y":-0.248}}],"clr":{"R":222,"G":175,"B":239,"A":255}},"HF0-947-37":{"pid":"HF0-947","orb":677.3,"per":11.28,"ang":83.43,"t":"ASTEROID","sp":"ASTEROID-1","s":8.56,"m":8.73,"gd":14.27,"wic":{},"woc":{},"wgc":{},"emm":[{"Type":"1","MainRange":32,"MainValue":0.07,"FarRange":68}],"sig":[{"t":"7-4","s":"","d":{"X":0.07,"Y":-0.22}},{"t":"8-1","s":"","d":{"X":-0.64,"Y":0.08}},{"t":"9-1","s":"","d":{"X":-0.21,"Y":-0.26}},{"t":"X1","s":"","d":{"X":-0.318,"Y":-0.224}}],"clr":{"R":244,"G":238,"B":253,"A":255}},"HF0-947-38":{"pid":"HF0-947","orb":581.39,"per":9.68,"ang":138.13,"t":"ASTEROID","sp":"ASTEROID-1","s":25.48,"m":229.91,"gd":42.47,"wic":{},"woc":{},"wgc":{},"emm":[{"Type":"1","MainRange":27,"MainValue":0.21,"FarRange":153}],"sig":[{"t":"7-4","s":"","d":{"X":-0.19,"Y":0.78}},{"t":"8-1","s":"","d":{"X":0.08,"Y":-0.79}},{"t":"9-1","s":"","d":{"X":0.49,"Y":-0.05}},{"t":"X1","s":"","d":{"X":0.687,"Y":-0.295}}],"clr":{"R":218,"G":241,"B":171,"A":255}},"HF0-947-39":{"pid":"HF0-947","orb":567.48,"per":9.45,"ang":98.55,"t":"ASTEROID","sp":"ASTEROID-1","s":22.57,"m":159.7,"gd":37.61,"wic":{},"woc":{},"wgc":{},"emm":[{"Type":"1","MainRange":38,"MainValue":0.33,"FarRange":128}],"sig":[{"t":"7-4","s":"","d":{"X":-0.29,"Y":-0.74}},{"t":"8-1","s":"","d":{"X":0.04,"Y":0.68}},{"t":"9-1","s":"","d":{"X":-0.13,"Y":0.29}},{"t":"X1","s":"","d":{"X":-0.304,"Y":-0.359}}],"clr":{"R":245,"G":222,"B":197,"A":255}},"HF0-947-4":{"pid":"HF0-947","orb":457.65,"per":7.62,"ang":194.67,"t":"ASTEROID","sp":"ASTEROID-3","s":11.93,"m":23.58,"gd":19.88,"wic":{},"woc":{},"wgc":{},"emm":[{"Type":"1","MainRange":58,"MainValue":0.19,"FarRange":191}],"sig":[{"t":"7-4","s":"","d":{"X":-0.49,"Y":-0.25}},{"t":"8-1","s":"","d":{"X":0.26,"Y":-0.59}},{"t":"9-1","s":"","d":{"X":-0.34,"Y":0.68}},{"t":"X1","s":"","d":{"X":-0.683,"Y":-0.524}}],"clr":{"R":219,"G":234,"B":254,"A":255}},"HF0-947-40":{"pid":"HF0-947","orb":612.07,"per":10.2,"ang":196.71,"t":"ASTEROID","sp":"ASTEROID-1","s":17.4,"m":73.18,"gd":29,"wic":{},"woc":{},"wgc":{},"emm":[{"Type":"1","MainRange":49,"MainValue":0.29,"FarRange":187}],"sig":[{"t":"7-4","s":"","d":{"X":0.1,"Y":0.95}},{"t":"8-1","s":"","d":{"X":0.07,"Y":0.91}},{"t":"9-1","s":"","d":{"X":0.13,"Y":0.23}},{"t":"X1","s":"","d":{"X":-0.516,"Y":0.023}}],"clr":{"R":249,"G":253,"B":244,"A":255}},"HF0-947-41":{"pid":"HF0-947","orb":590.66,"per":9.84,"ang":343.4,"t":"ASTEROID","sp":"ASTEROID-5","s":24.16,"m":196.01,"gd":40.27,"wic":{},"woc":{},"wgc":{},"emm":[{"Type":"1","MainRange":47,"MainValue":0.23,"FarRange":141}],"sig":[{"t":"7-4","s":"","d":{"X":0.5,"Y":-0.11}},{"t":"8-1","s":"","d":{"X":0.21,"Y":-0.4}},{"t":"9-1","s":"","d":{"X":-0.33,"Y":-0.87}},{"t":"X1","s":"","d":{"X":0.689,"Y":0.289}}],"clr":{"R":250,"G":225,"B":246,"A":255}},"HF0-947-42":{"pid":"HF0-947","orb":598.64,"per":9.97,"ang":37.13,"t":"ASTEROID","sp":"ASTEROID-4","s":15.04,"m":47.31,"gd":25.07,"wic":{},"woc":{},"wgc":{},"emm":[{"Type":"1","MainRange":44,"MainValue":0.2,"FarRange":111}],"sig":[{"t":"7-4","s":"","d":{"X":0.42,"Y":-0.45}},{"t":"8-1","s":"","d":{"X":-0.06,"Y":-0.86}},{"t":"9-1","s":"","d":{"X":0.39,"Y":0.6}},{"t":"X1","s":"","d":{"X":0.057,"Y":-0.474}}],"clr":{"R":199,"G":239,"B":208,"A":255}},"HF0-947-43":{"pid":"HF0-947","orb":605.94,"per":10.09,"ang":271.31,"t":"ASTEROID","sp":"ASTEROID-2","s":9.84,"m":13.25,"gd":16.4,"wic":{},"woc":{},"wgc":{},"emm":[{"Type":"1","MainRange":45,"MainValue":0.15,"FarRange":141}],"sig":[{"t":"7-4","s":"","d":{"X":-0.34,"Y":-0.4}},{"t":"8-1","s":"","d":{"X":-0.83,"Y":-0.5}},{"t":"9-1","s":"","d":{"X":-0.46,"Y":0.57}},{"t":"X1","s":"","d":{"X":0.894,"Y":0.373}}],"clr":{"R":224,"G":253,"B":241,"A":255}},"HF0-947-44":{"pid":"HF0-947","orb":750.68,"per":12.51,"ang":122.9,"t":"ASTEROID","sp":"ASTEROID-1","s":18.44,"m":87.13,"gd":30.73,"wic":{},"woc":{},"wgc":{},"emm":[{"Type":"1","MainRange":29,"MainValue":0.22,"FarRange":129}],"sig":[{"t":"7-4","s":"","d":{"X":-0.82,"Y":0.21}},{"t":"8-1","s":"","d":{"X":-0.13,"Y":0.25}},{"t":"9-1","s":"","d":{"X":0.14,"Y":0.76}},{"t":"X1","s":"","d":{"X":-0.059,"Y":-0.334}}],"clr":{"R":244,"G":241,"B":253,"A":255}},"HF0-947-45":{"pid":"HF0-947","orb":619.39,"per":10.32,"ang":20.6,"t":"ASTEROID","sp":"ASTEROID-1","s":19.43,"m":101.97,"gd":32.39,"wic":{},"woc":{},"wgc":{},"emm":[{"Type":"1","MainRange":71,"MainValue":0.11,"FarRange":186}],"sig":[{"t":"7-4","s":"","d":{"X":0.62,"Y":0.52}},{"t":"8-1","s":"","d":{"X":0.58,"Y":0.63}},{"t":"9-1","s":"","d":{"X":0.06,"Y":-0.87}},{"t":"X1","s":"","d":{"X":0.045,"Y":-0.64}}],"clr":{"R":239,"G":252,"B":251,"A":255}},"HF0-947-46":{"pid":"HF0-947","orb":684.73,"per":11.41,"ang":90.03,"t":"ASTEROID","sp":"ASTEROID-2","s":21.25,"m":133.37,"gd":35.42,"wic":{},"woc":{},"wgc":{},"emm":[{"Type":"1","MainRange":66,"MainValue":0.24,"FarRange":185}],"sig":[{"t":"7-4","s":"","d":{"X":0.7,"Y":-0.43}},{"t":"8-1","s":"","d":{"X":-0.82,"Y":0.05}},{"t":"9-1","s":"","d":{"X":-0.3,"Y":0.16}},{"t":"X1","s":"","d":{"X":0.174,"Y":0.86}}],"clr":{"R":248,"G":160,"B":218,"A":255}},"HF0-947-47":{"pid":"HF0-947","orb":632.33,"per":10.53,"ang":350.99,"t":"ASTEROID","sp":"ASTEROID-2","s":19.18,"m":98.06,"gd":31.97,"wic":{},"woc":{},"wgc":{},"emm":[{"Type":"1","MainRange":76,"MainValue":0.08,"FarRange":158}],"sig":[{"t":"7-4","s":"","d":{"X":-0.76,"Y":-0.35}},{"t":"8-1","s":"","d":{"X":0.36,"Y":-0.24}},{"t":"9-1","s":"","d":{"X":-0.16,"Y":-0.82}},{"t":"X1","s":"","d":{"X":-0.138,"Y":-0.649}}],"clr":{"R":236,"G":175,"B":195,"A":255}},"HF0-947-48":{"pid":"HF0-947","orb":502.12,"per":8.36,"ang":218.16,"t":"ASTEROID","sp":"ASTEROID-2","s":15.95,"m":56.42,"gd":26.59,"wic":{},"woc":{},"wgc":{},"emm":[{"Type":"1","MainRange":39,"MainValue":0.19,"FarRange":118}],"sig":[{"t":"7-4","s":"","d":{"X":0.1,"Y":0.19}},{"t":"8-1","s":"","d":{"X":-0.64,"Y":-0.53}},{"t":"9-1","s":"","d":{"X":-0.14,"Y":-0.51}},{"t":"X1","s":"","d":{"X":-0.406,"Y":0.665}}],"clr":{"R":254,"G":243,"B":248,"A":255}},"HF0-947-49":{"pid":"HF0-947","orb":536.64,"per":8.94,"ang":130.81,"t":"ASTEROID","sp":"ASTEROID-2","s":28,"m":305.18,"gd":46.68,"wic":{},"woc":{},"wgc":{},"emm":[{"Type":"1","MainRange":53,"MainValue":0.13,"FarRange":173}],"sig":[{"t":"7-4","s":"","d":{"X":-0.18,"Y":-0.86}},{"t":"8-1","s":"","d":{"X":-0.57,"Y":0.16}},{"t":"9-1","s":"","d":{"X":-0.88,"Y":-0.12}},{"t":"X1","s":"","d":{"X":0.807,"Y":-0.26}}],"clr":{"R":248,"G":254,"B":240,"A":255}},"HF0-947-5":{"pid":"HF0-947","orb":578.93,"per":9.64,"ang":52,"t":"ASTEROID","sp":"ASTEROID-1","s":14.1,"m":38.93,"gd":23.5,"wic":{},"woc":{},"wgc":{},"emm":[{"Type":"1","MainRange":52,"MainValue":0.25,"FarRange":168}],"sig":[{"t":"7-4","s":"","d":{"X":-0.15,"Y":-0.9}},{"t":"8-1","s":"","d":{"X":0.2,"Y":0.62}},{"t":"9-1","s":"","d":{"X":-0.03,"Y":-0.88}},{"t":"X1","s":"","d":{"X":-0.429,"Y":0.716}}],"clr":{"R":228,"G":233,"B":252,"A":255}},"HF0-947-50":{"pid":"HF0-947","orb":640.07,"per":10.66,"ang":195.17,"t":"ASTEROID","sp":"ASTEROID-3","s":26.2,"m":249.8,"gd":43.66,"wic":{},"woc":{},"wgc":{},"emm":[{"Type":"1","MainRange":60,"MainValue":0.12,"FarRange":220}],"sig":[{"t":"7-4","s":"","d":{"X":-0.62,"Y":-0.06}},{"t":"8-1","s":"","d":{"X":-0.63,"Y":0.57}},{"t":"9-1","s":"","d":{"X":-0.09,"Y":0.77}},{"t":"X1","s":"","d":{"X":0.147,"Y":-0.932}}],"clr":{"R":245,"G":251,"B":238,"A":255}},"HF0-947-51":{"pid":"HF0-947","orb":650.29,"per":10.83,"ang":296.93,"t":"ASTEROID","sp":"ASTEROID-2","s":12.47,"m":26.99,"gd":20.79,"wic":{},"woc":{},"wgc":{},"emm":[{"Type":"1","MainRange":76,"MainValue":0.21,"FarRange":148}],"sig":[{"t":"7-4","s":"","d":{"X":-0.89,"Y":0.02}},{"t":"8-1","s":"","d":{"X":-0.29}},{"t":"9-1","s":"","d":{"X":-0.08,"Y":0.41}},{"t":"X1","s":"","d":{"X":0.872,"Y":0.28}}],"clr":{"R":237,"G":251,"B":226,"A":255}},"HF0-947-52":{"pid":"HF0-947","orb":603.17,"per":10.05,"ang":280.89,"t":"ASTEROID","sp":"ASTEROID-5","s":20.03,"m":111.72,"gd":33.39,"wic":{},"woc":{},"wgc":{},"emm":[{"Type":"1","MainRange":28,"MainValue":0.21,"FarRange":89}],"sig":[{"t":"7-4","s":"","d":{"X":0.5,"Y":0.65}},{"t":"8-1","s":"","d":{"X":0.38,"Y":-0.18}},{"t":"9-1","s":"","d":{"X":-0.09,"Y":-0.39}},{"t":"X1","s":"","d":{"X":-0.213,"Y":-0.368}}],"clr":{"R":238,"G":238,"B":249,"A":255}},"HF0-947-53":{"pid":"HF0-947","orb":590.97,"per":9.84,"ang":187.53,"t":"ASTEROID","sp":"ASTEROID-3","s":30.57,"m":396.8,"gd":50.95,"wic":{},"woc":{},"wgc":{},"emm":[{"Type":"1","MainRange":58,"MainValue":0.16,"FarRange":203}],"sig":[{"t":"7-4","s":"","d":{"X":0.61,"Y":0.08}},{"t":"8-1","s":"","d":{"X":-0.19,"Y":0.79}},{"t":"9-1","s":"","d":{"X":-0.65,"Y":-0.16}},{"t":"X1","s":"","d":{"X":-0.038,"Y":0.052}}],"clr":{"R":217,"G":249,"B":219,"A":255}},"HF0-947-54":{"pid":"HF0-947","orb":670.25,"per":11.17,"ang":154.92,"t":"ASTEROID","sp":"ASTEROID-2","s":21.38,"m":135.85,"gd":35.64,"wic":{},"woc":{},"wgc":{},"emm":[{"Type":"1","MainRange":23,"MainValue":0.15,"FarRange":97}],"sig":[{"t":"7-4","s":"","d":{"X":0.16,"Y":-0.43}},{"t":"8-1","s":"","d":{"X":-0.71,"Y":-0.31}},{"t":"9-1","s":"","d":{"X":0.6,"Y":-0.09}},{"t":"X1","s":"","d":{"X":0.135,"Y":-0.628}}],"clr":{"R":252,"G":251,"B":242,"A":255}},"HF0-947-55":{"pid":"HF0-947","orb":615.12,"per":10.25,"ang":154.6,"t":"ASTEROID","sp":"ASTEROID-4","s":25.84,"m":239.77,"gd":43.07,"wic":{},"woc":{},"wgc":{},"emm":[{"Type":"1","MainRange":56,"MainValue":0.18,"FarRange":168}],"sig":[{"t":"7-4","s":"","d":{"X":-0.18,"Y":0.44}},{"t":"8-1","s":"","d":{"X":-0.31,"Y":-0.57}},{"t":"9-1","s":"","d":{"X":-0.47,"Y":0.57}},{"t":"X1","s":"","d":{"X":0.404,"Y":-0.312}}],"clr":{"R":208,"G":243,"B":225,"A":255}},"HF0-947-56":{"pid":"HF0-947","orb":631.22,"per":10.52,"ang":55.9,"t":"ASTEROID","sp":"ASTEROID-3","s":18.29,"m":85.11,"gd":30.49,"wic":{},"woc":{},"wgc":{},"emm":[{"Type":"1","MainRange":58,"MainValue":0.15,"FarRange":124}],"sig":[{"t":"7-4","s":"","d":{"X":-0.08,"Y":-0.14}},{"t":"8-1","s":"","d":{"X":-0.95,"Y":-0.32}},{"t":"9-1","s":"","d":{"X":0.1,"Y":0.55}},{"t":"X1","s":"","d":{"X":-0.026,"Y":0.36}}],"clr":{"R":222,"G":199,"B":253,"A":255}},"HF0-947-57":{"pid":"HF0-947","orb":628.22,"per":10.47,"ang":17.75,"t":"ASTEROID","sp":"ASTEROID-4","s":23.55,"m":181.42,"gd":39.25,"wic":{},"woc":{},"wgc":{},"emm":[{"Type":"1","MainRange":29,"MainValue":0.15,"FarRange":123},{"Type":"12","MainRange":41,"MainValue":0.27,"FarRange":164},{"Type":"11","MainRange":46,"MainValue":0.07,"FarRange":140},{"Type":"26","MainRange":56,"MainValue":0.28,"FarRange":120},{"Type":"5","MainRange":23,"MainValue":0.19,"FarRange":118},{"Type":"18","MainRange":65,"MainValue":0.17,"FarRange":153},{"Type":"6","MainRange":78,"MainValue":0.26,"FarRange":206},{"Type":"17","MainRange":70,"MainValue":0.12,"FarRange":116}],"sig":[{"t":"7-4","s":"","d":{"X":-0.48,"Y":0.32}},{"t":"8-1","s":"","d":{"X":-0.18,"Y":-0.62}},{"t":"9-1","s":"","d":{"X":-0.94,"Y":-0.06}},{"t":"X1","s":"","d":{"X":-0.109,"Y":-0.047}},{"t":"X12","s":"","d":{"X":-0.619,"Y":-0.099}},{"t":"X11","s":"","d":{"X":-0.358,"Y":-0.478}},{"t":"X26","s":"","d":{"X":0.214,"Y":0.125}},{"t":"X5","s":"","d":{"X":-0.917,"Y":-0.124}},{"t":"X18","s":"","d":{"X":0.769,"Y":-0.454}},{"t":"X6","s":"","d":{"X":0.286,"Y":-0.303}},{"t":"X17","s":"","d":{"X":-0.886,"Y":0.377}}],"clr":{"R":242,"G":254,"B":208,"A":255}},"HF0-947-58":{"pid":"HF0-947","orb":546.16,"per":9.1,"ang":235.36,"t":"ASTEROID","sp":"ASTEROID-4","s":22.13,"m":150.67,"gd":36.89,"wic":{},"woc":{},"wgc":{},"emm":[{"Type":"1","MainRange":72,"MainValue":0.26,"FarRange":168}],"sig":[{"t":"7-4","s":"","d":{"X":0.09,"Y":-0.68}},{"t":"8-1","s":"","d":{"X":0.64,"Y":-0.01}},{"t":"9-1","s":"","d":{"X":0.33,"Y":0.17}},{"t":"X1","s":"","d":{"X":-0.803,"Y":0.003}}],"clr":{"R":252,"G":223,"B":235,"A":255}},"HF0-947-59":{"pid":"HF0-947","orb":616.3,"per":10.27,"ang":315.39,"t":"ASTEROID","sp":"ASTEROID-3","s":25.93,"m":242.39,"gd":43.23,"wic":{},"woc":{},"wgc":{},"emm":[{"Type":"1","MainRange":41,"MainValue":0.2,"FarRange":156}],"sig":[{"t":"7-4","s":"","d":{"X":-0.41,"Y":0.83}},{"t":"8-1","s":"","d":{"X":-0.2,"Y":-0.01}},{"t":"9-1","s":"","d":{"X":-0.1,"Y":-0.65}},{"t":"X1","s":"","d":{"X":0.448,"Y":-0.307}}],"clr":{"R":198,"G":185,"B":250,"A":255}},"HF0-947-6":{"pid":"HF0-947","orb":605.44,"per":10.09,"ang":308.34,"t":"ASTEROID","sp":"ASTEROID-1","s":27.38,"m":285.22,"gd":45.64,"wic":{},"woc":{},"wgc":{},"emm":[{"Type":"1","MainRange":34,"MainValue":0.29,"FarRange":201}],"sig":[{"t":"7-4","s":"","d":{"X":0.44,"Y":0.67}},{"t":"8-1","s":"","d":{"X":-0.03,"Y":-0.46}},{"t":"9-1","s":"","d":{"X":-0.07,"Y":0.79}},{"t":"X1","s":"","d":{"X":-0.463,"Y":0.064}}],"clr":{"R":181,"G":181,"B":234,"A":255}},"HF0-947-7":{"pid":"HF0-947","orb":556.9,"per":9.28,"ang":75.64,"t":"ASTEROID","sp":"ASTEROID-2","s":20.8,"m":125.03,"gd":34.67,"wic":{},"woc":{},"wgc":{},"emm":[{"Type":"1","MainRange":31,"MainValue":0.16,"FarRange":242}],"sig":[{"t":"7-4","s":"","d":{"X":0.55,"Y":-0.46}},{"t":"8-1","s":"","d":{"X":0.21,"Y":-0.39}},{"t":"9-1","s":"","d":{"X":-0.65,"Y":0.2}},{"t":"X1","s":"","d":{"X":-0.496,"Y":0.605}}],"clr":{"R":192,"G":241,"B":197,"A":255}},"HF0-947-8":{"pid":"HF0-947","orb":609.29,"per":10.15,"ang":237.29,"t":"ASTEROID","sp":"ASTEROID-1","s":20.06,"m":112.24,"gd":33.44,"wic":{},"woc":{},"wgc":{},"emm":[{"Type":"1","MainRange":45,"MainValue":0.19,"FarRange":200}],"sig":[{"t":"7-4","s":"","d":{"X":0.7,"Y":-0.14}},{"t":"8-1","s":"","d":{"X":0.91,"Y":-0.33}},{"t":"9-1","s":"","d":{"X":0.22,"Y":0.8}},{"t":"X1","s":"","d":{"X":0.856,"Y":-0.161}}],"clr":{"R":216,"G":242,"B":226,"A":255}},"HF0-947-9":{"pid":"HF0-947","orb":688.91,"per":11.48,"ang":169.7,"t":"ASTEROID","sp":"ASTEROID-1","s":23.62,"m":183.05,"gd":39.36,"wic":{},"woc":{},"wgc":{},"emm":[{"Type":"1","MainRange":64,"MainValue":0.25,"FarRange":120}],"sig":[{"t":"7-4","s":"","d":{"X":-0.33,"Y":-0.42}},{"t":"8-1","s":"","d":{"X":-0.38,"Y":0.22}},{"t":"9-1","s":"","d":{"X":0.11,"Y":0.7}},{"t":"X1","s":"","d":{"X":0.337,"Y":0.871}}],"clr":{"R":221,"G":252,"B":242,"A":255}},"HF0-S":{"t":"STAR","sp":"STAR-4","s":253.34,"m":903382.65,"gd":844.48,"wic":{},"woc":{},"wgc":{},"emm":[{"Type":"2","MainRange":1064,"MainValue":6.13,"FarRange":2312}],"sig":[{"t":"X2","s":"","d":{"X":0.203,"Y":0.798}}],"clr":{"R":167,"G":178,"B":244,"A":255}}}}