{"SpawnDistance":1650.0000000000002,"Points":{"GQ0-679":{"pid":"GQ0-825","orb":119.37,"per":1.98,"t":"HARDPLANET","sp":"HARDPLANET-63","s":64.21,"m":15437.15,"gd":183.46,"wic":{},"woc":{},"wgc":{},"sig":[{"t":"7-4","s":"","d":{"X":0.6,"Y":-0.67}},{"t":"9-1","s":"","d":{"X":0.01,"Y":0.09}},{"t":"10-1","s":"","d":{"X":-0.88,"Y":-0.04}},{"t":"11-2","s":"","d":{"X":-0.12,"Y":-0.63}},{"t":"12-3","s":"","d":{"X":-0.21,"Y":-0.64}},{"t":"13-1","s":"","d":{"X":0.07,"Y":0.58}}],"clr":{"R":224,"G":253,"B":208,"A":255}},"GQ0-825":{"pid":"GQ0-S","orb":677.55,"per":11.29,"t":"GASPLANET","sp":"GASPLANET-49","s":79.9,"m":4960.87,"gd":133.18,"wic":{},"woc":{},"wgc":{},"emm":[{"Type":"11","MainRange":343,"MainValue":0.76,"FarRange":1373},{"Type":"5","MainRange":375,"MainValue":1.84,"FarRange":1393}],"sig":[{"t":"0-2","s":"","d":{"X":-0.49,"Y":0.43}},{"t":"1-3","s":"","d":{"X":-0.15,"Y":-0.69}},{"t":"3-1","s":"","d":{"X":-0.8,"Y":0.21}},{"t":"6-2","s":"","d":{"X":0.23,"Y":0.48}},{"t":"10-1","s":"","d":{"X":0.82,"Y":-0.28}},{"t":"11-1","s":"","d":{"X":-0.55,"Y":0.48}},{"t":"X11","s":"","d":{"X":0.045,"Y":0.571}},{"t":"X5","s":"","d":{"X":0.789,"Y":0.066}}],"clr":{"R":231,"G":250,"B":230,"A":255}},"GQ0-S":{"t":"STAR","sp":"STAR-2","s":469.33,"m":5743470.22,"gd":1564.44,"wic":{},"woc":{},"wgc":{},"emm":[{"Type":"2","MainRange":682,"MainValue":6.06,"FarRange":2703}],"sig":[{"t":"X2","s":"","d":{"X":-0.209,"Y":0.851}}],"clr":{"R":243,"G":243,"B":251,"A":255}}}}