{"SpawnDistance":4810.9490000000005,"Points":{"AH6-0-0":{"pid":"AH6-S","orb":973.56,"per":16.22,"ang":147.22,"t":"ASTEROID","sp":"ASTEROID-1","s":19.97,"m":110.61,"gd":33.28,"wic":{},"woc":{},"wgc":{},"emm":[{"Type":"1","MainRange":56,"MainValue":0.18,"FarRange":220}],"sig":[{"t":"9-1","s":"","d":{"X":0.5,"Y":-0.13}},{"t":"X1","s":"","d":{"X":-0.438,"Y":0.823}}],"clr":{"R":175,"G":233,"B":181,"A":255}},"AH6-0-1":{"pid":"AH6-S","orb":1208.77,"per":20.14,"ang":330.43,"t":"ASTEROID","sp":"ASTEROID-1","s":22.79,"m":164.4,"gd":37.98,"wic":{},"woc":{},"wgc":{},"emm":[{"Type":"1","MainRange":70.2,"MainValue":0.15,"FarRange":78}],"sig":[{"t":"9-1","s":"","d":{"X":-0.1,"Y":-0.19}},{"t":"X1","s":"","d":{"X":-0.06,"Y":-0.601}}],"clr":{"R":177,"G":236,"B":253,"A":255}},"AH6-0-2":{"pid":"AH6-S","orb":993.48,"per":16.55,"ang":179.83,"t":"ASTEROID","sp":"ASTEROID-1","s":26.98,"m":272.89,"gd":44.97,"wic":{},"woc":{},"wgc":{},"emm":[{"Type":"1","MainRange":25,"MainValue":0.34,"FarRange":93}],"sig":[{"t":"9-1","s":"","d":{"X":0.49,"Y":-0.51}},{"t":"X1","s":"","d":{"X":0.872,"Y":0.48}}],"clr":{"R":249,"G":228,"B":227,"A":255}},"AH6-0-3":{"pid":"AH6-S","orb":1064.98,"per":17.74,"ang":286.3,"t":"ASTEROID","sp":"ASTEROID-4","s":18.85,"m":93.13,"gd":31.42,"wic":{},"woc":{},"wgc":{},"emm":[{"Type":"1","MainRange":39,"MainValue":0.18,"FarRange":128}],"sig":[{"t":"9-1","s":"","d":{"X":0.95,"Y":0.2}},{"t":"X1","s":"","d":{"X":0.5,"Y":-0.418}}],"clr":{"R":253,"G":254,"B":253,"A":255}},"AH6-0-4":{"pid":"AH6-S","orb":1052.44,"per":17.54,"ang":54.51,"t":"ASTEROID","sp":"ASTEROID-1","s":23.45,"m":179.12,"gd":39.08,"wic":{},"woc":{},"wgc":{},"emm":[{"Type":"1","MainRange":54.9,"MainValue":0.23,"FarRange":61}],"sig":[{"t":"9-1","s":"","d":{"X":0.9,"Y":-0.22}},{"t":"X1","s":"","d":{"X":-0.45,"Y":0.789}}],"clr":{"R":170,"G":247,"B":216,"A":255}},"AH6-0-5":{"pid":"AH6-S","orb":976.77,"per":16.27,"ang":43.42,"t":"ASTEROID","sp":"ASTEROID-2","s":25.85,"m":239.93,"gd":43.08,"wic":{},"woc":{},"wgc":{},"emm":[{"Type":"1","MainRange":50,"MainValue":0.23,"FarRange":155}],"sig":[{"t":"9-1","s":"","d":{"X":-0.4,"Y":-0.51}},{"t":"X1","s":"","d":{"X":-0.017,"Y":0.753}}],"clr":{"R":174,"G":211,"B":248,"A":255}},"AH6-089":{"pid":"AH6-S","orb":3543.36,"per":59.05,"t":"GASPLANET","sp":"GASPLANET-46","s":256.07,"m":163250.98,"gd":426.78,"wic":{},"woc":{},"wgc":{},"sig":[{"t":"0-3","s":"","d":{"X":0.82,"Y":-0.09}},{"t":"1-3","s":"","d":{"X":-0.26,"Y":0.93}},{"t":"3-1","s":"","d":{"X":0.43,"Y":0.72}},{"t":"6-3","s":"","d":{"X":0.28,"Y":-0.92}},{"t":"7-3","s":"","d":{"X":0.15,"Y":-0.16}},{"t":"8-1","s":"","d":{"X":0.17,"Y":-0.55}},{"t":"11-1","s":"","d":{"X":0.16,"Y":0.62}}],"clr":{"R":248,"G":253,"B":247,"A":255}},"AH6-792":{"pid":"AH6-S","orb":4373.59,"per":72.89,"t":"GASPLANET","sp":"GASPLANET-26","s":119.13,"m":16437.56,"gd":198.55,"wic":{},"woc":{},"wgc":{},"sig":[{"t":"0-3","s":"","d":{"X":0.3,"Y":-0.53}},{"t":"1-3","s":"","d":{"X":-0.23,"Y":0.84}},{"t":"3-1","s":"","d":{"X":-0.81,"Y":-0.09}},{"t":"6-2","s":"","d":{"X":-0.58,"Y":0.73}},{"t":"7-2","s":"","d":{"X":-0.55,"Y":0.62}},{"t":"7-3","s":"","d":{"X":0.96,"Y":-0.17}},{"t":"8-1","s":"","d":{"X":0.41,"Y":0.9}},{"t":"10-1","s":"","d":{"X":0.04,"Y":0.39}},{"t":"11-1","s":"","d":{"X":-0.44,"Y":0.7}}],"clr":{"R":251,"G":217,"B":218,"A":255}},"AH6-901":{"pid":"AH6-S","orb":2181.62,"per":36.36,"t":"GASPLANET","sp":"GASPLANET-57","s":152.62,"m":34562.45,"gd":254.36,"wic":{},"woc":{},"wgc":{},"sig":[{"t":"0-2","s":"","d":{"X":0.74,"Y":-0.01}},{"t":"1-3","s":"","d":{"X":0.55,"Y":0.56}},{"t":"3-1","s":"","d":{"X":-0.07,"Y":-0.04}},{"t":"6-3","s":"","d":{"X":-0.49,"Y":0.79}},{"t":"7-3","s":"","d":{"X":0.13,"Y":-0.26}},{"t":"8-1","s":"","d":{"X":-0.03,"Y":0.99}},{"t":"11-1","s":"","d":{"X":0.44,"Y":0.32}}],"clr":{"R":246,"G":230,"B":227,"A":255}},"AH6-901-0":{"pid":"AH6-901","orb":322.42,"per":5.37,"ang":104.36,"t":"ASTEROID","sp":"ASTEROID-3","s":18.58,"m":89.09,"gd":30.96,"wic":{},"woc":{},"wgc":{},"emm":[{"Type":"1","MainRange":63,"MainValue":0.17,"FarRange":165}],"sig":[{"t":"9-1","s":"","d":{"X":0.33,"Y":-0.48}},{"t":"X1","s":"","d":{"X":0.605,"Y":-0.406}}],"clr":{"R":238,"G":205,"B":177,"A":255}},"AH6-901-1":{"pid":"AH6-901","orb":335.55,"per":5.59,"ang":326.56,"t":"ASTEROID","sp":"ASTEROID-2","s":22.32,"m":154.46,"gd":37.2,"wic":{},"woc":{},"wgc":{},"emm":[{"Type":"1","MainRange":51,"MainValue":0.24,"FarRange":182},{"Type":"26","MainRange":38,"MainValue":0.23,"FarRange":99},{"Type":"10","MainRange":52,"MainValue":0.28,"FarRange":154},{"Type":"15","MainRange":52,"MainValue":0.23,"FarRange":157},{"Type":"2","MainRange":55,"MainValue":0.05,"FarRange":90},{"Type":"25","MainRange":67,"MainValue":0.26,"FarRange":149}],"sig":[{"t":"9-1","s":"","d":{"X":0.72,"Y":-0.43}},{"t":"X1","s":"","d":{"X":-0.402,"Y":-0.51}},{"t":"X26","s":"","d":{"X":-0.344,"Y":-0.906}},{"t":"X10","s":"","d":{"X":-0.008,"Y":0.849}},{"t":"X15","s":"","d":{"X":-0.803,"Y":-0.076}},{"t":"X2","s":"","d":{"X":0.573,"Y":0.588}},{"t":"X25","s":"","d":{"X":-0.709,"Y":-0.1}}],"clr":{"R":217,"G":218,"B":249,"A":255}},"AH6-901-10":{"pid":"AH6-901","orb":305.12,"per":5.08,"ang":213.66,"t":"ASTEROID","sp":"ASTEROID-1","s":22.43,"m":156.85,"gd":37.39,"wic":{},"woc":{},"wgc":{},"emm":[{"Type":"1","MainRange":67,"MainValue":0.14,"FarRange":112}],"sig":[{"t":"9-1","s":"","d":{"X":-0.1,"Y":-0.78}},{"t":"X1","s":"","d":{"X":-0.273,"Y":0.415}}],"clr":{"R":234,"G":252,"B":253,"A":255}},"AH6-901-11":{"pid":"AH6-901","orb":367.32,"per":6.12,"ang":117.69,"t":"ASTEROID","sp":"ASTEROID-5","s":30.87,"m":408.73,"gd":51.45,"wic":{},"woc":{},"wgc":{},"emm":[{"Type":"1","MainRange":44,"MainValue":0.19,"FarRange":170},{"Type":"5","MainRange":32,"MainValue":0.16,"FarRange":122}],"sig":[{"t":"9-1","s":"","d":{"X":-0.24,"Y":-0.3}},{"t":"X1","s":"","d":{"X":0.893,"Y":0.136}},{"t":"X5","s":"","d":{"X":-0.058,"Y":-0.322}}],"clr":{"R":234,"G":242,"B":250,"A":255}},"AH6-901-12":{"pid":"AH6-901","orb":378.73,"per":6.31,"ang":68.84,"t":"ASTEROID","sp":"ASTEROID-3","s":26.92,"m":271.01,"gd":44.87,"wic":{},"woc":{},"wgc":{},"emm":[{"Type":"1","MainRange":52,"MainValue":0.16,"FarRange":196}],"sig":[{"t":"9-1","s":"","d":{"X":-0.8}},{"t":"X1","s":"","d":{"X":-0.972,"Y":0.001}}],"clr":{"R":182,"G":248,"B":254,"A":255}},"AH6-901-13":{"pid":"AH6-901","orb":379.16,"per":6.31,"ang":326.77,"t":"ASTEROID","sp":"ASTEROID-4","s":19.62,"m":105.01,"gd":32.71,"wic":{},"woc":{},"wgc":{},"emm":[{"Type":"1","MainRange":86,"MainValue":0.16,"FarRange":139}],"sig":[{"t":"9-1","s":"","d":{"X":0.1,"Y":-0.62}},{"t":"X1","s":"","d":{"X":-0.884,"Y":0.452}}],"clr":{"R":242,"G":224,"B":166,"A":255}},"AH6-901-14":{"pid":"AH6-901","orb":405.3,"per":6.75,"ang":105.71,"t":"ASTEROID","sp":"ASTEROID-4","s":15.26,"m":49.4,"gd":25.44,"wic":{},"woc":{},"wgc":{},"emm":[{"Type":"1","MainRange":60,"MainValue":0.11,"FarRange":82}],"sig":[{"t":"9-1","s":"","d":{"X":-0.13,"Y":0.6}},{"t":"X1","s":"","d":{"X":-0.252,"Y":-0.386}}],"clr":{"R":253,"G":252,"B":254,"A":255}},"AH6-901-15":{"pid":"AH6-901","orb":393.5,"per":6.55,"ang":273.02,"t":"ASTEROID","sp":"ASTEROID-5","s":20.4,"m":117.93,"gd":34,"wic":{},"woc":{},"wgc":{},"emm":[{"Type":"1","MainRange":71,"MainValue":0.18,"FarRange":190}],"sig":[{"t":"9-1","s":"","d":{"X":0.05,"Y":-0.38}},{"t":"X1","s":"","d":{"X":0.871,"Y":-0.458}}],"clr":{"R":221,"G":211,"B":240,"A":255}},"AH6-901-2":{"pid":"AH6-901","orb":385.56,"per":6.42,"ang":102.5,"t":"ASTEROID","sp":"ASTEROID-1","s":18.55,"m":88.66,"gd":30.91,"wic":{},"woc":{},"wgc":{},"emm":[{"Type":"1","MainRange":64,"MainValue":0.16,"FarRange":121}],"sig":[{"t":"9-1","s":"","d":{"X":-0.83,"Y":-0.3}},{"t":"X1","s":"","d":{"X":-0.703,"Y":-0.109}}],"clr":{"R":215,"G":250,"B":237,"A":255}},"AH6-901-3":{"pid":"AH6-901","orb":356.59,"per":5.94,"ang":119.28,"t":"ASTEROID","sp":"ASTEROID-5","s":16.79,"m":65.76,"gd":27.98,"wic":{},"woc":{},"wgc":{},"emm":[{"Type":"1","MainRange":47,"MainValue":0.2,"FarRange":196}],"sig":[{"t":"9-1","s":"","d":{"X":-0.6,"Y":-0.77}},{"t":"X1","s":"","d":{"X":-0.703,"Y":0.229}}],"clr":{"R":169,"G":246,"B":174,"A":255}},"AH6-901-4":{"pid":"AH6-901","orb":343.39,"per":5.72,"ang":341.46,"t":"ASTEROID","sp":"ASTEROID-2","s":16.85,"m":66.46,"gd":28.08,"wic":{},"woc":{},"wgc":{},"emm":[{"Type":"1","MainRange":66.60000000000001,"MainValue":0.13,"FarRange":74}],"sig":[{"t":"9-1","s":"","d":{"X":-0.79,"Y":0.45}},{"t":"X1","s":"","d":{"X":0.044,"Y":-0.357}}],"clr":{"R":254,"G":254,"B":254,"A":255}},"AH6-901-5":{"pid":"AH6-901","orb":295.87,"per":4.93,"ang":272.97,"t":"ASTEROID","sp":"ASTEROID-5","s":32.41,"m":473.08,"gd":54.02,"wic":{},"woc":{},"wgc":{},"emm":[{"Type":"1","MainRange":54,"MainValue":0.19,"FarRange":187}],"sig":[{"t":"9-1","s":"","d":{"X":-0.15,"Y":0.08}},{"t":"X1","s":"","d":{"X":0.2,"Y":0.856}}],"clr":{"R":243,"G":205,"B":225,"A":255}},"AH6-901-6":{"pid":"AH6-901","orb":383.61,"per":6.39,"ang":327.6,"t":"ASTEROID","sp":"ASTEROID-4","s":24.62,"m":207.49,"gd":41.04,"wic":{},"woc":{},"wgc":{},"emm":[{"Type":"1","MainRange":36,"MainValue":0.28,"FarRange":115}],"sig":[{"t":"9-1","s":"","d":{"X":0.35,"Y":-0.65}},{"t":"X1","s":"","d":{"X":0.89,"Y":0.258}}],"clr":{"R":234,"G":236,"B":249,"A":255}},"AH6-901-7":{"pid":"AH6-901","orb":368.98,"per":6.14,"ang":168.44,"t":"ASTEROID","sp":"ASTEROID-1","s":16.18,"m":58.9,"gd":26.97,"wic":{},"woc":{},"wgc":{},"emm":[{"Type":"1","MainRange":43,"MainValue":0.16,"FarRange":124}],"sig":[{"t":"9-1","s":"","d":{"X":0.17,"Y":0.36}},{"t":"X1","s":"","d":{"X":0.277,"Y":-0.555}}],"clr":{"R":254,"G":254,"B":254,"A":255}},"AH6-901-8":{"pid":"AH6-901","orb":419.75,"per":6.99,"ang":339.14,"t":"ASTEROID","sp":"ASTEROID-4","s":11.39,"m":20.53,"gd":18.98,"wic":{},"woc":{},"wgc":{},"emm":[{"Type":"1","MainRange":45,"MainValue":0.18,"FarRange":207}],"sig":[{"t":"9-1","s":"","d":{"X":0.15,"Y":-0.94}},{"t":"X1","s":"","d":{"X":-0.314,"Y":0.057}}],"clr":{"R":253,"G":225,"B":237,"A":255}},"AH6-901-9":{"pid":"AH6-901","orb":377.12,"per":6.28,"ang":349.66,"t":"ASTEROID","sp":"ASTEROID-1","s":9.7,"m":12.68,"gd":16.16,"wic":{},"woc":{},"wgc":{},"emm":[{"Type":"1","MainRange":49,"MainValue":0.23,"FarRange":170}],"sig":[{"t":"9-1","s":"","d":{"X":0.89,"Y":0.2}},{"t":"X1","s":"","d":{"X":0.533,"Y":-0.378}}],"clr":{"R":237,"G":249,"B":211,"A":255}},"AH6-S":{"t":"STAR","sp":"STAR-3","s":414.3,"m":3950763.06,"gd":1381,"wic":{},"woc":{},"wgc":{},"emm":[{"Type":"2","MainRange":1135,"MainValue":4.16,"FarRange":2620}],"sig":[{"t":"X2","s":"","d":{"X":0.439,"Y":0.156}}],"clr":{"R":251,"G":254,"B":251,"A":255}}}}