{"SpawnDistance":7951.570000000001,"Points":{"FE5-1-0":{"pid":"FE5-S","orb":2246.71,"per":37.44,"ang":333.91,"t":"ASTEROID","sp":"ASTEROID-1","s":19.7,"m":106.23,"gd":32.83,"wic":{},"woc":{},"wgc":{},"emm":[{"Type":"1","MainRange":47,"MainValue":0.26,"FarRange":204}],"sig":[{"t":"7-2","s":"","d":{"X":0.88,"Y":-0.13}},{"t":"8-1","s":"","d":{"X":0.69,"Y":0.12}},{"t":"9-1","s":"","d":{"X":-0.16,"Y":0.76}},{"t":"X1","s":"","d":{"X":0.19,"Y":-0.213}}],"clr":{"R":248,"G":222,"B":233,"A":255}},"FE5-1-1":{"pid":"FE5-S","orb":2842.89,"per":47.38,"ang":205.78,"t":"ASTEROID","sp":"ASTEROID-5","s":11.97,"m":23.87,"gd":19.96,"wic":{},"woc":{},"wgc":{},"emm":[{"Type":"1","MainRange":67,"MainValue":0.23,"FarRange":209}],"sig":[{"t":"7-2","s":"","d":{"X":-0.42,"Y":-0.38}},{"t":"8-1","s":"","d":{"X":-0.09,"Y":0.39}},{"t":"9-1","s":"","d":{"X":0.75,"Y":-0.15}},{"t":"X1","s":"","d":{"X":0.477,"Y":0.165}}],"clr":{"R":247,"G":170,"B":187,"A":255}},"FE5-1-10":{"pid":"FE5-S","orb":2120.32,"per":35.33,"ang":259.9,"t":"ASTEROID","sp":"ASTEROID-1","s":18.58,"m":89.12,"gd":30.97,"wic":{},"woc":{},"wgc":{},"emm":[{"Type":"1","MainRange":53,"MainValue":0.06,"FarRange":266}],"sig":[{"t":"7-2","s":"","d":{"X":-0.12,"Y":0.18}},{"t":"8-1","s":"","d":{"X":-0.11,"Y":-0.63}},{"t":"9-1","s":"","d":{"X":0.49,"Y":0.49}},{"t":"X1","s":"","d":{"X":0.964,"Y":0.21}}],"clr":{"R":240,"G":206,"B":218,"A":255}},"FE5-1-11":{"pid":"FE5-S","orb":2356.57,"per":39.27,"ang":309.6,"t":"ASTEROID","sp":"ASTEROID-3","s":22.19,"m":151.87,"gd":36.99,"wic":{},"woc":{},"wgc":{},"emm":[{"Type":"1","MainRange":53,"MainValue":0.1,"FarRange":159},{"Type":"2","MainRange":63,"MainValue":0.19,"FarRange":114}],"sig":[{"t":"7-2","s":"","d":{"X":0.84,"Y":-0.42}},{"t":"8-1","s":"","d":{"X":-0.67,"Y":-0.67}},{"t":"9-1","s":"","d":{"X":0.21,"Y":0.93}},{"t":"X1","s":"","d":{"X":0.215,"Y":0.937}},{"t":"X2","s":"","d":{"X":-0.632,"Y":0.348}}],"clr":{"R":254,"G":254,"B":254,"A":255}},"FE5-1-12":{"pid":"FE5-S","orb":2714.9,"per":45.24,"ang":259.75,"t":"ASTEROID","sp":"ASTEROID-2","s":22.39,"m":156.03,"gd":37.32,"wic":{},"woc":{},"wgc":{},"emm":[{"Type":"1","MainRange":42,"MainValue":0.28,"FarRange":145}],"sig":[{"t":"7-2","s":"","d":{"X":-0.67,"Y":-0.05}},{"t":"8-1","s":"","d":{"X":0.54,"Y":-0.09}},{"t":"9-1","s":"","d":{"X":-0.39,"Y":-0.61}},{"t":"X1","s":"","d":{"X":0.595,"Y":0.164}}],"clr":{"R":252,"G":220,"B":229,"A":255}},"FE5-1-13":{"pid":"FE5-S","orb":2329.19,"per":38.81,"ang":47.32,"t":"ASTEROID","sp":"ASTEROID-4","s":20.39,"m":117.87,"gd":33.99,"wic":{},"woc":{},"wgc":{},"emm":[{"Type":"1","MainRange":29,"MainValue":0.18,"FarRange":115}],"sig":[{"t":"7-2","s":"","d":{"X":-0.88,"Y":0.02}},{"t":"8-1","s":"","d":{"X":-0.28,"Y":-0.28}},{"t":"9-1","s":"","d":{"X":-0.39,"Y":-0.51}},{"t":"X1","s":"","d":{"X":-0.151,"Y":0.352}}],"clr":{"R":166,"G":254,"B":204,"A":255}},"FE5-1-14":{"pid":"FE5-S","orb":2696.76,"per":44.94,"ang":359.17,"t":"ASTEROID","sp":"ASTEROID-1","s":25.55,"m":231.7,"gd":42.58,"wic":{},"woc":{},"wgc":{},"emm":[{"Type":"1","MainRange":60,"MainValue":0.23,"FarRange":127}],"sig":[{"t":"7-2","s":"","d":{"X":0.09,"Y":0.96}},{"t":"8-1","s":"","d":{"X":-0.1,"Y":0.17}},{"t":"9-1","s":"","d":{"X":-0.53,"Y":-0.21}},{"t":"X1","s":"","d":{"X":0.172,"Y":-0.155}}],"clr":{"R":182,"G":246,"B":164,"A":255}},"FE5-1-15":{"pid":"FE5-S","orb":2059.6,"per":34.32,"ang":153.64,"t":"ASTEROID","sp":"ASTEROID-3","s":14.79,"m":44.94,"gd":24.65,"wic":{},"woc":{},"wgc":{},"emm":[{"Type":"1","MainRange":31,"MainValue":0.22,"FarRange":101}],"sig":[{"t":"7-2","s":"","d":{"X":-0.36,"Y":0.91}},{"t":"8-1","s":"","d":{"X":0.8,"Y":-0.22}},{"t":"9-1","s":"","d":{"X":0.78,"Y":-0.15}},{"t":"X1","s":"","d":{"X":0.289,"Y":-0.584}}],"clr":{"R":182,"G":167,"B":248,"A":255}},"FE5-1-16":{"pid":"FE5-S","orb":2595.26,"per":43.25,"ang":144.6,"t":"ASTEROID","sp":"ASTEROID-4","s":22.68,"m":162.14,"gd":37.8,"wic":{},"woc":{},"wgc":{},"emm":[{"Type":"1","MainRange":75,"MainValue":0.12,"FarRange":138}],"sig":[{"t":"7-2","s":"","d":{"X":0.18,"Y":0.13}},{"t":"8-1","s":"","d":{"X":-0.88,"Y":0.29}},{"t":"9-1","s":"","d":{"X":-0.1,"Y":-0.86}},{"t":"X1","s":"","d":{"X":-0.402,"Y":-0.682}}],"clr":{"R":236,"G":190,"B":187,"A":255}},"FE5-1-17":{"pid":"FE5-S","orb":2580.88,"per":43.01,"ang":27.59,"t":"ASTEROID","sp":"ASTEROID-1","s":16.43,"m":61.67,"gd":27.39,"wic":{},"woc":{},"wgc":{},"emm":[{"Type":"1","MainRange":27,"MainValue":0.14,"FarRange":172}],"sig":[{"t":"7-2","s":"","d":{"X":-0.62,"Y":0.02}},{"t":"8-1","s":"","d":{"X":0.14,"Y":0.89}},{"t":"9-1","s":"","d":{"X":0.62,"Y":-0.65}},{"t":"X1","s":"","d":{"X":0.367,"Y":-0.579}}],"clr":{"R":252,"G":212,"B":241,"A":255}},"FE5-1-18":{"pid":"FE5-S","orb":2287.31,"per":38.12,"ang":187,"t":"ASTEROID","sp":"ASTEROID-1","s":13.54,"m":34.54,"gd":22.58,"wic":{},"woc":{},"wgc":{},"emm":[{"Type":"1","MainRange":46,"MainValue":0.19,"FarRange":173}],"sig":[{"t":"7-2","s":"","d":{"X":0.42,"Y":-0.24}},{"t":"8-1","s":"","d":{"X":0.87,"Y":-0.26}},{"t":"9-1","s":"","d":{"X":-0.52,"Y":-0.8}},{"t":"X1","s":"","d":{"X":0.491,"Y":0.623}}],"clr":{"R":199,"G":248,"B":201,"A":255}},"FE5-1-19":{"pid":"FE5-S","orb":2725.84,"per":45.43,"ang":111.47,"t":"ASTEROID","sp":"ASTEROID-1","s":18.48,"m":87.67,"gd":30.8,"wic":{},"woc":{},"wgc":{},"emm":[{"Type":"1","MainRange":37,"MainValue":0.13,"FarRange":161},{"Type":"6","MainRange":48,"MainValue":0.14,"FarRange":128},{"Type":"2","MainRange":32,"MainValue":0.2,"FarRange":158}],"sig":[{"t":"7-2","s":"","d":{"X":0.25,"Y":0.69}},{"t":"8-1","s":"","d":{"X":-0.02,"Y":0.71}},{"t":"9-1","s":"","d":{"X":-0.11,"Y":0.83}},{"t":"X1","s":"","d":{"X":0.787,"Y":0.45}},{"t":"X6","s":"","d":{"X":-0.379,"Y":0.627}},{"t":"X2","s":"","d":{"X":-0.176,"Y":0.064}}],"clr":{"R":186,"G":184,"B":239,"A":255}},"FE5-1-2":{"pid":"FE5-S","orb":2092.19,"per":34.86,"ang":129.64,"t":"ASTEROID","sp":"ASTEROID-2","s":37.15,"m":712.58,"gd":61.93,"wic":{},"woc":{},"wgc":{},"emm":[{"Type":"1","MainRange":52,"MainValue":0.19,"FarRange":169}],"sig":[{"t":"7-2","s":"","d":{"X":-0.1,"Y":-0.34}},{"t":"8-1","s":"","d":{"X":0.55,"Y":-0.02}},{"t":"9-1","s":"","d":{"X":0.3,"Y":0.87}},{"t":"X1","s":"","d":{"X":-0.675,"Y":-0.105}}],"clr":{"R":247,"G":238,"B":229,"A":255}},"FE5-1-20":{"pid":"FE5-S","orb":2571.23,"per":42.85,"ang":144.13,"t":"ASTEROID","sp":"ASTEROID-5","s":22.26,"m":153.38,"gd":37.11,"wic":{},"woc":{},"wgc":{},"emm":[{"Type":"1","MainRange":80,"MainValue":0.16,"FarRange":125}],"sig":[{"t":"7-2","s":"","d":{"X":-0.54,"Y":0.34}},{"t":"8-1","s":"","d":{"X":0.36,"Y":0.14}},{"t":"9-1","s":"","d":{"X":0.77,"Y":-0.12}},{"t":"X1","s":"","d":{"X":0.31,"Y":-0.744}}],"clr":{"R":254,"G":251,"B":254,"A":255}},"FE5-1-21":{"pid":"FE5-S","orb":2424.71,"per":40.41,"ang":346.7,"t":"ASTEROID","sp":"ASTEROID-5","s":21.09,"m":130.36,"gd":35.15,"wic":{},"woc":{},"wgc":{},"emm":[{"Type":"1","MainRange":45,"MainValue":0.22,"FarRange":129}],"sig":[{"t":"7-2","s":"","d":{"X":0.79,"Y":0.15}},{"t":"8-1","s":"","d":{"X":-0.49,"Y":0.07}},{"t":"9-1","s":"","d":{"X":-0.25,"Y":0.53}},{"t":"X1","s":"","d":{"X":-0.177,"Y":0.912}}],"clr":{"R":241,"G":184,"B":170,"A":255}},"FE5-1-22":{"pid":"FE5-S","orb":2407.22,"per":40.12,"ang":312.14,"t":"ASTEROID","sp":"ASTEROID-1","s":23.81,"m":187.58,"gd":39.69,"wic":{},"woc":{},"wgc":{},"emm":[{"Type":"1","MainRange":65,"MainValue":0.17,"FarRange":133}],"sig":[{"t":"7-2","s":"","d":{"X":0.04,"Y":0.02}},{"t":"8-1","s":"","d":{"X":0.22,"Y":-0.62}},{"t":"9-1","s":"","d":{"X":0.42,"Y":-0.16}},{"t":"X1","s":"","d":{"X":0.65,"Y":0.53}}],"clr":{"R":182,"G":253,"B":228,"A":255}},"FE5-1-23":{"pid":"FE5-S","orb":2856.54,"per":47.6,"ang":310.99,"t":"ASTEROID","sp":"ASTEROID-3","s":25.66,"m":234.88,"gd":42.78,"wic":{},"woc":{},"wgc":{},"emm":[{"Type":"1","MainRange":48,"MainValue":0.24,"FarRange":132}],"sig":[{"t":"7-2","s":"","d":{"X":-0.21,"Y":-0.54}},{"t":"8-1","s":"","d":{"X":0.42,"Y":-0.84}},{"t":"9-1","s":"","d":{"X":-0.59,"Y":-0.37}},{"t":"X1","s":"","d":{"X":0.735,"Y":0.019}}],"clr":{"R":254,"G":254,"B":253,"A":255}},"FE5-1-24":{"pid":"FE5-S","orb":2433.17,"per":40.55,"ang":129.16,"t":"ASTEROID","sp":"ASTEROID-4","s":21.33,"m":134.88,"gd":35.55,"wic":{},"woc":{},"wgc":{},"emm":[{"Type":"1","MainRange":39,"MainValue":0.26,"FarRange":131}],"sig":[{"t":"7-2","s":"","d":{"X":0.66,"Y":-0.27}},{"t":"8-1","s":"","d":{"X":-0.73,"Y":-0.65}},{"t":"9-1","s":"","d":{"X":-0.74,"Y":0.23}},{"t":"X1","s":"","d":{"X":-0.135,"Y":0.835}}],"clr":{"R":161,"G":170,"B":248,"A":255}},"FE5-1-25":{"pid":"FE5-S","orb":2461.85,"per":41.03,"ang":220.27,"t":"ASTEROID","sp":"ASTEROID-5","s":20.48,"m":119.38,"gd":34.14,"wic":{},"woc":{},"wgc":{},"emm":[{"Type":"1","MainRange":56,"MainValue":0.04,"FarRange":98}],"sig":[{"t":"7-2","s":"","d":{"X":-0.82,"Y":-0.08}},{"t":"8-1","s":"","d":{"X":0.3,"Y":0.4}},{"t":"9-1","s":"","d":{"X":0.47,"Y":0.53}},{"t":"X1","s":"","d":{"X":0.462,"Y":-0.724}}],"clr":{"R":219,"G":236,"B":251,"A":255}},"FE5-1-26":{"pid":"FE5-S","orb":2511.97,"per":41.86,"ang":110.09,"t":"ASTEROID","sp":"ASTEROID-1","s":19.01,"m":95.52,"gd":31.69,"wic":{},"woc":{},"wgc":{},"emm":[{"Type":"1","MainRange":46,"MainValue":0.15,"FarRange":223}],"sig":[{"t":"7-2","s":"","d":{"X":0.16,"Y":-0.05}},{"t":"8-1","s":"","d":{"X":-0.21,"Y":-0.03}},{"t":"9-1","s":"","d":{"X":-0.72,"Y":0.46}},{"t":"X1","s":"","d":{"X":-0.3,"Y":0.795}}],"clr":{"R":229,"G":250,"B":238,"A":255}},"FE5-1-27":{"pid":"FE5-S","orb":2173.86,"per":36.23,"ang":332.5,"t":"ASTEROID","sp":"ASTEROID-4","s":25.95,"m":242.92,"gd":43.26,"wic":{},"woc":{},"wgc":{},"emm":[{"Type":"1","MainRange":67,"MainValue":0.29,"FarRange":156}],"sig":[{"t":"7-2","s":"","d":{"X":-0.42,"Y":0.61}},{"t":"8-1","s":"","d":{"X":-0.16,"Y":0.41}},{"t":"9-1","s":"","d":{"X":-0.51,"Y":0.1}},{"t":"X1","s":"","d":{"X":0.186,"Y":0.512}}],"clr":{"R":234,"G":248,"B":246,"A":255}},"FE5-1-28":{"pid":"FE5-S","orb":2407.71,"per":40.12,"ang":314.73,"t":"ASTEROID","sp":"ASTEROID-4","s":24.12,"m":194.98,"gd":40.2,"wic":{},"woc":{},"wgc":{},"emm":[{"Type":"1","MainRange":71,"MainValue":0.19,"FarRange":189}],"sig":[{"t":"7-2","s":"","d":{"X":-0.13,"Y":-0.54}},{"t":"8-1","s":"","d":{"X":-0.41,"Y":0.38}},{"t":"9-1","s":"","d":{"X":-0.9,"Y":-0.19}},{"t":"X1","s":"","d":{"X":0.901,"Y":-0.323}}],"clr":{"R":182,"G":252,"B":174,"A":255}},"FE5-1-29":{"pid":"FE5-S","orb":2317.1,"per":38.61,"ang":248.57,"t":"ASTEROID","sp":"ASTEROID-4","s":14.08,"m":38.82,"gd":23.47,"wic":{},"woc":{},"wgc":{},"emm":[{"Type":"1","MainRange":38,"MainValue":0.21,"FarRange":147}],"sig":[{"t":"7-2","s":"","d":{"X":-0.49,"Y":0.17}},{"t":"8-1","s":"","d":{"X":0.32,"Y":0.15}},{"t":"9-1","s":"","d":{"X":0.09,"Y":-0.55}},{"t":"X1","s":"","d":{"X":0.243,"Y":-0.029}}],"clr":{"R":187,"G":232,"B":176,"A":255}},"FE5-1-3":{"pid":"FE5-S","orb":2472.04,"per":41.2,"ang":305,"t":"ASTEROID","sp":"ASTEROID-1","s":10.72,"m":17.12,"gd":17.87,"wic":{},"woc":{},"wgc":{},"emm":[{"Type":"1","MainRange":66,"MainValue":0.19,"FarRange":132}],"sig":[{"t":"7-2","s":"","d":{"X":0.14,"Y":-0.2}},{"t":"8-1","s":"","d":{"X":-0.59,"Y":-0.73}},{"t":"9-1","s":"","d":{"X":-0.15,"Y":-0.39}},{"t":"X1","s":"","d":{"X":0.095,"Y":0.477}}],"clr":{"R":180,"G":236,"B":178,"A":255}},"FE5-1-30":{"pid":"FE5-S","orb":2399.91,"per":39.99,"ang":298.95,"t":"ASTEROID","sp":"ASTEROID-1","s":11.71,"m":22.31,"gd":19.52,"wic":{},"woc":{},"wgc":{},"emm":[{"Type":"1","MainRange":57,"MainValue":0.21,"FarRange":156}],"sig":[{"t":"7-2","s":"","d":{"X":0.01,"Y":-0.85}},{"t":"8-1","s":"","d":{"X":-0.82,"Y":-0.44}},{"t":"9-1","s":"","d":{"X":0.32,"Y":-0.53}},{"t":"X1","s":"","d":{"X":-0.418,"Y":0.866}}],"clr":{"R":253,"G":247,"B":250,"A":255}},"FE5-1-31":{"pid":"FE5-S","orb":2576.49,"per":42.94,"ang":344.62,"t":"ASTEROID","sp":"ASTEROID-1","s":21.62,"m":140.37,"gd":36.03,"wic":{},"woc":{},"wgc":{},"emm":[{"Type":"1","MainRange":23,"MainValue":0.22,"FarRange":186}],"sig":[{"t":"7-2","s":"","d":{"X":0.3,"Y":0.53}},{"t":"8-1","s":"","d":{"X":-0.55,"Y":-0.78}},{"t":"9-1","s":"","d":{"X":-0.39,"Y":0.83}},{"t":"X1","s":"","d":{"X":0.001,"Y":-0.779}}],"clr":{"R":247,"G":252,"B":251,"A":255}},"FE5-1-32":{"pid":"FE5-S","orb":2767.71,"per":46.12,"ang":161.26,"t":"ASTEROID","sp":"ASTEROID-2","s":30.1,"m":378.88,"gd":50.17,"wic":{},"woc":{},"wgc":{},"emm":[{"Type":"1","MainRange":65,"MainValue":0.22,"FarRange":239}],"sig":[{"t":"7-2","s":"","d":{"X":-0.46,"Y":0.8}},{"t":"8-1","s":"","d":{"X":0.58,"Y":-0.73}},{"t":"9-1","s":"","d":{"X":0.16,"Y":-0.3}},{"t":"X1","s":"","d":{"X":-0.272,"Y":0.238}}],"clr":{"R":242,"G":210,"B":233,"A":255}},"FE5-1-33":{"pid":"FE5-S","orb":2362.43,"per":39.37,"ang":188.78,"t":"ASTEROID","sp":"ASTEROID-1","s":13.51,"m":34.29,"gd":22.52,"wic":{},"woc":{},"wgc":{},"emm":[{"Type":"1","MainRange":36,"MainValue":0.25,"FarRange":231}],"sig":[{"t":"7-2","s":"","d":{"X":0.73,"Y":-0.52}},{"t":"8-1","s":"","d":{"X":0.8,"Y":0.17}},{"t":"9-1","s":"","d":{"X":-0.45,"Y":0.74}},{"t":"X1","s":"","d":{"X":-0.537,"Y":-0.31}}],"clr":{"R":213,"G":247,"B":227,"A":255}},"FE5-1-34":{"pid":"FE5-S","orb":2783.09,"per":46.38,"ang":234.36,"t":"ASTEROID","sp":"ASTEROID-4","s":18.41,"m":86.74,"gd":30.69,"wic":{},"woc":{},"wgc":{},"emm":[{"Type":"1","MainRange":59,"MainValue":0.12,"FarRange":134}],"sig":[{"t":"7-2","s":"","d":{"X":0.35,"Y":-0.74}},{"t":"8-1","s":"","d":{"X":0.21,"Y":0.66}},{"t":"9-1","s":"","d":{"X":0.35,"Y":0.18}},{"t":"X1","s":"","d":{"X":0.585,"Y":0.077}}],"clr":{"R":239,"G":252,"B":253,"A":255}},"FE5-1-35":{"pid":"FE5-S","orb":2706.65,"per":45.11,"ang":146.94,"t":"ASTEROID","sp":"ASTEROID-2","s":19.8,"m":107.83,"gd":33,"wic":{},"woc":{},"wgc":{},"emm":[{"Type":"1","MainRange":39,"MainValue":0.15,"FarRange":174}],"sig":[{"t":"7-2","s":"","d":{"X":-0.2,"Y":-0.44}},{"t":"8-1","s":"","d":{"X":-0.04,"Y":0.96}},{"t":"9-1","s":"","d":{"X":0.61,"Y":-0.32}},{"t":"X1","s":"","d":{"X":-0.662,"Y":0.706}}],"clr":{"R":247,"G":198,"B":199,"A":255}},"FE5-1-36":{"pid":"FE5-S","orb":2618.38,"per":43.63,"ang":19.71,"t":"ASTEROID","sp":"ASTEROID-4","s":19.13,"m":97.24,"gd":31.88,"wic":{},"woc":{},"wgc":{},"emm":[{"Type":"1","MainRange":53,"MainValue":0.24,"FarRange":152}],"sig":[{"t":"7-2","s":"","d":{"X":-0.66,"Y":-0.31}},{"t":"8-1","s":"","d":{"X":0.59,"Y":-0.36}},{"t":"9-1","s":"","d":{"X":0.61,"Y":-0.45}},{"t":"X1","s":"","d":{"X":-0.933,"Y":-0.186}}],"clr":{"R":229,"G":235,"B":192,"A":255}},"FE5-1-37":{"pid":"FE5-S","orb":2424.22,"per":40.4,"ang":18.88,"t":"ASTEROID","sp":"ASTEROID-1","s":21.39,"m":135.97,"gd":35.65,"wic":{},"woc":{},"wgc":{},"emm":[{"Type":"1","MainRange":60,"MainValue":0.23,"FarRange":223}],"sig":[{"t":"7-2","s":"","d":{"X":0.46,"Y":-0.65}},{"t":"8-1","s":"","d":{"X":0.66,"Y":0.39}},{"t":"9-1","s":"","d":{"X":-0.2,"Y":0.44}},{"t":"X1","s":"","d":{"X":0.527,"Y":0.544}}],"clr":{"R":225,"G":192,"B":253,"A":255}},"FE5-1-38":{"pid":"FE5-S","orb":2414.18,"per":40.23,"ang":37.45,"t":"ASTEROID","sp":"ASTEROID-4","s":13,"m":30.57,"gd":21.68,"wic":{},"woc":{},"wgc":{},"emm":[{"Type":"1","MainRange":41,"MainValue":0.15,"FarRange":116}],"sig":[{"t":"7-2","s":"","d":{"X":-0.29,"Y":-0.82}},{"t":"8-1","s":"","d":{"X":-0.79,"Y":0.07}},{"t":"9-1","s":"","d":{"X":0.45,"Y":0.16}},{"t":"X1","s":"","d":{"X":-0.389,"Y":-0.401}}],"clr":{"R":236,"G":239,"B":177,"A":255}},"FE5-1-39":{"pid":"FE5-S","orb":2762.47,"per":46.04,"ang":290.57,"t":"ASTEROID","sp":"ASTEROID-3","s":23.06,"m":170.52,"gd":38.44,"wic":{},"woc":{},"wgc":{},"emm":[{"Type":"1","MainRange":22,"MainValue":0.18,"FarRange":209}],"sig":[{"t":"7-2","s":"","d":{"X":-0.63,"Y":-0.65}},{"t":"8-1","s":"","d":{"X":0.88,"Y":0.35}},{"t":"9-1","s":"","d":{"X":0.61,"Y":0.23}},{"t":"X1","s":"","d":{"X":0.533,"Y":-0.424}}],"clr":{"R":193,"G":246,"B":225,"A":255}},"FE5-1-4":{"pid":"FE5-S","orb":2475.1,"per":41.25,"ang":71.22,"t":"ASTEROID","sp":"ASTEROID-5","s":26.81,"m":267.7,"gd":44.68,"wic":{},"woc":{},"wgc":{},"emm":[{"Type":"1","MainRange":49,"MainValue":0.21,"FarRange":177}],"sig":[{"t":"7-2","s":"","d":{"X":0.23,"Y":-0.21}},{"t":"8-1","s":"","d":{"X":-0.65,"Y":-0.44}},{"t":"9-1","s":"","d":{"X":0.64,"Y":-0.2}},{"t":"X1","s":"","d":{"X":0.529,"Y":0.103}}],"clr":{"R":243,"G":187,"B":182,"A":255}},"FE5-1-40":{"pid":"FE5-S","orb":2084.63,"per":34.74,"ang":54.95,"t":"ASTEROID","sp":"ASTEROID-3","s":12.16,"m":24.99,"gd":20.27,"wic":{},"woc":{},"wgc":{},"emm":[{"Type":"1","MainRange":26,"MainValue":0.29,"FarRange":162}],"sig":[{"t":"7-2","s":"","d":{"X":0.11,"Y":-0.72}},{"t":"8-1","s":"","d":{"X":0.39,"Y":0.03}},{"t":"9-1","s":"","d":{"X":-0.15,"Y":0.42}},{"t":"X1","s":"","d":{"X":-0.002,"Y":0.687}}],"clr":{"R":244,"G":241,"B":252,"A":255}},"FE5-1-41":{"pid":"FE5-S","orb":2220.48,"per":37,"ang":300.81,"t":"ASTEROID","sp":"ASTEROID-4","s":14.32,"m":40.81,"gd":23.87,"wic":{},"woc":{},"wgc":{},"emm":[{"Type":"1","MainRange":38,"MainValue":0.21,"FarRange":106},{"Type":"11","MainRange":31,"MainValue":0.16,"FarRange":113},{"Type":"17","MainRange":66,"MainValue":0.1,"FarRange":219}],"sig":[{"t":"7-2","s":"","d":{"X":0.64,"Y":0.23}},{"t":"8-1","s":"","d":{"X":0.9,"Y":0.42}},{"t":"9-1","s":"","d":{"X":0.8,"Y":0.09}},{"t":"X1","s":"","d":{"X":-0.07,"Y":-0.169}},{"t":"X11","s":"","d":{"X":0.483,"Y":-0.537}},{"t":"X17","s":"","d":{"X":-0.031,"Y":-0.519}}],"clr":{"R":193,"G":224,"B":237,"A":255}},"FE5-1-42":{"pid":"FE5-S","orb":2708.86,"per":45.14,"ang":305.52,"t":"ASTEROID","sp":"ASTEROID-1","s":13.79,"m":36.44,"gd":22.98,"wic":{},"woc":{},"wgc":{},"emm":[{"Type":"1","MainRange":67,"MainValue":0.16,"FarRange":155}],"sig":[{"t":"7-2","s":"","d":{"X":0.71,"Y":-0.63}},{"t":"8-1","s":"","d":{"X":-0.56,"Y":-0.78}},{"t":"9-1","s":"","d":{"X":0.25,"Y":-0.6}},{"t":"X1","s":"","d":{"X":-0.68,"Y":0.156}}],"clr":{"R":199,"G":215,"B":245,"A":255}},"FE5-1-43":{"pid":"FE5-S","orb":2389.93,"per":39.83,"ang":11.57,"t":"ASTEROID","sp":"ASTEROID-3","s":24.18,"m":196.43,"gd":40.3,"wic":{},"woc":{},"wgc":{},"emm":[{"Type":"1","MainRange":28,"MainValue":0.15,"FarRange":124},{"Type":"25","MainRange":55,"MainValue":0.15,"FarRange":195},{"Type":"24","MainRange":49,"MainValue":0.29,"FarRange":180},{"Type":"18","MainRange":31,"MainValue":0.19,"FarRange":185},{"Type":"3","MainRange":45,"MainValue":0.16,"FarRange":158},{"Type":"15","MainRange":48,"MainValue":0.26,"FarRange":212}],"sig":[{"t":"7-2","s":"","d":{"X":0.17,"Y":0.79}},{"t":"8-1","s":"","d":{"X":0.53,"Y":0.52}},{"t":"9-1","s":"","d":{"X":0.34,"Y":-0.64}},{"t":"X1","s":"","d":{"X":0.582,"Y":0.195}},{"t":"X25","s":"","d":{"X":0.518,"Y":0.362}},{"t":"X24","s":"","d":{"X":0.276,"Y":0.924}},{"t":"X18","s":"","d":{"X":-0.408,"Y":-0.369}},{"t":"X3","s":"","d":{"X":0.917,"Y":0.135}},{"t":"X15","s":"","d":{"X":-0.223,"Y":0.284}}],"clr":{"R":199,"G":246,"B":198,"A":255}},"FE5-1-44":{"pid":"FE5-S","orb":2130.06,"per":35.5,"ang":159.16,"t":"ASTEROID","sp":"ASTEROID-2","s":18.09,"m":82.31,"gd":30.16,"wic":{},"woc":{},"wgc":{},"emm":[{"Type":"1","MainRange":49,"MainValue":0.19,"FarRange":166}],"sig":[{"t":"7-2","s":"","d":{"X":-0.7,"Y":0.28}},{"t":"8-1","s":"","d":{"X":-0.71,"Y":0.37}},{"t":"9-1","s":"","d":{"X":-0.73,"Y":-0.44}},{"t":"X1","s":"","d":{"X":0.527,"Y":-0.593}}],"clr":{"R":225,"G":182,"B":251,"A":255}},"FE5-1-45":{"pid":"FE5-S","orb":2448.73,"per":40.81,"ang":40.48,"t":"ASTEROID","sp":"ASTEROID-5","s":23.02,"m":169.46,"gd":38.36,"wic":{},"woc":{},"wgc":{},"emm":[{"Type":"1","MainRange":32,"MainValue":0.16,"FarRange":172}],"sig":[{"t":"7-2","s":"","d":{"X":0.43,"Y":0.26}},{"t":"8-1","s":"","d":{"X":-0.05,"Y":0.33}},{"t":"9-1","s":"","d":{"X":-0.96,"Y":-0.24}},{"t":"X1","s":"","d":{"X":-0.591,"Y":0.563}}],"clr":{"R":179,"G":238,"B":219,"A":255}},"FE5-1-46":{"pid":"FE5-S","orb":2694.65,"per":44.91,"ang":32.9,"t":"ASTEROID","sp":"ASTEROID-1","s":30.14,"m":380.55,"gd":50.24,"wic":{},"woc":{},"wgc":{},"emm":[{"Type":"1","MainRange":74,"MainValue":0.25,"FarRange":113}],"sig":[{"t":"7-2","s":"","d":{"X":-0.11,"Y":0.93}},{"t":"8-1","s":"","d":{"X":-0.29,"Y":0.66}},{"t":"9-1","s":"","d":{"X":-0.08,"Y":0.62}},{"t":"X1","s":"","d":{"X":0.538,"Y":0.011}}],"clr":{"R":242,"G":224,"B":205,"A":255}},"FE5-1-47":{"pid":"FE5-S","orb":2743.26,"per":45.72,"ang":28.9,"t":"ASTEROID","sp":"ASTEROID-4","s":8.07,"m":7.3,"gd":13.45,"wic":{},"woc":{},"wgc":{},"emm":[{"Type":"1","MainRange":54,"MainValue":0.25,"FarRange":208}],"sig":[{"t":"7-2","s":"","d":{"X":-0.55,"Y":-0.15}},{"t":"8-1","s":"","d":{"X":0.67,"Y":0.28}},{"t":"9-1","s":"","d":{"X":-0.11,"Y":0.76}},{"t":"X1","s":"","d":{"X":0.125,"Y":0.676}}],"clr":{"R":252,"G":166,"B":236,"A":255}},"FE5-1-48":{"pid":"FE5-S","orb":2662.94,"per":44.38,"ang":113.94,"t":"ASTEROID","sp":"ASTEROID-5","s":20.06,"m":112.19,"gd":33.44,"wic":{},"woc":{},"wgc":{},"emm":[{"Type":"1","MainRange":41,"MainValue":0.18,"FarRange":159},{"Type":"27","MainRange":54,"MainValue":0.11,"FarRange":110}],"sig":[{"t":"7-2","s":"","d":{"X":-0.58,"Y":-0.55}},{"t":"8-1","s":"","d":{"X":-0.13,"Y":0.37}},{"t":"9-1","s":"","d":{"X":-0.02,"Y":0.44}},{"t":"X1","s":"","d":{"X":-0.545,"Y":0.219}},{"t":"X27","s":"","d":{"X":0.311,"Y":0.769}}],"clr":{"R":252,"G":212,"B":245,"A":255}},"FE5-1-49":{"pid":"FE5-S","orb":2331.94,"per":38.86,"ang":129.84,"t":"ASTEROID","sp":"ASTEROID-2","s":26.81,"m":267.9,"gd":44.69,"wic":{},"woc":{},"wgc":{},"emm":[{"Type":"1","MainRange":48,"MainValue":0.19,"FarRange":169}],"sig":[{"t":"7-2","s":"","d":{"X":0.22,"Y":0.92}},{"t":"8-1","s":"","d":{"X":0.07,"Y":0.5}},{"t":"9-1","s":"","d":{"X":-0.24,"Y":-0.91}},{"t":"X1","s":"","d":{"X":-0.145,"Y":-0.498}}],"clr":{"R":220,"G":195,"B":236,"A":255}},"FE5-1-5":{"pid":"FE5-S","orb":2776.16,"per":46.26,"ang":93.68,"t":"ASTEROID","sp":"ASTEROID-1","s":18.23,"m":84.23,"gd":30.39,"wic":{},"woc":{},"wgc":{},"emm":[{"Type":"1","MainRange":40,"MainValue":0.21,"FarRange":118}],"sig":[{"t":"7-2","s":"","d":{"X":0.07,"Y":-0.14}},{"t":"8-1","s":"","d":{"X":-0.32,"Y":0.67}},{"t":"9-1","s":"","d":{"X":-0.27,"Y":-0.25}},{"t":"X1","s":"","d":{"X":0.217,"Y":-0.303}}],"clr":{"R":239,"G":252,"B":241,"A":255}},"FE5-1-6":{"pid":"FE5-S","orb":2380.8,"per":39.68,"ang":187.64,"t":"ASTEROID","sp":"ASTEROID-4","s":19.72,"m":106.57,"gd":32.87,"wic":{},"woc":{},"wgc":{},"emm":[{"Type":"1","MainRange":50,"MainValue":0.24,"FarRange":146}],"sig":[{"t":"7-2","s":"","d":{"X":0.01,"Y":0.81}},{"t":"8-1","s":"","d":{"X":-0.21,"Y":-0.73}},{"t":"9-1","s":"","d":{"X":-0.38,"Y":0.91}},{"t":"X1","s":"","d":{"X":0.644,"Y":-0.592}}],"clr":{"R":240,"G":247,"B":216,"A":255}},"FE5-1-7":{"pid":"FE5-S","orb":2705.85,"per":45.09,"ang":46.16,"t":"ASTEROID","sp":"ASTEROID-3","s":29.96,"m":373.8,"gd":49.94,"wic":{},"woc":{},"wgc":{},"emm":[{"Type":"1","MainRange":29,"MainValue":0.19,"FarRange":100}],"sig":[{"t":"7-2","s":"","d":{"X":0.81,"Y":0.42}},{"t":"8-1","s":"","d":{"X":0.82,"Y":-0.4}},{"t":"9-1","s":"","d":{"X":-0.63,"Y":-0.43}},{"t":"X1","s":"","d":{"X":-0.603,"Y":-0.762}}],"clr":{"R":230,"G":254,"B":252,"A":255}},"FE5-1-8":{"pid":"FE5-S","orb":2170.26,"per":36.17,"ang":327.59,"t":"ASTEROID","sp":"ASTEROID-2","s":27.68,"m":294.69,"gd":46.14,"wic":{},"woc":{},"wgc":{},"emm":[{"Type":"1","MainRange":43,"MainValue":0.28,"FarRange":124}],"sig":[{"t":"7-2","s":"","d":{"X":0.19,"Y":0.34}},{"t":"8-1","s":"","d":{"X":0.03,"Y":0.71}},{"t":"9-1","s":"","d":{"X":-0.25,"Y":-0.51}},{"t":"X1","s":"","d":{"X":0.207,"Y":0.305}}],"clr":{"R":243,"G":253,"B":245,"A":255}},"FE5-1-9":{"pid":"FE5-S","orb":2123.65,"per":35.39,"ang":203.84,"t":"ASTEROID","sp":"ASTEROID-4","s":15.63,"m":53.12,"gd":26.06,"wic":{},"woc":{},"wgc":{},"emm":[{"Type":"1","MainRange":56,"MainValue":0.25,"FarRange":122}],"sig":[{"t":"7-2","s":"","d":{"X":-0.79,"Y":0.54}},{"t":"8-1","s":"","d":{"X":-0.38,"Y":0.48}},{"t":"9-1","s":"","d":{"X":0.74,"Y":0.13}},{"t":"X1","s":"","d":{"X":0.512,"Y":-0.522}}],"clr":{"R":253,"G":241,"B":243,"A":255}},"FE5-155":{"pid":"FE5-S","orb":3866.9,"per":64.44,"t":"GASPLANET","sp":"GASPLANET-44","s":173.06,"m":50392.4,"gd":288.43,"wic":{},"woc":{},"wgc":{},"emm":[{"Type":"13","MainRange":449,"MainValue":1.72,"FarRange":1280}],"sig":[{"t":"0-2","s":"","d":{"X":0.82,"Y":-0.17}},{"t":"1-3","s":"","d":{"X":0.51,"Y":-0.5}},{"t":"3-1","s":"","d":{"X":0.1}},{"t":"6-3","s":"","d":{"X":0.02,"Y":0.45}},{"t":"7-2","s":"","d":{"X":-0.39,"Y":-0.58}},{"t":"7-3","s":"","d":{"X":-0.96,"Y":0.08}},{"t":"8-1","s":"","d":{"X":-0.57,"Y":0.1}},{"t":"10-1","s":"","d":{"X":-0.06,"Y":-0.73}},{"t":"11-1","s":"","d":{"X":-0.98,"Y":-0.09}},{"t":"X13","s":"","d":{"X":-0.128,"Y":-0.691}}],"clr":{"R":230,"G":174,"B":236,"A":255}},"FE5-155-0":{"pid":"FE5-155","orb":867.79,"per":14.46,"ang":136.26,"t":"ASTEROID","sp":"ASTEROID-3","s":25.46,"m":229.31,"gd":42.43,"wic":{},"woc":{},"wgc":{},"emm":[{"Type":"1","MainRange":53,"MainValue":0.25,"FarRange":152}],"sig":[{"t":"9-1","s":"","d":{"X":-0.07,"Y":0.7}},{"t":"X1","s":"","d":{"X":-0.303,"Y":-0.073}}],"clr":{"R":248,"G":241,"B":250,"A":255}},"FE5-155-1":{"pid":"FE5-155","orb":593.96,"per":9.89,"ang":232.51,"t":"ASTEROID","sp":"ASTEROID-2","s":16.49,"m":62.37,"gd":27.49,"wic":{},"woc":{},"wgc":{},"emm":[{"Type":"1","MainRange":50,"MainValue":0.19,"FarRange":192}],"sig":[{"t":"9-1","s":"","d":{"X":-0.25,"Y":-0.29}},{"t":"X1","s":"","d":{"X":-0.352,"Y":-0.167}}],"clr":{"R":162,"G":181,"B":246,"A":255}},"FE5-155-10":{"pid":"FE5-155","orb":674.62,"per":11.24,"ang":46.41,"t":"ASTEROID","sp":"ASTEROID-4","s":24.36,"m":200.89,"gd":40.6,"wic":{},"woc":{},"wgc":{},"emm":[{"Type":"1","MainRange":53,"MainValue":0.23,"FarRange":236}],"sig":[{"t":"9-1","s":"","d":{"X":0.51,"Y":-0.67}},{"t":"X1","s":"","d":{"X":-0.746,"Y":0.04}}],"clr":{"R":228,"G":246,"B":188,"A":255}},"FE5-155-11":{"pid":"FE5-155","orb":551.53,"per":9.19,"ang":262.35,"t":"ASTEROID","sp":"ASTEROID-5","s":16.37,"m":61.02,"gd":27.29,"wic":{},"woc":{},"wgc":{},"emm":[{"Type":"1","MainRange":61,"MainValue":0.15,"FarRange":157}],"sig":[{"t":"9-1","s":"","d":{"X":0.23,"Y":-0.95}},{"t":"X1","s":"","d":{"X":-0.415,"Y":0.696}}],"clr":{"R":224,"G":242,"B":252,"A":255}},"FE5-155-12":{"pid":"FE5-155","orb":696.07,"per":11.6,"ang":347.8,"t":"ASTEROID","sp":"ASTEROID-2","s":13.15,"m":31.61,"gd":21.92,"wic":{},"woc":{},"wgc":{},"emm":[{"Type":"1","MainRange":35,"MainValue":0.25,"FarRange":125}],"sig":[{"t":"9-1","s":"","d":{"X":0.16,"Y":-0.55}},{"t":"X1","s":"","d":{"X":0.266,"Y":0.411}}],"clr":{"R":243,"G":244,"B":252,"A":255}},"FE5-155-13":{"pid":"FE5-155","orb":707.24,"per":11.78,"ang":241.86,"t":"ASTEROID","sp":"ASTEROID-4","s":25.51,"m":230.58,"gd":42.51,"wic":{},"woc":{},"wgc":{},"emm":[{"Type":"1","MainRange":34,"MainValue":0.25,"FarRange":189}],"sig":[{"t":"9-1","s":"","d":{"X":-0.26,"Y":0.9}},{"t":"X1","s":"","d":{"X":-0.32,"Y":-0.77}}],"clr":{"R":196,"G":243,"B":235,"A":255}},"FE5-155-14":{"pid":"FE5-155","orb":655.66,"per":10.92,"ang":253.89,"t":"ASTEROID","sp":"ASTEROID-1","s":18.04,"m":81.61,"gd":30.07,"wic":{},"woc":{},"wgc":{},"emm":[{"Type":"1","MainRange":36,"MainValue":0.14,"FarRange":189}],"sig":[{"t":"9-1","s":"","d":{"X":-0.23,"Y":-0.13}},{"t":"X1","s":"","d":{"X":0.6,"Y":-0.416}}],"clr":{"R":243,"G":239,"B":252,"A":255}},"FE5-155-15":{"pid":"FE5-155","orb":754.55,"per":12.57,"ang":349.25,"t":"ASTEROID","sp":"ASTEROID-3","s":10.65,"m":16.78,"gd":17.75,"wic":{},"woc":{},"wgc":{},"emm":[{"Type":"1","MainRange":59,"MainValue":0.19,"FarRange":120}],"sig":[{"t":"9-1","s":"","d":{"X":0.97,"Y":0.18}},{"t":"X1","s":"","d":{"X":0.688,"Y":-0.131}}],"clr":{"R":234,"G":251,"B":253,"A":255}},"FE5-155-16":{"pid":"FE5-155","orb":692.84,"per":11.54,"ang":117.6,"t":"ASTEROID","sp":"ASTEROID-5","s":27.89,"m":301.39,"gd":46.48,"wic":{},"woc":{},"wgc":{},"emm":[{"Type":"1","MainRange":65,"MainValue":0.25,"FarRange":184},{"Type":"15","MainRange":60,"MainValue":0.18,"FarRange":96}],"sig":[{"t":"9-1","s":"","d":{"X":-0.85,"Y":-0.17}},{"t":"X1","s":"","d":{"X":-0.16,"Y":-0.337}},{"t":"X15","s":"","d":{"X":-0.201,"Y":0.933}}],"clr":{"R":241,"G":197,"B":217,"A":255}},"FE5-155-17":{"pid":"FE5-155","orb":740.88,"per":12.34,"ang":249.97,"t":"ASTEROID","sp":"ASTEROID-1","s":23.71,"m":185.22,"gd":39.52,"wic":{},"woc":{},"wgc":{},"emm":[{"Type":"1","MainRange":38,"MainValue":0.21,"FarRange":178}],"sig":[{"t":"9-1","s":"","d":{"X":-0.3,"Y":0.94}},{"t":"X1","s":"","d":{"X":-0.037,"Y":0.127}}],"clr":{"R":245,"G":252,"B":243,"A":255}},"FE5-155-18":{"pid":"FE5-155","orb":569.66,"per":9.49,"ang":224.51,"t":"ASTEROID","sp":"ASTEROID-4","s":22.11,"m":150.12,"gd":36.85,"wic":{},"woc":{},"wgc":{},"emm":[{"Type":"1","MainRange":52,"MainValue":0.13,"FarRange":95}],"sig":[{"t":"9-1","s":"","d":{"X":-0.65,"Y":-0.16}},{"t":"X1","s":"","d":{"X":0.243,"Y":-0.226}}],"clr":{"R":252,"G":200,"B":241,"A":255}},"FE5-155-19":{"pid":"FE5-155","orb":623.28,"per":10.38,"ang":193.79,"t":"ASTEROID","sp":"ASTEROID-4","s":16.36,"m":60.89,"gd":27.27,"wic":{},"woc":{},"wgc":{},"emm":[{"Type":"1","MainRange":76,"MainValue":0.21,"FarRange":125}],"sig":[{"t":"9-1","s":"","d":{"X":-0.19,"Y":0.12}},{"t":"X1","s":"","d":{"X":-0.048,"Y":-0.939}}],"clr":{"R":251,"G":225,"B":239,"A":255}},"FE5-155-2":{"pid":"FE5-155","orb":691.19,"per":11.51,"ang":177.97,"t":"ASTEROID","sp":"ASTEROID-1","s":18.75,"m":91.57,"gd":31.25,"wic":{},"woc":{},"wgc":{},"emm":[{"Type":"1","MainRange":37,"MainValue":0.13,"FarRange":44},{"Type":"20","MainRange":53,"MainValue":0.22,"FarRange":109}],"sig":[{"t":"9-1","s":"","d":{"X":-0.23,"Y":0.71}},{"t":"X1","s":"","d":{"X":-0.058,"Y":0.446}},{"t":"X20","s":"","d":{"X":-0.054,"Y":-0.718}}],"clr":{"R":232,"G":251,"B":233,"A":255}},"FE5-155-20":{"pid":"FE5-155","orb":713.87,"per":11.89,"ang":234.69,"t":"ASTEROID","sp":"ASTEROID-1","s":23.11,"m":171.63,"gd":38.53,"wic":{},"woc":{},"wgc":{},"emm":[{"Type":"1","MainRange":47,"MainValue":0.12,"FarRange":172}],"sig":[{"t":"9-1","s":"","d":{"X":-0.22,"Y":-0.73}},{"t":"X1","s":"","d":{"X":0.805,"Y":0.388}}],"clr":{"R":237,"G":195,"B":236,"A":255}},"FE5-155-21":{"pid":"FE5-155","orb":678.02,"per":11.3,"ang":91.21,"t":"ASTEROID","sp":"ASTEROID-2","s":20.1,"m":112.92,"gd":33.51,"wic":{},"woc":{},"wgc":{},"emm":[{"Type":"1","MainRange":37,"MainValue":0.21,"FarRange":197}],"sig":[{"t":"9-1","s":"","d":{"X":0.71,"Y":-0.43}},{"t":"X1","s":"","d":{"X":0.625,"Y":0.633}}],"clr":{"R":223,"G":183,"B":250,"A":255}},"FE5-155-22":{"pid":"FE5-155","orb":680.23,"per":11.33,"ang":326.62,"t":"ASTEROID","sp":"ASTEROID-5","s":17.03,"m":68.67,"gd":28.39,"wic":{},"woc":{},"wgc":{},"emm":[{"Type":"1","MainRange":43,"MainValue":0.19,"FarRange":198}],"sig":[{"t":"9-1","s":"","d":{"X":-0.91,"Y":0.4}},{"t":"X1","s":"","d":{"X":0.124,"Y":0.575}}],"clr":{"R":174,"G":179,"B":234,"A":255}},"FE5-155-23":{"pid":"FE5-155","orb":594.7,"per":9.91,"ang":213.88,"t":"ASTEROID","sp":"ASTEROID-5","s":16.68,"m":64.54,"gd":27.81,"wic":{},"woc":{},"wgc":{},"emm":[{"Type":"1","MainRange":48,"MainValue":0.29,"FarRange":127},{"Type":"13","MainRange":59,"MainValue":0.25,"FarRange":124}],"sig":[{"t":"9-1","s":"","d":{"X":-0.38,"Y":-0.17}},{"t":"X1","s":"","d":{"X":-0.674,"Y":0.542}},{"t":"X13","s":"","d":{"X":0.688,"Y":-0.569}}],"clr":{"R":184,"G":206,"B":251,"A":255}},"FE5-155-24":{"pid":"FE5-155","orb":815.37,"per":13.58,"ang":243.19,"t":"ASTEROID","sp":"ASTEROID-5","s":15.23,"m":49.15,"gd":25.39,"wic":{},"woc":{},"wgc":{},"emm":[{"Type":"1","MainRange":42,"MainValue":0.16,"FarRange":216}],"sig":[{"t":"9-1","s":"","d":{"X":0.59,"Y":0.68}},{"t":"X1","s":"","d":{"X":-0.747,"Y":0.069}}],"clr":{"R":248,"G":246,"B":225,"A":255}},"FE5-155-25":{"pid":"FE5-155","orb":599.74,"per":9.99,"ang":146.66,"t":"ASTEROID","sp":"ASTEROID-1","s":21.21,"m":132.53,"gd":35.35,"wic":{},"woc":{},"wgc":{},"emm":[{"Type":"1","MainRange":28,"MainValue":0.05,"FarRange":161}],"sig":[{"t":"9-1","s":"","d":{"X":-0.91,"Y":-0.02}},{"t":"X1","s":"","d":{"X":-0.217,"Y":-0.55}}],"clr":{"R":237,"G":252,"B":248,"A":255}},"FE5-155-26":{"pid":"FE5-155","orb":660.03,"per":11,"ang":66.97,"t":"ASTEROID","sp":"ASTEROID-1","s":16.32,"m":60.42,"gd":27.2,"wic":{},"woc":{},"wgc":{},"emm":[{"Type":"1","MainRange":40,"MainValue":0.2,"FarRange":125}],"sig":[{"t":"9-1","s":"","d":{"X":-0.4,"Y":-0.87}},{"t":"X1","s":"","d":{"X":0.552,"Y":-0.381}}],"clr":{"R":212,"G":219,"B":245,"A":255}},"FE5-155-27":{"pid":"FE5-155","orb":764.25,"per":12.73,"ang":249.7,"t":"ASTEROID","sp":"ASTEROID-4","s":28.19,"m":311.38,"gd":46.99,"wic":{},"woc":{},"wgc":{},"emm":[{"Type":"1","MainRange":46,"MainValue":0.2,"FarRange":162}],"sig":[{"t":"9-1","s":"","d":{"X":-0.39,"Y":0.19}},{"t":"X1","s":"","d":{"X":0.138,"Y":0.12}}],"clr":{"R":251,"G":165,"B":178,"A":255}},"FE5-155-28":{"pid":"FE5-155","orb":593.91,"per":9.89,"ang":342,"t":"ASTEROID","sp":"ASTEROID-4","s":24.73,"m":210.17,"gd":41.22,"wic":{},"woc":{},"wgc":{},"emm":[{"Type":"1","MainRange":49,"MainValue":0.11,"FarRange":142}],"sig":[{"t":"9-1","s":"","d":{"X":-0.4,"Y":-0.08}},{"t":"X1","s":"","d":{"X":0.206,"Y":0.579}}],"clr":{"R":211,"G":250,"B":240,"A":255}},"FE5-155-29":{"pid":"FE5-155","orb":601.7,"per":10.02,"ang":75.93,"t":"ASTEROID","sp":"ASTEROID-5","s":17.18,"m":70.53,"gd":28.64,"wic":{},"woc":{},"wgc":{},"emm":[{"Type":"1","MainRange":42,"MainValue":0.22,"FarRange":211}],"sig":[{"t":"9-1","s":"","d":{"X":-0.91,"Y":0.4}},{"t":"X1","s":"","d":{"X":0.031,"Y":0.344}}],"clr":{"R":253,"G":254,"B":253,"A":255}},"FE5-155-3":{"pid":"FE5-155","orb":795.8,"per":13.26,"ang":335.95,"t":"ASTEROID","sp":"ASTEROID-4","s":14,"m":38.14,"gd":23.34,"wic":{},"woc":{},"wgc":{},"emm":[{"Type":"1","MainRange":59,"MainValue":0.27,"FarRange":169}],"sig":[{"t":"9-1","s":"","d":{"X":-0.24,"Y":-0.11}},{"t":"X1","s":"","d":{"X":0.114,"Y":0.228}}],"clr":{"R":253,"G":241,"B":244,"A":255}},"FE5-155-30":{"pid":"FE5-155","orb":760.26,"per":12.67,"ang":157.13,"t":"ASTEROID","sp":"ASTEROID-4","s":24.67,"m":208.71,"gd":41.12,"wic":{},"woc":{},"wgc":{},"emm":[{"Type":"1","MainRange":58.5,"MainValue":0.2,"FarRange":65}],"sig":[{"t":"9-1","s":"","d":{"X":-0.46,"Y":0.66}},{"t":"X1","s":"","d":{"X":0.002,"Y":-0.482}}],"clr":{"R":159,"G":254,"B":230,"A":255}},"FE5-155-31":{"pid":"FE5-155","orb":684.75,"per":11.41,"ang":109.69,"t":"ASTEROID","sp":"ASTEROID-3","s":20.28,"m":115.98,"gd":33.81,"wic":{},"woc":{},"wgc":{},"emm":[{"Type":"1","MainRange":56,"MainValue":0.2,"FarRange":97}],"sig":[{"t":"9-1","s":"","d":{"X":0.7,"Y":0.7}},{"t":"X1","s":"","d":{"X":-0.287,"Y":-0.758}}],"clr":{"R":236,"G":215,"B":182,"A":255}},"FE5-155-32":{"pid":"FE5-155","orb":773.89,"per":12.89,"ang":301.31,"t":"ASTEROID","sp":"ASTEROID-3","s":22.22,"m":152.41,"gd":37.03,"wic":{},"woc":{},"wgc":{},"emm":[{"Type":"1","MainRange":32,"MainValue":0.25,"FarRange":207}],"sig":[{"t":"9-1","s":"","d":{"X":0.2,"Y":-0.91}},{"t":"X1","s":"","d":{"X":-0.423,"Y":-0.315}}],"clr":{"R":236,"G":192,"B":191,"A":255}},"FE5-155-33":{"pid":"FE5-155","orb":744.48,"per":12.4,"ang":91.06,"t":"ASTEROID","sp":"ASTEROID-4","s":28.92,"m":335.96,"gd":48.2,"wic":{},"woc":{},"wgc":{},"emm":[{"Type":"1","MainRange":56,"MainValue":0.11,"FarRange":152}],"sig":[{"t":"9-1","s":"","d":{"X":0.41,"Y":0.05}},{"t":"X1","s":"","d":{"X":0.219,"Y":0.778}}],"clr":{"R":251,"G":236,"B":248,"A":255}},"FE5-155-34":{"pid":"FE5-155","orb":700.66,"per":11.67,"ang":283.49,"t":"ASTEROID","sp":"ASTEROID-3","s":17.02,"m":68.57,"gd":28.37,"wic":{},"woc":{},"wgc":{},"emm":[{"Type":"1","MainRange":36,"MainValue":0.1,"FarRange":96}],"sig":[{"t":"9-1","s":"","d":{"X":-0.39,"Y":-0.27}},{"t":"X1","s":"","d":{"X":0.52,"Y":-0.055}}],"clr":{"R":250,"G":232,"B":254,"A":255}},"FE5-155-35":{"pid":"FE5-155","orb":799.85,"per":13.33,"ang":71.82,"t":"ASTEROID","sp":"ASTEROID-5","s":13.42,"m":33.63,"gd":22.38,"wic":{},"woc":{},"wgc":{},"emm":[{"Type":"1","MainRange":42,"MainValue":0.21,"FarRange":174}],"sig":[{"t":"9-1","s":"","d":{"X":0.61,"Y":0.56}},{"t":"X1","s":"","d":{"X":0.77,"Y":-0.203}}],"clr":{"R":244,"G":247,"B":211,"A":255}},"FE5-155-36":{"pid":"FE5-155","orb":729.09,"per":12.15,"ang":252.53,"t":"ASTEROID","sp":"ASTEROID-1","s":15.98,"m":56.69,"gd":26.63,"wic":{},"woc":{},"wgc":{},"emm":[{"Type":"1","MainRange":54,"MainValue":0.25,"FarRange":60}],"sig":[{"t":"9-1","s":"","d":{"X":0.04,"Y":-0.3}},{"t":"X1","s":"","d":{"X":0.457,"Y":0.48}}],"clr":{"R":247,"G":219,"B":245,"A":255}},"FE5-155-37":{"pid":"FE5-155","orb":732.16,"per":12.2,"ang":88.05,"t":"ASTEROID","sp":"ASTEROID-2","s":20.76,"m":124.35,"gd":34.6,"wic":{},"woc":{},"wgc":{},"emm":[{"Type":"1","MainRange":37,"MainValue":0.13,"FarRange":181}],"sig":[{"t":"9-1","s":"","d":{"X":-0.16,"Y":-0.66}},{"t":"X1","s":"","d":{"X":-0.528,"Y":-0.472}}],"clr":{"R":244,"G":210,"B":189,"A":255}},"FE5-155-38":{"pid":"FE5-155","orb":622.39,"per":10.37,"ang":313.81,"t":"ASTEROID","sp":"ASTEROID-1","s":15.95,"m":56.44,"gd":26.59,"wic":{},"woc":{},"wgc":{},"emm":[{"Type":"1","MainRange":53,"MainValue":0.18,"FarRange":86}],"sig":[{"t":"9-1","s":"","d":{"X":-0.65,"Y":-0.09}},{"t":"X1","s":"","d":{"X":0.871,"Y":0.138}}],"clr":{"R":238,"G":193,"B":231,"A":255}},"FE5-155-39":{"pid":"FE5-155","orb":665.57,"per":11.09,"ang":105.26,"t":"ASTEROID","sp":"ASTEROID-1","s":29.27,"m":348.55,"gd":48.79,"wic":{},"woc":{},"wgc":{},"emm":[{"Type":"1","MainRange":42,"MainValue":0.24,"FarRange":127}],"sig":[{"t":"9-1","s":"","d":{"X":0.46,"Y":0.43}},{"t":"X1","s":"","d":{"X":-0.374,"Y":0.496}}],"clr":{"R":248,"G":245,"B":202,"A":255}},"FE5-155-4":{"pid":"FE5-155","orb":672.09,"per":11.2,"ang":31.51,"t":"ASTEROID","sp":"ASTEROID-3","s":19.28,"m":99.63,"gd":32.14,"wic":{},"woc":{},"wgc":{},"emm":[{"Type":"1","MainRange":32,"MainValue":0.19,"FarRange":141}],"sig":[{"t":"9-1","s":"","d":{"X":-0.9,"Y":-0.07}},{"t":"X1","s":"","d":{"X":0.784,"Y":0.546}}],"clr":{"R":237,"G":195,"B":201,"A":255}},"FE5-155-40":{"pid":"FE5-155","orb":744.02,"per":12.4,"ang":315.1,"t":"ASTEROID","sp":"ASTEROID-2","s":12.29,"m":25.81,"gd":20.49,"wic":{},"woc":{},"wgc":{},"emm":[{"Type":"1","MainRange":47,"MainValue":0.15,"FarRange":70}],"sig":[{"t":"9-1","s":"","d":{"X":-0.05,"Y":-0.8}},{"t":"X1","s":"","d":{"X":0.68,"Y":-0.26}}],"clr":{"R":218,"G":205,"B":254,"A":255}},"FE5-155-41":{"pid":"FE5-155","orb":781.13,"per":13.01,"ang":283.76,"t":"ASTEROID","sp":"ASTEROID-1","s":25.93,"m":242.33,"gd":43.22,"wic":{},"woc":{},"wgc":{},"emm":[{"Type":"1","MainRange":34,"MainValue":0.19,"FarRange":200}],"sig":[{"t":"9-1","s":"","d":{"X":0.63,"Y":0.7}},{"t":"X1","s":"","d":{"X":0.042,"Y":0.934}}],"clr":{"R":200,"G":247,"B":253,"A":255}},"FE5-155-42":{"pid":"FE5-155","orb":574.35,"per":9.57,"ang":58.2,"t":"ASTEROID","sp":"ASTEROID-2","s":16.28,"m":60.02,"gd":27.14,"wic":{},"woc":{},"wgc":{},"emm":[{"Type":"1","MainRange":54,"MainValue":0.22,"FarRange":76}],"sig":[{"t":"9-1","s":"","d":{"X":-0.35,"Y":-0.61}},{"t":"X1","s":"","d":{"X":-0.599,"Y":0.345}}],"clr":{"R":221,"G":240,"B":197,"A":255}},"FE5-155-43":{"pid":"FE5-155","orb":719.51,"per":11.99,"ang":288.6,"t":"ASTEROID","sp":"ASTEROID-2","s":13.44,"m":33.72,"gd":22.4,"wic":{},"woc":{},"wgc":{},"emm":[{"Type":"1","MainRange":88,"MainValue":0.23,"FarRange":132}],"sig":[{"t":"9-1","s":"","d":{"X":-0.26,"Y":0.91}},{"t":"X1","s":"","d":{"X":0.224,"Y":-0.741}}],"clr":{"R":239,"G":252,"B":241,"A":255}},"FE5-155-44":{"pid":"FE5-155","orb":707.03,"per":11.78,"ang":175.31,"t":"ASTEROID","sp":"ASTEROID-2","s":16.92,"m":67.38,"gd":28.21,"wic":{},"woc":{},"wgc":{},"emm":[{"Type":"1","MainRange":50,"MainValue":0.12,"FarRange":174}],"sig":[{"t":"9-1","s":"","d":{"X":-0.73,"Y":0.17}},{"t":"X1","s":"","d":{"X":0.539,"Y":0.477}}],"clr":{"R":187,"G":247,"B":164,"A":255}},"FE5-155-45":{"pid":"FE5-155","orb":676.09,"per":11.26,"ang":306.56,"t":"ASTEROID","sp":"ASTEROID-5","s":9.71,"m":12.73,"gd":16.19,"wic":{},"woc":{},"wgc":{},"emm":[{"Type":"1","MainRange":47,"MainValue":0.19,"FarRange":253}],"sig":[{"t":"9-1","s":"","d":{"X":-0.4,"Y":0.91}},{"t":"X1","s":"","d":{"X":0.031,"Y":0.43}}],"clr":{"R":191,"G":245,"B":209,"A":255}},"FE5-155-46":{"pid":"FE5-155","orb":752.09,"per":12.53,"ang":49.74,"t":"ASTEROID","sp":"ASTEROID-5","s":15.82,"m":55.09,"gd":26.38,"wic":{},"woc":{},"wgc":{},"emm":[{"Type":"1","MainRange":64,"MainValue":0.06,"FarRange":120}],"sig":[{"t":"9-1","s":"","d":{"X":0.67,"Y":-0.14}},{"t":"X1","s":"","d":{"X":0.067,"Y":-0.447}}],"clr":{"R":157,"G":243,"B":254,"A":255}},"FE5-155-47":{"pid":"FE5-155","orb":687.26,"per":11.45,"ang":33.24,"t":"ASTEROID","sp":"ASTEROID-2","s":32.28,"m":467.52,"gd":53.81,"wic":{},"woc":{},"wgc":{},"emm":[{"Type":"1","MainRange":84,"MainValue":0.23,"FarRange":127},{"Type":"25","MainRange":26,"MainValue":0.09,"FarRange":162},{"Type":"2","MainRange":20,"MainValue":0.23,"FarRange":159}],"sig":[{"t":"9-1","s":"","d":{"X":-0.08,"Y":-0.78}},{"t":"X1","s":"","d":{"X":-0.88,"Y":-0.372}},{"t":"X25","s":"","d":{"X":-0.261,"Y":-0.616}},{"t":"X2","s":"","d":{"X":-0.179,"Y":-0.366}}],"clr":{"R":244,"G":251,"B":239,"A":255}},"FE5-155-48":{"pid":"FE5-155","orb":733.83,"per":12.23,"ang":20.22,"t":"ASTEROID","sp":"ASTEROID-1","s":12.64,"m":28.05,"gd":21.06,"wic":{},"woc":{},"wgc":{},"emm":[{"Type":"1","MainRange":53,"MainValue":0.19,"FarRange":144}],"sig":[{"t":"9-1","s":"","d":{"X":0.67,"Y":-0.23}},{"t":"X1","s":"","d":{"X":0.402,"Y":-0.149}}],"clr":{"R":220,"G":245,"B":236,"A":255}},"FE5-155-49":{"pid":"FE5-155","orb":673.41,"per":11.22,"ang":195.01,"t":"ASTEROID","sp":"ASTEROID-4","s":8.24,"m":7.78,"gd":13.74,"wic":{},"woc":{},"wgc":{},"emm":[{"Type":"1","MainRange":36,"MainValue":0.21,"FarRange":165}],"sig":[{"t":"9-1","s":"","d":{"X":0.13,"Y":-0.46}},{"t":"X1","s":"","d":{"X":-0.542,"Y":-0.209}}],"clr":{"R":209,"G":251,"B":252,"A":255}},"FE5-155-5":{"pid":"FE5-155","orb":652.34,"per":10.87,"ang":158.04,"t":"ASTEROID","sp":"ASTEROID-1","s":9.79,"m":13.05,"gd":16.32,"wic":{},"woc":{},"wgc":{},"emm":[{"Type":"1","MainRange":66,"MainValue":0.25,"FarRange":157}],"sig":[{"t":"9-1","s":"","d":{"X":0.22,"Y":0.09}},{"t":"X1","s":"","d":{"X":0.175,"Y":0.223}}],"clr":{"R":202,"G":207,"B":248,"A":255}},"FE5-155-50":{"pid":"FE5-155","orb":721.06,"per":12.01,"ang":263.01,"t":"ASTEROID","sp":"ASTEROID-3","s":19.92,"m":109.86,"gd":33.2,"wic":{},"woc":{},"wgc":{},"emm":[{"Type":"1","MainRange":20,"MainValue":0.23,"FarRange":112}],"sig":[{"t":"9-1","s":"","d":{"X":0.1,"Y":0.08}},{"t":"X1","s":"","d":{"X":0.649,"Y":0.683}}],"clr":{"R":228,"G":197,"B":241,"A":255}},"FE5-155-51":{"pid":"FE5-155","orb":687.46,"per":11.45,"ang":31.41,"t":"ASTEROID","sp":"ASTEROID-3","s":26.68,"m":263.84,"gd":44.47,"wic":{},"woc":{},"wgc":{},"emm":[{"Type":"1","MainRange":62,"MainValue":0.29,"FarRange":128}],"sig":[{"t":"9-1","s":"","d":{"X":-0.4,"Y":0.61}},{"t":"X1","s":"","d":{"X":-0.143,"Y":-0.648}}],"clr":{"R":188,"G":233,"B":219,"A":255}},"FE5-155-52":{"pid":"FE5-155","orb":682.12,"per":11.36,"ang":128.29,"t":"ASTEROID","sp":"ASTEROID-2","s":21.8,"m":144.04,"gd":36.34,"wic":{},"woc":{},"wgc":{},"emm":[{"Type":"1","MainRange":42,"MainValue":0.15,"FarRange":239}],"sig":[{"t":"9-1","s":"","d":{"X":0.41,"Y":0.02}},{"t":"X1","s":"","d":{"X":0.612,"Y":0.691}}],"clr":{"R":247,"G":254,"B":225,"A":255}},"FE5-155-53":{"pid":"FE5-155","orb":626.01,"per":10.43,"ang":290.38,"t":"ASTEROID","sp":"ASTEROID-1","s":16.44,"m":61.74,"gd":27.4,"wic":{},"woc":{},"wgc":{},"emm":[{"Type":"1","MainRange":48,"MainValue":0.23,"FarRange":173}],"sig":[{"t":"9-1","s":"","d":{"X":0.42,"Y":0.7}},{"t":"X1","s":"","d":{"X":0.131,"Y":-0.412}}],"clr":{"R":225,"G":237,"B":195,"A":255}},"FE5-155-54":{"pid":"FE5-155","orb":495.55,"per":8.25,"ang":182.32,"t":"ASTEROID","sp":"ASTEROID-4","s":12.25,"m":25.59,"gd":20.43,"wic":{},"woc":{},"wgc":{},"emm":[{"Type":"1","MainRange":72,"MainValue":0.23,"FarRange":131}],"sig":[{"t":"9-1","s":"","d":{"X":0.1,"Y":-0.84}},{"t":"X1","s":"","d":{"X":0.045,"Y":-0.789}}],"clr":{"R":251,"G":243,"B":179,"A":255}},"FE5-155-55":{"pid":"FE5-155","orb":779.85,"per":12.99,"ang":179.97,"t":"ASTEROID","sp":"ASTEROID-1","s":22.7,"m":162.47,"gd":37.83,"wic":{},"woc":{},"wgc":{},"emm":[{"Type":"1","MainRange":27,"MainValue":0.18,"FarRange":108},{"Type":"6","MainRange":43,"MainValue":0.22,"FarRange":208},{"Type":"13","MainRange":29,"MainValue":0.19,"FarRange":139},{"Type":"11","MainRange":22,"MainValue":0.24,"FarRange":102},{"Type":"3","MainRange":46,"MainValue":0.32,"FarRange":60},{"Type":"10","MainRange":26,"MainValue":0.22,"FarRange":145}],"sig":[{"t":"9-1","s":"","d":{"X":-0.72,"Y":0.34}},{"t":"X1","s":"","d":{"X":0.071,"Y":0.277}},{"t":"X6","s":"","d":{"X":-0.896,"Y":0.405}},{"t":"X13","s":"","d":{"X":0.43,"Y":0.472}},{"t":"X11","s":"","d":{"X":-0.447,"Y":-0.802}},{"t":"X3","s":"","d":{"X":0.253,"Y":-0.507}},{"t":"X10","s":"","d":{"X":-0.411,"Y":-0.255}}],"clr":{"R":248,"G":240,"B":233,"A":255}},"FE5-155-56":{"pid":"FE5-155","orb":573.64,"per":9.56,"ang":6.77,"t":"ASTEROID","sp":"ASTEROID-1","s":21.32,"m":134.66,"gd":35.53,"wic":{},"woc":{},"wgc":{},"emm":[{"Type":"1","MainRange":53,"MainValue":0.1,"FarRange":67}],"sig":[{"t":"9-1","s":"","d":{"X":0.01,"Y":-0.33}},{"t":"X1","s":"","d":{"X":-0.806,"Y":-0.261}}],"clr":{"R":247,"G":203,"B":212,"A":255}},"FE5-155-57":{"pid":"FE5-155","orb":770.14,"per":12.83,"ang":251,"t":"ASTEROID","sp":"ASTEROID-4","s":28.08,"m":307.83,"gd":46.81,"wic":{},"woc":{},"wgc":{},"emm":[{"Type":"1","MainRange":25,"MainValue":0.24,"FarRange":82}],"sig":[{"t":"9-1","s":"","d":{"X":-0.08,"Y":0.33}},{"t":"X1","s":"","d":{"X":-0.149,"Y":-0.134}}],"clr":{"R":196,"G":176,"B":238,"A":255}},"FE5-155-58":{"pid":"FE5-155","orb":838.83,"per":13.98,"ang":39.53,"t":"ASTEROID","sp":"ASTEROID-1","s":20.55,"m":120.58,"gd":34.25,"wic":{},"woc":{},"wgc":{},"emm":[{"Type":"1","MainRange":36,"MainValue":0.2,"FarRange":141}],"sig":[{"t":"9-1","s":"","d":{"X":0.39,"Y":-0.78}},{"t":"X1","s":"","d":{"X":-0.72,"Y":-0.563}}],"clr":{"R":244,"G":181,"B":170,"A":255}},"FE5-155-59":{"pid":"FE5-155","orb":747.56,"per":12.45,"ang":331.4,"t":"ASTEROID","sp":"ASTEROID-2","s":14.76,"m":44.67,"gd":24.6,"wic":{},"woc":{},"wgc":{},"emm":[{"Type":"1","MainRange":61,"MainValue":0.25,"FarRange":252}],"sig":[{"t":"9-1","s":"","d":{"X":-0.8,"Y":-0.5}},{"t":"X1","s":"","d":{"X":-0.263,"Y":0.806}}],"clr":{"R":237,"G":251,"B":230,"A":255}},"FE5-155-6":{"pid":"FE5-155","orb":649.25,"per":10.82,"ang":298.47,"t":"ASTEROID","sp":"ASTEROID-4","s":20.29,"m":116.17,"gd":33.83,"wic":{},"woc":{},"wgc":{},"emm":[{"Type":"1","MainRange":71,"MainValue":0.21,"FarRange":219}],"sig":[{"t":"9-1","s":"","d":{"X":0.29,"Y":0.11}},{"t":"X1","s":"","d":{"X":0.16,"Y":-0.536}}],"clr":{"R":223,"G":182,"B":232,"A":255}},"FE5-155-60":{"pid":"FE5-155","orb":744.64,"per":12.41,"ang":122.93,"t":"ASTEROID","sp":"ASTEROID-1","s":20.01,"m":111.34,"gd":33.35,"wic":{},"woc":{},"wgc":{},"emm":[{"Type":"1","MainRange":62,"MainValue":0.16,"FarRange":188}],"sig":[{"t":"9-1","s":"","d":{"X":-0.73,"Y":-0.29}},{"t":"X1","s":"","d":{"X":-0.028,"Y":-0.293}}],"clr":{"R":198,"G":253,"B":227,"A":255}},"FE5-155-61":{"pid":"FE5-155","orb":727.56,"per":12.12,"ang":260.95,"t":"ASTEROID","sp":"ASTEROID-2","s":11.25,"m":19.81,"gd":18.76,"wic":{},"woc":{},"wgc":{},"emm":[{"Type":"1","MainRange":73,"MainValue":0.13,"FarRange":152}],"sig":[{"t":"9-1","s":"","d":{"X":-0.65,"Y":0.14}},{"t":"X1","s":"","d":{"X":0.807,"Y":-0.196}}],"clr":{"R":229,"G":242,"B":248,"A":255}},"FE5-155-62":{"pid":"FE5-155","orb":733.51,"per":12.22,"ang":90.81,"t":"ASTEROID","sp":"ASTEROID-5","s":21.02,"m":129.16,"gd":35.04,"wic":{},"woc":{},"wgc":{},"emm":[{"Type":"1","MainRange":59,"MainValue":0.13,"FarRange":193}],"sig":[{"t":"9-1","s":"","d":{"X":0.71,"Y":0.03}},{"t":"X1","s":"","d":{"X":-0.093,"Y":0.429}}],"clr":{"R":251,"G":233,"B":220,"A":255}},"FE5-155-63":{"pid":"FE5-155","orb":741.02,"per":12.35,"ang":267.71,"t":"ASTEROID","sp":"ASTEROID-2","s":20.37,"m":117.4,"gd":33.95,"wic":{},"woc":{},"wgc":{},"emm":[{"Type":"1","MainRange":41,"MainValue":0.3,"FarRange":180}],"sig":[{"t":"9-1","s":"","d":{"X":0.83,"Y":-0.12}},{"t":"X1","s":"","d":{"X":0.241,"Y":-0.304}}],"clr":{"R":225,"G":253,"B":251,"A":255}},"FE5-155-64":{"pid":"FE5-155","orb":631.97,"per":10.53,"ang":123.57,"t":"ASTEROID","sp":"ASTEROID-2","s":20.98,"m":128.26,"gd":34.96,"wic":{},"woc":{},"wgc":{},"emm":[{"Type":"1","MainRange":30,"MainValue":0.22,"FarRange":164}],"sig":[{"t":"9-1","s":"","d":{"X":0.32,"Y":0.78}},{"t":"X1","s":"","d":{"X":0.281,"Y":-0.331}}],"clr":{"R":253,"G":239,"B":254,"A":255}},"FE5-155-65":{"pid":"FE5-155","orb":795.91,"per":13.26,"ang":95.19,"t":"ASTEROID","sp":"ASTEROID-5","s":24.3,"m":199.51,"gd":40.51,"wic":{},"woc":{},"wgc":{},"emm":[{"Type":"1","MainRange":35,"MainValue":0.1,"FarRange":130}],"sig":[{"t":"9-1","s":"","d":{"X":0.62,"Y":-0.19}},{"t":"X1","s":"","d":{"X":0.178,"Y":0.438}}],"clr":{"R":254,"G":249,"B":250,"A":255}},"FE5-155-66":{"pid":"FE5-155","orb":733.92,"per":12.23,"ang":120.37,"t":"ASTEROID","sp":"ASTEROID-2","s":18.5,"m":87.99,"gd":30.84,"wic":{},"woc":{},"wgc":{},"emm":[{"Type":"1","MainRange":58,"MainValue":0.18,"FarRange":143}],"sig":[{"t":"9-1","s":"","d":{"X":-0.06,"Y":-0.33}},{"t":"X1","s":"","d":{"X":0.282,"Y":0.866}}],"clr":{"R":241,"G":226,"B":250,"A":255}},"FE5-155-67":{"pid":"FE5-155","orb":697.64,"per":11.62,"ang":230.78,"t":"ASTEROID","sp":"ASTEROID-4","s":12.15,"m":24.95,"gd":20.26,"wic":{},"woc":{},"wgc":{},"emm":[{"Type":"1","MainRange":51,"MainValue":0.18,"FarRange":161}],"sig":[{"t":"9-1","s":"","d":{"X":-0.41,"Y":0.38}},{"t":"X1","s":"","d":{"X":0.661,"Y":-0.325}}],"clr":{"R":253,"G":178,"B":199,"A":255}},"FE5-155-68":{"pid":"FE5-155","orb":744.14,"per":12.4,"ang":48.41,"t":"ASTEROID","sp":"ASTEROID-2","s":26.06,"m":245.83,"gd":43.43,"wic":{},"woc":{},"wgc":{},"emm":[{"Type":"1","MainRange":59,"MainValue":0.25,"FarRange":203}],"sig":[{"t":"9-1","s":"","d":{"X":0.29,"Y":0.06}},{"t":"X1","s":"","d":{"X":0.503,"Y":-0.024}}],"clr":{"R":229,"G":178,"B":239,"A":255}},"FE5-155-69":{"pid":"FE5-155","orb":659.95,"per":10.99,"ang":142.72,"t":"ASTEROID","sp":"ASTEROID-5","s":25.24,"m":223.41,"gd":42.07,"wic":{},"woc":{},"wgc":{},"emm":[{"Type":"1","MainRange":49.5,"MainValue":0.16,"FarRange":55}],"sig":[{"t":"9-1","s":"","d":{"X":-0.15,"Y":-0.27}},{"t":"X1","s":"","d":{"X":0.375,"Y":-0.634}}],"clr":{"R":249,"G":246,"B":229,"A":255}},"FE5-155-7":{"pid":"FE5-155","orb":763.33,"per":12.72,"ang":103.06,"t":"ASTEROID","sp":"ASTEROID-3","s":22.04,"m":148.85,"gd":36.74,"wic":{},"woc":{},"wgc":{},"emm":[{"Type":"1","MainRange":32,"MainValue":0.19,"FarRange":76}],"sig":[{"t":"9-1","s":"","d":{"X":0.12,"Y":0.42}},{"t":"X1","s":"","d":{"X":0.668,"Y":0.725}}],"clr":{"R":237,"G":191,"B":224,"A":255}},"FE5-155-70":{"pid":"FE5-155","orb":769.43,"per":12.82,"ang":92.73,"t":"ASTEROID","sp":"ASTEROID-2","s":24.27,"m":198.55,"gd":40.45,"wic":{},"woc":{},"wgc":{},"emm":[{"Type":"1","MainRange":14,"MainValue":0.24,"FarRange":127}],"sig":[{"t":"9-1","s":"","d":{"X":0.57,"Y":-0.55}},{"t":"X1","s":"","d":{"X":0.404,"Y":0.043}}],"clr":{"R":234,"G":174,"B":218,"A":255}},"FE5-155-71":{"pid":"FE5-155","orb":752.06,"per":12.53,"ang":126.23,"t":"ASTEROID","sp":"ASTEROID-5","s":19.94,"m":110.22,"gd":33.24,"wic":{},"woc":{},"wgc":{},"emm":[{"Type":"1","MainRange":56,"MainValue":0.31,"FarRange":82},{"Type":"2","MainRange":56,"MainValue":0.15,"FarRange":118},{"Type":"18","MainRange":53,"MainValue":0.27,"FarRange":147}],"sig":[{"t":"9-1","s":"","d":{"X":-0.98,"Y":-0.07}},{"t":"X1","s":"","d":{"X":0.051,"Y":-0.385}},{"t":"X2","s":"","d":{"Y":-0.618}},{"t":"X18","s":"","d":{"X":-0.564,"Y":-0.251}}],"clr":{"R":200,"G":226,"B":245,"A":255}},"FE5-155-72":{"pid":"FE5-155","orb":612.53,"per":10.2,"ang":299.89,"t":"ASTEROID","sp":"ASTEROID-2","s":20.27,"m":115.81,"gd":33.79,"wic":{},"woc":{},"wgc":{},"emm":[{"Type":"1","MainRange":19,"MainValue":0.23,"FarRange":123}],"sig":[{"t":"9-1","s":"","d":{"X":-0.08,"Y":-0.5}},{"t":"X1","s":"","d":{"X":0.313,"Y":0.913}}],"clr":{"R":180,"G":252,"B":160,"A":255}},"FE5-155-73":{"pid":"FE5-155","orb":681.69,"per":11.36,"ang":295.46,"t":"ASTEROID","sp":"ASTEROID-2","s":21.17,"m":131.87,"gd":35.29,"wic":{},"woc":{},"wgc":{},"emm":[{"Type":"1","MainRange":72,"MainValue":0.19,"FarRange":138}],"sig":[{"t":"9-1","s":"","d":{"X":0.62,"Y":-0.67}},{"t":"X1","s":"","d":{"X":0.47,"Y":-0.592}}],"clr":{"R":248,"G":243,"B":229,"A":255}},"FE5-155-74":{"pid":"FE5-155","orb":618.86,"per":10.31,"ang":6.59,"t":"ASTEROID","sp":"ASTEROID-5","s":19.94,"m":110.23,"gd":33.24,"wic":{},"woc":{},"wgc":{},"emm":[{"Type":"1","MainRange":56,"MainValue":0.17,"FarRange":133}],"sig":[{"t":"9-1","s":"","d":{"X":0.28,"Y":0.06}},{"t":"X1","s":"","d":{"X":0.147,"Y":0.255}}],"clr":{"R":254,"G":211,"B":203,"A":255}},"FE5-155-75":{"pid":"FE5-155","orb":734.84,"per":12.24,"ang":177.89,"t":"ASTEROID","sp":"ASTEROID-2","s":22.71,"m":162.72,"gd":37.85,"wic":{},"woc":{},"wgc":{},"emm":[{"Type":"1","MainRange":47,"MainValue":0.25,"FarRange":110}],"sig":[{"t":"9-1","s":"","d":{"X":-0.34,"Y":0.5}},{"t":"X1","s":"","d":{"X":-0.038,"Y":0.012}}],"clr":{"R":250,"G":198,"B":239,"A":255}},"FE5-155-76":{"pid":"FE5-155","orb":712.34,"per":11.87,"ang":349.03,"t":"ASTEROID","sp":"ASTEROID-3","s":23.11,"m":171.42,"gd":38.51,"wic":{},"woc":{},"wgc":{},"emm":[{"Type":"1","MainRange":46,"MainValue":0.17,"FarRange":112}],"sig":[{"t":"9-1","s":"","d":{"X":0.15,"Y":0.89}},{"t":"X1","s":"","d":{"X":0.075,"Y":0.873}}],"clr":{"R":254,"G":254,"B":254,"A":255}},"FE5-155-77":{"pid":"FE5-155","orb":719.76,"per":11.99,"ang":358.85,"t":"ASTEROID","sp":"ASTEROID-4","s":17.36,"m":72.68,"gd":28.93,"wic":{},"woc":{},"wgc":{},"emm":[{"Type":"1","MainRange":31,"MainValue":0.21,"FarRange":111}],"sig":[{"t":"9-1","s":"","d":{"X":0.13,"Y":-0.38}},{"t":"X1","s":"","d":{"X":-0.056,"Y":0.867}}],"clr":{"R":254,"G":254,"B":254,"A":255}},"FE5-155-78":{"pid":"FE5-155","orb":666.58,"per":11.1,"ang":348.87,"t":"ASTEROID","sp":"ASTEROID-1","s":14.93,"m":46.28,"gd":24.89,"wic":{},"woc":{},"wgc":{},"emm":[{"Type":"1","MainRange":54,"MainValue":0.19,"FarRange":175}],"sig":[{"t":"9-1","s":"","d":{"X":0.75,"Y":-0.34}},{"t":"X1","s":"","d":{"X":-0.358,"Y":0.754}}],"clr":{"R":254,"G":247,"B":240,"A":255}},"FE5-155-79":{"pid":"FE5-155","orb":773.69,"per":12.89,"ang":159.85,"t":"ASTEROID","sp":"ASTEROID-2","s":21.19,"m":132.19,"gd":35.32,"wic":{},"woc":{},"wgc":{},"emm":[{"Type":"1","MainRange":50,"MainValue":0.23,"FarRange":122}],"sig":[{"t":"9-1","s":"","d":{"X":0.57,"Y":0.65}},{"t":"X1","s":"","d":{"X":-0.028,"Y":-0.264}}],"clr":{"R":191,"G":202,"B":244,"A":255}},"FE5-155-8":{"pid":"FE5-155","orb":715.64,"per":11.92,"ang":289.45,"t":"ASTEROID","sp":"ASTEROID-3","s":26.04,"m":245.45,"gd":43.41,"wic":{},"woc":{},"wgc":{},"emm":[{"Type":"1","MainRange":37,"MainValue":0.16,"FarRange":200}],"sig":[{"t":"9-1","s":"","d":{"X":-0.33,"Y":-0.89}},{"t":"X1","s":"","d":{"X":-0.103,"Y":0.976}}],"clr":{"R":236,"G":244,"B":254,"A":255}},"FE5-155-80":{"pid":"FE5-155","orb":807.62,"per":13.46,"ang":175.26,"t":"ASTEROID","sp":"ASTEROID-3","s":31.94,"m":452.66,"gd":53.23,"wic":{},"woc":{},"wgc":{},"emm":[{"Type":"1","MainRange":84,"MainValue":0.12,"FarRange":141},{"Type":"5","MainRange":59,"MainValue":0.08,"FarRange":95},{"Type":"18","MainRange":48,"MainValue":0.21,"FarRange":174},{"Type":"25","MainRange":61,"MainValue":0.23,"FarRange":113},{"Type":"13","MainRange":49,"MainValue":0.23,"FarRange":154},{"Type":"15","MainRange":38,"MainValue":0.2,"FarRange":143},{"Type":"26","MainRange":61,"MainValue":0.19,"FarRange":201}],"sig":[{"t":"9-1","s":"","d":{"X":0.06,"Y":-0.12}},{"t":"X1","s":"","d":{"X":-0.603,"Y":0.224}},{"t":"X5","s":"","d":{"X":0.821,"Y":0.144}},{"t":"X18","s":"","d":{"X":-0.21,"Y":-0.687}},{"t":"X25","s":"","d":{"X":0.62,"Y":-0.502}},{"t":"X13","s":"","d":{"X":-0.615,"Y":-0.205}},{"t":"X15","s":"","d":{"X":-0.424,"Y":0.78}},{"t":"X26","s":"","d":{"X":-0.062,"Y":0.472}}],"clr":{"R":243,"G":252,"B":240,"A":255}},"FE5-155-81":{"pid":"FE5-155","orb":698.99,"per":11.64,"ang":207.33,"t":"ASTEROID","sp":"ASTEROID-5","s":30.81,"m":406.28,"gd":51.35,"wic":{},"woc":{},"wgc":{},"emm":[{"Type":"1","MainRange":35,"MainValue":0.2,"FarRange":153}],"sig":[{"t":"9-1","s":"","d":{"X":0.25,"Y":0.44}},{"t":"X1","s":"","d":{"X":-0.783,"Y":-0.207}}],"clr":{"R":245,"G":180,"B":216,"A":255}},"FE5-155-82":{"pid":"FE5-155","orb":769.02,"per":12.81,"ang":102.95,"t":"ASTEROID","sp":"ASTEROID-2","s":17.06,"m":69.01,"gd":28.44,"wic":{},"woc":{},"wgc":{},"emm":[{"Type":"1","MainRange":54,"MainValue":0.16,"FarRange":141}],"sig":[{"t":"9-1","s":"","d":{"X":0.34,"Y":0.45}},{"t":"X1","s":"","d":{"X":-0.96,"Y":0.207}}],"clr":{"R":240,"G":196,"B":216,"A":255}},"FE5-155-83":{"pid":"FE5-155","orb":674.94,"per":11.24,"ang":259.32,"t":"ASTEROID","sp":"ASTEROID-5","s":10.4,"m":15.66,"gd":17.34,"wic":{},"woc":{},"wgc":{},"emm":[{"Type":"1","MainRange":28,"MainValue":0.13,"FarRange":192}],"sig":[{"t":"9-1","s":"","d":{"X":0.3,"Y":-0.1}},{"t":"X1","s":"","d":{"X":-0.319,"Y":-0.34}}],"clr":{"R":252,"G":251,"B":254,"A":255}},"FE5-155-84":{"pid":"FE5-155","orb":618.21,"per":10.3,"ang":95.97,"t":"ASTEROID","sp":"ASTEROID-4","s":15.54,"m":52.14,"gd":25.9,"wic":{},"woc":{},"wgc":{},"emm":[{"Type":"1","MainRange":66,"MainValue":0.11,"FarRange":216}],"sig":[{"t":"9-1","s":"","d":{"X":0.68,"Y":-0.05}},{"t":"X1","s":"","d":{"X":-0.025,"Y":0.446}}],"clr":{"R":253,"G":252,"B":249,"A":255}},"FE5-155-85":{"pid":"FE5-155","orb":787.15,"per":13.11,"ang":78.85,"t":"ASTEROID","sp":"ASTEROID-5","s":29.86,"m":369.98,"gd":49.77,"wic":{},"woc":{},"wgc":{},"emm":[{"Type":"1","MainRange":38,"MainValue":0.04,"FarRange":129}],"sig":[{"t":"9-1","s":"","d":{"X":0.46,"Y":0.2}},{"t":"X1","s":"","d":{"X":0.177,"Y":-0.437}}],"clr":{"R":252,"G":231,"B":222,"A":255}},"FE5-155-86":{"pid":"FE5-155","orb":690.82,"per":11.51,"ang":187.11,"t":"ASTEROID","sp":"ASTEROID-3","s":23.82,"m":187.88,"gd":39.71,"wic":{},"woc":{},"wgc":{},"emm":[{"Type":"1","MainRange":48,"MainValue":0.2,"FarRange":120}],"sig":[{"t":"9-1","s":"","d":{"X":-0.46,"Y":0.45}},{"t":"X1","s":"","d":{"X":-0.716,"Y":0.362}}],"clr":{"R":254,"G":199,"B":227,"A":255}},"FE5-155-87":{"pid":"FE5-155","orb":602.12,"per":10.03,"ang":209.47,"t":"ASTEROID","sp":"ASTEROID-5","s":20.26,"m":115.51,"gd":33.76,"wic":{},"woc":{},"wgc":{},"emm":[{"Type":"1","MainRange":32,"MainValue":0.18,"FarRange":135}],"sig":[{"t":"9-1","s":"","d":{"X":0.5,"Y":0.36}},{"t":"X1","s":"","d":{"X":-0.585,"Y":-0.584}}],"clr":{"R":254,"G":223,"B":206,"A":255}},"FE5-155-88":{"pid":"FE5-155","orb":760.03,"per":12.66,"ang":322.03,"t":"ASTEROID","sp":"ASTEROID-2","s":14.76,"m":44.67,"gd":24.6,"wic":{},"woc":{},"wgc":{},"emm":[{"Type":"1","MainRange":47,"MainValue":0.23,"FarRange":133}],"sig":[{"t":"9-1","s":"","d":{"X":-0.27,"Y":-0.92}},{"t":"X1","s":"","d":{"X":-0.201,"Y":-0.963}}],"clr":{"R":179,"G":253,"B":251,"A":255}},"FE5-155-89":{"pid":"FE5-155","orb":702.92,"per":11.71,"ang":279.35,"t":"ASTEROID","sp":"ASTEROID-3","s":21.64,"m":140.83,"gd":36.07,"wic":{},"woc":{},"wgc":{},"emm":[{"Type":"1","MainRange":61,"MainValue":0.14,"FarRange":103}],"sig":[{"t":"9-1","s":"","d":{"X":0.05,"Y":0.26}},{"t":"X1","s":"","d":{"X":-0.695,"Y":0.152}}],"clr":{"R":208,"G":221,"B":241,"A":255}},"FE5-155-9":{"pid":"FE5-155","orb":725.6,"per":12.09,"ang":173.85,"t":"ASTEROID","sp":"ASTEROID-1","s":30.59,"m":397.82,"gd":50.99,"wic":{},"woc":{},"wgc":{},"emm":[{"Type":"1","MainRange":30,"MainValue":0.25,"FarRange":64}],"sig":[{"t":"9-1","s":"","d":{"X":0.72,"Y":-0.55}},{"t":"X1","s":"","d":{"X":-0.099,"Y":-0.821}}],"clr":{"R":243,"G":252,"B":242,"A":255}},"FE5-155-90":{"pid":"FE5-155","orb":745.84,"per":12.43,"ang":58.13,"t":"ASTEROID","sp":"ASTEROID-5","s":26.45,"m":257.27,"gd":44.09,"wic":{},"woc":{},"wgc":{},"emm":[{"Type":"1","MainRange":62,"MainValue":0.19,"FarRange":197}],"sig":[{"t":"9-1","s":"","d":{"X":0.04}},{"t":"X1","s":"","d":{"X":0.425,"Y":-0.43}}],"clr":{"R":216,"G":210,"B":251,"A":255}},"FE5-155-91":{"pid":"FE5-155","orb":790.83,"per":13.18,"ang":295.39,"t":"ASTEROID","sp":"ASTEROID-5","s":21.26,"m":133.53,"gd":35.43,"wic":{},"woc":{},"wgc":{},"emm":[{"Type":"1","MainRange":37,"MainValue":0.21,"FarRange":201}],"sig":[{"t":"9-1","s":"","d":{"X":0.47,"Y":0.67}},{"t":"X1","s":"","d":{"X":-0.754,"Y":0.089}}],"clr":{"R":253,"G":228,"B":229,"A":255}},"FE5-155-92":{"pid":"FE5-155","orb":798.96,"per":13.31,"ang":65.1,"t":"ASTEROID","sp":"ASTEROID-2","s":19.72,"m":106.62,"gd":32.87,"wic":{},"woc":{},"wgc":{},"emm":[{"Type":"1","MainRange":37,"MainValue":0.23,"FarRange":177}],"sig":[{"t":"9-1","s":"","d":{"X":0.66,"Y":-0.29}},{"t":"X1","s":"","d":{"X":0.015,"Y":-0.161}}],"clr":{"R":195,"G":235,"B":188,"A":255}},"FE5-155-93":{"pid":"FE5-155","orb":702.99,"per":11.71,"ang":201.12,"t":"ASTEROID","sp":"ASTEROID-5","s":19.76,"m":107.28,"gd":32.94,"wic":{},"woc":{},"wgc":{},"emm":[{"Type":"1","MainRange":34,"MainValue":0.17,"FarRange":146}],"sig":[{"t":"9-1","s":"","d":{"X":-0.25,"Y":-0.62}},{"t":"X1","s":"","d":{"X":0.027,"Y":0.815}}],"clr":{"R":238,"G":193,"B":252,"A":255}},"FE5-155-94":{"pid":"FE5-155","orb":727.52,"per":12.12,"ang":62.08,"t":"ASTEROID","sp":"ASTEROID-4","s":15.63,"m":53.06,"gd":26.05,"wic":{},"woc":{},"wgc":{},"emm":[{"Type":"1","MainRange":30,"MainValue":0.15,"FarRange":158}],"sig":[{"t":"9-1","s":"","d":{"X":0.67,"Y":0.46}},{"t":"X1","s":"","d":{"X":0.665,"Y":0.627}}],"clr":{"R":240,"G":245,"B":254,"A":255}},"FE5-155-95":{"pid":"FE5-155","orb":641.58,"per":10.69,"ang":197.43,"t":"ASTEROID","sp":"ASTEROID-5","s":14.08,"m":38.78,"gd":23.47,"wic":{},"woc":{},"wgc":{},"emm":[{"Type":"1","MainRange":68,"MainValue":0.27,"FarRange":172}],"sig":[{"t":"9-1","s":"","d":{"X":-0.02,"Y":-0.27}},{"t":"X1","s":"","d":{"X":0.256,"Y":0.627}}],"clr":{"R":214,"G":206,"B":252,"A":255}},"FE5-155-96":{"pid":"FE5-155","orb":698.4,"per":11.64,"ang":210.66,"t":"ASTEROID","sp":"ASTEROID-5","s":9.17,"m":10.72,"gd":15.29,"wic":{},"woc":{},"wgc":{},"emm":[{"Type":"1","MainRange":50,"MainValue":0.2,"FarRange":172}],"sig":[{"t":"9-1","s":"","d":{"X":-0.77,"Y":-0.37}},{"t":"X1","s":"","d":{"X":0.58,"Y":-0.544}}],"clr":{"R":185,"G":249,"B":225,"A":255}},"FE5-155-97":{"pid":"FE5-155","orb":806.16,"per":13.43,"ang":24.4,"t":"ASTEROID","sp":"ASTEROID-3","s":21.04,"m":129.5,"gd":35.07,"wic":{},"woc":{},"wgc":{},"emm":[{"Type":"1","MainRange":46,"MainValue":0.2,"FarRange":168}],"sig":[{"t":"9-1","s":"","d":{"X":-0.49,"Y":-0.62}},{"t":"X1","s":"","d":{"X":-0.056,"Y":0.268}}],"clr":{"R":185,"G":210,"B":244,"A":255}},"FE5-2-0":{"pid":"FE5-S","orb":5360,"per":89.33,"ang":51.06,"t":"ASTEROID","sp":"ASTEROID-5","s":24.66,"m":208.47,"gd":41.11,"wic":{},"woc":{},"wgc":{},"emm":[{"Type":"1","MainRange":77,"MainValue":0.18,"FarRange":151}],"sig":[{"t":"9-1","s":"","d":{"X":0.04,"Y":-0.49}},{"t":"X1","s":"","d":{"X":-0.85,"Y":0.029}}],"clr":{"R":204,"G":244,"B":171,"A":255}},"FE5-2-1":{"pid":"FE5-S","orb":5440.68,"per":90.67,"ang":198.98,"t":"ASTEROID","sp":"ASTEROID-5","s":30.83,"m":407.28,"gd":51.39,"wic":{},"woc":{},"wgc":{},"emm":[{"Type":"1","MainRange":77,"MainValue":0.27,"FarRange":191}],"sig":[{"t":"9-1","s":"","d":{"X":0.16,"Y":-0.11}},{"t":"X1","s":"","d":{"X":-0.143,"Y":0.143}}],"clr":{"R":254,"G":253,"B":246,"A":255}},"FE5-2-10":{"pid":"FE5-S","orb":5617.38,"per":93.62,"ang":46.21,"t":"ASTEROID","sp":"ASTEROID-5","s":10.01,"m":13.97,"gd":16.69,"wic":{},"woc":{},"wgc":{},"emm":[{"Type":"1","MainRange":61,"MainValue":0.16,"FarRange":124}],"sig":[{"t":"9-1","s":"","d":{"X":-0.59,"Y":-0.69}},{"t":"X1","s":"","d":{"X":-0.128,"Y":-0.059}}],"clr":{"R":201,"G":241,"B":211,"A":255}},"FE5-2-11":{"pid":"FE5-S","orb":5800.52,"per":96.67,"ang":339.75,"t":"ASTEROID","sp":"ASTEROID-1","s":30.56,"m":396.63,"gd":50.94,"wic":{},"woc":{},"wgc":{},"emm":[{"Type":"1","MainRange":50,"MainValue":0.13,"FarRange":196}],"sig":[{"t":"9-1","s":"","d":{"Y":0.14}},{"t":"X1","s":"","d":{"X":-0.18,"Y":-0.398}}],"clr":{"R":235,"G":191,"B":238,"A":255}},"FE5-2-12":{"pid":"FE5-S","orb":5299.39,"per":88.32,"ang":94.1,"t":"ASTEROID","sp":"ASTEROID-2","s":18.71,"m":91.05,"gd":31.19,"wic":{},"woc":{},"wgc":{},"emm":[{"Type":"1","MainRange":44,"MainValue":0.09,"FarRange":161}],"sig":[{"t":"9-1","s":"","d":{"X":-0.46,"Y":-0.44}},{"t":"X1","s":"","d":{"X":-0.476,"Y":-0.45}}],"clr":{"R":207,"G":242,"B":232,"A":255}},"FE5-2-13":{"pid":"FE5-S","orb":6508.9,"per":108.48,"ang":103.42,"t":"ASTEROID","sp":"ASTEROID-3","s":22.76,"m":163.93,"gd":37.94,"wic":{},"woc":{},"wgc":{},"emm":[{"Type":"1","MainRange":53,"MainValue":0.11,"FarRange":151}],"sig":[{"t":"9-1","s":"","d":{"X":0.61,"Y":0.73}},{"t":"X1","s":"","d":{"X":-0.543,"Y":-0.415}}],"clr":{"R":252,"G":167,"B":202,"A":255}},"FE5-2-14":{"pid":"FE5-S","orb":4009.08,"per":66.81,"ang":259.63,"t":"ASTEROID","sp":"ASTEROID-5","s":12.94,"m":30.13,"gd":21.57,"wic":{},"woc":{},"wgc":{},"emm":[{"Type":"1","MainRange":77,"MainValue":0.22,"FarRange":163}],"sig":[{"t":"9-1","s":"","d":{"X":0.87,"Y":0.05}},{"t":"X1","s":"","d":{"X":-0.2,"Y":0.719}}],"clr":{"R":254,"G":253,"B":252,"A":255}},"FE5-2-15":{"pid":"FE5-S","orb":5160.02,"per":86,"ang":190.25,"t":"ASTEROID","sp":"ASTEROID-5","s":21.33,"m":134.82,"gd":35.55,"wic":{},"woc":{},"wgc":{},"emm":[{"Type":"1","MainRange":30,"MainValue":0.23,"FarRange":177}],"sig":[{"t":"9-1","s":"","d":{"X":0.06,"Y":-0.71}},{"t":"X1","s":"","d":{"X":-0.941,"Y":0.108}}],"clr":{"R":247,"G":214,"B":234,"A":255}},"FE5-2-16":{"pid":"FE5-S","orb":6469.82,"per":107.83,"ang":90.48,"t":"ASTEROID","sp":"ASTEROID-4","s":20.43,"m":118.56,"gd":34.06,"wic":{},"woc":{},"wgc":{},"emm":[{"Type":"1","MainRange":63,"MainValue":0.19,"FarRange":80}],"sig":[{"t":"9-1","s":"","d":{"X":0.75,"Y":-0.39}},{"t":"X1","s":"","d":{"X":0.181,"Y":0.241}}],"clr":{"R":253,"G":158,"B":162,"A":255}},"FE5-2-17":{"pid":"FE5-S","orb":5464.23,"per":91.07,"ang":219.81,"t":"ASTEROID","sp":"ASTEROID-1","s":16.39,"m":61.17,"gd":27.32,"wic":{},"woc":{},"wgc":{},"emm":[{"Type":"1","MainRange":70,"MainValue":0.18,"FarRange":203}],"sig":[{"t":"9-1","s":"","d":{"X":0.51,"Y":-0.07}},{"t":"X1","s":"","d":{"X":-0.003,"Y":-0.741}}],"clr":{"R":221,"G":226,"B":246,"A":255}},"FE5-2-18":{"pid":"FE5-S","orb":5528.28,"per":92.13,"ang":324.14,"t":"ASTEROID","sp":"ASTEROID-3","s":14.47,"m":42.15,"gd":24.13,"wic":{},"woc":{},"wgc":{},"emm":[{"Type":"1","MainRange":36,"MainValue":0.31,"FarRange":131}],"sig":[{"t":"9-1","s":"","d":{"X":0.3,"Y":0.29}},{"t":"X1","s":"","d":{"X":-0.844,"Y":-0.282}}],"clr":{"R":205,"G":244,"B":226,"A":255}},"FE5-2-19":{"pid":"FE5-S","orb":5517.43,"per":91.95,"ang":173.42,"t":"ASTEROID","sp":"ASTEROID-1","s":18.61,"m":89.55,"gd":31.02,"wic":{},"woc":{},"wgc":{},"emm":[{"Type":"1","MainRange":63,"MainValue":0.17,"FarRange":156},{"Type":"11","MainRange":16,"MainValue":0.25,"FarRange":162},{"Type":"16","MainRange":40,"MainValue":0.16,"FarRange":136}],"sig":[{"t":"9-1","s":"","d":{"X":0.83,"Y":0.01}},{"t":"X1","s":"","d":{"X":0.408,"Y":-0.531}},{"t":"X11","s":"","d":{"X":-0.485,"Y":0.032}},{"t":"X16","s":"","d":{"X":0.183,"Y":0.807}}],"clr":{"R":231,"G":172,"B":236,"A":255}},"FE5-2-2":{"pid":"FE5-S","orb":6162.16,"per":102.7,"ang":31.21,"t":"ASTEROID","sp":"ASTEROID-4","s":18.96,"m":94.67,"gd":31.6,"wic":{},"woc":{},"wgc":{},"emm":[{"Type":"1","MainRange":74,"MainValue":0.16,"FarRange":156}],"sig":[{"t":"9-1","s":"","d":{"X":-0.18,"Y":-0.8}},{"t":"X1","s":"","d":{"X":-0.183,"Y":-0.316}}],"clr":{"R":233,"G":237,"B":189,"A":255}},"FE5-2-20":{"pid":"FE5-S","orb":5380.65,"per":89.67,"ang":125.07,"t":"ASTEROID","sp":"ASTEROID-4","s":17.27,"m":71.61,"gd":28.79,"wic":{},"woc":{},"wgc":{},"emm":[{"Type":"1","MainRange":64,"MainValue":0.25,"FarRange":135}],"sig":[{"t":"9-1","s":"","d":{"X":-0.59,"Y":-0.77}},{"t":"X1","s":"","d":{"X":-0.292,"Y":0.542}}],"clr":{"R":239,"G":244,"B":249,"A":255}},"FE5-2-21":{"pid":"FE5-S","orb":5880.3,"per":98,"ang":240.51,"t":"ASTEROID","sp":"ASTEROID-2","s":9.86,"m":13.35,"gd":16.44,"wic":{},"woc":{},"wgc":{},"emm":[{"Type":"1","MainRange":55,"MainValue":0.29,"FarRange":173}],"sig":[{"t":"9-1","s":"","d":{"X":0.72,"Y":0.48}},{"t":"X1","s":"","d":{"X":-0.56,"Y":-0.142}}],"clr":{"R":242,"G":253,"B":224,"A":255}},"FE5-2-22":{"pid":"FE5-S","orb":5688.97,"per":94.81,"ang":316.71,"t":"ASTEROID","sp":"ASTEROID-1","s":21.26,"m":133.56,"gd":35.44,"wic":{},"woc":{},"wgc":{},"emm":[{"Type":"1","MainRange":48,"MainValue":0.2,"FarRange":182}],"sig":[{"t":"9-1","s":"","d":{"X":0.76,"Y":-0.48}},{"t":"X1","s":"","d":{"X":0.677,"Y":-0.606}}],"clr":{"R":243,"G":229,"B":207,"A":255}},"FE5-2-23":{"pid":"FE5-S","orb":5726.95,"per":95.44,"ang":0.74,"t":"ASTEROID","sp":"ASTEROID-1","s":22.75,"m":163.55,"gd":37.91,"wic":{},"woc":{},"wgc":{},"emm":[{"Type":"1","MainRange":41,"MainValue":0.17,"FarRange":119}],"sig":[{"t":"9-1","s":"","d":{"X":0.35,"Y":0.12}},{"t":"X1","s":"","d":{"X":-0.749,"Y":-0.157}}],"clr":{"R":234,"G":246,"B":223,"A":255}},"FE5-2-24":{"pid":"FE5-S","orb":5115.94,"per":85.26,"ang":44.89,"t":"ASTEROID","sp":"ASTEROID-5","s":17.22,"m":70.94,"gd":28.7,"wic":{},"woc":{},"wgc":{},"emm":[{"Type":"1","MainRange":34,"MainValue":0.2,"FarRange":148}],"sig":[{"t":"9-1","s":"","d":{"X":-0.03,"Y":-0.54}},{"t":"X1","s":"","d":{"X":-0.038,"Y":-0.374}}],"clr":{"R":240,"G":219,"B":193,"A":255}},"FE5-2-25":{"pid":"FE5-S","orb":5229.33,"per":87.15,"ang":55.52,"t":"ASTEROID","sp":"ASTEROID-5","s":23.99,"m":191.83,"gd":39.98,"wic":{},"woc":{},"wgc":{},"emm":[{"Type":"1","MainRange":29,"MainValue":0.32,"FarRange":273}],"sig":[{"t":"9-1","s":"","d":{"X":-0.79,"Y":0.55}},{"t":"X1","s":"","d":{"X":0.315,"Y":0.18}}],"clr":{"R":254,"G":202,"B":220,"A":255}},"FE5-2-26":{"pid":"FE5-S","orb":4799.65,"per":79.99,"ang":351.44,"t":"ASTEROID","sp":"ASTEROID-4","s":6.59,"m":3.97,"gd":10.98,"wic":{},"woc":{},"wgc":{},"emm":[{"Type":"1","MainRange":41,"MainValue":0.17,"FarRange":166}],"sig":[{"t":"9-1","s":"","d":{"X":-0.6,"Y":-0.4}},{"t":"X1","s":"","d":{"X":-0.324,"Y":0.249}}],"clr":{"R":242,"G":239,"B":182,"A":255}},"FE5-2-27":{"pid":"FE5-S","orb":5015.3,"per":83.58,"ang":280.38,"t":"ASTEROID","sp":"ASTEROID-4","s":13.94,"m":37.69,"gd":23.24,"wic":{},"woc":{},"wgc":{},"emm":[{"Type":"1","MainRange":61,"MainValue":0.21,"FarRange":146}],"sig":[{"t":"9-1","s":"","d":{"X":0.14,"Y":-0.56}},{"t":"X1","s":"","d":{"X":-0.489,"Y":-0.536}}],"clr":{"R":244,"G":239,"B":222,"A":255}},"FE5-2-28":{"pid":"FE5-S","orb":6124.66,"per":102.07,"ang":356.18,"t":"ASTEROID","sp":"ASTEROID-3","s":16.79,"m":65.84,"gd":27.99,"wic":{},"woc":{},"wgc":{},"emm":[{"Type":"1","MainRange":40,"MainValue":0.17,"FarRange":169}],"sig":[{"t":"9-1","s":"","d":{"X":-0.73,"Y":0.19}},{"t":"X1","s":"","d":{"X":0.86,"Y":0.46}}],"clr":{"R":213,"G":247,"B":224,"A":255}},"FE5-2-29":{"pid":"FE5-S","orb":5743.02,"per":95.71,"ang":302.19,"t":"ASTEROID","sp":"ASTEROID-1","s":22.89,"m":166.69,"gd":38.15,"wic":{},"woc":{},"wgc":{},"emm":[{"Type":"1","MainRange":43,"MainValue":0.15,"FarRange":168}],"sig":[{"t":"9-1","s":"","d":{"X":-0.31,"Y":-0.94}},{"t":"X1","s":"","d":{"X":-0.797,"Y":0.208}}],"clr":{"R":251,"G":241,"B":253,"A":255}},"FE5-2-3":{"pid":"FE5-S","orb":5718.62,"per":95.31,"ang":23.38,"t":"ASTEROID","sp":"ASTEROID-4","s":20.72,"m":123.58,"gd":34.53,"wic":{},"woc":{},"wgc":{},"emm":[{"Type":"1","MainRange":55,"MainValue":0.18,"FarRange":222}],"sig":[{"t":"9-1","s":"","d":{"X":-0.38,"Y":-0.25}},{"t":"X1","s":"","d":{"X":0.635,"Y":-0.386}}],"clr":{"R":254,"G":228,"B":221,"A":255}},"FE5-2-30":{"pid":"FE5-S","orb":6396.35,"per":106.6,"ang":84.95,"t":"ASTEROID","sp":"ASTEROID-4","s":27.35,"m":284.22,"gd":45.58,"wic":{},"woc":{},"wgc":{},"emm":[{"Type":"1","MainRange":31,"MainValue":0.18,"FarRange":106}],"sig":[{"t":"9-1","s":"","d":{"X":0.49,"Y":0.29}},{"t":"X1","s":"","d":{"X":0.356,"Y":-0.613}}],"clr":{"R":241,"G":242,"B":206,"A":255}},"FE5-2-31":{"pid":"FE5-S","orb":5256.76,"per":87.61,"ang":11.69,"t":"ASTEROID","sp":"ASTEROID-2","s":31.05,"m":415.91,"gd":51.75,"wic":{},"woc":{},"wgc":{},"emm":[{"Type":"1","MainRange":72,"MainValue":0.25,"FarRange":117}],"sig":[{"t":"9-1","s":"","d":{"X":0.39,"Y":-0.84}},{"t":"X1","s":"","d":{"X":0.551,"Y":-0.295}}],"clr":{"R":180,"G":208,"B":234,"A":255}},"FE5-2-32":{"pid":"FE5-S","orb":6054.02,"per":100.9,"ang":337.67,"t":"ASTEROID","sp":"ASTEROID-4","s":23.46,"m":179.37,"gd":39.1,"wic":{},"woc":{},"wgc":{},"emm":[{"Type":"1","MainRange":58,"MainValue":0.24,"FarRange":186},{"Type":"15","MainRange":38,"MainValue":0.15,"FarRange":91}],"sig":[{"t":"9-1","s":"","d":{"X":-0.22,"Y":-0.95}},{"t":"X1","s":"","d":{"X":-0.172,"Y":-0.38}},{"t":"X15","s":"","d":{"X":-0.011,"Y":-0.529}}],"clr":{"R":201,"G":238,"B":215,"A":255}},"FE5-2-33":{"pid":"FE5-S","orb":5135.84,"per":85.59,"ang":135.29,"t":"ASTEROID","sp":"ASTEROID-1","s":19.53,"m":103.61,"gd":32.56,"wic":{},"woc":{},"wgc":{},"emm":[{"Type":"1","MainRange":28,"MainValue":0.15,"FarRange":139}],"sig":[{"t":"9-1","s":"","d":{"X":-0.77,"Y":-0.42}},{"t":"X1","s":"","d":{"X":0.682,"Y":0.577}}],"clr":{"R":250,"G":228,"B":172,"A":255}},"FE5-2-34":{"pid":"FE5-S","orb":4883.89,"per":81.39,"ang":286.55,"t":"ASTEROID","sp":"ASTEROID-4","s":29.73,"m":365.3,"gd":49.56,"wic":{},"woc":{},"wgc":{},"emm":[{"Type":"1","MainRange":45,"MainValue":0.23,"FarRange":184}],"sig":[{"t":"9-1","s":"","d":{"X":-0.23,"Y":0.63}},{"t":"X1","s":"","d":{"X":0.99,"Y":0.136}}],"clr":{"R":254,"G":251,"B":245,"A":255}},"FE5-2-35":{"pid":"FE5-S","orb":5909.75,"per":98.49,"ang":183.06,"t":"ASTEROID","sp":"ASTEROID-3","s":33.64,"m":529.03,"gd":56.07,"wic":{},"woc":{},"wgc":{},"emm":[{"Type":"1","MainRange":57,"MainValue":0.15,"FarRange":157}],"sig":[{"t":"9-1","s":"","d":{"X":-0.05,"Y":0.76}},{"t":"X1","s":"","d":{"X":-0.625,"Y":-0.728}}],"clr":{"R":251,"G":246,"B":229,"A":255}},"FE5-2-36":{"pid":"FE5-S","orb":5451.34,"per":90.85,"ang":93.13,"t":"ASTEROID","sp":"ASTEROID-2","s":8.45,"m":8.4,"gd":14.09,"wic":{},"woc":{},"wgc":{},"emm":[{"Type":"1","MainRange":38,"MainValue":0.33,"FarRange":124}],"sig":[{"t":"9-1","s":"","d":{"X":-0.11,"Y":-0.44}},{"t":"X1","s":"","d":{"X":0.223,"Y":-0.958}}],"clr":{"R":250,"G":245,"B":239,"A":255}},"FE5-2-37":{"pid":"FE5-S","orb":5241.76,"per":87.36,"ang":233.24,"t":"ASTEROID","sp":"ASTEROID-1","s":14.63,"m":43.49,"gd":24.38,"wic":{},"woc":{},"wgc":{},"emm":[{"Type":"1","MainRange":49,"MainValue":0.1,"FarRange":169}],"sig":[{"t":"9-1","s":"","d":{"X":0.25,"Y":-0.52}},{"t":"X1","s":"","d":{"X":-0.474,"Y":-0.876}}],"clr":{"R":246,"G":215,"B":226,"A":255}},"FE5-2-38":{"pid":"FE5-S","orb":5627.92,"per":93.79,"ang":65.75,"t":"ASTEROID","sp":"ASTEROID-3","s":27.44,"m":287.01,"gd":45.73,"wic":{},"woc":{},"wgc":{},"emm":[{"Type":"1","MainRange":74,"MainValue":0.17,"FarRange":189}],"sig":[{"t":"9-1","s":"","d":{"X":-0.29,"Y":-0.38}},{"t":"X1","s":"","d":{"X":0.837,"Y":-0.381}}],"clr":{"R":233,"G":251,"B":206,"A":255}},"FE5-2-39":{"pid":"FE5-S","orb":6648.19,"per":110.8,"ang":348.76,"t":"ASTEROID","sp":"ASTEROID-1","s":22.71,"m":162.76,"gd":37.85,"wic":{},"woc":{},"wgc":{},"emm":[{"Type":"1","MainRange":68,"MainValue":0.13,"FarRange":154}],"sig":[{"t":"9-1","s":"","d":{"X":-0.53,"Y":0.28}},{"t":"X1","s":"","d":{"X":0.883,"Y":-0.402}}],"clr":{"R":193,"G":236,"B":240,"A":255}},"FE5-2-4":{"pid":"FE5-S","orb":5663.12,"per":94.38,"ang":223.12,"t":"ASTEROID","sp":"ASTEROID-4","s":21.49,"m":138.02,"gd":35.83,"wic":{},"woc":{},"wgc":{},"emm":[{"Type":"1","MainRange":77,"MainValue":0.3,"FarRange":214}],"sig":[{"t":"9-1","s":"","d":{"X":-0.76,"Y":-0.48}},{"t":"X1","s":"","d":{"X":-0.06,"Y":0.142}}],"clr":{"R":249,"G":254,"B":246,"A":255}},"FE5-2-40":{"pid":"FE5-S","orb":6049.9,"per":100.83,"ang":108.37,"t":"ASTEROID","sp":"ASTEROID-5","s":10.92,"m":18.08,"gd":18.2,"wic":{},"woc":{},"wgc":{},"emm":[{"Type":"1","MainRange":43,"MainValue":0.23,"FarRange":125}],"sig":[{"t":"9-1","s":"","d":{"X":-0.71,"Y":-0.66}},{"t":"X1","s":"","d":{"X":0.029,"Y":0.51}}],"clr":{"R":252,"G":192,"B":208,"A":255}},"FE5-2-41":{"pid":"FE5-S","orb":5190.46,"per":86.5,"ang":90.02,"t":"ASTEROID","sp":"ASTEROID-1","s":27.39,"m":285.69,"gd":45.66,"wic":{},"woc":{},"wgc":{},"emm":[{"Type":"1","MainRange":60,"MainValue":0.19,"FarRange":142}],"sig":[{"t":"9-1","s":"","d":{"X":-0.93,"Y":0.36}},{"t":"X1","s":"","d":{"X":-0.106,"Y":0.44}}],"clr":{"R":250,"G":238,"B":251,"A":255}},"FE5-2-42":{"pid":"FE5-S","orb":5661.88,"per":94.36,"ang":248.75,"t":"ASTEROID","sp":"ASTEROID-2","s":16.56,"m":63.1,"gd":27.6,"wic":{},"woc":{},"wgc":{},"emm":[{"Type":"1","MainRange":50,"MainValue":0.18,"FarRange":110}],"sig":[{"t":"9-1","s":"","d":{"X":0.1,"Y":-0.78}},{"t":"X1","s":"","d":{"X":-0.266,"Y":-0.563}}],"clr":{"R":233,"G":254,"B":245,"A":255}},"FE5-2-43":{"pid":"FE5-S","orb":4265.64,"per":71.09,"ang":196.57,"t":"ASTEROID","sp":"ASTEROID-2","s":13.75,"m":36.15,"gd":22.92,"wic":{},"woc":{},"wgc":{},"emm":[{"Type":"1","MainRange":66,"MainValue":0.16,"FarRange":172}],"sig":[{"t":"9-1","s":"","d":{"X":-0.2,"Y":0.31}},{"t":"X1","s":"","d":{"X":0.558,"Y":0.07}}],"clr":{"R":254,"G":251,"B":253,"A":255}},"FE5-2-44":{"pid":"FE5-S","orb":5368.96,"per":89.48,"ang":12.99,"t":"ASTEROID","sp":"ASTEROID-1","s":20.39,"m":117.88,"gd":33.99,"wic":{},"woc":{},"wgc":{},"emm":[{"Type":"1","MainRange":54,"MainValue":0.19,"FarRange":87}],"sig":[{"t":"9-1","s":"","d":{"X":-0.94,"Y":0.02}},{"t":"X1","s":"","d":{"X":0.746,"Y":0.582}}],"clr":{"R":193,"G":180,"B":251,"A":255}},"FE5-2-45":{"pid":"FE5-S","orb":4749.19,"per":79.15,"ang":266.31,"t":"ASTEROID","sp":"ASTEROID-4","s":22.08,"m":149.57,"gd":36.8,"wic":{},"woc":{},"wgc":{},"emm":[{"Type":"1","MainRange":64,"MainValue":0.19,"FarRange":123}],"sig":[{"t":"9-1","s":"","d":{"X":-0.72,"Y":-0.27}},{"t":"X1","s":"","d":{"X":-0.243,"Y":-0.578}}],"clr":{"R":210,"G":185,"B":245,"A":255}},"FE5-2-46":{"pid":"FE5-S","orb":4975.84,"per":82.93,"ang":169.96,"t":"ASTEROID","sp":"ASTEROID-3","s":24,"m":192.2,"gd":40.01,"wic":{},"woc":{},"wgc":{},"emm":[{"Type":"1","MainRange":63,"MainValue":0.18,"FarRange":134}],"sig":[{"t":"9-1","s":"","d":{"X":0.37,"Y":0.54}},{"t":"X1","s":"","d":{"X":-0.165,"Y":0.233}}],"clr":{"R":207,"G":254,"B":223,"A":255}},"FE5-2-47":{"pid":"FE5-S","orb":6202.04,"per":103.36,"ang":84.11,"t":"ASTEROID","sp":"ASTEROID-5","s":24.5,"m":204.34,"gd":40.83,"wic":{},"woc":{},"wgc":{},"emm":[{"Type":"1","MainRange":43,"MainValue":0.23,"FarRange":86}],"sig":[{"t":"9-1","s":"","d":{"X":-0.05,"Y":0.73}},{"t":"X1","s":"","d":{"X":0.075,"Y":-0.78}}],"clr":{"R":248,"G":212,"B":252,"A":255}},"FE5-2-48":{"pid":"FE5-S","orb":5978.16,"per":99.63,"ang":159.68,"t":"ASTEROID","sp":"ASTEROID-5","s":21.3,"m":134.34,"gd":35.51,"wic":{},"woc":{},"wgc":{},"emm":[{"Type":"1","MainRange":61,"MainValue":0.21,"FarRange":210}],"sig":[{"t":"9-1","s":"","d":{"X":0.49,"Y":-0.82}},{"t":"X1","s":"","d":{"X":-0.59,"Y":0.797}}],"clr":{"R":239,"G":226,"B":250,"A":255}},"FE5-2-49":{"pid":"FE5-S","orb":5704.65,"per":95.07,"ang":68.18,"t":"ASTEROID","sp":"ASTEROID-1","s":13.24,"m":32.29,"gd":22.07,"wic":{},"woc":{},"wgc":{},"emm":[{"Type":"1","MainRange":44,"MainValue":0.12,"FarRange":92}],"sig":[{"t":"9-1","s":"","d":{"X":0.38,"Y":0.45}},{"t":"X1","s":"","d":{"X":0.003,"Y":-0.79}}],"clr":{"R":195,"G":246,"B":197,"A":255}},"FE5-2-5":{"pid":"FE5-S","orb":5207.52,"per":86.79,"ang":43.84,"t":"ASTEROID","sp":"ASTEROID-1","s":11.75,"m":22.58,"gd":19.59,"wic":{},"woc":{},"wgc":{},"emm":[{"Type":"1","MainRange":36,"MainValue":0.19,"FarRange":173}],"sig":[{"t":"9-1","s":"","d":{"X":0.57,"Y":0.19}},{"t":"X1","s":"","d":{"X":-0.114,"Y":0.25}}],"clr":{"R":215,"G":249,"B":243,"A":255}},"FE5-2-50":{"pid":"FE5-S","orb":5320.12,"per":88.66,"ang":19.26,"t":"ASTEROID","sp":"ASTEROID-5","s":18.23,"m":84.21,"gd":30.39,"wic":{},"woc":{},"wgc":{},"emm":[{"Type":"1","MainRange":45,"MainValue":0.19,"FarRange":111}],"sig":[{"t":"9-1","s":"","d":{"X":0.36,"Y":0.31}},{"t":"X1","s":"","d":{"X":-0.495,"Y":0.128}}],"clr":{"R":242,"G":194,"B":188,"A":255}},"FE5-2-51":{"pid":"FE5-S","orb":5450.11,"per":90.83,"ang":192.98,"t":"ASTEROID","sp":"ASTEROID-1","s":26.08,"m":246.52,"gd":43.47,"wic":{},"woc":{},"wgc":{},"emm":[{"Type":"1","MainRange":47,"MainValue":0.17,"FarRange":145}],"sig":[{"t":"9-1","s":"","d":{"X":-0.39,"Y":-0.78}},{"t":"X1","s":"","d":{"X":0.306,"Y":-0.926}}],"clr":{"R":253,"G":251,"B":254,"A":255}},"FE5-2-52":{"pid":"FE5-S","orb":5368,"per":89.46,"ang":178.98,"t":"ASTEROID","sp":"ASTEROID-5","s":22.4,"m":156.28,"gd":37.34,"wic":{},"woc":{},"wgc":{},"emm":[{"Type":"1","MainRange":48,"MainValue":0.3,"FarRange":110}],"sig":[{"t":"9-1","s":"","d":{"X":-0.8,"Y":0.56}},{"t":"X1","s":"","d":{"X":0.284,"Y":-0.881}}],"clr":{"R":249,"G":253,"B":229,"A":255}},"FE5-2-53":{"pid":"FE5-S","orb":5405.11,"per":90.08,"ang":6.77,"t":"ASTEROID","sp":"ASTEROID-3","s":31.62,"m":439.16,"gd":52.7,"wic":{},"woc":{},"wgc":{},"emm":[{"Type":"1","MainRange":36,"MainValue":0.32,"FarRange":106}],"sig":[{"t":"9-1","s":"","d":{"X":-0.87,"Y":-0.32}},{"t":"X1","s":"","d":{"X":-0.194,"Y":-0.439}}],"clr":{"R":246,"G":208,"B":252,"A":255}},"FE5-2-54":{"pid":"FE5-S","orb":6488.43,"per":108.14,"ang":352.98,"t":"ASTEROID","sp":"ASTEROID-2","s":20.14,"m":113.48,"gd":33.56,"wic":{},"woc":{},"wgc":{},"emm":[{"Type":"1","MainRange":65,"MainValue":0.14,"FarRange":87}],"sig":[{"t":"9-1","s":"","d":{"X":-0.36,"Y":0.4}},{"t":"X1","s":"","d":{"X":0.52,"Y":-0.15}}],"clr":{"R":198,"G":253,"B":236,"A":255}},"FE5-2-55":{"pid":"FE5-S","orb":6555.39,"per":109.25,"ang":158.89,"t":"ASTEROID","sp":"ASTEROID-1","s":18.81,"m":92.47,"gd":31.35,"wic":{},"woc":{},"wgc":{},"emm":[{"Type":"1","MainRange":59,"MainValue":0.16,"FarRange":187},{"Type":"2","MainRange":66,"MainValue":0.28,"FarRange":78}],"sig":[{"t":"9-1","s":"","d":{"X":0.51,"Y":-0.68}},{"t":"X1","s":"","d":{"X":0.342,"Y":0.653}},{"t":"X2","s":"","d":{"X":0.835,"Y":-0.195}}],"clr":{"R":226,"G":250,"B":193,"A":255}},"FE5-2-56":{"pid":"FE5-S","orb":5227.82,"per":87.13,"ang":115.91,"t":"ASTEROID","sp":"ASTEROID-3","s":7.12,"m":5.03,"gd":11.88,"wic":{},"woc":{},"wgc":{},"emm":[{"Type":"1","MainRange":82,"MainValue":0.14,"FarRange":186}],"sig":[{"t":"9-1","s":"","d":{"X":0.29,"Y":0.62}},{"t":"X1","s":"","d":{"X":0.382,"Y":-0.212}}],"clr":{"R":230,"G":251,"B":226,"A":255}},"FE5-2-57":{"pid":"FE5-S","orb":5869.6,"per":97.82,"ang":236.64,"t":"ASTEROID","sp":"ASTEROID-3","s":17.51,"m":74.68,"gd":29.19,"wic":{},"woc":{},"wgc":{},"emm":[{"Type":"1","MainRange":44,"MainValue":0.15,"FarRange":118}],"sig":[{"t":"9-1","s":"","d":{"X":-0.72,"Y":0.63}},{"t":"X1","s":"","d":{"X":-0.164,"Y":0.903}}],"clr":{"R":251,"G":168,"B":207,"A":255}},"FE5-2-58":{"pid":"FE5-S","orb":4683.39,"per":78.05,"ang":168.6,"t":"ASTEROID","sp":"ASTEROID-2","s":14.91,"m":46.05,"gd":24.85,"wic":{},"woc":{},"wgc":{},"emm":[{"Type":"1","MainRange":46,"MainValue":0.15,"FarRange":184},{"Type":"24","MainRange":43,"MainValue":0.1,"FarRange":117},{"Type":"12","MainRange":32,"MainValue":0.14,"FarRange":104}],"sig":[{"t":"9-1","s":"","d":{"X":0.82,"Y":-0.5}},{"t":"X1","s":"","d":{"X":0.453,"Y":0.396}},{"t":"X24","s":"","d":{"X":0.108,"Y":0.498}},{"t":"X12","s":"","d":{"X":0.887,"Y":0.266}}],"clr":{"R":237,"G":252,"B":224,"A":255}},"FE5-2-59":{"pid":"FE5-S","orb":5455.67,"per":90.92,"ang":192.39,"t":"ASTEROID","sp":"ASTEROID-2","s":23.87,"m":188.98,"gd":39.78,"wic":{},"woc":{},"wgc":{},"emm":[{"Type":"1","MainRange":34,"MainValue":0.21,"FarRange":185},{"Type":"5","MainRange":32,"MainValue":0.22,"FarRange":104},{"Type":"20","MainRange":12,"MainValue":0.2,"FarRange":145}],"sig":[{"t":"9-1","s":"","d":{"X":0.72,"Y":-0.37}},{"t":"X1","s":"","d":{"X":-0.64,"Y":0.248}},{"t":"X5","s":"","d":{"X":0.728,"Y":0.051}},{"t":"X20","s":"","d":{"X":0.821,"Y":-0.007}}],"clr":{"R":235,"G":251,"B":204,"A":255}},"FE5-2-6":{"pid":"FE5-S","orb":4610.85,"per":76.84,"ang":359.84,"t":"ASTEROID","sp":"ASTEROID-3","s":22.84,"m":165.64,"gd":38.07,"wic":{},"woc":{},"wgc":{},"emm":[{"Type":"1","MainRange":77,"MainValue":0.11,"FarRange":176}],"sig":[{"t":"9-1","s":"","d":{"X":-0.67,"Y":0.5}},{"t":"X1","s":"","d":{"X":0.212,"Y":0.774}}],"clr":{"R":159,"G":251,"B":240,"A":255}},"FE5-2-60":{"pid":"FE5-S","orb":5955.97,"per":99.26,"ang":18.68,"t":"ASTEROID","sp":"ASTEROID-3","s":28,"m":305,"gd":46.67,"wic":{},"woc":{},"wgc":{},"emm":[{"Type":"1","MainRange":65,"MainValue":0.22,"FarRange":141}],"sig":[{"t":"9-1","s":"","d":{"X":-0.39,"Y":0.62}},{"t":"X1","s":"","d":{"X":0.846,"Y":0.425}}],"clr":{"R":252,"G":214,"B":195,"A":255}},"FE5-2-7":{"pid":"FE5-S","orb":6089.15,"per":101.48,"ang":318.96,"t":"ASTEROID","sp":"ASTEROID-4","s":22.48,"m":157.97,"gd":37.48,"wic":{},"woc":{},"wgc":{},"emm":[{"Type":"1","MainRange":59,"MainValue":0.25,"FarRange":150}],"sig":[{"t":"9-1","s":"","d":{"X":0.4,"Y":-0.69}},{"t":"X1","s":"","d":{"X":-0.322,"Y":0.563}}],"clr":{"R":221,"G":217,"B":246,"A":255}},"FE5-2-8":{"pid":"FE5-S","orb":5823.43,"per":97.05,"ang":161.9,"t":"ASTEROID","sp":"ASTEROID-3","s":25.68,"m":235.35,"gd":42.8,"wic":{},"woc":{},"wgc":{},"emm":[{"Type":"1","MainRange":58,"MainValue":0.2,"FarRange":221}],"sig":[{"t":"9-1","s":"","d":{"X":0.53,"Y":-0.16}},{"t":"X1","s":"","d":{"X":0.782,"Y":-0.437}}],"clr":{"R":168,"G":226,"B":246,"A":255}},"FE5-2-9":{"pid":"FE5-S","orb":4743.58,"per":79.05,"ang":173.01,"t":"ASTEROID","sp":"ASTEROID-3","s":14.2,"m":39.84,"gd":23.68,"wic":{},"woc":{},"wgc":{},"emm":[{"Type":"1","MainRange":35,"MainValue":0.18,"FarRange":135}],"sig":[{"t":"9-1","s":"","d":{"X":0.31,"Y":-0.24}},{"t":"X1","s":"","d":{"X":-0.048,"Y":-0.197}}],"clr":{"R":254,"G":235,"B":245,"A":255}},"FE5-320":{"pid":"FE5-S","orb":1407.18,"per":23.45,"t":"GASPLANET","sp":"GASPLANET-25","s":117.42,"m":15740.89,"gd":195.7,"wic":{},"woc":{},"wgc":{},"emm":[{"Type":"17","MainRange":427,"MainValue":1.7,"FarRange":1162}],"sig":[{"t":"0-2","s":"","d":{"X":-0.39,"Y":0.15}},{"t":"1-3","s":"","d":{"X":0.22,"Y":-0.02}},{"t":"3-1","s":"","d":{"X":-0.64,"Y":0.55}},{"t":"6-3","s":"","d":{"X":-0.46,"Y":-0.16}},{"t":"7-3","s":"","d":{"X":0.07,"Y":0.99}},{"t":"8-1","s":"","d":{"X":-0.47,"Y":0.1}},{"t":"10-1","s":"","d":{"X":-0.46,"Y":0.84}},{"t":"11-1","s":"","d":{"X":-0.47,"Y":-0.63}},{"t":"X17","s":"","d":{"X":0.427,"Y":0.806}}],"clr":{"R":205,"G":234,"B":242,"A":255}},"FE5-842":{"pid":"FE5-S","orb":7228.7,"per":120.47,"t":"GASPLANET","sp":"GASPLANET-26","s":209.07,"m":88855,"gd":348.46,"wic":{},"woc":{},"wgc":{},"sig":[{"t":"0-2","s":"","d":{"X":0.03,"Y":0.92}},{"t":"1-3","s":"","d":{"X":-0.25,"Y":-0.05}},{"t":"3-1","s":"","d":{"X":0.02,"Y":-0.63}},{"t":"6-3","s":"","d":{"X":0.78,"Y":-0.1}},{"t":"7-3","s":"","d":{"X":-0.33,"Y":0.73}},{"t":"8-1","s":"","d":{"X":0.18,"Y":0.82}},{"t":"10-1","s":"","d":{"X":-0.95,"Y":0.04}},{"t":"11-1","s":"","d":{"X":0.96,"Y":0.12}}],"clr":{"R":195,"G":184,"B":241,"A":255}},"FE5-S":{"t":"STAR","sp":"STAR-8","s":405.34,"m":3699903.42,"gd":1351.13,"wic":{},"woc":{},"wgc":{},"emm":[{"Type":"2","MainRange":406,"MainValue":4.04,"FarRange":2290}],"sig":[{"t":"X2","s":"","d":{"X":0.243,"Y":0.718}}],"clr":{"R":253,"G":230,"B":231,"A":255}}}}