{"SpawnDistance":3230.5130000000004,"Points":{"IG9-0-0":{"pid":"IG9-S","orb":1157.84,"per":19.29,"ang":128.5,"t":"ASTEROID","sp":"ASTEROID-3","s":15.47,"m":51.49,"gd":25.79,"wic":{},"woc":{},"wgc":{},"emm":[{"Type":"1","MainRange":56,"MainValue":0.18,"FarRange":85}],"sig":[{"t":"9-1","s":"","d":{"X":0.21,"Y":-0.53}},{"t":"X1","s":"","d":{"X":0.043,"Y":0.477}}],"clr":{"R":249,"G":242,"B":252,"A":255}},"IG9-0-1":{"pid":"IG9-S","orb":1224.97,"per":20.41,"ang":358.28,"t":"ASTEROID","sp":"ASTEROID-3","s":25.26,"m":224.04,"gd":42.11,"wic":{},"woc":{},"wgc":{},"emm":[{"Type":"1","MainRange":50,"MainValue":0.24,"FarRange":107},{"Type":"3","MainRange":32,"MainValue":0.13,"FarRange":192},{"Type":"15","MainRange":49,"MainValue":0.11,"FarRange":139}],"sig":[{"t":"9-1","s":"","d":{"X":-0.61,"Y":0.73}},{"t":"X1","s":"","d":{"X":-0.365,"Y":0.351}},{"t":"X3","s":"","d":{"X":0.293,"Y":0.071}},{"t":"X15","s":"","d":{"X":-0.71,"Y":0.631}}],"clr":{"R":193,"G":210,"B":248,"A":255}},"IG9-0-10":{"pid":"IG9-S","orb":1219,"per":20.31,"ang":122.84,"t":"ASTEROID","sp":"ASTEROID-1","s":20.82,"m":125.51,"gd":34.71,"wic":{},"woc":{},"wgc":{},"emm":[{"Type":"1","MainRange":49,"MainValue":0.21,"FarRange":179}],"sig":[{"t":"9-1","s":"","d":{"X":-0.88,"Y":0.23}},{"t":"X1","s":"","d":{"X":0.121,"Y":0.686}}],"clr":{"R":250,"G":225,"B":216,"A":255}},"IG9-0-11":{"pid":"IG9-S","orb":1119.99,"per":18.66,"ang":344.04,"t":"ASTEROID","sp":"ASTEROID-2","s":16.12,"m":58.21,"gd":26.87,"wic":{},"woc":{},"wgc":{},"emm":[{"Type":"1","MainRange":14,"MainValue":0.21,"FarRange":159}],"sig":[{"t":"9-1","s":"","d":{"X":-0.31,"Y":0.28}},{"t":"X1","s":"","d":{"X":0.141,"Y":0.669}}],"clr":{"R":219,"G":178,"B":252,"A":255}},"IG9-0-12":{"pid":"IG9-S","orb":1104.99,"per":18.41,"ang":245.45,"t":"ASTEROID","sp":"ASTEROID-3","s":19.9,"m":109.52,"gd":33.17,"wic":{},"woc":{},"wgc":{},"emm":[{"Type":"1","MainRange":23,"MainValue":0.19,"FarRange":124}],"sig":[{"t":"9-1","s":"","d":{"X":-0.01,"Y":-0.73}},{"t":"X1","s":"","d":{"X":0.06,"Y":-0.283}}],"clr":{"R":254,"G":170,"B":184,"A":255}},"IG9-0-13":{"pid":"IG9-S","orb":1306.12,"per":21.76,"ang":87.51,"t":"ASTEROID","sp":"ASTEROID-3","s":13.95,"m":37.71,"gd":23.25,"wic":{},"woc":{},"wgc":{},"emm":[{"Type":"1","MainRange":43,"MainValue":0.13,"FarRange":182}],"sig":[{"t":"9-1","s":"","d":{"X":0.69,"Y":0.28}},{"t":"X1","s":"","d":{"X":0.265,"Y":0.301}}],"clr":{"R":238,"G":181,"B":252,"A":255}},"IG9-0-14":{"pid":"IG9-S","orb":1103.72,"per":18.39,"ang":221.85,"t":"ASTEROID","sp":"ASTEROID-4","s":20.78,"m":124.79,"gd":34.64,"wic":{},"woc":{},"wgc":{},"emm":[{"Type":"1","MainRange":44,"MainValue":0.1,"FarRange":150},{"Type":"19","MainRange":54,"MainValue":0.26,"FarRange":145}],"sig":[{"t":"9-1","s":"","d":{"X":0.09,"Y":-0.15}},{"t":"X1","s":"","d":{"X":-0.096,"Y":-0.077}},{"t":"X19","s":"","d":{"X":0.231,"Y":-0.299}}],"clr":{"R":233,"G":245,"B":215,"A":255}},"IG9-0-15":{"pid":"IG9-S","orb":1090.12,"per":18.16,"ang":212.41,"t":"ASTEROID","sp":"ASTEROID-4","s":21.24,"m":133.25,"gd":35.41,"wic":{},"woc":{},"wgc":{},"emm":[{"Type":"1","MainRange":72,"MainValue":0.16,"FarRange":166},{"Type":"12","MainRange":74,"MainValue":0.2,"FarRange":162}],"sig":[{"t":"9-1","s":"","d":{"X":-0.94,"Y":-0.27}},{"t":"X1","s":"","d":{"X":-0.271,"Y":-0.296}},{"t":"X12","s":"","d":{"X":0.425,"Y":0.236}}],"clr":{"R":249,"G":253,"B":254,"A":255}},"IG9-0-16":{"pid":"IG9-S","orb":1083.81,"per":18.06,"ang":326.88,"t":"ASTEROID","sp":"ASTEROID-2","s":25.65,"m":234.51,"gd":42.75,"wic":{},"woc":{},"wgc":{},"emm":[{"Type":"1","MainRange":49,"MainValue":0.14,"FarRange":74}],"sig":[{"t":"9-1","s":"","d":{"X":-0.39,"Y":-0.33}},{"t":"X1","s":"","d":{"X":0.078,"Y":0.915}}],"clr":{"R":241,"G":242,"B":252,"A":255}},"IG9-0-17":{"pid":"IG9-S","orb":1026.62,"per":17.11,"ang":175.58,"t":"ASTEROID","sp":"ASTEROID-5","s":15.53,"m":52.08,"gd":25.89,"wic":{},"woc":{},"wgc":{},"emm":[{"Type":"1","MainRange":67,"MainValue":0.26,"FarRange":146}],"sig":[{"t":"9-1","s":"","d":{"X":0.52,"Y":-0.3}},{"t":"X1","s":"","d":{"X":0.605,"Y":-0.426}}],"clr":{"R":251,"G":252,"B":247,"A":255}},"IG9-0-18":{"pid":"IG9-S","orb":905.61,"per":15.09,"ang":222.41,"t":"ASTEROID","sp":"ASTEROID-5","s":17.54,"m":75.04,"gd":29.24,"wic":{},"woc":{},"wgc":{},"emm":[{"Type":"1","MainRange":65,"MainValue":0.2,"FarRange":216}],"sig":[{"t":"9-1","s":"","d":{"X":0.28,"Y":0.44}},{"t":"X1","s":"","d":{"X":-0.001,"Y":-0.082}}],"clr":{"R":215,"G":173,"B":250,"A":255}},"IG9-0-19":{"pid":"IG9-S","orb":1229.51,"per":20.49,"ang":304.26,"t":"ASTEROID","sp":"ASTEROID-1","s":13.08,"m":31.14,"gd":21.81,"wic":{},"woc":{},"wgc":{},"emm":[{"Type":"1","MainRange":86,"MainValue":0.08,"FarRange":166}],"sig":[{"t":"9-1","s":"","d":{"X":0.55,"Y":0.05}},{"t":"X1","s":"","d":{"X":0.433,"Y":0.886}}],"clr":{"R":241,"G":220,"B":200,"A":255}},"IG9-0-2":{"pid":"IG9-S","orb":919.44,"per":15.32,"ang":207.98,"t":"ASTEROID","sp":"ASTEROID-1","s":9.45,"m":11.72,"gd":15.75,"wic":{},"woc":{},"wgc":{},"emm":[{"Type":"1","MainRange":46,"MainValue":0.15,"FarRange":133}],"sig":[{"t":"9-1","s":"","d":{"X":-0.42,"Y":0.53}},{"t":"X1","s":"","d":{"X":0.761,"Y":-0.138}}],"clr":{"R":188,"G":234,"B":220,"A":255}},"IG9-0-20":{"pid":"IG9-S","orb":1247.99,"per":20.79,"ang":149.84,"t":"ASTEROID","sp":"ASTEROID-4","s":32.03,"m":456.75,"gd":53.39,"wic":{},"woc":{},"wgc":{},"emm":[{"Type":"1","MainRange":65,"MainValue":0.23,"FarRange":177}],"sig":[{"t":"9-1","s":"","d":{"X":-0.13,"Y":-0.03}},{"t":"X1","s":"","d":{"X":-0.035,"Y":-0.044}}],"clr":{"R":221,"G":202,"B":249,"A":255}},"IG9-0-21":{"pid":"IG9-S","orb":1209.25,"per":20.15,"ang":261.13,"t":"ASTEROID","sp":"ASTEROID-3","s":22.08,"m":149.51,"gd":36.8,"wic":{},"woc":{},"wgc":{},"emm":[{"Type":"1","MainRange":59,"MainValue":0.23,"FarRange":195}],"sig":[{"t":"9-1","s":"","d":{"X":-0.44,"Y":-0.76}},{"t":"X1","s":"","d":{"X":-0.078,"Y":-0.753}}],"clr":{"R":211,"G":250,"B":160,"A":255}},"IG9-0-22":{"pid":"IG9-S","orb":1220.04,"per":20.33,"ang":155.26,"t":"ASTEROID","sp":"ASTEROID-5","s":19.08,"m":96.49,"gd":31.8,"wic":{},"woc":{},"wgc":{},"emm":[{"Type":"1","MainRange":38,"MainValue":0.15,"FarRange":177}],"sig":[{"t":"9-1","s":"","d":{"X":0.8,"Y":0.57}},{"t":"X1","s":"","d":{"X":0.709,"Y":-0.579}}],"clr":{"R":241,"G":243,"B":193,"A":255}},"IG9-0-23":{"pid":"IG9-S","orb":1109.16,"per":18.48,"ang":340.97,"t":"ASTEROID","sp":"ASTEROID-3","s":19.7,"m":106.26,"gd":32.84,"wic":{},"woc":{},"wgc":{},"emm":[{"Type":"1","MainRange":59,"MainValue":0.19,"FarRange":181}],"sig":[{"t":"9-1","s":"","d":{"X":-0.52,"Y":-0.34}},{"t":"X1","s":"","d":{"X":0.512,"Y":0.827}}],"clr":{"R":250,"G":254,"B":252,"A":255}},"IG9-0-24":{"pid":"IG9-S","orb":980.68,"per":16.34,"ang":334.8,"t":"ASTEROID","sp":"ASTEROID-4","s":24.64,"m":207.98,"gd":41.08,"wic":{},"woc":{},"wgc":{},"emm":[{"Type":"1","MainRange":56,"MainValue":0.29,"FarRange":202}],"sig":[{"t":"9-1","s":"","d":{"X":-0.4,"Y":0.53}},{"t":"X1","s":"","d":{"X":0.414,"Y":-0.406}}],"clr":{"R":252,"G":254,"B":253,"A":255}},"IG9-0-25":{"pid":"IG9-S","orb":1173.51,"per":19.55,"ang":345.71,"t":"ASTEROID","sp":"ASTEROID-5","s":9.65,"m":12.5,"gd":16.09,"wic":{},"woc":{},"wgc":{},"emm":[{"Type":"1","MainRange":54,"MainValue":0.17,"FarRange":120}],"sig":[{"t":"9-1","s":"","d":{"X":-0.31,"Y":0.56}},{"t":"X1","s":"","d":{"X":0.489,"Y":0.191}}],"clr":{"R":253,"G":184,"B":174,"A":255}},"IG9-0-26":{"pid":"IG9-S","orb":1136.89,"per":18.94,"ang":353.53,"t":"ASTEROID","sp":"ASTEROID-3","s":27.14,"m":277.75,"gd":45.23,"wic":{},"woc":{},"wgc":{},"emm":[{"Type":"1","MainRange":64,"MainValue":0.12,"FarRange":144}],"sig":[{"t":"9-1","s":"","d":{"X":0.56,"Y":0.65}},{"t":"X1","s":"","d":{"X":-0.063,"Y":0.955}}],"clr":{"R":253,"G":248,"B":240,"A":255}},"IG9-0-27":{"pid":"IG9-S","orb":1028.45,"per":17.14,"ang":9.42,"t":"ASTEROID","sp":"ASTEROID-3","s":20.07,"m":112.28,"gd":33.45,"wic":{},"woc":{},"wgc":{},"emm":[{"Type":"1","MainRange":35,"MainValue":0.19,"FarRange":88}],"sig":[{"t":"9-1","s":"","d":{"X":0.18,"Y":-0.96}},{"t":"X1","s":"","d":{"X":-0.626,"Y":0.456}}],"clr":{"R":219,"G":234,"B":250,"A":255}},"IG9-0-28":{"pid":"IG9-S","orb":1275.06,"per":21.25,"ang":210.08,"t":"ASTEROID","sp":"ASTEROID-2","s":26.7,"m":264.63,"gd":44.51,"wic":{},"woc":{},"wgc":{},"emm":[{"Type":"1","MainRange":38,"MainValue":0.23,"FarRange":106}],"sig":[{"t":"9-1","s":"","d":{"X":0.88,"Y":-0.16}},{"t":"X1","s":"","d":{"X":0.088,"Y":0.502}}],"clr":{"R":170,"G":240,"B":174,"A":255}},"IG9-0-29":{"pid":"IG9-S","orb":936.15,"per":15.6,"ang":202.59,"t":"ASTEROID","sp":"ASTEROID-5","s":21.37,"m":135.66,"gd":35.62,"wic":{},"woc":{},"wgc":{},"emm":[{"Type":"1","MainRange":45,"MainValue":0.22,"FarRange":86}],"sig":[{"t":"9-1","s":"","d":{"X":0.98}},{"t":"X1","s":"","d":{"X":0.237,"Y":-0.136}}],"clr":{"R":218,"G":242,"B":245,"A":255}},"IG9-0-3":{"pid":"IG9-S","orb":1018.2,"per":16.97,"ang":146,"t":"ASTEROID","sp":"ASTEROID-3","s":15.76,"m":54.46,"gd":26.28,"wic":{},"woc":{},"wgc":{},"emm":[{"Type":"1","MainRange":49,"MainValue":0.28,"FarRange":132},{"Type":"12","MainRange":32,"MainValue":0.25,"FarRange":128},{"Type":"26","MainRange":13.5,"MainValue":0.18,"FarRange":15},{"Type":"18","MainRange":41,"MainValue":0.2,"FarRange":186}],"sig":[{"t":"9-1","s":"","d":{"X":0.67,"Y":0.57}},{"t":"X1","s":"","d":{"X":-0.114,"Y":0.253}},{"t":"X12","s":"","d":{"X":0.173,"Y":-0.735}},{"t":"X26","s":"","d":{"X":0.644,"Y":-0.588}},{"t":"X18","s":"","d":{"X":0.034,"Y":-0.638}}],"clr":{"R":169,"G":162,"B":248,"A":255}},"IG9-0-30":{"pid":"IG9-S","orb":1062.64,"per":17.71,"ang":209.27,"t":"ASTEROID","sp":"ASTEROID-3","s":16.73,"m":65.07,"gd":27.88,"wic":{},"woc":{},"wgc":{},"emm":[{"Type":"1","MainRange":40,"MainValue":0.19,"FarRange":194}],"sig":[{"t":"9-1","s":"","d":{"X":-0.1,"Y":0.11}},{"t":"X1","s":"","d":{"X":-0.07,"Y":0.491}}],"clr":{"R":223,"G":246,"B":229,"A":255}},"IG9-0-31":{"pid":"IG9-S","orb":1073.93,"per":17.89,"ang":106.91,"t":"ASTEROID","sp":"ASTEROID-3","s":25.13,"m":220.57,"gd":41.89,"wic":{},"woc":{},"wgc":{},"emm":[{"Type":"1","MainRange":53,"MainValue":0.18,"FarRange":175}],"sig":[{"t":"9-1","s":"","d":{"X":0.5,"Y":0.83}},{"t":"X1","s":"","d":{"X":-0.89,"Y":0.082}}],"clr":{"R":254,"G":243,"B":244,"A":255}},"IG9-0-32":{"pid":"IG9-S","orb":1187.05,"per":19.78,"ang":231.31,"t":"ASTEROID","sp":"ASTEROID-2","s":12.69,"m":28.42,"gd":21.16,"wic":{},"woc":{},"wgc":{},"emm":[{"Type":"1","MainRange":28,"MainValue":0.18,"FarRange":171}],"sig":[{"t":"9-1","s":"","d":{"X":-0.14,"Y":0.77}},{"t":"X1","s":"","d":{"X":-0.906,"Y":-0.187}}],"clr":{"R":193,"G":250,"B":241,"A":255}},"IG9-0-33":{"pid":"IG9-S","orb":1094.73,"per":18.24,"ang":63.18,"t":"ASTEROID","sp":"ASTEROID-4","s":22.39,"m":155.94,"gd":37.32,"wic":{},"woc":{},"wgc":{},"emm":[{"Type":"1","MainRange":16,"MainValue":0.24,"FarRange":189}],"sig":[{"t":"9-1","s":"","d":{"X":-0.31,"Y":0.33}},{"t":"X1","s":"","d":{"X":-0.559,"Y":-0.489}}],"clr":{"R":243,"G":222,"B":179,"A":255}},"IG9-0-34":{"pid":"IG9-S","orb":937,"per":15.61,"ang":260.74,"t":"ASTEROID","sp":"ASTEROID-2","s":17.75,"m":77.72,"gd":29.58,"wic":{},"woc":{},"wgc":{},"emm":[{"Type":"1","MainRange":44.1,"MainValue":0.28,"FarRange":49}],"sig":[{"t":"9-1","s":"","d":{"X":0.21,"Y":0.41}},{"t":"X1","s":"","d":{"X":-0.411,"Y":0.245}}],"clr":{"R":248,"G":233,"B":244,"A":255}},"IG9-0-35":{"pid":"IG9-S","orb":1264.82,"per":21.08,"ang":160.25,"t":"ASTEROID","sp":"ASTEROID-5","s":19.06,"m":96.23,"gd":31.77,"wic":{},"woc":{},"wgc":{},"emm":[{"Type":"1","MainRange":40,"MainValue":0.22,"FarRange":168}],"sig":[{"t":"9-1","s":"","d":{"X":-0.4,"Y":-0.89}},{"t":"X1","s":"","d":{"X":-0.086,"Y":-0.926}}],"clr":{"R":253,"G":204,"B":213,"A":255}},"IG9-0-36":{"pid":"IG9-S","orb":1099.41,"per":18.32,"ang":262.43,"t":"ASTEROID","sp":"ASTEROID-5","s":20.02,"m":111.56,"gd":33.37,"wic":{},"woc":{},"wgc":{},"emm":[{"Type":"1","MainRange":31,"MainValue":0.13,"FarRange":220},{"Type":"6","MainRange":58,"MainValue":0.18,"FarRange":171}],"sig":[{"t":"9-1","s":"","d":{"X":0.55,"Y":0.13}},{"t":"X1","s":"","d":{"X":0.043,"Y":-0.942}},{"t":"X6","s":"","d":{"X":0.911,"Y":-0.104}}],"clr":{"R":254,"G":253,"B":252,"A":255}},"IG9-0-37":{"pid":"IG9-S","orb":973.58,"per":16.22,"ang":346.84,"t":"ASTEROID","sp":"ASTEROID-4","s":15.3,"m":49.79,"gd":25.5,"wic":{},"woc":{},"wgc":{},"emm":[{"Type":"1","MainRange":50,"MainValue":0.15,"FarRange":162}],"sig":[{"t":"9-1","s":"","d":{"X":-0.46,"Y":-0.6}},{"t":"X1","s":"","d":{"X":-0.358,"Y":0.081}}],"clr":{"R":253,"G":238,"B":250,"A":255}},"IG9-0-38":{"pid":"IG9-S","orb":1038.62,"per":17.31,"ang":245.22,"t":"ASTEROID","sp":"ASTEROID-1","s":19.08,"m":96.62,"gd":31.81,"wic":{},"woc":{},"wgc":{},"emm":[{"Type":"1","MainRange":14,"MainValue":0.15,"FarRange":117}],"sig":[{"t":"9-1","s":"","d":{"X":0.13,"Y":-0.75}},{"t":"X1","s":"","d":{"X":0.59,"Y":-0.126}}],"clr":{"R":189,"G":205,"B":238,"A":255}},"IG9-0-39":{"pid":"IG9-S","orb":1119.34,"per":18.65,"ang":83.41,"t":"ASTEROID","sp":"ASTEROID-5","s":24.14,"m":195.4,"gd":40.23,"wic":{},"woc":{},"wgc":{},"emm":[{"Type":"1","MainRange":35,"MainValue":0.2,"FarRange":197}],"sig":[{"t":"9-1","s":"","d":{"X":0.21,"Y":0.74}},{"t":"X1","s":"","d":{"X":0.321,"Y":-0.746}}],"clr":{"R":254,"G":209,"B":246,"A":255}},"IG9-0-4":{"pid":"IG9-S","orb":1226.83,"per":20.44,"ang":254.99,"t":"ASTEROID","sp":"ASTEROID-4","s":8.67,"m":9.05,"gd":14.45,"wic":{},"woc":{},"wgc":{},"emm":[{"Type":"1","MainRange":69,"MainValue":0.22,"FarRange":140}],"sig":[{"t":"9-1","s":"","d":{"X":-1,"Y":0.06}},{"t":"X1","s":"","d":{"X":-0.335,"Y":0.726}}],"clr":{"R":158,"G":251,"B":168,"A":255}},"IG9-0-40":{"pid":"IG9-S","orb":1064.7,"per":17.74,"ang":262.61,"t":"ASTEROID","sp":"ASTEROID-3","s":18.48,"m":87.76,"gd":30.81,"wic":{},"woc":{},"wgc":{},"emm":[{"Type":"1","MainRange":35,"MainValue":0.21,"FarRange":83}],"sig":[{"t":"9-1","s":"","d":{"X":0.72,"Y":-0.06}},{"t":"X1","s":"","d":{"X":-0.402,"Y":0.421}}],"clr":{"R":249,"G":242,"B":235,"A":255}},"IG9-0-41":{"pid":"IG9-S","orb":1089.42,"per":18.15,"ang":316.49,"t":"ASTEROID","sp":"ASTEROID-1","s":19,"m":95.34,"gd":31.67,"wic":{},"woc":{},"wgc":{},"emm":[{"Type":"1","MainRange":61,"MainValue":0.19,"FarRange":90}],"sig":[{"t":"9-1","s":"","d":{"X":-0.1,"Y":0.22}},{"t":"X1","s":"","d":{"X":-0.941,"Y":0.288}}],"clr":{"R":239,"G":237,"B":250,"A":255}},"IG9-0-42":{"pid":"IG9-S","orb":1233.23,"per":20.55,"ang":127.13,"t":"ASTEROID","sp":"ASTEROID-5","s":26.63,"m":262.49,"gd":44.39,"wic":{},"woc":{},"wgc":{},"emm":[{"Type":"1","MainRange":30,"MainValue":0.17,"FarRange":153}],"sig":[{"t":"9-1","s":"","d":{"X":-0.44,"Y":0.51}},{"t":"X1","s":"","d":{"X":-0.629,"Y":0.305}}],"clr":{"R":253,"G":230,"B":189,"A":255}},"IG9-0-43":{"pid":"IG9-S","orb":1191.59,"per":19.85,"ang":66.4,"t":"ASTEROID","sp":"ASTEROID-4","s":27.28,"m":281.98,"gd":45.46,"wic":{},"woc":{},"wgc":{},"emm":[{"Type":"1","MainRange":41,"MainValue":0.21,"FarRange":237}],"sig":[{"t":"9-1","s":"","d":{"X":-0.46,"Y":0.05}},{"t":"X1","s":"","d":{"X":-0.662,"Y":0.313}}],"clr":{"R":248,"G":250,"B":205,"A":255}},"IG9-0-44":{"pid":"IG9-S","orb":786.33,"per":13.1,"ang":310.95,"t":"ASTEROID","sp":"ASTEROID-5","s":16.86,"m":66.58,"gd":28.1,"wic":{},"woc":{},"wgc":{},"emm":[{"Type":"1","MainRange":53,"MainValue":0.06,"FarRange":109}],"sig":[{"t":"9-1","s":"","d":{"X":-0.25,"Y":-0.59}},{"t":"X1","s":"","d":{"X":-0.091,"Y":0.434}}],"clr":{"R":247,"G":218,"B":246,"A":255}},"IG9-0-45":{"pid":"IG9-S","orb":1201,"per":20.01,"ang":210.99,"t":"ASTEROID","sp":"ASTEROID-1","s":13.98,"m":37.95,"gd":23.3,"wic":{},"woc":{},"wgc":{},"emm":[{"Type":"1","MainRange":37,"MainValue":0.11,"FarRange":121}],"sig":[{"t":"9-1","s":"","d":{"X":0.35,"Y":-0.03}},{"t":"X1","s":"","d":{"X":0.964,"Y":0.186}}],"clr":{"R":225,"G":228,"B":253,"A":255}},"IG9-0-46":{"pid":"IG9-S","orb":1028.47,"per":17.14,"ang":155.87,"t":"ASTEROID","sp":"ASTEROID-1","s":29.91,"m":371.98,"gd":49.86,"wic":{},"woc":{},"wgc":{},"emm":[{"Type":"1","MainRange":55,"MainValue":0.24,"FarRange":69}],"sig":[{"t":"9-1","s":"","d":{"X":0.07,"Y":-0.81}},{"t":"X1","s":"","d":{"X":-0.394,"Y":-0.139}}],"clr":{"R":251,"G":198,"B":184,"A":255}},"IG9-0-47":{"pid":"IG9-S","orb":1195.12,"per":19.91,"ang":123.52,"t":"ASTEROID","sp":"ASTEROID-1","s":23.27,"m":175.19,"gd":38.79,"wic":{},"woc":{},"wgc":{},"emm":[{"Type":"1","MainRange":83,"MainValue":0.26,"FarRange":205}],"sig":[{"t":"9-1","s":"","d":{"X":0.41,"Y":0.05}},{"t":"X1","s":"","d":{"X":0.772,"Y":-0.358}}],"clr":{"R":243,"G":251,"B":254,"A":255}},"IG9-0-48":{"pid":"IG9-S","orb":1273.78,"per":21.22,"ang":79.08,"t":"ASTEROID","sp":"ASTEROID-1","s":15.19,"m":48.69,"gd":25.32,"wic":{},"woc":{},"wgc":{},"emm":[{"Type":"1","MainRange":47,"MainValue":0.17,"FarRange":158}],"sig":[{"t":"9-1","s":"","d":{"X":0.17,"Y":0.7}},{"t":"X1","s":"","d":{"X":-0.559,"Y":0.549}}],"clr":{"R":246,"G":203,"B":236,"A":255}},"IG9-0-49":{"pid":"IG9-S","orb":1121.83,"per":18.69,"ang":25.74,"t":"ASTEROID","sp":"ASTEROID-5","s":15.87,"m":55.56,"gd":26.45,"wic":{},"woc":{},"wgc":{},"emm":[{"Type":"1","MainRange":47,"MainValue":0.19,"FarRange":194}],"sig":[{"t":"9-1","s":"","d":{"X":0.2}},{"t":"X1","s":"","d":{"X":-0.021,"Y":-0.224}}],"clr":{"R":246,"G":191,"B":199,"A":255}},"IG9-0-5":{"pid":"IG9-S","orb":1066.36,"per":17.77,"ang":284.39,"t":"ASTEROID","sp":"ASTEROID-2","s":25.36,"m":226.73,"gd":42.27,"wic":{},"woc":{},"wgc":{},"emm":[{"Type":"1","MainRange":68,"MainValue":0.16,"FarRange":79},{"Type":"13","MainRange":68,"MainValue":0.21,"FarRange":126},{"Type":"19","MainRange":61,"MainValue":0.19,"FarRange":197}],"sig":[{"t":"9-1","s":"","d":{"X":-0.8,"Y":-0.43}},{"t":"X1","s":"","d":{"X":0.249,"Y":0.404}},{"t":"X13","s":"","d":{"X":0.3,"Y":0.825}},{"t":"X19","s":"","d":{"X":-0.343,"Y":-0.707}}],"clr":{"R":221,"G":248,"B":214,"A":255}},"IG9-0-50":{"pid":"IG9-S","orb":1258.1,"per":20.96,"ang":287.82,"t":"ASTEROID","sp":"ASTEROID-1","s":21.89,"m":145.75,"gd":36.48,"wic":{},"woc":{},"wgc":{},"emm":[{"Type":"1","MainRange":37,"MainValue":0.17,"FarRange":226}],"sig":[{"t":"9-1","s":"","d":{"X":-0.63,"Y":0.1}},{"t":"X1","s":"","d":{"X":0.913,"Y":0.009}}],"clr":{"R":245,"G":223,"B":169,"A":255}},"IG9-0-51":{"pid":"IG9-S","orb":1083.35,"per":18.05,"ang":14.72,"t":"ASTEROID","sp":"ASTEROID-3","s":22.57,"m":159.72,"gd":37.62,"wic":{},"woc":{},"wgc":{},"emm":[{"Type":"1","MainRange":56,"MainValue":0.27,"FarRange":73},{"Type":"24","MainRange":61,"MainValue":0.29,"FarRange":163},{"Type":"2","MainRange":51,"MainValue":0.3,"FarRange":201},{"Type":"19","MainRange":67,"MainValue":0.07,"FarRange":172}],"sig":[{"t":"9-1","s":"","d":{"X":-0.35,"Y":-0.19}},{"t":"X1","s":"","d":{"X":-0.761,"Y":-0.303}},{"t":"X24","s":"","d":{"X":0.333,"Y":0.044}},{"t":"X2","s":"","d":{"X":0.231,"Y":-0.572}},{"t":"X19","s":"","d":{"X":0.913,"Y":-0.402}}],"clr":{"R":245,"G":246,"B":252,"A":255}},"IG9-0-52":{"pid":"IG9-S","orb":1231.73,"per":20.52,"ang":319.03,"t":"ASTEROID","sp":"ASTEROID-1","s":17.36,"m":72.69,"gd":28.93,"wic":{},"woc":{},"wgc":{},"emm":[{"Type":"1","MainRange":54,"MainValue":0.29,"FarRange":182}],"sig":[{"t":"9-1","s":"","d":{"X":0.65,"Y":0.33}},{"t":"X1","s":"","d":{"X":-0.923,"Y":0.089}}],"clr":{"R":254,"G":253,"B":251,"A":255}},"IG9-0-53":{"pid":"IG9-S","orb":1251.11,"per":20.85,"ang":244.23,"t":"ASTEROID","sp":"ASTEROID-1","s":21.78,"m":143.6,"gd":36.3,"wic":{},"woc":{},"wgc":{},"emm":[{"Type":"1","MainRange":29,"MainValue":0.16,"FarRange":69}],"sig":[{"t":"9-1","s":"","d":{"X":-0.58,"Y":0.51}},{"t":"X1","s":"","d":{"X":-0.66,"Y":0.477}}],"clr":{"R":249,"G":172,"B":195,"A":255}},"IG9-0-54":{"pid":"IG9-S","orb":1311.93,"per":21.86,"ang":288.32,"t":"ASTEROID","sp":"ASTEROID-2","s":24.04,"m":193.15,"gd":40.07,"wic":{},"woc":{},"wgc":{},"emm":[{"Type":"1","MainRange":44,"MainValue":0.29,"FarRange":98}],"sig":[{"t":"9-1","s":"","d":{"X":0.36,"Y":-0.69}},{"t":"X1","s":"","d":{"X":-0.477,"Y":0.843}}],"clr":{"R":171,"G":245,"B":239,"A":255}},"IG9-0-55":{"pid":"IG9-S","orb":1064.32,"per":17.73,"ang":50.96,"t":"ASTEROID","sp":"ASTEROID-5","s":12.19,"m":25.21,"gd":20.33,"wic":{},"woc":{},"wgc":{},"emm":[{"Type":"1","MainRange":45,"MainValue":0.19,"FarRange":119}],"sig":[{"t":"9-1","s":"","d":{"X":0.48,"Y":-0.37}},{"t":"X1","s":"","d":{"X":0.011,"Y":0.582}}],"clr":{"R":208,"G":240,"B":183,"A":255}},"IG9-0-56":{"pid":"IG9-S","orb":1160.35,"per":19.33,"ang":138.18,"t":"ASTEROID","sp":"ASTEROID-4","s":12.56,"m":27.52,"gd":20.93,"wic":{},"woc":{},"wgc":{},"emm":[{"Type":"1","MainRange":53,"MainValue":0.2,"FarRange":191}],"sig":[{"t":"9-1","s":"","d":{"X":0.58,"Y":-0.2}},{"t":"X1","s":"","d":{"X":0.223,"Y":0.776}}],"clr":{"R":254,"G":253,"B":254,"A":255}},"IG9-0-57":{"pid":"IG9-S","orb":1264.34,"per":21.07,"ang":324.21,"t":"ASTEROID","sp":"ASTEROID-3","s":20.39,"m":117.82,"gd":33.99,"wic":{},"woc":{},"wgc":{},"emm":[{"Type":"1","MainRange":33,"MainValue":0.17,"FarRange":177}],"sig":[{"t":"9-1","s":"","d":{"X":0.03,"Y":-0.5}},{"t":"X1","s":"","d":{"X":-0.959,"Y":0.087}}],"clr":{"R":231,"G":243,"B":248,"A":255}},"IG9-0-58":{"pid":"IG9-S","orb":1128.49,"per":18.8,"ang":286.14,"t":"ASTEROID","sp":"ASTEROID-4","s":13.75,"m":36.17,"gd":22.93,"wic":{},"woc":{},"wgc":{},"emm":[{"Type":"1","MainRange":29,"MainValue":0.22,"FarRange":85},{"Type":"5","MainRange":52,"MainValue":0.1,"FarRange":189}],"sig":[{"t":"9-1","s":"","d":{"X":-0.35,"Y":-0.32}},{"t":"X1","s":"","d":{"X":-0.62,"Y":0.5}},{"t":"X5","s":"","d":{"X":-0.364,"Y":-0.89}}],"clr":{"R":243,"G":237,"B":187,"A":255}},"IG9-0-59":{"pid":"IG9-S","orb":1042.16,"per":17.36,"ang":149.74,"t":"ASTEROID","sp":"ASTEROID-5","s":25.27,"m":224.24,"gd":42.12,"wic":{},"woc":{},"wgc":{},"emm":[{"Type":"1","MainRange":57,"MainValue":0.22,"FarRange":162},{"Type":"14","MainRange":62,"MainValue":0.24,"FarRange":174},{"Type":"2","MainRange":61,"MainValue":0.19,"FarRange":83}],"sig":[{"t":"9-1","s":"","d":{"X":0.63,"Y":-0.54}},{"t":"X1","s":"","d":{"X":0.231,"Y":0.781}},{"t":"X14","s":"","d":{"X":0.685,"Y":0.547}},{"t":"X2","s":"","d":{"X":0.04,"Y":-0.145}}],"clr":{"R":252,"G":244,"B":237,"A":255}},"IG9-0-6":{"pid":"IG9-S","orb":1028.87,"per":17.14,"ang":180.89,"t":"ASTEROID","sp":"ASTEROID-1","s":20.58,"m":121.18,"gd":34.31,"wic":{},"woc":{},"wgc":{},"emm":[{"Type":"1","MainRange":42,"MainValue":0.23,"FarRange":277}],"sig":[{"t":"9-1","s":"","d":{"X":-0.07,"Y":0.67}},{"t":"X1","s":"","d":{"X":-0.827,"Y":0.424}}],"clr":{"R":238,"G":243,"B":253,"A":255}},"IG9-0-60":{"pid":"IG9-S","orb":1153.75,"per":19.22,"ang":323.71,"t":"ASTEROID","sp":"ASTEROID-5","s":15.42,"m":50.94,"gd":25.7,"wic":{},"woc":{},"wgc":{},"emm":[{"Type":"1","MainRange":45,"MainValue":0.11,"FarRange":173}],"sig":[{"t":"9-1","s":"","d":{"X":0.88,"Y":-0.39}},{"t":"X1","s":"","d":{"X":0.018,"Y":-0.416}}],"clr":{"R":237,"G":252,"B":170,"A":255}},"IG9-0-61":{"pid":"IG9-S","orb":1019.92,"per":16.99,"ang":274.22,"t":"ASTEROID","sp":"ASTEROID-2","s":17.35,"m":72.6,"gd":28.92,"wic":{},"woc":{},"wgc":{},"emm":[{"Type":"1","MainRange":89,"MainValue":0.29,"FarRange":139}],"sig":[{"t":"9-1","s":"","d":{"X":-0.49,"Y":0.7}},{"t":"X1","s":"","d":{"X":-0.406,"Y":-0.839}}],"clr":{"R":254,"G":254,"B":254,"A":255}},"IG9-0-62":{"pid":"IG9-S","orb":1133.19,"per":18.88,"ang":166.6,"t":"ASTEROID","sp":"ASTEROID-2","s":37.35,"m":724.01,"gd":62.26,"wic":{},"woc":{},"wgc":{},"emm":[{"Type":"1","MainRange":78,"MainValue":0.25,"FarRange":204}],"sig":[{"t":"9-1","s":"","d":{"X":-0.63,"Y":-0.76}},{"t":"X1","s":"","d":{"X":-0.42,"Y":-0.903}}],"clr":{"R":219,"G":248,"B":226,"A":255}},"IG9-0-63":{"pid":"IG9-S","orb":1203.2,"per":20.05,"ang":312.01,"t":"ASTEROID","sp":"ASTEROID-1","s":11.49,"m":21.07,"gd":19.15,"wic":{},"woc":{},"wgc":{},"emm":[{"Type":"1","MainRange":21,"MainValue":0.21,"FarRange":112}],"sig":[{"t":"9-1","s":"","d":{"X":0.14,"Y":-0.25}},{"t":"X1","s":"","d":{"X":0.145,"Y":-0.929}}],"clr":{"R":186,"G":202,"B":254,"A":255}},"IG9-0-64":{"pid":"IG9-S","orb":1087.81,"per":18.13,"ang":350.5,"t":"ASTEROID","sp":"ASTEROID-2","s":23.4,"m":178.15,"gd":39.01,"wic":{},"woc":{},"wgc":{},"emm":[{"Type":"1","MainRange":36,"MainValue":0.11,"FarRange":235}],"sig":[{"t":"9-1","s":"","d":{"X":-0.2,"Y":-0.28}},{"t":"X1","s":"","d":{"X":-0.965,"Y":0.091}}],"clr":{"R":176,"G":183,"B":249,"A":255}},"IG9-0-65":{"pid":"IG9-S","orb":1258.4,"per":20.97,"ang":213.11,"t":"ASTEROID","sp":"ASTEROID-1","s":11.12,"m":19.1,"gd":18.53,"wic":{},"woc":{},"wgc":{},"emm":[{"Type":"1","MainRange":91,"MainValue":0.19,"FarRange":166}],"sig":[{"t":"9-1","s":"","d":{"X":0.69,"Y":-0.12}},{"t":"X1","s":"","d":{"X":-0.473,"Y":-0.589}}],"clr":{"R":251,"G":239,"B":206,"A":255}},"IG9-0-66":{"pid":"IG9-S","orb":1103.92,"per":18.39,"ang":264.3,"t":"ASTEROID","sp":"ASTEROID-5","s":17.29,"m":71.87,"gd":28.82,"wic":{},"woc":{},"wgc":{},"emm":[{"Type":"1","MainRange":49,"MainValue":0.1,"FarRange":130}],"sig":[{"t":"9-1","s":"","d":{"X":0.04,"Y":0.24}},{"t":"X1","s":"","d":{"X":0.011,"Y":0.121}}],"clr":{"R":197,"G":248,"B":241,"A":255}},"IG9-0-67":{"pid":"IG9-S","orb":980.42,"per":16.34,"ang":173.59,"t":"ASTEROID","sp":"ASTEROID-2","s":23.62,"m":183.19,"gd":39.37,"wic":{},"woc":{},"wgc":{},"emm":[{"Type":"1","MainRange":30,"MainValue":0.14,"FarRange":97}],"sig":[{"t":"9-1","s":"","d":{"X":0.56,"Y":0.76}},{"t":"X1","s":"","d":{"X":-0.177,"Y":0.034}}],"clr":{"R":172,"G":241,"B":232,"A":255}},"IG9-0-68":{"pid":"IG9-S","orb":933.46,"per":15.55,"ang":218.12,"t":"ASTEROID","sp":"ASTEROID-3","s":22.94,"m":167.75,"gd":38.23,"wic":{},"woc":{},"wgc":{},"emm":[{"Type":"1","MainRange":55,"MainValue":0.11,"FarRange":103}],"sig":[{"t":"9-1","s":"","d":{"X":0.36,"Y":-0.01}},{"t":"X1","s":"","d":{"X":-0.471,"Y":-0.165}}],"clr":{"R":254,"G":203,"B":210,"A":255}},"IG9-0-69":{"pid":"IG9-S","orb":1123.48,"per":18.72,"ang":30.23,"t":"ASTEROID","sp":"ASTEROID-2","s":26.02,"m":244.85,"gd":43.37,"wic":{},"woc":{},"wgc":{},"emm":[{"Type":"1","MainRange":72,"MainValue":0.2,"FarRange":270},{"Type":"14","MainRange":53,"MainValue":0.19,"FarRange":196},{"Type":"17","MainRange":48,"MainValue":0.18,"FarRange":155}],"sig":[{"t":"9-1","s":"","d":{"X":0.63,"Y":0.46}},{"t":"X1","s":"","d":{"X":0.511,"Y":-0.441}},{"t":"X14","s":"","d":{"X":-0.088,"Y":-0.087}},{"t":"X17","s":"","d":{"X":0.126,"Y":0.5}}],"clr":{"R":249,"G":242,"B":252,"A":255}},"IG9-0-7":{"pid":"IG9-S","orb":1094.75,"per":18.24,"ang":270.97,"t":"ASTEROID","sp":"ASTEROID-4","s":14.54,"m":42.77,"gd":24.24,"wic":{},"woc":{},"wgc":{},"emm":[{"Type":"1","MainRange":43,"MainValue":0.19,"FarRange":126}],"sig":[{"t":"9-1","s":"","d":{"X":-0.52,"Y":0.32}},{"t":"X1","s":"","d":{"X":-0.232,"Y":-0.382}}],"clr":{"R":196,"G":243,"B":214,"A":255}},"IG9-0-70":{"pid":"IG9-S","orb":1042.47,"per":17.37,"ang":189.24,"t":"ASTEROID","sp":"ASTEROID-5","s":14.34,"m":40.99,"gd":23.9,"wic":{},"woc":{},"wgc":{},"emm":[{"Type":"1","MainRange":51,"MainValue":0.2,"FarRange":151}],"sig":[{"t":"9-1","s":"","d":{"X":-0.06,"Y":-0.15}},{"t":"X1","s":"","d":{"X":0.142,"Y":0.13}}],"clr":{"R":218,"G":236,"B":176,"A":255}},"IG9-0-71":{"pid":"IG9-S","orb":982.8,"per":16.38,"ang":295,"t":"ASTEROID","sp":"ASTEROID-2","s":25.76,"m":237.58,"gd":42.94,"wic":{},"woc":{},"wgc":{},"emm":[{"Type":"1","MainRange":33,"MainValue":0.08,"FarRange":168}],"sig":[{"t":"9-1","s":"","d":{"X":0.3,"Y":-0.7}},{"t":"X1","s":"","d":{"X":0.87,"Y":0.064}}],"clr":{"R":238,"G":243,"B":250,"A":255}},"IG9-0-72":{"pid":"IG9-S","orb":1144.37,"per":19.07,"ang":96.44,"t":"ASTEROID","sp":"ASTEROID-5","s":15.61,"m":52.84,"gd":26.01,"wic":{},"woc":{},"wgc":{},"emm":[{"Type":"1","MainRange":21,"MainValue":0.2,"FarRange":186}],"sig":[{"t":"9-1","s":"","d":{"X":-0.81,"Y":0.06}},{"t":"X1","s":"","d":{"X":-0.038,"Y":-0.717}}],"clr":{"R":242,"G":245,"B":254,"A":255}},"IG9-0-73":{"pid":"IG9-S","orb":1180.17,"per":19.66,"ang":243.39,"t":"ASTEROID","sp":"ASTEROID-4","s":17.78,"m":78.06,"gd":29.63,"wic":{},"woc":{},"wgc":{},"emm":[{"Type":"1","MainRange":61,"MainValue":0.12,"FarRange":117}],"sig":[{"t":"9-1","s":"","d":{"X":-0.41,"Y":-0.22}},{"t":"X1","s":"","d":{"X":-0.053,"Y":-0.035}}],"clr":{"R":251,"G":210,"B":251,"A":255}},"IG9-0-74":{"pid":"IG9-S","orb":1182.99,"per":19.71,"ang":190.87,"t":"ASTEROID","sp":"ASTEROID-5","s":15.49,"m":51.71,"gd":25.83,"wic":{},"woc":{},"wgc":{},"emm":[{"Type":"1","MainRange":49,"MainValue":0.09,"FarRange":85}],"sig":[{"t":"9-1","s":"","d":{"X":-0.36,"Y":0.35}},{"t":"X1","s":"","d":{"X":0.219,"Y":0.776}}],"clr":{"R":237,"G":226,"B":198,"A":255}},"IG9-0-75":{"pid":"IG9-S","orb":1262.82,"per":21.04,"ang":105.1,"t":"ASTEROID","sp":"ASTEROID-1","s":31.55,"m":436.46,"gd":52.59,"wic":{},"woc":{},"wgc":{},"emm":[{"Type":"1","MainRange":60,"MainValue":0.2,"FarRange":98}],"sig":[{"t":"9-1","s":"","d":{"X":0.53,"Y":0.15}},{"t":"X1","s":"","d":{"X":0.691,"Y":0.247}}],"clr":{"R":249,"G":209,"B":205,"A":255}},"IG9-0-76":{"pid":"IG9-S","orb":1284.33,"per":21.4,"ang":280.34,"t":"ASTEROID","sp":"ASTEROID-2","s":30.73,"m":403.05,"gd":51.21,"wic":{},"woc":{},"wgc":{},"emm":[{"Type":"1","MainRange":16,"MainValue":0.2,"FarRange":254}],"sig":[{"t":"9-1","s":"","d":{"X":0.53,"Y":0.2}},{"t":"X1","s":"","d":{"X":0.611,"Y":0.032}}],"clr":{"R":244,"G":252,"B":253,"A":255}},"IG9-0-77":{"pid":"IG9-S","orb":1182.62,"per":19.71,"ang":167.27,"t":"ASTEROID","sp":"ASTEROID-2","s":23.8,"m":187.36,"gd":39.67,"wic":{},"woc":{},"wgc":{},"emm":[{"Type":"1","MainRange":51,"MainValue":0.29,"FarRange":168}],"sig":[{"t":"9-1","s":"","d":{"X":-0.39,"Y":0.11}},{"t":"X1","s":"","d":{"X":0.323,"Y":-0.573}}],"clr":{"R":185,"G":231,"B":253,"A":255}},"IG9-0-78":{"pid":"IG9-S","orb":1159.33,"per":19.32,"ang":264.91,"t":"ASTEROID","sp":"ASTEROID-3","s":20.04,"m":111.85,"gd":33.4,"wic":{},"woc":{},"wgc":{},"emm":[{"Type":"1","MainRange":32,"MainValue":0.18,"FarRange":198}],"sig":[{"t":"9-1","s":"","d":{"X":-0.56,"Y":0.12}},{"t":"X1","s":"","d":{"X":0.665,"Y":-0.62}}],"clr":{"R":245,"G":229,"B":194,"A":255}},"IG9-0-79":{"pid":"IG9-S","orb":1232.67,"per":20.54,"ang":179.22,"t":"ASTEROID","sp":"ASTEROID-1","s":27.82,"m":299.22,"gd":46.37,"wic":{},"woc":{},"wgc":{},"emm":[{"Type":"1","MainRange":62,"MainValue":0.22,"FarRange":247}],"sig":[{"t":"9-1","s":"","d":{"X":-0.38,"Y":0.23}},{"t":"X1","s":"","d":{"X":-0.564,"Y":0.701}}],"clr":{"R":252,"G":244,"B":247,"A":255}},"IG9-0-8":{"pid":"IG9-S","orb":1030.4,"per":17.17,"ang":261.63,"t":"ASTEROID","sp":"ASTEROID-5","s":6.28,"m":3.44,"gd":10.47,"wic":{},"woc":{},"wgc":{},"emm":[{"Type":"1","MainRange":52,"MainValue":0.27,"FarRange":110}],"sig":[{"t":"9-1","s":"","d":{"X":0.24,"Y":-0.11}},{"t":"X1","s":"","d":{"X":-0.603,"Y":0.088}}],"clr":{"R":232,"G":252,"B":226,"A":255}},"IG9-0-80":{"pid":"IG9-S","orb":1011.44,"per":16.85,"ang":195.8,"t":"ASTEROID","sp":"ASTEROID-2","s":21.8,"m":143.97,"gd":36.34,"wic":{},"woc":{},"wgc":{},"emm":[{"Type":"1","MainRange":44,"MainValue":0.15,"FarRange":127}],"sig":[{"t":"9-1","s":"","d":{"X":-0.83,"Y":-0.14}},{"t":"X1","s":"","d":{"X":-0.548,"Y":-0.137}}],"clr":{"R":194,"G":241,"B":168,"A":255}},"IG9-0-9":{"pid":"IG9-S","orb":1072.47,"per":17.87,"ang":263.1,"t":"ASTEROID","sp":"ASTEROID-3","s":20.91,"m":127.01,"gd":34.85,"wic":{},"woc":{},"wgc":{},"emm":[{"Type":"1","MainRange":35,"MainValue":0.22,"FarRange":188}],"sig":[{"t":"9-1","s":"","d":{"X":0.4,"Y":-0.03}},{"t":"X1","s":"","d":{"X":-0.744,"Y":-0.328}}],"clr":{"R":216,"G":212,"B":247,"A":255}},"IG9-266":{"pid":"IG9-S","orb":2034.41,"per":33.9,"t":"GASPLANET","sp":"GASPLANET-41","s":207.15,"m":86423.88,"gd":345.25,"wic":{},"woc":{},"wgc":{},"sig":[{"t":"0-2","s":"","d":{"X":-0.59,"Y":-0.56}},{"t":"1-3","s":"","d":{"X":-0.61,"Y":0.54}},{"t":"3-1","s":"","d":{"X":-0.28,"Y":0.49}},{"t":"6-3","s":"","d":{"X":-0.35,"Y":0.08}},{"t":"10-1","s":"","d":{"X":0.12,"Y":-0.84}},{"t":"11-1","s":"","d":{"X":-0.72,"Y":-0.54}}],"clr":{"R":243,"G":185,"B":195,"A":255}},"IG9-482":{"pid":"IG9-S","orb":2936.83,"per":48.94,"t":"GASPLANET","sp":"GASPLANET-33","s":123.8,"m":18449.42,"gd":206.34,"wic":{},"woc":{},"wgc":{},"sig":[{"t":"0-3","s":"","d":{"X":0.79}},{"t":"1-3","s":"","d":{"X":-0.4,"Y":-0.58}},{"t":"3-1","s":"","d":{"X":0.01,"Y":0.39}},{"t":"6-2","s":"","d":{"X":0.59,"Y":-0.14}},{"t":"7-2","s":"","d":{"X":0.16,"Y":-0.74}},{"t":"7-3","s":"","d":{"X":0.07,"Y":-1}},{"t":"8-1","s":"","d":{"X":0.04,"Y":-0.75}},{"t":"11-1","s":"","d":{"X":0.25,"Y":-0.37}}],"clr":{"R":228,"G":232,"B":246,"A":255}},"IG9-911":{"pid":"IG9-S","orb":2912.23,"per":48.53,"t":"GASPLANET","sp":"GASPLANET-2","s":206.71,"m":85873.42,"gd":344.51,"wic":{},"woc":{},"wgc":{},"emm":[{"Type":"1","MainRange":563,"MainValue":0.98,"FarRange":1292}],"sig":[{"t":"0-2","s":"","d":{"X":-0.47,"Y":0.33}},{"t":"1-3","s":"","d":{"X":-0.6,"Y":0.09}},{"t":"3-1","s":"","d":{"X":0.55,"Y":0.2}},{"t":"6-3","s":"","d":{"X":0.54,"Y":0.19}},{"t":"7-2","s":"","d":{"X":0.44,"Y":0.08}},{"t":"7-3","s":"","d":{"X":0.77,"Y":-0.33}},{"t":"8-1","s":"","d":{"X":-0.03,"Y":-0.74}},{"t":"10-1","s":"","d":{"X":-0.42,"Y":0.18}},{"t":"11-1","s":"","d":{"X":0.66,"Y":0.32}},{"t":"X1","s":"","d":{"X":0.427,"Y":0.611}}],"clr":{"R":254,"G":218,"B":229,"A":255}},"IG9-S":{"t":"STAR","sp":"STAR-5","s":449.99,"m":5062333.93,"gd":1499.98,"wic":{},"woc":{},"wgc":{},"emm":[{"Type":"2","MainRange":1238,"MainValue":5.61,"FarRange":3024}],"sig":[{"t":"X2","s":"","d":{"X":0.209,"Y":0.581}}],"clr":{"R":187,"G":245,"B":209,"A":255}}}}