{"SpawnDistance":56044.846000000005,"Points":{"BO9-0-0":{"pid":"BO9-sv","orb":4982.26,"per":24.32,"ang":16.99,"t":"ASTEROID","sp":"ASTEROID-4","s":28.28,"m":314.31,"gd":47.14,"wic":{},"woc":{},"wgc":{},"emm":[{"Type":"1","MainRange":52,"MainValue":0.31,"FarRange":119}],"sig":[{"t":"9-1","s":"","d":{"X":0.57,"Y":0.28}},{"t":"9-2","s":"","d":{"X":0.26,"Y":-0.72}},{"t":"X1","s":"","d":{"X":-0.808,"Y":-0.548}}],"clr":{"R":182,"G":220,"B":243,"A":255}},"BO9-0-1":{"pid":"BO9-sv","orb":3677.47,"per":17.95,"ang":224.31,"t":"ASTEROID","sp":"ASTEROID-3","s":13.57,"m":34.72,"gd":22.62,"wic":{},"woc":{},"wgc":{},"emm":[{"Type":"1","MainRange":63,"MainValue":0.13,"FarRange":144}],"sig":[{"t":"9-1","s":"","d":{"X":0.16,"Y":0.12}},{"t":"9-2","s":"","d":{"X":-0.03,"Y":0.52}},{"t":"X1","s":"","d":{"X":-0.337,"Y":-0.271}}],"clr":{"R":228,"G":250,"B":192,"A":255}},"BO9-0-10":{"pid":"BO9-sv","orb":4131.05,"per":20.16,"ang":109.62,"t":"ASTEROID","sp":"ASTEROID-4","s":19.41,"m":101.59,"gd":32.35,"wic":{},"woc":{},"wgc":{},"emm":[{"Type":"1","MainRange":61,"MainValue":0.16,"FarRange":163}],"sig":[{"t":"9-1","s":"","d":{"X":0.1,"Y":0.79}},{"t":"9-2","s":"","d":{"X":0.63,"Y":-0.64}},{"t":"X1","s":"","d":{"X":-0.113,"Y":-0.079}}],"clr":{"R":252,"G":240,"B":240,"A":255}},"BO9-0-11":{"pid":"BO9-sv","orb":4352.19,"per":21.24,"ang":182.77,"t":"ASTEROID","sp":"ASTEROID-5","s":15.93,"m":56.24,"gd":26.56,"wic":{},"woc":{},"wgc":{},"emm":[{"Type":"1","MainRange":55,"MainValue":0.25,"FarRange":149}],"sig":[{"t":"9-1","s":"","d":{"X":0.17,"Y":-0.31}},{"t":"9-2","s":"","d":{"X":0.05,"Y":0.64}},{"t":"X1","s":"","d":{"X":-0.039,"Y":-0.602}}],"clr":{"R":239,"G":241,"B":250,"A":255}},"BO9-0-12":{"pid":"BO9-sv","orb":4654.23,"per":22.72,"ang":60.91,"t":"ASTEROID","sp":"ASTEROID-4","s":16.76,"m":65.46,"gd":27.94,"wic":{},"woc":{},"wgc":{},"emm":[{"Type":"1","MainRange":52,"MainValue":0.21,"FarRange":83}],"sig":[{"t":"9-1","s":"","d":{"X":0.76,"Y":-0.29}},{"t":"9-2","s":"","d":{"X":0.92,"Y":0.18}},{"t":"X1","s":"","d":{"X":0.642,"Y":-0.084}}],"clr":{"R":236,"G":195,"B":195,"A":255}},"BO9-0-13":{"pid":"BO9-sv","orb":5754.91,"per":28.09,"ang":174.49,"t":"ASTEROID","sp":"ASTEROID-1","s":21.86,"m":145.21,"gd":36.44,"wic":{},"woc":{},"wgc":{},"emm":[{"Type":"1","MainRange":36,"MainValue":0.13,"FarRange":141},{"Type":"15","MainRange":65,"MainValue":0.1,"FarRange":95},{"Type":"18","MainRange":53,"MainValue":0.19,"FarRange":146}],"sig":[{"t":"9-1","s":"","d":{"X":0.64,"Y":-0.05}},{"t":"9-2","s":"","d":{"X":-0.13,"Y":0.1}},{"t":"X1","s":"","d":{"X":-0.23,"Y":0.47}},{"t":"X15","s":"","d":{"X":0.442,"Y":-0.659}},{"t":"X18","s":"","d":{"X":-0.862,"Y":0.11}}],"clr":{"R":209,"G":242,"B":240,"A":255}},"BO9-0-14":{"pid":"BO9-sv","orb":4065.88,"per":19.84,"ang":38.78,"t":"ASTEROID","sp":"ASTEROID-5","s":30.16,"m":381.31,"gd":50.27,"wic":{},"woc":{},"wgc":{},"emm":[{"Type":"1","MainRange":48,"MainValue":0.22,"FarRange":263}],"sig":[{"t":"9-1","s":"","d":{"Y":-0.14}},{"t":"9-2","s":"","d":{"X":-0.02,"Y":-0.17}},{"t":"X1","s":"","d":{"X":-0.749,"Y":-0.657}}],"clr":{"R":231,"G":208,"B":249,"A":255}},"BO9-0-15":{"pid":"BO9-sv","orb":5271.27,"per":25.73,"ang":167.27,"t":"ASTEROID","sp":"ASTEROID-4","s":19.57,"m":104.22,"gd":32.62,"wic":{},"woc":{},"wgc":{},"emm":[{"Type":"1","MainRange":36,"MainValue":0.24,"FarRange":184}],"sig":[{"t":"9-1","s":"","d":{"X":-0.22,"Y":-0.12}},{"t":"9-2","s":"","d":{"X":0.71,"Y":0.3}},{"t":"X1","s":"","d":{"X":0.329,"Y":-0.11}}],"clr":{"R":237,"G":218,"B":193,"A":255}},"BO9-0-16":{"pid":"BO9-sv","orb":4413.87,"per":21.54,"ang":347.81,"t":"ASTEROID","sp":"ASTEROID-3","s":13.17,"m":31.77,"gd":21.96,"wic":{},"woc":{},"wgc":{},"emm":[{"Type":"1","MainRange":42,"MainValue":0.19,"FarRange":123}],"sig":[{"t":"9-1","s":"","d":{"X":0.96,"Y":-0.2}},{"t":"9-2","s":"","d":{"X":-0.23,"Y":-0.95}},{"t":"X1","s":"","d":{"X":-0.652,"Y":-0.331}}],"clr":{"R":223,"G":217,"B":246,"A":255}},"BO9-0-17":{"pid":"BO9-sv","orb":4421.4,"per":21.58,"ang":151.95,"t":"ASTEROID","sp":"ASTEROID-1","s":21.54,"m":138.92,"gd":35.91,"wic":{},"woc":{},"wgc":{},"emm":[{"Type":"1","MainRange":26,"MainValue":0.07,"FarRange":219}],"sig":[{"t":"9-1","s":"","d":{"X":0.49,"Y":-0.08}},{"t":"9-2","s":"","d":{"X":-0.2,"Y":0.82}},{"t":"X1","s":"","d":{"X":-0.231,"Y":0.05}}],"clr":{"R":202,"G":247,"B":217,"A":255}},"BO9-0-18":{"pid":"BO9-sv","orb":4232.98,"per":20.66,"ang":235.15,"t":"ASTEROID","sp":"ASTEROID-2","s":16.45,"m":61.84,"gd":27.41,"wic":{},"woc":{},"wgc":{},"emm":[{"Type":"1","MainRange":34,"MainValue":0.19,"FarRange":171}],"sig":[{"t":"9-1","s":"","d":{"X":-0.18,"Y":0.88}},{"t":"9-2","s":"","d":{"X":-0.94,"Y":0.17}},{"t":"X1","s":"","d":{"X":0.222,"Y":0.211}}],"clr":{"R":170,"G":226,"B":248,"A":255}},"BO9-0-19":{"pid":"BO9-sv","orb":4818.99,"per":23.52,"ang":260.24,"t":"ASTEROID","sp":"ASTEROID-5","s":20.28,"m":115.84,"gd":33.8,"wic":{},"woc":{},"wgc":{},"emm":[{"Type":"1","MainRange":51,"MainValue":0.28,"FarRange":108}],"sig":[{"t":"9-1","s":"","d":{"X":-0.58,"Y":-0.3}},{"t":"9-2","s":"","d":{"X":0.72,"Y":0.03}},{"t":"X1","s":"","d":{"X":-0.25,"Y":0.081}}],"clr":{"R":184,"G":177,"B":249,"A":255}},"BO9-0-2":{"pid":"BO9-sv","orb":4681.19,"per":22.85,"ang":114.64,"t":"ASTEROID","sp":"ASTEROID-3","s":28.17,"m":310.51,"gd":46.95,"wic":{},"woc":{},"wgc":{},"emm":[{"Type":"1","MainRange":71,"MainValue":0.22,"FarRange":138}],"sig":[{"t":"9-1","s":"","d":{"X":-0.91,"Y":-0.35}},{"t":"9-2","s":"","d":{"X":0.69,"Y":-0.17}},{"t":"X1","s":"","d":{"X":0.013,"Y":0.798}}],"clr":{"R":205,"G":242,"B":239,"A":255}},"BO9-0-20":{"pid":"BO9-sv","orb":4047.59,"per":19.75,"ang":13.8,"t":"ASTEROID","sp":"ASTEROID-5","s":11.78,"m":22.76,"gd":19.64,"wic":{},"woc":{},"wgc":{},"emm":[{"Type":"1","MainRange":53,"MainValue":0.2,"FarRange":81}],"sig":[{"t":"9-1","s":"","d":{"X":-0.43,"Y":0.23}},{"t":"9-2","s":"","d":{"X":-0.58,"Y":-0.2}},{"t":"X1","s":"","d":{"X":0.198,"Y":-0.358}}],"clr":{"R":253,"G":221,"B":226,"A":255}},"BO9-0-21":{"pid":"BO9-sv","orb":5162.34,"per":25.2,"ang":52.67,"t":"ASTEROID","sp":"ASTEROID-1","s":18.42,"m":86.91,"gd":30.71,"wic":{},"woc":{},"wgc":{},"emm":[{"Type":"1","MainRange":51,"MainValue":0.23,"FarRange":138}],"sig":[{"t":"9-1","s":"","d":{"X":-0.02,"Y":0.79}},{"t":"9-2","s":"","d":{"X":-0.23,"Y":-0.72}},{"t":"X1","s":"","d":{"X":0.153,"Y":0.457}}],"clr":{"R":224,"G":248,"B":251,"A":255}},"BO9-0-22":{"pid":"BO9-sv","orb":4147.08,"per":20.24,"ang":113.36,"t":"ASTEROID","sp":"ASTEROID-5","s":22.55,"m":159.39,"gd":37.59,"wic":{},"woc":{},"wgc":{},"emm":[{"Type":"1","MainRange":57,"MainValue":0.2,"FarRange":207}],"sig":[{"t":"9-1","s":"","d":{"X":-0.14,"Y":0.73}},{"t":"9-2","s":"","d":{"X":0.68,"Y":0.28}},{"t":"X1","s":"","d":{"X":-0.125,"Y":0.015}}],"clr":{"R":201,"G":226,"B":248,"A":255}},"BO9-0-23":{"pid":"BO9-sv","orb":4310.61,"per":21.04,"ang":312.1,"t":"ASTEROID","sp":"ASTEROID-3","s":21.81,"m":144.25,"gd":36.36,"wic":{},"woc":{},"wgc":{},"emm":[{"Type":"1","MainRange":46,"MainValue":0.24,"FarRange":195},{"Type":"3","MainRange":52,"MainValue":0.29,"FarRange":119},{"Type":"26","MainRange":48,"MainValue":0.22,"FarRange":195},{"Type":"15","MainRange":48,"MainValue":0.17,"FarRange":102}],"sig":[{"t":"9-1","s":"","d":{"X":0.39,"Y":0.25}},{"t":"9-2","s":"","d":{"X":-0.96,"Y":0.26}},{"t":"X1","s":"","d":{"X":-0.69,"Y":-0.245}},{"t":"X3","s":"","d":{"X":-0.049,"Y":0.732}},{"t":"X26","s":"","d":{"X":0.487,"Y":-0.302}},{"t":"X15","s":"","d":{"X":0.228,"Y":-0.165}}],"clr":{"R":187,"G":176,"B":233,"A":255}},"BO9-0-24":{"pid":"BO9-sv","orb":4271.18,"per":20.85,"ang":262.94,"t":"ASTEROID","sp":"ASTEROID-4","s":17.73,"m":77.45,"gd":29.55,"wic":{},"woc":{},"wgc":{},"emm":[{"Type":"1","MainRange":32,"MainValue":0.04,"FarRange":138}],"sig":[{"t":"9-1","s":"","d":{"X":0.03,"Y":-0.05}},{"t":"9-2","s":"","d":{"X":-0.56,"Y":-0.49}},{"t":"X1","s":"","d":{"X":0.312,"Y":-0.555}}],"clr":{"R":244,"G":189,"B":225,"A":255}},"BO9-0-25":{"pid":"BO9-sv","orb":5107.02,"per":24.93,"ang":108.58,"t":"ASTEROID","sp":"ASTEROID-3","s":23.95,"m":190.92,"gd":39.92,"wic":{},"woc":{},"wgc":{},"emm":[{"Type":"1","MainRange":35,"MainValue":0.26,"FarRange":120}],"sig":[{"t":"9-1","s":"","d":{"X":-0.88,"Y":-0.44}},{"t":"9-2","s":"","d":{"X":0.3,"Y":-0.47}},{"t":"X1","s":"","d":{"X":-0.296,"Y":-0.854}}],"clr":{"R":254,"G":251,"B":240,"A":255}},"BO9-0-26":{"pid":"BO9-sv","orb":3773.65,"per":18.42,"ang":146.07,"t":"ASTEROID","sp":"ASTEROID-3","s":21.7,"m":142.03,"gd":36.17,"wic":{},"woc":{},"wgc":{},"emm":[{"Type":"1","MainRange":33,"MainValue":0.2,"FarRange":146}],"sig":[{"t":"9-1","s":"","d":{"X":-0.1,"Y":-0.73}},{"t":"9-2","s":"","d":{"X":0.87,"Y":0.38}},{"t":"X1","s":"","d":{"X":-0.411,"Y":-0.127}}],"clr":{"R":251,"G":182,"B":210,"A":255}},"BO9-0-27":{"pid":"BO9-sv","orb":4204.33,"per":20.52,"ang":175.2,"t":"ASTEROID","sp":"ASTEROID-1","s":22.61,"m":160.65,"gd":37.69,"wic":{},"woc":{},"wgc":{},"emm":[{"Type":"1","MainRange":75.60000000000001,"MainValue":0.38,"FarRange":84}],"sig":[{"t":"9-1","s":"","d":{"X":0.44,"Y":0.79}},{"t":"9-2","s":"","d":{"X":0.28,"Y":-0.52}},{"t":"X1","s":"","d":{"X":0.151,"Y":-0.166}}],"clr":{"R":191,"G":213,"B":244,"A":255}},"BO9-0-28":{"pid":"BO9-sv","orb":4344.13,"per":21.2,"ang":333.2,"t":"ASTEROID","sp":"ASTEROID-2","s":14.65,"m":43.72,"gd":24.42,"wic":{},"woc":{},"wgc":{},"emm":[{"Type":"1","MainRange":42,"MainValue":0.2,"FarRange":182},{"Type":"26","MainRange":48,"MainValue":0.12,"FarRange":247}],"sig":[{"t":"9-1","s":"","d":{"X":0.66,"Y":0.17}},{"t":"9-2","s":"","d":{"X":-0.91,"Y":-0.12}},{"t":"X1","s":"","d":{"X":0.104,"Y":0.445}},{"t":"X26","s":"","d":{"X":-0.78,"Y":-0.532}}],"clr":{"R":247,"G":251,"B":252,"A":255}},"BO9-0-29":{"pid":"BO9-sv","orb":4776.53,"per":23.31,"ang":11.57,"t":"ASTEROID","sp":"ASTEROID-4","s":14.25,"m":40.24,"gd":23.76,"wic":{},"woc":{},"wgc":{},"emm":[{"Type":"1","MainRange":26,"MainValue":0.17,"FarRange":113}],"sig":[{"t":"9-1","s":"","d":{"X":0.32,"Y":-0.17}},{"t":"9-2","s":"","d":{"X":0.38,"Y":0.8}},{"t":"X1","s":"","d":{"X":0.453,"Y":-0.638}}],"clr":{"R":249,"G":249,"B":213,"A":255}},"BO9-0-3":{"pid":"BO9-sv","orb":4312.95,"per":21.05,"ang":186.74,"t":"ASTEROID","sp":"ASTEROID-1","s":20.45,"m":118.93,"gd":34.09,"wic":{},"woc":{},"wgc":{},"emm":[{"Type":"1","MainRange":54,"MainValue":0.21,"FarRange":162}],"sig":[{"t":"9-1","s":"","d":{"X":0.42,"Y":0.76}},{"t":"9-2","s":"","d":{"X":-0.53,"Y":-0.32}},{"t":"X1","s":"","d":{"X":-0.685,"Y":0.127}}],"clr":{"R":251,"G":223,"B":239,"A":255}},"BO9-0-30":{"pid":"BO9-sv","orb":5638.31,"per":27.52,"ang":321.47,"t":"ASTEROID","sp":"ASTEROID-2","s":24.16,"m":196.07,"gd":40.28,"wic":{},"woc":{},"wgc":{},"emm":[{"Type":"1","MainRange":51,"MainValue":0.27,"FarRange":188}],"sig":[{"t":"9-1","s":"","d":{"X":0.04,"Y":0.01}},{"t":"9-2","s":"","d":{"X":0.44,"Y":0.63}},{"t":"X1","s":"","d":{"X":-0.323,"Y":-0.254}}],"clr":{"R":203,"G":245,"B":199,"A":255}},"BO9-0-31":{"pid":"BO9-sv","orb":4722.11,"per":23.05,"ang":105.23,"t":"ASTEROID","sp":"ASTEROID-1","s":13.68,"m":35.63,"gd":22.81,"wic":{},"woc":{},"wgc":{},"emm":[{"Type":"1","MainRange":34,"MainValue":0.18,"FarRange":141}],"sig":[{"t":"9-1","s":"","d":{"X":-0.36,"Y":0.24}},{"t":"9-2","s":"","d":{"X":-0.44,"Y":-0.46}},{"t":"X1","s":"","d":{"X":-0.195,"Y":-0.398}}],"clr":{"R":251,"G":254,"B":253,"A":255}},"BO9-0-32":{"pid":"BO9-sv","orb":3747.67,"per":18.29,"ang":4.89,"t":"ASTEROID","sp":"ASTEROID-4","s":16.24,"m":59.54,"gd":27.07,"wic":{},"woc":{},"wgc":{},"emm":[{"Type":"1","MainRange":15,"MainValue":0.17,"FarRange":153}],"sig":[{"t":"9-1","s":"","d":{"X":-0.49,"Y":0.44}},{"t":"9-2","s":"","d":{"X":-0.29,"Y":-0.71}},{"t":"X1","s":"","d":{"X":0.89,"Y":0.367}}],"clr":{"R":253,"G":251,"B":254,"A":255}},"BO9-0-33":{"pid":"BO9-sv","orb":4574.54,"per":22.33,"ang":66.82,"t":"ASTEROID","sp":"ASTEROID-4","s":19.6,"m":104.63,"gd":32.67,"wic":{},"woc":{},"wgc":{},"emm":[{"Type":"1","MainRange":42,"MainValue":0.22,"FarRange":117}],"sig":[{"t":"9-1","s":"","d":{"X":-0.01,"Y":-0.43}},{"t":"9-2","s":"","d":{"X":-0.59,"Y":-0.5}},{"t":"X1","s":"","d":{"X":-0.561,"Y":-0.274}}],"clr":{"R":248,"G":188,"B":247,"A":255}},"BO9-0-34":{"pid":"BO9-sv","orb":4611.95,"per":22.51,"ang":55.63,"t":"ASTEROID","sp":"ASTEROID-3","s":21.59,"m":139.87,"gd":35.99,"wic":{},"woc":{},"wgc":{},"emm":[{"Type":"1","MainRange":13,"MainValue":0.19,"FarRange":108}],"sig":[{"t":"9-1","s":"","d":{"X":-0.16,"Y":0.57}},{"t":"9-2","s":"","d":{"X":-0.28,"Y":0.3}},{"t":"X1","s":"","d":{"X":-0.329,"Y":0.184}}],"clr":{"R":217,"G":222,"B":246,"A":255}},"BO9-0-35":{"pid":"BO9-sv","orb":5242.18,"per":25.59,"ang":352.57,"t":"ASTEROID","sp":"ASTEROID-4","s":16.48,"m":62.17,"gd":27.46,"wic":{},"woc":{},"wgc":{},"emm":[{"Type":"1","MainRange":46,"MainValue":0.17,"FarRange":174}],"sig":[{"t":"9-1","s":"","d":{"X":0.34,"Y":0.46}},{"t":"9-2","s":"","d":{"X":0.21,"Y":0.28}},{"t":"X1","s":"","d":{"X":-0.267,"Y":-0.512}}],"clr":{"R":202,"G":206,"B":239,"A":255}},"BO9-0-36":{"pid":"BO9-sv","orb":4704.73,"per":22.96,"ang":112.5,"t":"ASTEROID","sp":"ASTEROID-2","s":21.76,"m":143.2,"gd":36.27,"wic":{},"woc":{},"wgc":{},"emm":[{"Type":"1","MainRange":76,"MainValue":0.15,"FarRange":110}],"sig":[{"t":"9-1","s":"","d":{"X":-0.12,"Y":-0.45}},{"t":"9-2","s":"","d":{"X":-0.31,"Y":-0.63}},{"t":"X1","s":"","d":{"X":-0.101,"Y":-0.019}}],"clr":{"R":254,"G":173,"B":183,"A":255}},"BO9-0-37":{"pid":"BO9-sv","orb":3665.56,"per":17.89,"ang":267.66,"t":"ASTEROID","sp":"ASTEROID-1","s":8.57,"m":8.76,"gd":14.29,"wic":{},"woc":{},"wgc":{},"emm":[{"Type":"1","MainRange":62,"MainValue":0.19,"FarRange":237}],"sig":[{"t":"9-1","s":"","d":{"X":0.14,"Y":-0.76}},{"t":"9-2","s":"","d":{"X":-0.49,"Y":-0.14}},{"t":"X1","s":"","d":{"X":-0.387,"Y":0.9}}],"clr":{"R":253,"G":215,"B":233,"A":255}},"BO9-0-38":{"pid":"BO9-sv","orb":3997.63,"per":19.51,"ang":141.66,"t":"ASTEROID","sp":"ASTEROID-3","s":18.97,"m":94.84,"gd":31.61,"wic":{},"woc":{},"wgc":{},"emm":[{"Type":"1","MainRange":56,"MainValue":0.27,"FarRange":102}],"sig":[{"t":"9-1","s":"","d":{"X":0.67,"Y":0.1}},{"t":"9-2","s":"","d":{"X":-0.68,"Y":-0.45}},{"t":"X1","s":"","d":{"X":0.05,"Y":-0.705}}],"clr":{"R":247,"G":252,"B":241,"A":255}},"BO9-0-39":{"pid":"BO9-sv","orb":3896.78,"per":19.02,"ang":248.6,"t":"ASTEROID","sp":"ASTEROID-1","s":14.28,"m":40.52,"gd":23.81,"wic":{},"woc":{},"wgc":{},"emm":[{"Type":"1","MainRange":29,"MainValue":0.26,"FarRange":124}],"sig":[{"t":"9-1","s":"","d":{"X":0.54,"Y":-0.16}},{"t":"9-2","s":"","d":{"X":-0.51,"Y":0.2}},{"t":"X1","s":"","d":{"X":-0.336,"Y":0.354}}],"clr":{"R":210,"G":249,"B":201,"A":255}},"BO9-0-4":{"pid":"BO9-sv","orb":4688.35,"per":22.88,"ang":110,"t":"ASTEROID","sp":"ASTEROID-2","s":19.99,"m":110.97,"gd":33.31,"wic":{},"woc":{},"wgc":{},"emm":[{"Type":"1","MainRange":55,"MainValue":0.14,"FarRange":167}],"sig":[{"t":"9-1","s":"","d":{"X":0.44,"Y":0.29}},{"t":"9-2","s":"","d":{"X":-0.65,"Y":0.15}},{"t":"X1","s":"","d":{"X":0.641,"Y":0.288}}],"clr":{"R":192,"G":254,"B":237,"A":255}},"BO9-0-40":{"pid":"BO9-sv","orb":4191.13,"per":20.45,"ang":227.87,"t":"ASTEROID","sp":"ASTEROID-2","s":24.6,"m":206.87,"gd":41,"wic":{},"woc":{},"wgc":{},"emm":[{"Type":"1","MainRange":51,"MainValue":0.27,"FarRange":153}],"sig":[{"t":"9-1","s":"","d":{"X":0.26,"Y":-0.61}},{"t":"9-2","s":"","d":{"X":-0.25,"Y":0.29}},{"t":"X1","s":"","d":{"X":0.102,"Y":0.106}}],"clr":{"R":228,"G":252,"B":174,"A":255}},"BO9-0-41":{"pid":"BO9-sv","orb":4022.37,"per":19.63,"ang":141.75,"t":"ASTEROID","sp":"ASTEROID-2","s":15.36,"m":50.41,"gd":25.61,"wic":{},"woc":{},"wgc":{},"emm":[{"Type":"1","MainRange":68,"MainValue":0.18,"FarRange":265},{"Type":"12","MainRange":64,"MainValue":0.23,"FarRange":150}],"sig":[{"t":"9-1","s":"","d":{"X":0.68,"Y":-0.62}},{"t":"9-2","s":"","d":{"X":0.72,"Y":0.12}},{"t":"X1","s":"","d":{"X":-0.108,"Y":-0.461}},{"t":"X12","s":"","d":{"X":0.698,"Y":0.263}}],"clr":{"R":251,"G":210,"B":208,"A":255}},"BO9-0-42":{"pid":"BO9-sv","orb":3234.4,"per":15.78,"ang":25.19,"t":"ASTEROID","sp":"ASTEROID-5","s":17.31,"m":72.04,"gd":28.85,"wic":{},"woc":{},"wgc":{},"emm":[{"Type":"1","MainRange":44,"MainValue":0.19,"FarRange":108}],"sig":[{"t":"9-1","s":"","d":{"X":-0.84,"Y":0.46}},{"t":"9-2","s":"","d":{"X":-0.56,"Y":-0.47}},{"t":"X1","s":"","d":{"X":-0.019,"Y":-0.322}}],"clr":{"R":184,"G":196,"B":249,"A":255}},"BO9-0-43":{"pid":"BO9-sv","orb":4535.49,"per":22.14,"ang":76.13,"t":"ASTEROID","sp":"ASTEROID-1","s":23.48,"m":180.01,"gd":39.14,"wic":{},"woc":{},"wgc":{},"emm":[{"Type":"1","MainRange":37,"MainValue":0.19,"FarRange":71}],"sig":[{"t":"9-1","s":"","d":{"X":-0.98,"Y":0.2}},{"t":"9-2","s":"","d":{"X":0.33,"Y":0.55}},{"t":"X1","s":"","d":{"X":-0.027,"Y":0.339}}],"clr":{"R":187,"G":240,"B":234,"A":255}},"BO9-0-44":{"pid":"BO9-sv","orb":4327.74,"per":21.12,"ang":1.44,"t":"ASTEROID","sp":"ASTEROID-4","s":22.27,"m":153.47,"gd":37.12,"wic":{},"woc":{},"wgc":{},"emm":[{"Type":"1","MainRange":34,"MainValue":0.18,"FarRange":82},{"Type":"2","MainRange":58,"MainValue":0.12,"FarRange":109}],"sig":[{"t":"9-1","s":"","d":{"X":-0.85,"Y":0.23}},{"t":"9-2","s":"","d":{"X":0.16,"Y":-0.31}},{"t":"X1","s":"","d":{"X":0.924,"Y":0.272}},{"t":"X2","s":"","d":{"X":-0.05,"Y":-0.379}}],"clr":{"R":219,"G":229,"B":245,"A":255}},"BO9-0-45":{"pid":"BO9-sv","orb":4411.27,"per":21.53,"ang":318.66,"t":"ASTEROID","sp":"ASTEROID-2","s":13.52,"m":34.33,"gd":22.53,"wic":{},"woc":{},"wgc":{},"emm":[{"Type":"1","MainRange":50,"MainValue":0.12,"FarRange":241}],"sig":[{"t":"9-1","s":"","d":{"X":-0.09,"Y":0.74}},{"t":"9-2","s":"","d":{"X":0.83,"Y":0.33}},{"t":"X1","s":"","d":{"X":-0.718,"Y":-0.558}}],"clr":{"R":180,"G":226,"B":247,"A":255}},"BO9-0-5":{"pid":"BO9-sv","orb":4751.96,"per":23.19,"ang":114.61,"t":"ASTEROID","sp":"ASTEROID-3","s":16.47,"m":62.09,"gd":27.45,"wic":{},"woc":{},"wgc":{},"emm":[{"Type":"1","MainRange":33,"MainValue":0.19,"FarRange":99}],"sig":[{"t":"9-1","s":"","d":{"X":-0.86,"Y":0.38}},{"t":"9-2","s":"","d":{"X":0.26,"Y":-0.76}},{"t":"X1","s":"","d":{"X":0.414,"Y":-0.453}}],"clr":{"R":227,"G":245,"B":213,"A":255}},"BO9-0-6":{"pid":"BO9-sv","orb":4365.13,"per":21.3,"ang":320.07,"t":"ASTEROID","sp":"ASTEROID-5","s":13.04,"m":30.82,"gd":21.73,"wic":{},"woc":{},"wgc":{},"emm":[{"Type":"1","MainRange":53,"MainValue":0.18,"FarRange":111},{"Type":"20","MainRange":49,"MainValue":0.26,"FarRange":161},{"Type":"10","MainRange":38,"MainValue":0.13,"FarRange":156}],"sig":[{"t":"9-1","s":"","d":{"X":0.72,"Y":0.47}},{"t":"9-2","s":"","d":{"X":0.52,"Y":-0.45}},{"t":"X1","s":"","d":{"X":0.405,"Y":0.578}},{"t":"X20","s":"","d":{"X":-0.516,"Y":0.109}},{"t":"X10","s":"","d":{"X":0.644,"Y":-0.185}}],"clr":{"R":248,"G":195,"B":235,"A":255}},"BO9-0-7":{"pid":"BO9-sv","orb":3559.52,"per":17.37,"ang":57.67,"t":"ASTEROID","sp":"ASTEROID-4","s":23.55,"m":181.5,"gd":39.25,"wic":{},"woc":{},"wgc":{},"emm":[{"Type":"1","MainRange":48,"MainValue":0.17,"FarRange":216}],"sig":[{"t":"9-1","s":"","d":{"X":0.37,"Y":-0.02}},{"t":"9-2","s":"","d":{"X":0.13,"Y":0.22}},{"t":"X1","s":"","d":{"X":0.075,"Y":0.889}}],"clr":{"R":219,"G":212,"B":241,"A":255}},"BO9-0-8":{"pid":"BO9-sv","orb":4932.85,"per":24.08,"ang":62.79,"t":"ASTEROID","sp":"ASTEROID-4","s":19.55,"m":103.92,"gd":32.59,"wic":{},"woc":{},"wgc":{},"emm":[{"Type":"1","MainRange":48,"MainValue":0.33,"FarRange":115}],"sig":[{"t":"9-1","s":"","d":{"X":-0.39,"Y":0.13}},{"t":"9-2","s":"","d":{"X":-0.66,"Y":0.13}},{"t":"X1","s":"","d":{"X":-0.898,"Y":-0.251}}],"clr":{"R":245,"G":224,"B":243,"A":255}},"BO9-0-9":{"pid":"BO9-sv","orb":4379.49,"per":21.37,"ang":178.91,"t":"ASTEROID","sp":"ASTEROID-5","s":21.54,"m":138.85,"gd":35.9,"wic":{},"woc":{},"wgc":{},"emm":[{"Type":"1","MainRange":44,"MainValue":0.24,"FarRange":218}],"sig":[{"t":"9-1","s":"","d":{"X":-0.11,"Y":-0.62}},{"t":"9-2","s":"","d":{"X":0.13,"Y":0.9}},{"t":"X1","s":"","d":{"X":0.662,"Y":0.507}}],"clr":{"R":242,"G":216,"B":234,"A":255}},"BO9-047":{"pid":"BO9-sv","orb":36738.4,"per":179.34,"t":"GASPLANET","sp":"GASPLANET-6","s":264.23,"m":179364.82,"gd":440.39,"wic":{},"woc":{},"wgc":{},"sig":[{"t":"0-2","s":"","d":{"X":-0.25,"Y":0.89}},{"t":"1-3","s":"","d":{"X":-0.51,"Y":0.63}},{"t":"3-1","s":"","d":{"X":-0.21,"Y":0.43}},{"t":"6-3","s":"","d":{"X":0.82,"Y":-0.29}},{"t":"7-2","s":"","d":{"X":0.9,"Y":0.28}},{"t":"7-3","s":"","d":{"X":-0.39,"Y":0.51}},{"t":"8-1","s":"","d":{"X":0.13,"Y":0.35}},{"t":"8-2","s":"","d":{"X":0.45,"Y":-0.06}},{"t":"10-2","s":"","d":{"X":0.26,"Y":0.47}},{"t":"11-1","s":"","d":{"X":0.7,"Y":0.27}}],"clr":{"R":198,"G":197,"B":236,"A":255}},"BO9-047-0":{"pid":"BO9-047","orb":5147.31,"per":25.12,"ang":225.32,"t":"ASTEROID","sp":"ASTEROID-3","s":16,"m":56.97,"gd":26.68,"wic":{},"woc":{},"wgc":{},"emm":[{"Type":"1","MainRange":43,"MainValue":0.2,"FarRange":225}],"sig":[{"t":"9-1","s":"","d":{"X":0.16,"Y":-0.23}},{"t":"9-2","s":"","d":{"X":-0.42,"Y":0.76}},{"t":"X1","s":"","d":{"X":0.838,"Y":0.382}}],"clr":{"R":220,"G":240,"B":252,"A":255}},"BO9-047-1":{"pid":"BO9-047","orb":5753.5,"per":28.08,"ang":37.54,"t":"ASTEROID","sp":"ASTEROID-1","s":15.79,"m":54.67,"gd":26.31,"wic":{},"woc":{},"wgc":{},"emm":[{"Type":"1","MainRange":57,"MainValue":0.14,"FarRange":156}],"sig":[{"t":"9-1","s":"","d":{"X":-0.71,"Y":0.29}},{"t":"9-2","s":"","d":{"X":0.86,"Y":0.01}},{"t":"X1","s":"","d":{"X":0.364,"Y":0.061}}],"clr":{"R":230,"G":241,"B":252,"A":255}},"BO9-047-10":{"pid":"BO9-047","orb":6127.87,"per":29.91,"ang":18.02,"t":"ASTEROID","sp":"ASTEROID-4","s":30.16,"m":381.05,"gd":50.26,"wic":{},"woc":{},"wgc":{},"emm":[{"Type":"1","MainRange":40,"MainValue":0.11,"FarRange":112}],"sig":[{"t":"9-1","s":"","d":{"X":0.92,"Y":-0.16}},{"t":"9-2","s":"","d":{"X":-0.71,"Y":-0.65}},{"t":"X1","s":"","d":{"X":-0.491,"Y":-0.684}}],"clr":{"R":254,"G":248,"B":215,"A":255}},"BO9-047-11":{"pid":"BO9-047","orb":5133.97,"per":25.06,"ang":50.21,"t":"ASTEROID","sp":"ASTEROID-1","s":17.91,"m":79.8,"gd":29.85,"wic":{},"woc":{},"wgc":{},"emm":[{"Type":"1","MainRange":37,"MainValue":0.15,"FarRange":125}],"sig":[{"t":"9-1","s":"","d":{"X":-0.15,"Y":0.4}},{"t":"9-2","s":"","d":{"X":0.5,"Y":-0.66}},{"t":"X1","s":"","d":{"X":0.284,"Y":-0.663}}],"clr":{"R":249,"G":219,"B":225,"A":255}},"BO9-047-12":{"pid":"BO9-047","orb":4690.21,"per":22.89,"ang":142.78,"t":"ASTEROID","sp":"ASTEROID-1","s":22.17,"m":151.5,"gd":36.96,"wic":{},"woc":{},"wgc":{},"emm":[{"Type":"1","MainRange":22,"MainValue":0.21,"FarRange":178}],"sig":[{"t":"9-1","s":"","d":{"X":0.37,"Y":0.88}},{"t":"9-2","s":"","d":{"X":0.17,"Y":0.79}},{"t":"X1","s":"","d":{"X":0.656,"Y":-0.499}}],"clr":{"R":198,"G":249,"B":158,"A":255}},"BO9-047-13":{"pid":"BO9-047","orb":4991.24,"per":24.36,"ang":48.11,"t":"ASTEROID","sp":"ASTEROID-5","s":13.25,"m":32.32,"gd":22.08,"wic":{},"woc":{},"wgc":{},"emm":[{"Type":"1","MainRange":30,"MainValue":0.3,"FarRange":153}],"sig":[{"t":"9-1","s":"","d":{"X":-0.08,"Y":-0.85}},{"t":"9-2","s":"","d":{"X":-0.4,"Y":-0.18}},{"t":"X1","s":"","d":{"X":-0.712,"Y":-0.129}}],"clr":{"R":239,"G":174,"B":235,"A":255}},"BO9-047-14":{"pid":"BO9-047","orb":5115.57,"per":24.97,"ang":312.58,"t":"ASTEROID","sp":"ASTEROID-5","s":9.09,"m":10.45,"gd":15.16,"wic":{},"woc":{},"wgc":{},"emm":[{"Type":"1","MainRange":17,"MainValue":0.22,"FarRange":158}],"sig":[{"t":"9-1","s":"","d":{"X":0.77,"Y":-0.3}},{"t":"9-2","s":"","d":{"X":-0.36,"Y":0.47}},{"t":"X1","s":"","d":{"X":-0.054,"Y":0.195}}],"clr":{"R":239,"G":204,"B":202,"A":255}},"BO9-047-15":{"pid":"BO9-047","orb":5119.7,"per":24.99,"ang":272.19,"t":"ASTEROID","sp":"ASTEROID-1","s":21.65,"m":141.13,"gd":36.09,"wic":{},"woc":{},"wgc":{},"emm":[{"Type":"1","MainRange":54,"MainValue":0.26,"FarRange":104},{"Type":"11","MainRange":41,"MainValue":0.23,"FarRange":96}],"sig":[{"t":"9-1","s":"","d":{"X":-0.43,"Y":0.4}},{"t":"9-2","s":"","d":{"X":0.75,"Y":0.56}},{"t":"X1","s":"","d":{"X":-0.259,"Y":-0.093}},{"t":"X11","s":"","d":{"X":0.34,"Y":-0.734}}],"clr":{"R":246,"G":222,"B":214,"A":255}},"BO9-047-16":{"pid":"BO9-047","orb":5594.53,"per":27.31,"ang":282.21,"t":"ASTEROID","sp":"ASTEROID-5","s":22.13,"m":150.57,"gd":36.88,"wic":{},"woc":{},"wgc":{},"emm":[{"Type":"1","MainRange":32,"MainValue":0.09,"FarRange":154}],"sig":[{"t":"9-1","s":"","d":{"X":-0.12,"Y":0.5}},{"t":"9-2","s":"","d":{"X":0.82,"Y":-0.28}},{"t":"X1","s":"","d":{"X":0.895,"Y":-0.322}}],"clr":{"R":201,"G":249,"B":180,"A":255}},"BO9-047-17":{"pid":"BO9-047","orb":5241.84,"per":25.58,"ang":91.25,"t":"ASTEROID","sp":"ASTEROID-5","s":21.04,"m":129.39,"gd":35.06,"wic":{},"woc":{},"wgc":{},"emm":[{"Type":"1","MainRange":17,"MainValue":0.22,"FarRange":121},{"Type":"18","MainRange":33,"MainValue":0.01,"FarRange":158},{"Type":"15","MainRange":59.4,"MainValue":0.27,"FarRange":66}],"sig":[{"t":"9-1","s":"","d":{"X":0.45,"Y":-0.37}},{"t":"9-2","s":"","d":{"X":0.1,"Y":0.14}},{"t":"X1","s":"","d":{"X":-0.858,"Y":0.474}},{"t":"X18","s":"","d":{"X":0.056,"Y":0.79}},{"t":"X15","s":"","d":{"X":-0.497,"Y":0.29}}],"clr":{"R":253,"G":248,"B":242,"A":255}},"BO9-047-18":{"pid":"BO9-047","orb":5175.14,"per":25.26,"ang":102.43,"t":"ASTEROID","sp":"ASTEROID-5","s":19.45,"m":102.21,"gd":32.41,"wic":{},"woc":{},"wgc":{},"emm":[{"Type":"1","MainRange":54,"MainValue":0.19,"FarRange":209}],"sig":[{"t":"9-1","s":"","d":{"X":-0.95,"Y":-0.26}},{"t":"9-2","s":"","d":{"X":-0.11,"Y":0.53}},{"t":"X1","s":"","d":{"X":-0.61,"Y":-0.173}}],"clr":{"R":243,"G":243,"B":192,"A":255}},"BO9-047-19":{"pid":"BO9-047","orb":5308.27,"per":25.91,"ang":36.32,"t":"ASTEROID","sp":"ASTEROID-5","s":30.83,"m":407.19,"gd":51.39,"wic":{},"woc":{},"wgc":{},"emm":[{"Type":"1","MainRange":37,"MainValue":0.12,"FarRange":84}],"sig":[{"t":"9-1","s":"","d":{"X":0.42,"Y":0.88}},{"t":"9-2","s":"","d":{"X":-0.36,"Y":0.47}},{"t":"X1","s":"","d":{"X":-0.043,"Y":0.201}}],"clr":{"R":177,"G":246,"B":166,"A":255}},"BO9-047-2":{"pid":"BO9-047","orb":5368.75,"per":26.2,"ang":119.31,"t":"ASTEROID","sp":"ASTEROID-2","s":14.63,"m":43.55,"gd":24.39,"wic":{},"woc":{},"wgc":{},"emm":[{"Type":"1","MainRange":55,"MainValue":0.13,"FarRange":142}],"sig":[{"t":"9-1","s":"","d":{"X":0.77,"Y":0.16}},{"t":"9-2","s":"","d":{"X":0.19,"Y":-0.1}},{"t":"X1","s":"","d":{"X":0.516,"Y":0.774}}],"clr":{"R":249,"G":253,"B":254,"A":255}},"BO9-047-20":{"pid":"BO9-047","orb":4705.02,"per":22.96,"ang":223.77,"t":"ASTEROID","sp":"ASTEROID-2","s":21.13,"m":131.09,"gd":35.22,"wic":{},"woc":{},"wgc":{},"emm":[{"Type":"1","MainRange":54,"MainValue":0.2,"FarRange":168}],"sig":[{"t":"9-1","s":"","d":{"X":0.9,"Y":0.16}},{"t":"9-2","s":"","d":{"X":0.15,"Y":-0.69}},{"t":"X1","s":"","d":{"X":0.269,"Y":0.108}}],"clr":{"R":190,"G":235,"B":194,"A":255}},"BO9-047-21":{"pid":"BO9-047","orb":4671,"per":22.8,"ang":38.19,"t":"ASTEROID","sp":"ASTEROID-1","s":18.41,"m":86.76,"gd":30.69,"wic":{},"woc":{},"wgc":{},"emm":[{"Type":"1","MainRange":40,"MainValue":0.18,"FarRange":205},{"Type":"16","MainRange":56,"MainValue":0.2,"FarRange":177},{"Type":"10","MainRange":32,"MainValue":0.16,"FarRange":123},{"Type":"2","MainRange":43,"MainValue":0.21,"FarRange":136}],"sig":[{"t":"9-1","s":"","d":{"X":0.58,"Y":-0.16}},{"t":"9-2","s":"","d":{"X":0.46,"Y":-0.56}},{"t":"X1","s":"","d":{"X":0.156,"Y":0.223}},{"t":"X16","s":"","d":{"X":-0.469,"Y":-0.356}},{"t":"X10","s":"","d":{"X":0.011,"Y":-0.308}},{"t":"X2","s":"","d":{"X":-0.645,"Y":-0.493}}],"clr":{"R":251,"G":228,"B":235,"A":255}},"BO9-047-22":{"pid":"BO9-047","orb":5679.59,"per":27.72,"ang":265.35,"t":"ASTEROID","sp":"ASTEROID-3","s":14.95,"m":46.46,"gd":24.92,"wic":{},"woc":{},"wgc":{},"emm":[{"Type":"1","MainRange":53,"MainValue":0.19,"FarRange":181}],"sig":[{"t":"9-1","s":"","d":{"X":0.11,"Y":0.89}},{"t":"9-2","s":"","d":{"X":0.73,"Y":0.2}},{"t":"X1","s":"","d":{"X":-0.166,"Y":-0.237}}],"clr":{"R":222,"G":204,"B":240,"A":255}},"BO9-047-23":{"pid":"BO9-047","orb":4677.8,"per":22.83,"ang":68.74,"t":"ASTEROID","sp":"ASTEROID-4","s":16.1,"m":57.96,"gd":26.83,"wic":{},"woc":{},"wgc":{},"emm":[{"Type":"1","MainRange":34,"MainValue":0.13,"FarRange":124},{"Type":"6","MainRange":30,"MainValue":0.11,"FarRange":105},{"Type":"5","MainRange":16,"MainValue":0.15,"FarRange":123}],"sig":[{"t":"9-1","s":"","d":{"X":-0.3,"Y":0.8}},{"t":"9-2","s":"","d":{"X":0.01,"Y":-0.67}},{"t":"X1","s":"","d":{"X":0.734,"Y":-0.196}},{"t":"X6","s":"","d":{"X":0.485,"Y":0.765}},{"t":"X5","s":"","d":{"X":0.558,"Y":-0.594}}],"clr":{"R":222,"G":217,"B":252,"A":255}},"BO9-047-3":{"pid":"BO9-047","orb":5292.4,"per":25.83,"ang":20.23,"t":"ASTEROID","sp":"ASTEROID-4","s":17.34,"m":72.48,"gd":28.9,"wic":{},"woc":{},"wgc":{},"emm":[{"Type":"1","MainRange":53,"MainValue":0.12,"FarRange":154}],"sig":[{"t":"9-1","s":"","d":{"X":-0.35,"Y":0.33}},{"t":"9-2","s":"","d":{"X":-0.55,"Y":0.43}},{"t":"X1","s":"","d":{"X":0.335,"Y":-0.049}}],"clr":{"R":242,"G":253,"B":226,"A":255}},"BO9-047-4":{"pid":"BO9-047","orb":5105.66,"per":24.92,"ang":257.67,"t":"ASTEROID","sp":"ASTEROID-4","s":19.13,"m":97.32,"gd":31.89,"wic":{},"woc":{},"wgc":{},"emm":[{"Type":"1","MainRange":58,"MainValue":0.15,"FarRange":122}],"sig":[{"t":"9-1","s":"","d":{"X":-0.63,"Y":-0.31}},{"t":"9-2","s":"","d":{"X":0.48,"Y":-0.61}},{"t":"X1","s":"","d":{"X":-0.237,"Y":-0.545}}],"clr":{"R":247,"G":249,"B":219,"A":255}},"BO9-047-5":{"pid":"BO9-047","orb":4926.58,"per":24.04,"ang":60.9,"t":"ASTEROID","sp":"ASTEROID-4","s":31.66,"m":441.13,"gd":52.78,"wic":{},"woc":{},"wgc":{},"emm":[{"Type":"1","MainRange":41,"MainValue":0.23,"FarRange":117}],"sig":[{"t":"9-1","s":"","d":{"X":0.84,"Y":0.34}},{"t":"9-2","s":"","d":{"X":0.65,"Y":0.25}},{"t":"X1","s":"","d":{"X":0.802,"Y":0.546}}],"clr":{"R":178,"G":216,"B":242,"A":255}},"BO9-047-6":{"pid":"BO9-047","orb":5713.14,"per":27.88,"ang":124.91,"t":"ASTEROID","sp":"ASTEROID-4","s":22.23,"m":152.68,"gd":37.05,"wic":{},"woc":{},"wgc":{},"emm":[{"Type":"1","MainRange":47,"MainValue":0.25,"FarRange":117}],"sig":[{"t":"9-1","s":"","d":{"X":-0.36,"Y":0.84}},{"t":"9-2","s":"","d":{"X":-0.24,"Y":-0.79}},{"t":"X1","s":"","d":{"X":-0.304,"Y":-0.097}}],"clr":{"R":181,"G":234,"B":234,"A":255}},"BO9-047-7":{"pid":"BO9-047","orb":5116.78,"per":24.97,"ang":238.33,"t":"ASTEROID","sp":"ASTEROID-2","s":20.11,"m":113.06,"gd":33.52,"wic":{},"woc":{},"wgc":{},"emm":[{"Type":"1","MainRange":46,"MainValue":0.18,"FarRange":200}],"sig":[{"t":"9-1","s":"","d":{"X":0.4,"Y":0.12}},{"t":"9-2","s":"","d":{"X":0.34,"Y":-0.31}},{"t":"X1","s":"","d":{"X":0.809,"Y":-0.49}}],"clr":{"R":232,"G":240,"B":204,"A":255}},"BO9-047-8":{"pid":"BO9-047","orb":5145.92,"per":25.12,"ang":221.91,"t":"ASTEROID","sp":"ASTEROID-2","s":26.67,"m":263.67,"gd":44.46,"wic":{},"woc":{},"wgc":{},"emm":[{"Type":"1","MainRange":70,"MainValue":0.17,"FarRange":229}],"sig":[{"t":"9-1","s":"","d":{"X":0.31,"Y":0.18}},{"t":"9-2","s":"","d":{"X":-0.88,"Y":-0.45}},{"t":"X1","s":"","d":{"X":-0.734,"Y":0.281}}],"clr":{"R":247,"G":242,"B":251,"A":255}},"BO9-047-9":{"pid":"BO9-047","orb":6132.15,"per":29.93,"ang":57.09,"t":"ASTEROID","sp":"ASTEROID-1","s":30.6,"m":398.32,"gd":51.01,"wic":{},"woc":{},"wgc":{},"emm":[{"Type":"1","MainRange":49,"MainValue":0.24,"FarRange":164}],"sig":[{"t":"9-1","s":"","d":{"X":-0.31,"Y":-0.78}},{"t":"9-2","s":"","d":{"X":-0.3,"Y":0.59}},{"t":"X1","s":"","d":{"X":0.317,"Y":-0.168}}],"clr":{"R":246,"G":200,"B":232,"A":255}},"BO9-091":{"pid":"BO9-sv","orb":18028.8,"per":88.01,"t":"HARDPLANET","sp":"HARDPLANET-55","s":83.63,"m":34116.1,"gd":238.96,"wic":{},"woc":{},"wgc":{},"sig":[{"t":"3-1","s":"","d":{"X":0.41,"Y":-0.86}},{"t":"3-2","s":"","d":{"X":-0.36,"Y":-0.01}},{"t":"5-2","s":"","d":{"X":0.06,"Y":0.04}},{"t":"6-3","s":"","d":{"X":0.36,"Y":0.41}},{"t":"7-2","s":"","d":{"X":-0.9,"Y":0.04}},{"t":"8-1","s":"","d":{"X":-0.46,"Y":0.75}},{"t":"8-2","s":"","d":{"X":0.12,"Y":0.82}},{"t":"9-1","s":"","d":{"X":0.15,"Y":0.07}},{"t":"9-2","s":"","d":{"X":0.24,"Y":0.63}},{"t":"10-1","s":"","d":{"X":0.24,"Y":-0.56}},{"t":"10-2","s":"","d":{"X":-0.82,"Y":0.51}},{"t":"11-2","s":"","d":{"X":0.04,"Y":0.89}},{"t":"12-4","s":"","d":{"X":-0.8,"Y":0.59}},{"t":"13-1","s":"","d":{"Y":-0.27}},{"t":"13-2","s":"","d":{"X":0.61,"Y":0.42}},{"t":"14-4","s":"","d":{"X":0.03,"Y":0.47}}],"clr":{"R":245,"G":226,"B":201,"A":255}},"BO9-242":{"pid":"BO9-sv","orb":26969.59,"per":131.65,"t":"GASPLANET","sp":"GASPLANET-12","s":255.27,"m":161736.7,"gd":425.46,"wic":{},"woc":{},"wgc":{},"emm":[{"Type":"10","MainRange":494,"MainValue":1.75,"FarRange":1030},{"Type":"1","MainRange":600,"MainValue":1.53,"FarRange":845}],"sig":[{"t":"0-3","s":"","d":{"X":0.84,"Y":0.13}},{"t":"1-3","s":"","d":{"X":0.18,"Y":-0.69}},{"t":"3-1","s":"","d":{"X":-0.55,"Y":-0.67}},{"t":"6-2","s":"","d":{"X":-0.05,"Y":-0.84}},{"t":"7-2","s":"","d":{"X":-0.53,"Y":-0.85}},{"t":"7-3","s":"","d":{"X":0.7,"Y":-0.5}},{"t":"8-1","s":"","d":{"X":0.06,"Y":0.63}},{"t":"8-2","s":"","d":{"X":-0.94,"Y":0.11}},{"t":"10-1","s":"","d":{"X":-0.32,"Y":-0.57}},{"t":"10-2","s":"","d":{"X":-0.04,"Y":0.52}},{"t":"11-1","s":"","d":{"X":0.23,"Y":0.18}},{"t":"X10","s":"","d":{"X":0.149,"Y":0.143}},{"t":"X1","s":"","d":{"X":0.096,"Y":0.701}}],"clr":{"R":188,"G":240,"B":234,"A":255}},"BO9-242-0":{"pid":"BO9-242","orb":5972.98,"per":29.15,"ang":263.95,"t":"ASTEROID","sp":"ASTEROID-5","s":17.01,"m":68.39,"gd":28.35,"wic":{},"woc":{},"wgc":{},"emm":[{"Type":"1","MainRange":42,"MainValue":0.2,"FarRange":123}],"sig":[{"t":"9-1","s":"","d":{"X":-0.55,"Y":0.66}},{"t":"9-2","s":"","d":{"X":0.97,"Y":-0.18}},{"t":"X1","s":"","d":{"X":-0.408,"Y":-0.878}}],"clr":{"R":210,"G":247,"B":248,"A":255}},"BO9-242-1":{"pid":"BO9-242","orb":5276.66,"per":25.75,"ang":5.76,"t":"ASTEROID","sp":"ASTEROID-2","s":12.95,"m":30.2,"gd":21.59,"wic":{},"woc":{},"wgc":{},"emm":[{"Type":"1","MainRange":53,"MainValue":0.14,"FarRange":111},{"Type":"20","MainRange":42,"MainValue":0.23,"FarRange":116}],"sig":[{"t":"9-1","s":"","d":{"X":-0.62,"Y":-0.55}},{"t":"9-2","s":"","d":{"X":-1,"Y":-0.03}},{"t":"X1","s":"","d":{"X":0.505,"Y":0.12}},{"t":"X20","s":"","d":{"X":-0.443,"Y":-0.435}}],"clr":{"R":250,"G":232,"B":233,"A":255}},"BO9-242-2":{"pid":"BO9-242","orb":5294.87,"per":25.84,"ang":4.03,"t":"ASTEROID","sp":"ASTEROID-3","s":21.73,"m":142.67,"gd":36.23,"wic":{},"woc":{},"wgc":{},"emm":[{"Type":"1","MainRange":36,"MainValue":0.2,"FarRange":70}],"sig":[{"t":"9-1","s":"","d":{"X":0.28,"Y":0.34}},{"t":"9-2","s":"","d":{"X":-0.19,"Y":0.65}},{"t":"X1","s":"","d":{"X":-0.581,"Y":-0.733}}],"clr":{"R":234,"G":238,"B":195,"A":255}},"BO9-242-3":{"pid":"BO9-242","orb":6748.81,"per":32.94,"ang":168.46,"t":"ASTEROID","sp":"ASTEROID-3","s":20.11,"m":113,"gd":33.52,"wic":{},"woc":{},"wgc":{},"emm":[{"Type":"1","MainRange":52,"MainValue":0.13,"FarRange":117}],"sig":[{"t":"9-1","s":"","d":{"X":0.39,"Y":0.65}},{"t":"9-2","s":"","d":{"X":-0.09,"Y":0.22}},{"t":"X1","s":"","d":{"X":-0.54,"Y":-0.682}}],"clr":{"R":213,"G":244,"B":211,"A":255}},"BO9-267":{"pid":"BO9-sv","orb":43975.11,"per":214.67,"t":"GASPLANET","sp":"GASPLANET-35","s":214.33,"m":95735.69,"gd":357.23,"wic":{},"woc":{},"wgc":{},"sig":[{"t":"0-3","s":"","d":{"X":-0.03,"Y":-0.16}},{"t":"1-3","s":"","d":{"X":-0.16,"Y":-0.43}},{"t":"3-1","s":"","d":{"X":0.82,"Y":0.12}},{"t":"6-2","s":"","d":{"X":-0.68,"Y":0.37}},{"t":"10-2","s":"","d":{"X":-0.21,"Y":0.05}},{"t":"11-1","s":"","d":{"X":-0.41,"Y":-0.46}}],"clr":{"R":215,"G":253,"B":175,"A":255}},"BO9-3-0":{"pid":"BO9-sv","orb":14063.64,"per":68.65,"ang":339.95,"t":"ASTEROID","sp":"ASTEROID-1","s":17.3,"m":72.02,"gd":28.84,"wic":{},"woc":{},"wgc":{},"emm":[{"Type":"1","MainRange":46,"MainValue":0.24,"FarRange":181}],"sig":[{"t":"9-1","s":"","d":{"X":0.04,"Y":-0.57}},{"t":"9-2","s":"","d":{"X":0.29,"Y":0.13}},{"t":"X1","s":"","d":{"X":-0.094,"Y":-0.243}}],"clr":{"R":242,"G":253,"B":245,"A":255}},"BO9-3-1":{"pid":"BO9-sv","orb":16299.37,"per":79.56,"ang":49.46,"t":"ASTEROID","sp":"ASTEROID-5","s":27.38,"m":285.11,"gd":45.63,"wic":{},"woc":{},"wgc":{},"emm":[{"Type":"1","MainRange":49,"MainValue":0.22,"FarRange":202}],"sig":[{"t":"9-1","s":"","d":{"X":-0.8,"Y":0.23}},{"t":"9-2","s":"","d":{"X":0.33,"Y":-0.89}},{"t":"X1","s":"","d":{"X":-0.686,"Y":-0.606}}],"clr":{"R":252,"G":190,"B":191,"A":255}},"BO9-3-10":{"pid":"BO9-sv","orb":13958.11,"per":68.13,"ang":276.21,"t":"ASTEROID","sp":"ASTEROID-4","s":22.97,"m":168.36,"gd":38.28,"wic":{},"woc":{},"wgc":{},"emm":[{"Type":"1","MainRange":71,"MainValue":0.2,"FarRange":133}],"sig":[{"t":"9-1","s":"","d":{"X":0.48,"Y":-0.62}},{"t":"9-2","s":"","d":{"X":-0.13,"Y":0.85}},{"t":"X1","s":"","d":{"X":-0.192,"Y":-0.11}}],"clr":{"R":206,"G":199,"B":245,"A":255}},"BO9-3-11":{"pid":"BO9-sv","orb":14919.73,"per":72.83,"ang":307.52,"t":"ASTEROID","sp":"ASTEROID-2","s":21.46,"m":137.26,"gd":35.76,"wic":{},"woc":{},"wgc":{},"emm":[{"Type":"1","MainRange":53,"MainValue":0.22,"FarRange":145}],"sig":[{"t":"9-1","s":"","d":{"X":0.2,"Y":-0.87}},{"t":"9-2","s":"","d":{"X":-0.34,"Y":-0.21}},{"t":"X1","s":"","d":{"X":0.867,"Y":0.363}}],"clr":{"R":245,"G":175,"B":182,"A":255}},"BO9-3-12":{"pid":"BO9-sv","orb":15961.31,"per":77.91,"ang":137.66,"t":"ASTEROID","sp":"ASTEROID-4","s":18.89,"m":93.73,"gd":31.49,"wic":{},"woc":{},"wgc":{},"emm":[{"Type":"1","MainRange":46,"MainValue":0.24,"FarRange":156}],"sig":[{"t":"9-1","s":"","d":{"X":-0.38,"Y":-0.61}},{"t":"9-2","s":"","d":{"X":0.34,"Y":-0.55}},{"t":"X1","s":"","d":{"X":-0.66,"Y":0.105}}],"clr":{"R":197,"G":254,"B":218,"A":255}},"BO9-3-13":{"pid":"BO9-sv","orb":11816.29,"per":57.68,"ang":252.3,"t":"ASTEROID","sp":"ASTEROID-4","s":16.48,"m":62.25,"gd":27.47,"wic":{},"woc":{},"wgc":{},"emm":[{"Type":"1","MainRange":64,"MainValue":0.18,"FarRange":178}],"sig":[{"t":"9-1","s":"","d":{"X":-0.15,"Y":0.24}},{"t":"9-2","s":"","d":{"X":-0.96,"Y":-0.26}},{"t":"X1","s":"","d":{"X":0.44,"Y":-0.621}}],"clr":{"R":245,"G":211,"B":208,"A":255}},"BO9-3-14":{"pid":"BO9-sv","orb":12533.57,"per":61.18,"ang":346.44,"t":"ASTEROID","sp":"ASTEROID-3","s":18.28,"m":84.87,"gd":30.47,"wic":{},"woc":{},"wgc":{},"emm":[{"Type":"1","MainRange":46,"MainValue":0.14,"FarRange":152}],"sig":[{"t":"9-1","s":"","d":{"X":0.43,"Y":-0.41}},{"t":"9-2","s":"","d":{"X":0.01,"Y":0.55}},{"t":"X1","s":"","d":{"X":0.155,"Y":0.052}}],"clr":{"R":246,"G":254,"B":244,"A":255}},"BO9-3-15":{"pid":"BO9-sv","orb":15544,"per":75.88,"ang":303.75,"t":"ASTEROID","sp":"ASTEROID-2","s":13.57,"m":34.77,"gd":22.63,"wic":{},"woc":{},"wgc":{},"emm":[{"Type":"1","MainRange":41,"MainValue":0.08,"FarRange":207}],"sig":[{"t":"9-1","s":"","d":{"X":0.59,"Y":-0.36}},{"t":"9-2","s":"","d":{"X":0.12,"Y":-0.45}},{"t":"X1","s":"","d":{"X":0.622,"Y":0.761}}],"clr":{"R":245,"G":198,"B":229,"A":255}},"BO9-3-16":{"pid":"BO9-sv","orb":13895.93,"per":67.83,"ang":38.03,"t":"ASTEROID","sp":"ASTEROID-1","s":21.98,"m":147.58,"gd":36.64,"wic":{},"woc":{},"wgc":{},"emm":[{"Type":"1","MainRange":78,"MainValue":0.23,"FarRange":208}],"sig":[{"t":"9-1","s":"","d":{"X":0.2,"Y":0.39}},{"t":"9-2","s":"","d":{"X":-0.76,"Y":0.49}},{"t":"X1","s":"","d":{"X":0.517,"Y":-0.796}}],"clr":{"R":248,"G":230,"B":237,"A":255}},"BO9-3-17":{"pid":"BO9-sv","orb":18765.09,"per":91.6,"ang":244.8,"t":"ASTEROID","sp":"ASTEROID-1","s":15.13,"m":48.18,"gd":25.23,"wic":{},"woc":{},"wgc":{},"emm":[{"Type":"1","MainRange":37,"MainValue":0.2,"FarRange":169}],"sig":[{"t":"9-1","s":"","d":{"X":-0.2,"Y":-0.18}},{"t":"9-2","s":"","d":{"X":-0.1,"Y":0.7}},{"t":"X1","s":"","d":{"X":-0.207,"Y":-0.125}}],"clr":{"R":179,"G":185,"B":249,"A":255}},"BO9-3-18":{"pid":"BO9-sv","orb":15687.08,"per":76.57,"ang":116.7,"t":"ASTEROID","sp":"ASTEROID-5","s":18.6,"m":89.5,"gd":31.01,"wic":{},"woc":{},"wgc":{},"emm":[{"Type":"1","MainRange":36,"MainValue":0.26,"FarRange":185}],"sig":[{"t":"9-1","s":"","d":{"X":0.35,"Y":0.46}},{"t":"9-2","s":"","d":{"X":0.44,"Y":-0.22}},{"t":"X1","s":"","d":{"X":0.304,"Y":-0.629}}],"clr":{"R":253,"G":232,"B":232,"A":255}},"BO9-3-19":{"pid":"BO9-sv","orb":12259.07,"per":59.84,"ang":294.79,"t":"ASTEROID","sp":"ASTEROID-4","s":21.22,"m":132.8,"gd":35.37,"wic":{},"woc":{},"wgc":{},"emm":[{"Type":"1","MainRange":67,"MainValue":0.28,"FarRange":167}],"sig":[{"t":"9-1","s":"","d":{"X":0.32,"Y":-0.38}},{"t":"9-2","s":"","d":{"X":-0.67,"Y":-0.03}},{"t":"X1","s":"","d":{"X":-0.386,"Y":-0.269}}],"clr":{"R":254,"G":253,"B":254,"A":255}},"BO9-3-2":{"pid":"BO9-sv","orb":15960.47,"per":77.91,"ang":195.3,"t":"ASTEROID","sp":"ASTEROID-3","s":19.77,"m":107.32,"gd":32.95,"wic":{},"woc":{},"wgc":{},"emm":[{"Type":"1","MainRange":62,"MainValue":0.16,"FarRange":143}],"sig":[{"t":"9-1","s":"","d":{"X":0.08,"Y":-0.16}},{"t":"9-2","s":"","d":{"X":-0.15,"Y":0.69}},{"t":"X1","s":"","d":{"X":0.193,"Y":0.352}}],"clr":{"R":220,"G":251,"B":224,"A":255}},"BO9-3-20":{"pid":"BO9-sv","orb":13491.41,"per":65.86,"ang":70.44,"t":"ASTEROID","sp":"ASTEROID-5","s":21.78,"m":143.53,"gd":36.3,"wic":{},"woc":{},"wgc":{},"emm":[{"Type":"1","MainRange":44,"MainValue":0.11,"FarRange":184}],"sig":[{"t":"9-1","s":"","d":{"X":-0.42,"Y":0.75}},{"t":"9-2","s":"","d":{"X":-0.28,"Y":-0.66}},{"t":"X1","s":"","d":{"X":-0.444,"Y":-0.301}}],"clr":{"R":246,"G":246,"B":225,"A":255}},"BO9-3-21":{"pid":"BO9-sv","orb":15292.63,"per":74.65,"ang":141.26,"t":"ASTEROID","sp":"ASTEROID-2","s":26.45,"m":257.04,"gd":44.08,"wic":{},"woc":{},"wgc":{},"emm":[{"Type":"1","MainRange":42,"MainValue":0.25,"FarRange":145},{"Type":"25","MainRange":60,"MainValue":0.18,"FarRange":173}],"sig":[{"t":"9-1","s":"","d":{"X":-0.27,"Y":0.95}},{"t":"9-2","s":"","d":{"X":0.88,"Y":-0.38}},{"t":"X1","s":"","d":{"X":-0.259,"Y":-0.245}},{"t":"X25","s":"","d":{"X":-0.933,"Y":-0.062}}],"clr":{"R":244,"G":248,"B":211,"A":255}},"BO9-3-22":{"pid":"BO9-sv","orb":12242.23,"per":59.76,"ang":311.91,"t":"ASTEROID","sp":"ASTEROID-1","s":35.8,"m":637.26,"gd":59.66,"wic":{},"woc":{},"wgc":{},"emm":[{"Type":"1","MainRange":66,"MainValue":0.12,"FarRange":89}],"sig":[{"t":"9-1","s":"","d":{"X":-0.27,"Y":-0.28}},{"t":"9-2","s":"","d":{"X":0.8,"Y":0.16}},{"t":"X1","s":"","d":{"X":0.698,"Y":-0.579}}],"clr":{"R":219,"G":249,"B":224,"A":255}},"BO9-3-23":{"pid":"BO9-sv","orb":14367.19,"per":70.13,"ang":256.58,"t":"ASTEROID","sp":"ASTEROID-5","s":20.4,"m":117.91,"gd":34,"wic":{},"woc":{},"wgc":{},"emm":[{"Type":"1","MainRange":52,"MainValue":0.28,"FarRange":140},{"Type":"3","MainRange":34,"MainValue":0.23,"FarRange":142}],"sig":[{"t":"9-1","s":"","d":{"X":0.46,"Y":-0.02}},{"t":"9-2","s":"","d":{"X":-0.56,"Y":-0.22}},{"t":"X1","s":"","d":{"X":0.872,"Y":0.485}},{"t":"X3","s":"","d":{"X":-0.317,"Y":0.075}}],"clr":{"R":163,"G":198,"B":244,"A":255}},"BO9-3-24":{"pid":"BO9-sv","orb":16225.9,"per":79.2,"ang":92.13,"t":"ASTEROID","sp":"ASTEROID-3","s":24.52,"m":204.77,"gd":40.86,"wic":{},"woc":{},"wgc":{},"emm":[{"Type":"1","MainRange":39,"MainValue":0.25,"FarRange":141}],"sig":[{"t":"9-1","s":"","d":{"X":0.58,"Y":-0.75}},{"t":"9-2","s":"","d":{"X":-0.64,"Y":-0.37}},{"t":"X1","s":"","d":{"X":0.652,"Y":0.078}}],"clr":{"R":235,"G":227,"B":174,"A":255}},"BO9-3-25":{"pid":"BO9-sv","orb":14283.07,"per":69.72,"ang":82.31,"t":"ASTEROID","sp":"ASTEROID-3","s":15.3,"m":49.76,"gd":25.5,"wic":{},"woc":{},"wgc":{},"emm":[{"Type":"1","MainRange":64,"MainValue":0.21,"FarRange":80}],"sig":[{"t":"9-1","s":"","d":{"X":-0.48,"Y":-0.32}},{"t":"9-2","s":"","d":{"X":-0.14,"Y":0.11}},{"t":"X1","s":"","d":{"X":-0.624,"Y":0.411}}],"clr":{"R":251,"G":188,"B":219,"A":255}},"BO9-3-26":{"pid":"BO9-sv","orb":15200.77,"per":74.2,"ang":333.54,"t":"ASTEROID","sp":"ASTEROID-2","s":24.42,"m":202.43,"gd":40.71,"wic":{},"woc":{},"wgc":{},"emm":[{"Type":"1","MainRange":26,"MainValue":0.28,"FarRange":120},{"Type":"12","MainRange":44,"MainValue":0.2,"FarRange":114},{"Type":"25","MainRange":55,"MainValue":0.26,"FarRange":269},{"Type":"15","MainRange":45,"MainValue":0.12,"FarRange":140},{"Type":"2","MainRange":48,"MainValue":0.15,"FarRange":113}],"sig":[{"t":"9-1","s":"","d":{"X":-0.45,"Y":0.89}},{"t":"9-2","s":"","d":{"X":0.13,"Y":0.22}},{"t":"X1","s":"","d":{"X":0.077,"Y":0.364}},{"t":"X12","s":"","d":{"X":-0.407,"Y":-0.313}},{"t":"X25","s":"","d":{"X":-0.822,"Y":0.564}},{"t":"X15","s":"","d":{"X":0.16,"Y":-0.195}},{"t":"X2","s":"","d":{"X":0.891,"Y":-0.141}}],"clr":{"R":253,"G":253,"B":254,"A":255}},"BO9-3-27":{"pid":"BO9-sv","orb":15059.39,"per":73.51,"ang":312.24,"t":"ASTEROID","sp":"ASTEROID-1","s":27.97,"m":304.11,"gd":46.62,"wic":{},"woc":{},"wgc":{},"emm":[{"Type":"1","MainRange":36,"MainValue":0.16,"FarRange":207}],"sig":[{"t":"9-1","s":"","d":{"X":-0.57,"Y":-0.34}},{"t":"9-2","s":"","d":{"X":0.53,"Y":-0.17}},{"t":"X1","s":"","d":{"X":-0.255,"Y":0.024}}],"clr":{"R":249,"G":233,"B":242,"A":255}},"BO9-3-28":{"pid":"BO9-sv","orb":15608.58,"per":76.19,"ang":268.87,"t":"ASTEROID","sp":"ASTEROID-5","s":19.8,"m":107.86,"gd":33,"wic":{},"woc":{},"wgc":{},"emm":[{"Type":"1","MainRange":62,"MainValue":0.26,"FarRange":121},{"Type":"2","MainRange":51,"MainValue":0.23,"FarRange":105},{"Type":"12","MainRange":45,"MainValue":0.12,"FarRange":145}],"sig":[{"t":"9-1","s":"","d":{"X":0.06,"Y":-0.26}},{"t":"9-2","s":"","d":{"X":-0.31,"Y":-0.3}},{"t":"X1","s":"","d":{"X":-0.491,"Y":-0.25}},{"t":"X2","s":"","d":{"X":0.04,"Y":0.466}},{"t":"X12","s":"","d":{"X":-0.891,"Y":-0.145}}],"clr":{"R":254,"G":253,"B":251,"A":255}},"BO9-3-29":{"pid":"BO9-sv","orb":14882.4,"per":72.65,"ang":264.83,"t":"ASTEROID","sp":"ASTEROID-1","s":22.64,"m":161.31,"gd":37.74,"wic":{},"woc":{},"wgc":{},"emm":[{"Type":"1","MainRange":21,"MainValue":0.33,"FarRange":156}],"sig":[{"t":"9-1","s":"","d":{"X":-0.65,"Y":0.39}},{"t":"9-2","s":"","d":{"X":-0.5,"Y":0.82}},{"t":"X1","s":"","d":{"X":-0.38,"Y":0.216}}],"clr":{"R":200,"G":174,"B":238,"A":255}},"BO9-3-3":{"pid":"BO9-sv","orb":14183.97,"per":69.24,"ang":171.48,"t":"ASTEROID","sp":"ASTEROID-5","s":18.55,"m":88.71,"gd":30.92,"wic":{},"woc":{},"wgc":{},"emm":[{"Type":"1","MainRange":67,"MainValue":0.2,"FarRange":100},{"Type":"19","MainRange":41,"MainValue":0.19,"FarRange":166},{"Type":"26","MainRange":55,"MainValue":0.14,"FarRange":154},{"Type":"3","MainRange":58,"MainValue":0.21,"FarRange":212}],"sig":[{"t":"9-1","s":"","d":{"X":0.59,"Y":-0.09}},{"t":"9-2","s":"","d":{"X":0.86,"Y":0.02}},{"t":"X1","s":"","d":{"X":0.162,"Y":-0.439}},{"t":"X19","s":"","d":{"X":-0.703,"Y":-0.185}},{"t":"X26","s":"","d":{"X":-0.17,"Y":-0.216}},{"t":"X3","s":"","d":{"X":-0.788,"Y":0.306}}],"clr":{"R":215,"G":243,"B":239,"A":255}},"BO9-3-30":{"pid":"BO9-sv","orb":17446.16,"per":85.16,"ang":142.48,"t":"ASTEROID","sp":"ASTEROID-3","s":13.26,"m":32.44,"gd":22.11,"wic":{},"woc":{},"wgc":{},"emm":[{"Type":"1","MainRange":44,"MainValue":0.29,"FarRange":142}],"sig":[{"t":"9-1","s":"","d":{"X":-0.25,"Y":0.9}},{"t":"9-2","s":"","d":{"X":-0.55,"Y":-0.64}},{"t":"X1","s":"","d":{"X":0.386,"Y":0.512}}],"clr":{"R":220,"G":236,"B":254,"A":255}},"BO9-3-31":{"pid":"BO9-sv","orb":15770.38,"per":76.98,"ang":340.49,"t":"ASTEROID","sp":"ASTEROID-2","s":16.86,"m":66.63,"gd":28.11,"wic":{},"woc":{},"wgc":{},"emm":[{"Type":"1","MainRange":75,"MainValue":0.23,"FarRange":151}],"sig":[{"t":"9-1","s":"","d":{"X":0.44,"Y":-0.43}},{"t":"9-2","s":"","d":{"X":0.15,"Y":-0.17}},{"t":"X1","s":"","d":{"X":0.713,"Y":-0.649}}],"clr":{"R":254,"G":254,"B":252,"A":255}},"BO9-3-32":{"pid":"BO9-sv","orb":15697.39,"per":76.62,"ang":17.93,"t":"ASTEROID","sp":"ASTEROID-3","s":10.56,"m":16.39,"gd":17.61,"wic":{},"woc":{},"wgc":{},"emm":[{"Type":"1","MainRange":65,"MainValue":0.19,"FarRange":137}],"sig":[{"t":"9-1","s":"","d":{"X":0.41,"Y":-0.1}},{"t":"9-2","s":"","d":{"X":-0.06,"Y":-0.94}},{"t":"X1","s":"","d":{"X":0.503,"Y":0.471}}],"clr":{"R":195,"G":205,"B":244,"A":255}},"BO9-3-33":{"pid":"BO9-sv","orb":14073.64,"per":68.7,"ang":272.24,"t":"ASTEROID","sp":"ASTEROID-1","s":9.34,"m":11.33,"gd":15.57,"wic":{},"woc":{},"wgc":{},"emm":[{"Type":"1","MainRange":62,"MainValue":0.33,"FarRange":137}],"sig":[{"t":"9-1","s":"","d":{"X":0.95,"Y":-0.03}},{"t":"9-2","s":"","d":{"X":-0.25,"Y":0.15}},{"t":"X1","s":"","d":{"X":-0.738,"Y":-0.655}}],"clr":{"R":182,"G":208,"B":238,"A":255}},"BO9-3-34":{"pid":"BO9-sv","orb":14470.99,"per":70.64,"ang":267.45,"t":"ASTEROID","sp":"ASTEROID-4","s":20.89,"m":126.72,"gd":34.82,"wic":{},"woc":{},"wgc":{},"emm":[{"Type":"1","MainRange":31,"MainValue":0.13,"FarRange":184}],"sig":[{"t":"9-1","s":"","d":{"X":0.56,"Y":0.25}},{"t":"9-2","s":"","d":{"X":-0.97,"Y":0.16}},{"t":"X1","s":"","d":{"X":0.397,"Y":0.439}}],"clr":{"R":229,"G":190,"B":240,"A":255}},"BO9-3-35":{"pid":"BO9-sv","orb":15805.18,"per":77.15,"ang":342.92,"t":"ASTEROID","sp":"ASTEROID-5","s":10.89,"m":17.96,"gd":18.15,"wic":{},"woc":{},"wgc":{},"emm":[{"Type":"1","MainRange":57,"MainValue":0.14,"FarRange":192}],"sig":[{"t":"9-1","s":"","d":{"X":-0.67,"Y":-0.45}},{"t":"9-2","s":"","d":{"X":0.38,"Y":-0.91}},{"t":"X1","s":"","d":{"X":-0.609,"Y":0.146}}],"clr":{"R":198,"G":167,"B":249,"A":255}},"BO9-3-36":{"pid":"BO9-sv","orb":14759.85,"per":72.05,"ang":106,"t":"ASTEROID","sp":"ASTEROID-4","s":14.34,"m":40.96,"gd":23.9,"wic":{},"woc":{},"wgc":{},"emm":[{"Type":"1","MainRange":43,"MainValue":0.2,"FarRange":113}],"sig":[{"t":"9-1","s":"","d":{"X":0.12,"Y":-0.02}},{"t":"9-2","s":"","d":{"X":0.71,"Y":0.62}},{"t":"X1","s":"","d":{"X":-0.324,"Y":-0.141}}],"clr":{"R":254,"G":252,"B":252,"A":255}},"BO9-3-37":{"pid":"BO9-sv","orb":16400.46,"per":80.06,"ang":186.75,"t":"ASTEROID","sp":"ASTEROID-3","s":19.15,"m":97.6,"gd":31.92,"wic":{},"woc":{},"wgc":{},"emm":[{"Type":"1","MainRange":74,"MainValue":0.19,"FarRange":120},{"Type":"27","MainRange":47,"MainValue":0.18,"FarRange":101}],"sig":[{"t":"9-1","s":"","d":{"X":0.15,"Y":-0.23}},{"t":"9-2","s":"","d":{"X":0.51,"Y":0.44}},{"t":"X1","s":"","d":{"X":-0.058,"Y":-0.298}},{"t":"X27","s":"","d":{"X":0.588,"Y":0.398}}],"clr":{"R":239,"G":254,"B":247,"A":255}},"BO9-3-38":{"pid":"BO9-sv","orb":12785.08,"per":62.41,"ang":302.65,"t":"ASTEROID","sp":"ASTEROID-4","s":26.87,"m":269.69,"gd":44.79,"wic":{},"woc":{},"wgc":{},"emm":[{"Type":"1","MainRange":70,"MainValue":0.32,"FarRange":130}],"sig":[{"t":"9-1","s":"","d":{"X":0.15,"Y":0.82}},{"t":"9-2","s":"","d":{"X":0.12,"Y":0.24}},{"t":"X1","s":"","d":{"X":0.152,"Y":0.31}}],"clr":{"R":245,"G":205,"B":243,"A":255}},"BO9-3-39":{"pid":"BO9-sv","orb":13660.26,"per":66.68,"ang":337.27,"t":"ASTEROID","sp":"ASTEROID-2","s":14.79,"m":44.95,"gd":24.65,"wic":{},"woc":{},"wgc":{},"emm":[{"Type":"1","MainRange":58,"MainValue":0.29,"FarRange":106}],"sig":[{"t":"9-1","s":"","d":{"X":-0.9,"Y":-0.2}},{"t":"9-2","s":"","d":{"X":-0.28,"Y":-0.45}},{"t":"X1","s":"","d":{"X":0.352,"Y":0.679}}],"clr":{"R":199,"G":185,"B":243,"A":255}},"BO9-3-4":{"pid":"BO9-sv","orb":15935.11,"per":77.78,"ang":330.98,"t":"ASTEROID","sp":"ASTEROID-4","s":18.45,"m":87.23,"gd":30.75,"wic":{},"woc":{},"wgc":{},"emm":[{"Type":"1","MainRange":75,"MainValue":0.28,"FarRange":169}],"sig":[{"t":"9-1","s":"","d":{"X":-0.37,"Y":-0.76}},{"t":"9-2","s":"","d":{"X":0.51,"Y":0.48}},{"t":"X1","s":"","d":{"X":0.275,"Y":-0.422}}],"clr":{"R":234,"G":228,"B":252,"A":255}},"BO9-3-40":{"pid":"BO9-sv","orb":15794.28,"per":77.1,"ang":27.72,"t":"ASTEROID","sp":"ASTEROID-2","s":25.09,"m":219.38,"gd":41.81,"wic":{},"woc":{},"wgc":{},"emm":[{"Type":"1","MainRange":67,"MainValue":0.19,"FarRange":156}],"sig":[{"t":"9-1","s":"","d":{"X":-0.66,"Y":-0.48}},{"t":"9-2","s":"","d":{"X":-0.5,"Y":-0.12}},{"t":"X1","s":"","d":{"X":-0.335,"Y":-0.39}}],"clr":{"R":170,"G":223,"B":254,"A":255}},"BO9-3-41":{"pid":"BO9-sv","orb":13401.91,"per":65.42,"ang":260.28,"t":"ASTEROID","sp":"ASTEROID-3","s":26.86,"m":269.29,"gd":44.77,"wic":{},"woc":{},"wgc":{},"emm":[{"Type":"1","MainRange":23.400000000000002,"MainValue":0.2,"FarRange":26}],"sig":[{"t":"9-1","s":"","d":{"X":-0.48,"Y":-0.04}},{"t":"9-2","s":"","d":{"X":0.43,"Y":-0.29}},{"t":"X1","s":"","d":{"X":-0.138,"Y":-0.289}}],"clr":{"R":234,"G":250,"B":254,"A":255}},"BO9-3-42":{"pid":"BO9-sv","orb":14328.44,"per":69.94,"ang":129.33,"t":"ASTEROID","sp":"ASTEROID-2","s":24,"m":192.02,"gd":40,"wic":{},"woc":{},"wgc":{},"emm":[{"Type":"1","MainRange":51,"MainValue":0.05,"FarRange":168}],"sig":[{"t":"9-1","s":"","d":{"X":0.67,"Y":0.32}},{"t":"9-2","s":"","d":{"X":-0.31,"Y":0.81}},{"t":"X1","s":"","d":{"X":0.184,"Y":-0.895}}],"clr":{"R":234,"G":249,"B":222,"A":255}},"BO9-3-43":{"pid":"BO9-sv","orb":15041.76,"per":73.42,"ang":58.96,"t":"ASTEROID","sp":"ASTEROID-4","s":18.63,"m":89.81,"gd":31.05,"wic":{},"woc":{},"wgc":{},"emm":[{"Type":"1","MainRange":50,"MainValue":0.19,"FarRange":129}],"sig":[{"t":"9-1","s":"","d":{"X":-0.64,"Y":-0.09}},{"t":"9-2","s":"","d":{"X":0.58,"Y":0.07}},{"t":"X1","s":"","d":{"X":-0.696,"Y":0.219}}],"clr":{"R":228,"G":205,"B":246,"A":255}},"BO9-3-44":{"pid":"BO9-sv","orb":15156.48,"per":73.98,"ang":74.24,"t":"ASTEROID","sp":"ASTEROID-1","s":17.42,"m":73.49,"gd":29.04,"wic":{},"woc":{},"wgc":{},"emm":[{"Type":"1","MainRange":32,"MainValue":0.24,"FarRange":216}],"sig":[{"t":"9-1","s":"","d":{"X":0.16,"Y":-0.69}},{"t":"9-2","s":"","d":{"X":0.59,"Y":0.6}},{"t":"X1","s":"","d":{"X":-0.061,"Y":0.006}}],"clr":{"R":200,"G":230,"B":237,"A":255}},"BO9-3-45":{"pid":"BO9-sv","orb":15060.26,"per":73.51,"ang":263.38,"t":"ASTEROID","sp":"ASTEROID-3","s":13.4,"m":33.42,"gd":22.33,"wic":{},"woc":{},"wgc":{},"emm":[{"Type":"1","MainRange":61,"MainValue":0.3,"FarRange":121}],"sig":[{"t":"9-1","s":"","d":{"X":0.14,"Y":-0.27}},{"t":"9-2","s":"","d":{"X":-0.86,"Y":0.5}},{"t":"X1","s":"","d":{"X":-0.235,"Y":0.444}}],"clr":{"R":249,"G":239,"B":251,"A":255}},"BO9-3-46":{"pid":"BO9-sv","orb":18780.4,"per":91.67,"ang":315.16,"t":"ASTEROID","sp":"ASTEROID-5","s":20.9,"m":126.89,"gd":34.84,"wic":{},"woc":{},"wgc":{},"emm":[{"Type":"1","MainRange":59,"MainValue":0.18,"FarRange":105}],"sig":[{"t":"9-1","s":"","d":{"X":0.65,"Y":-0.25}},{"t":"9-2","s":"","d":{"X":-0.42,"Y":-0.65}},{"t":"X1","s":"","d":{"X":0.51,"Y":-0.037}}],"clr":{"R":246,"G":243,"B":254,"A":255}},"BO9-3-47":{"pid":"BO9-sv","orb":11698.73,"per":57.1,"ang":121.51,"t":"ASTEROID","sp":"ASTEROID-2","s":25.71,"m":236.04,"gd":42.85,"wic":{},"woc":{},"wgc":{},"emm":[{"Type":"1","MainRange":55,"MainValue":0.21,"FarRange":102},{"Type":"3","MainRange":36,"MainValue":0.21,"FarRange":130}],"sig":[{"t":"9-1","s":"","d":{"X":0.48,"Y":-0.39}},{"t":"9-2","s":"","d":{"X":-0.02,"Y":0.37}},{"t":"X1","s":"","d":{"X":0.34,"Y":-0.649}},{"t":"X3","s":"","d":{"X":-0.768,"Y":-0.233}}],"clr":{"R":163,"G":234,"B":250,"A":255}},"BO9-3-5":{"pid":"BO9-sv","orb":17919.76,"per":87.47,"ang":69.16,"t":"ASTEROID","sp":"ASTEROID-4","s":20.99,"m":128.53,"gd":34.99,"wic":{},"woc":{},"wgc":{},"emm":[{"Type":"1","MainRange":71,"MainValue":0.18,"FarRange":214}],"sig":[{"t":"9-1","s":"","d":{"X":0.15,"Y":-0.96}},{"t":"9-2","s":"","d":{"X":-0.16,"Y":-0.55}},{"t":"X1","s":"","d":{"X":0.454,"Y":0.823}}],"clr":{"R":229,"G":252,"B":219,"A":255}},"BO9-3-6":{"pid":"BO9-sv","orb":15873.1,"per":77.48,"ang":287.48,"t":"ASTEROID","sp":"ASTEROID-2","s":16.11,"m":58.13,"gd":26.85,"wic":{},"woc":{},"wgc":{},"emm":[{"Type":"1","MainRange":30,"MainValue":0.18,"FarRange":253}],"sig":[{"t":"9-1","s":"","d":{"X":0.81,"Y":-0.3}},{"t":"9-2","s":"","d":{"X":-0.58,"Y":0.47}},{"t":"X1","s":"","d":{"X":0.663,"Y":0.556}}],"clr":{"R":244,"G":249,"B":218,"A":255}},"BO9-3-7":{"pid":"BO9-sv","orb":16420.5,"per":80.15,"ang":145.71,"t":"ASTEROID","sp":"ASTEROID-1","s":17.85,"m":79.02,"gd":29.75,"wic":{},"woc":{},"wgc":{},"emm":[{"Type":"1","MainRange":60,"MainValue":0.13,"FarRange":135}],"sig":[{"t":"9-1","s":"","d":{"X":-0.13,"Y":-0.18}},{"t":"9-2","s":"","d":{"X":0.38,"Y":-0.24}},{"t":"X1","s":"","d":{"X":0.303,"Y":0.438}}],"clr":{"R":249,"G":244,"B":252,"A":255}},"BO9-3-8":{"pid":"BO9-sv","orb":13392.22,"per":65.37,"ang":157.36,"t":"ASTEROID","sp":"ASTEROID-4","s":26.08,"m":246.55,"gd":43.47,"wic":{},"woc":{},"wgc":{},"emm":[{"Type":"1","MainRange":54,"MainValue":0.11,"FarRange":185}],"sig":[{"t":"9-1","s":"","d":{"X":0.25,"Y":0.73}},{"t":"9-2","s":"","d":{"X":-0.06,"Y":0.49}},{"t":"X1","s":"","d":{"X":-0.646,"Y":0.217}}],"clr":{"R":231,"G":241,"B":250,"A":255}},"BO9-3-9":{"pid":"BO9-sv","orb":14355.74,"per":70.08,"ang":91.16,"t":"ASTEROID","sp":"ASTEROID-4","s":16.87,"m":66.72,"gd":28.12,"wic":{},"woc":{},"wgc":{},"emm":[{"Type":"1","MainRange":22,"MainValue":0.21,"FarRange":195}],"sig":[{"t":"9-1","s":"","d":{"X":0.2,"Y":-0.02}},{"t":"9-2","s":"","d":{"X":0.88,"Y":0.13}},{"t":"X1","s":"","d":{"X":0.599,"Y":-0.096}}],"clr":{"R":224,"G":248,"B":240,"A":255}},"BO9-493":{"pid":"BO9-sv","orb":50949.86,"per":248.72,"t":"GASPLANET","sp":"GASPLANET-48","s":130.11,"m":21416.88,"gd":216.85,"wic":{},"woc":{},"wgc":{},"sig":[{"t":"0-2","s":"","d":{"Y":0.6}},{"t":"1-3","s":"","d":{"X":0.32,"Y":-0.12}},{"t":"3-1","s":"","d":{"X":0.86}},{"t":"6-2","s":"","d":{"X":0.25,"Y":-0.24}},{"t":"10-2","s":"","d":{"X":0.14,"Y":0.84}},{"t":"11-1","s":"","d":{"X":-0.37,"Y":0.27}}],"clr":{"R":208,"G":195,"B":246,"A":255}},"BO9-5-0":{"pid":"BO9-sv","orb":20330.13,"per":99.24,"ang":250.93,"t":"ASTEROID","sp":"ASTEROID-5","s":32.13,"m":460.83,"gd":53.55,"wic":{},"woc":{},"wgc":{},"emm":[{"Type":"1","MainRange":37,"MainValue":0.19,"FarRange":121}],"sig":[{"t":"7-2","s":"","d":{"X":0.08,"Y":-0.94}},{"t":"8-1","s":"","d":{"X":-0.4,"Y":0.29}},{"t":"8-2","s":"","d":{"X":0.13,"Y":0.51}},{"t":"9-1","s":"","d":{"X":0.48,"Y":0.72}},{"t":"9-2","s":"","d":{"X":-0.45,"Y":0.87}},{"t":"X1","s":"","d":{"X":-0.189,"Y":-0.526}}],"clr":{"R":254,"G":245,"B":251,"A":255}},"BO9-5-1":{"pid":"BO9-sv","orb":24957.46,"per":121.83,"ang":214.36,"t":"ASTEROID","sp":"ASTEROID-1","s":13.24,"m":32.24,"gd":22.06,"wic":{},"woc":{},"wgc":{},"emm":[{"Type":"1","MainRange":70.2,"MainValue":0.2,"FarRange":78}],"sig":[{"t":"7-2","s":"","d":{"X":0.13,"Y":0.29}},{"t":"8-1","s":"","d":{"X":-0.44,"Y":0.05}},{"t":"8-2","s":"","d":{"X":0.14,"Y":0.3}},{"t":"9-1","s":"","d":{"X":-0.22,"Y":0.69}},{"t":"9-2","s":"","d":{"X":0.34,"Y":0.33}},{"t":"X1","s":"","d":{"X":0.089,"Y":-0.928}}],"clr":{"R":233,"G":183,"B":214,"A":255}},"BO9-5-10":{"pid":"BO9-sv","orb":23783.29,"per":116.1,"ang":93.81,"t":"ASTEROID","sp":"ASTEROID-1","s":15.23,"m":49.15,"gd":25.39,"wic":{},"woc":{},"wgc":{},"emm":[{"Type":"1","MainRange":63,"MainValue":0.22,"FarRange":124}],"sig":[{"t":"7-2","s":"","d":{"X":0.33,"Y":0.15}},{"t":"8-1","s":"","d":{"X":-0.27,"Y":0.01}},{"t":"8-2","s":"","d":{"X":0.48,"Y":0.72}},{"t":"9-1","s":"","d":{"X":0.46,"Y":-0.83}},{"t":"9-2","s":"","d":{"X":0.76,"Y":-0.28}},{"t":"X1","s":"","d":{"X":-0.086,"Y":0.439}}],"clr":{"R":231,"G":248,"B":248,"A":255}},"BO9-5-11":{"pid":"BO9-sv","orb":25326.67,"per":123.63,"ang":349.43,"t":"ASTEROID","sp":"ASTEROID-3","s":21.37,"m":135.54,"gd":35.61,"wic":{},"woc":{},"wgc":{},"emm":[{"Type":"1","MainRange":53,"MainValue":0.17,"FarRange":150},{"Type":"11","MainRange":45,"MainValue":0.19,"FarRange":207}],"sig":[{"t":"7-2","s":"","d":{"X":-0.36,"Y":0.85}},{"t":"8-1","s":"","d":{"X":0.36,"Y":0.13}},{"t":"8-2","s":"","d":{"X":-0.23,"Y":0.73}},{"t":"9-1","s":"","d":{"X":0.06,"Y":0.22}},{"t":"9-2","s":"","d":{"X":-0.09,"Y":-0.61}},{"t":"X1","s":"","d":{"X":-0.21,"Y":-0.75}},{"t":"X11","s":"","d":{"X":0.783,"Y":-0.262}}],"clr":{"R":225,"G":224,"B":246,"A":255}},"BO9-5-12":{"pid":"BO9-sv","orb":22611.59,"per":110.38,"ang":106.04,"t":"ASTEROID","sp":"ASTEROID-3","s":34.42,"m":566.44,"gd":57.36,"wic":{},"woc":{},"wgc":{},"emm":[{"Type":"1","MainRange":43,"MainValue":0.25,"FarRange":92}],"sig":[{"t":"7-2","s":"","d":{"X":0.73,"Y":0.23}},{"t":"8-1","s":"","d":{"X":-0.34,"Y":0.43}},{"t":"8-2","s":"","d":{"X":0.36,"Y":0.66}},{"t":"9-1","s":"","d":{"X":-0.38,"Y":-0.62}},{"t":"9-2","s":"","d":{"X":-0.25,"Y":0.66}},{"t":"X1","s":"","d":{"X":0.306,"Y":0.079}}],"clr":{"R":239,"G":244,"B":251,"A":255}},"BO9-5-13":{"pid":"BO9-sv","orb":20978.49,"per":102.41,"ang":296.44,"t":"ASTEROID","sp":"ASTEROID-3","s":25.16,"m":221.4,"gd":41.94,"wic":{},"woc":{},"wgc":{},"emm":[{"Type":"1","MainRange":13,"MainValue":0.24,"FarRange":256}],"sig":[{"t":"7-2","s":"","d":{"X":-0.32,"Y":0.54}},{"t":"8-1","s":"","d":{"X":-0.94,"Y":-0.33}},{"t":"8-2","s":"","d":{"X":0.53,"Y":0.74}},{"t":"9-1","s":"","d":{"X":-0.85,"Y":0.2}},{"t":"9-2","s":"","d":{"X":-0.58,"Y":0.6}},{"t":"X1","s":"","d":{"X":0.83,"Y":-0.211}}],"clr":{"R":248,"G":227,"B":235,"A":255}},"BO9-5-14":{"pid":"BO9-sv","orb":24922.05,"per":121.66,"ang":35.01,"t":"ASTEROID","sp":"ASTEROID-3","s":25.43,"m":228.43,"gd":42.38,"wic":{},"woc":{},"wgc":{},"emm":[{"Type":"1","MainRange":24,"MainValue":0.2,"FarRange":157}],"sig":[{"t":"7-2","s":"","d":{"X":-0.95,"Y":-0.31}},{"t":"8-1","s":"","d":{"X":0.43,"Y":0.57}},{"t":"8-2","s":"","d":{"X":-0.54,"Y":-0.46}},{"t":"9-1","s":"","d":{"X":-0.34,"Y":0.5}},{"t":"9-2","s":"","d":{"X":-0.02,"Y":0.75}},{"t":"X1","s":"","d":{"X":-0.362,"Y":-0.232}}],"clr":{"R":254,"G":237,"B":239,"A":255}},"BO9-5-15":{"pid":"BO9-sv","orb":22337.4,"per":109.04,"ang":0.63,"t":"ASTEROID","sp":"ASTEROID-2","s":31.42,"m":431.21,"gd":52.38,"wic":{},"woc":{},"wgc":{},"emm":[{"Type":"1","MainRange":42,"MainValue":0.21,"FarRange":239}],"sig":[{"t":"7-2","s":"","d":{"X":0.15,"Y":-0.98}},{"t":"8-1","s":"","d":{"X":-0.36,"Y":0.63}},{"t":"8-2","s":"","d":{"X":-0.52,"Y":0.02}},{"t":"9-1","s":"","d":{"X":-0.94,"Y":0.14}},{"t":"9-2","s":"","d":{"X":0.82,"Y":-0.39}},{"t":"X1","s":"","d":{"X":-0.084,"Y":-0.019}}],"clr":{"R":237,"G":243,"B":197,"A":255}},"BO9-5-16":{"pid":"BO9-sv","orb":20049.41,"per":97.87,"ang":292.03,"t":"ASTEROID","sp":"ASTEROID-5","s":30.3,"m":386.39,"gd":50.5,"wic":{},"woc":{},"wgc":{},"emm":[{"Type":"1","MainRange":57,"MainValue":0.29,"FarRange":179}],"sig":[{"t":"7-2","s":"","d":{"X":-0.1,"Y":0.66}},{"t":"8-1","s":"","d":{"X":-0.95,"Y":0.18}},{"t":"8-2","s":"","d":{"X":0.21,"Y":0.72}},{"t":"9-1","s":"","d":{"X":0.05,"Y":0.39}},{"t":"9-2","s":"","d":{"X":0.45,"Y":-0.17}},{"t":"X1","s":"","d":{"X":0.839,"Y":-0.191}}],"clr":{"R":234,"G":192,"B":213,"A":255}},"BO9-5-17":{"pid":"BO9-sv","orb":22985.09,"per":112.2,"ang":105.9,"t":"ASTEROID","sp":"ASTEROID-4","s":21.14,"m":131.26,"gd":35.23,"wic":{},"woc":{},"wgc":{},"emm":[{"Type":"1","MainRange":48,"MainValue":0.09,"FarRange":211}],"sig":[{"t":"7-2","s":"","d":{"X":0.92,"Y":0.15}},{"t":"8-1","s":"","d":{"X":-0.63,"Y":0.75}},{"t":"8-2","s":"","d":{"X":-0.6,"Y":-0.61}},{"t":"9-1","s":"","d":{"X":0.88,"Y":-0.22}},{"t":"9-2","s":"","d":{"X":-0.29,"Y":0.59}},{"t":"X1","s":"","d":{"X":-0.185,"Y":-0.628}}],"clr":{"R":204,"G":242,"B":235,"A":255}},"BO9-5-18":{"pid":"BO9-sv","orb":23012.47,"per":112.33,"ang":125.75,"t":"ASTEROID","sp":"ASTEROID-2","s":22.1,"m":150.09,"gd":36.84,"wic":{},"woc":{},"wgc":{},"emm":[{"Type":"1","MainRange":50,"MainValue":0.12,"FarRange":216}],"sig":[{"t":"7-2","s":"","d":{"X":0.06,"Y":0.66}},{"t":"8-1","s":"","d":{"X":0.88,"Y":0.31}},{"t":"8-2","s":"","d":{"X":-0.49,"Y":-0.76}},{"t":"9-1","s":"","d":{"X":-0.01,"Y":-0.34}},{"t":"9-2","s":"","d":{"X":0.2,"Y":0.29}},{"t":"X1","s":"","d":{"X":0.539,"Y":-0.258}}],"clr":{"R":233,"G":241,"B":178,"A":255}},"BO9-5-19":{"pid":"BO9-sv","orb":21971.39,"per":107.25,"ang":57.27,"t":"ASTEROID","sp":"ASTEROID-4","s":25.48,"m":229.88,"gd":42.47,"wic":{},"woc":{},"wgc":{},"emm":[{"Type":"1","MainRange":51,"MainValue":0.07,"FarRange":141}],"sig":[{"t":"7-2","s":"","d":{"X":0.94,"Y":0.32}},{"t":"8-1","s":"","d":{"X":-0.84,"Y":0.08}},{"t":"8-2","s":"","d":{"X":-0.41,"Y":0.73}},{"t":"9-1","s":"","d":{"X":0.33,"Y":0.14}},{"t":"9-2","s":"","d":{"X":-0.35,"Y":0.09}},{"t":"X1","s":"","d":{"X":0.773,"Y":-0.305}}],"clr":{"R":165,"G":254,"B":156,"A":255}},"BO9-5-2":{"pid":"BO9-sv","orb":18675.51,"per":91.16,"ang":107.29,"t":"ASTEROID","sp":"ASTEROID-3","s":29.79,"m":367.38,"gd":49.65,"wic":{},"woc":{},"wgc":{},"emm":[{"Type":"1","MainRange":49,"MainValue":0.13,"FarRange":171}],"sig":[{"t":"7-2","s":"","d":{"X":-0.81,"Y":-0.57}},{"t":"8-1","s":"","d":{"X":-0.09,"Y":0.41}},{"t":"8-2","s":"","d":{"X":0.79,"Y":-0.22}},{"t":"9-1","s":"","d":{"X":-0.21,"Y":-0.6}},{"t":"9-2","s":"","d":{"X":0.17,"Y":-0.06}},{"t":"X1","s":"","d":{"X":-0.253,"Y":-0.049}}],"clr":{"R":238,"G":251,"B":252,"A":255}},"BO9-5-20":{"pid":"BO9-sv","orb":21539.8,"per":105.15,"ang":24.9,"t":"ASTEROID","sp":"ASTEROID-2","s":17.86,"m":79.19,"gd":29.77,"wic":{},"woc":{},"wgc":{},"emm":[{"Type":"1","MainRange":22,"MainValue":0.27,"FarRange":85}],"sig":[{"t":"7-2","s":"","d":{"X":-0.03,"Y":-0.66}},{"t":"8-1","s":"","d":{"X":0.55,"Y":0.49}},{"t":"8-2","s":"","d":{"X":0.11,"Y":-0.37}},{"t":"9-1","s":"","d":{"X":0.22,"Y":0.3}},{"t":"9-2","s":"","d":{"X":-0.18,"Y":0.56}},{"t":"X1","s":"","d":{"X":-0.157,"Y":-0.379}}],"clr":{"R":231,"G":247,"B":250,"A":255}},"BO9-5-21":{"pid":"BO9-sv","orb":19277.32,"per":94.1,"ang":67.15,"t":"ASTEROID","sp":"ASTEROID-1","s":13.58,"m":34.82,"gd":22.64,"wic":{},"woc":{},"wgc":{},"emm":[{"Type":"1","MainRange":56,"MainValue":0.11,"FarRange":131},{"Type":"2","MainRange":33,"MainValue":0.17,"FarRange":155},{"Type":"20","MainRange":48,"MainValue":0.24,"FarRange":180}],"sig":[{"t":"7-2","s":"","d":{"X":0.77,"Y":0.38}},{"t":"8-1","s":"","d":{"X":-0.45,"Y":-0.01}},{"t":"8-2","s":"","d":{"X":0.62,"Y":-0.72}},{"t":"9-1","s":"","d":{"X":-0.51,"Y":-0.56}},{"t":"9-2","s":"","d":{"X":0.08,"Y":-0.37}},{"t":"X1","s":"","d":{"X":0.662,"Y":-0.104}},{"t":"X2","s":"","d":{"X":-0.253,"Y":-0.792}},{"t":"X20","s":"","d":{"X":-0.24,"Y":-0.732}}],"clr":{"R":252,"G":245,"B":247,"A":255}},"BO9-5-22":{"pid":"BO9-sv","orb":27776.48,"per":135.59,"ang":210.77,"t":"ASTEROID","sp":"ASTEROID-3","s":29.84,"m":369.24,"gd":49.74,"wic":{},"woc":{},"wgc":{},"emm":[{"Type":"1","MainRange":65,"MainValue":0.16,"FarRange":135}],"sig":[{"t":"7-2","s":"","d":{"X":0.71,"Y":0.59}},{"t":"8-1","s":"","d":{"X":0.46,"Y":0.6}},{"t":"8-2","s":"","d":{"X":-0.72}},{"t":"9-1","s":"","d":{"X":-0.47,"Y":-0.81}},{"t":"9-2","s":"","d":{"X":0.22,"Y":-0.1}},{"t":"X1","s":"","d":{"X":0.627,"Y":-0.025}}],"clr":{"R":188,"G":253,"B":227,"A":255}},"BO9-5-23":{"pid":"BO9-sv","orb":22829.18,"per":111.44,"ang":254.92,"t":"ASTEROID","sp":"ASTEROID-5","s":31.26,"m":424.39,"gd":52.1,"wic":{},"woc":{},"wgc":{},"emm":[{"Type":"1","MainRange":62,"MainValue":0.11,"FarRange":109}],"sig":[{"t":"7-2","s":"","d":{"X":0.1,"Y":-0.89}},{"t":"8-1","s":"","d":{"X":-0.17,"Y":0.08}},{"t":"8-2","s":"","d":{"X":-0.33,"Y":-0.44}},{"t":"9-1","s":"","d":{"X":0.02,"Y":-0.5}},{"t":"9-2","s":"","d":{"X":0.12,"Y":0.19}},{"t":"X1","s":"","d":{"X":-0.167,"Y":-0.113}}],"clr":{"R":241,"G":186,"B":219,"A":255}},"BO9-5-24":{"pid":"BO9-sv","orb":22287.2,"per":108.79,"ang":214.92,"t":"ASTEROID","sp":"ASTEROID-4","s":9.97,"m":13.77,"gd":16.61,"wic":{},"woc":{},"wgc":{},"emm":[{"Type":"1","MainRange":47,"MainValue":0.24,"FarRange":184}],"sig":[{"t":"7-2","s":"","d":{"X":0.44,"Y":-0.42}},{"t":"8-1","s":"","d":{"X":-0.55,"Y":0.68}},{"t":"8-2","s":"","d":{"X":0.28,"Y":0.93}},{"t":"9-1","s":"","d":{"X":-0.19,"Y":-0.96}},{"t":"9-2","s":"","d":{"X":0.22,"Y":0.16}},{"t":"X1","s":"","d":{"X":0.191,"Y":-0.005}}],"clr":{"R":253,"G":223,"B":197,"A":255}},"BO9-5-25":{"pid":"BO9-sv","orb":25452.86,"per":124.25,"ang":194.1,"t":"ASTEROID","sp":"ASTEROID-1","s":19.56,"m":103.97,"gd":32.6,"wic":{},"woc":{},"wgc":{},"emm":[{"Type":"1","MainRange":27,"MainValue":0.24,"FarRange":219}],"sig":[{"t":"7-2","s":"","d":{"X":0.01,"Y":-0.02}},{"t":"8-1","s":"","d":{"X":-0.66,"Y":0.31}},{"t":"8-2","s":"","d":{"X":0.53,"Y":-0.84}},{"t":"9-1","s":"","d":{"X":-0.31,"Y":0.89}},{"t":"9-2","s":"","d":{"X":0.45,"Y":-0.1}},{"t":"X1","s":"","d":{"X":-0.614,"Y":0.657}}],"clr":{"R":170,"G":237,"B":247,"A":255}},"BO9-5-26":{"pid":"BO9-sv","orb":20631.66,"per":100.71,"ang":91.59,"t":"ASTEROID","sp":"ASTEROID-5","s":14.06,"m":38.65,"gd":23.44,"wic":{},"woc":{},"wgc":{},"emm":[{"Type":"1","MainRange":54,"MainValue":0.24,"FarRange":121}],"sig":[{"t":"7-2","s":"","d":{"X":0.61,"Y":0.46}},{"t":"8-1","s":"","d":{"X":-0.06,"Y":-0.25}},{"t":"8-2","s":"","d":{"X":0.53,"Y":0.26}},{"t":"9-1","s":"","d":{"X":-0.72,"Y":-0.41}},{"t":"9-2","s":"","d":{"X":0.02,"Y":0.52}},{"t":"X1","s":"","d":{"X":-0.804,"Y":0.401}}],"clr":{"R":236,"G":253,"B":243,"A":255}},"BO9-5-27":{"pid":"BO9-sv","orb":21445.45,"per":104.68,"ang":48.1,"t":"ASTEROID","sp":"ASTEROID-2","s":15.78,"m":54.61,"gd":26.3,"wic":{},"woc":{},"wgc":{},"emm":[{"Type":"1","MainRange":63,"MainValue":0.2,"FarRange":142}],"sig":[{"t":"7-2","s":"","d":{"X":0.26,"Y":0.82}},{"t":"8-1","s":"","d":{"X":-0.55,"Y":-0.17}},{"t":"8-2","s":"","d":{"X":0.84,"Y":-0.39}},{"t":"9-1","s":"","d":{"X":0.51,"Y":-0.33}},{"t":"9-2","s":"","d":{"X":0.54,"Y":0.64}},{"t":"X1","s":"","d":{"X":0.818,"Y":0.503}}],"clr":{"R":252,"G":233,"B":253,"A":255}},"BO9-5-28":{"pid":"BO9-sv","orb":23793.64,"per":116.15,"ang":212.07,"t":"ASTEROID","sp":"ASTEROID-5","s":12.89,"m":29.77,"gd":21.49,"wic":{},"woc":{},"wgc":{},"emm":[{"Type":"1","MainRange":61,"MainValue":0.15,"FarRange":229}],"sig":[{"t":"7-2","s":"","d":{"X":0.18,"Y":-0.78}},{"t":"8-1","s":"","d":{"X":0.14,"Y":0.59}},{"t":"8-2","s":"","d":{"X":0.75,"Y":0.06}},{"t":"9-1","s":"","d":{"X":0.59,"Y":0.21}},{"t":"9-2","s":"","d":{"X":0.52,"Y":-0.32}},{"t":"X1","s":"","d":{"X":-0.055,"Y":-0.93}}],"clr":{"R":246,"G":226,"B":234,"A":255}},"BO9-5-29":{"pid":"BO9-sv","orb":22468.16,"per":109.68,"ang":221.34,"t":"ASTEROID","sp":"ASTEROID-1","s":20.66,"m":122.49,"gd":34.43,"wic":{},"woc":{},"wgc":{},"emm":[{"Type":"1","MainRange":54,"MainValue":0.17,"FarRange":221},{"Type":"17","MainRange":49,"MainValue":0.15,"FarRange":113},{"Type":"16","MainRange":62,"MainValue":0.06,"FarRange":148},{"Type":"6","MainRange":54,"MainValue":0.16,"FarRange":61},{"Type":"25","MainRange":58,"MainValue":0.17,"FarRange":180},{"Type":"20","MainRange":50,"MainValue":0.18,"FarRange":191},{"Type":"27","MainRange":40,"MainValue":0.25,"FarRange":124}],"sig":[{"t":"7-2","s":"","d":{"X":0.28,"Y":-0.19}},{"t":"8-1","s":"","d":{"X":-0.25,"Y":-0.16}},{"t":"8-2","s":"","d":{"X":-0.07,"Y":0.48}},{"t":"9-1","s":"","d":{"X":-0.66,"Y":-0.1}},{"t":"9-2","s":"","d":{"X":-0.18,"Y":-0.64}},{"t":"X1","s":"","d":{"X":-0.637,"Y":0.249}},{"t":"X17","s":"","d":{"X":0.724,"Y":0.255}},{"t":"X16","s":"","d":{"X":0.551,"Y":-0.786}},{"t":"X6","s":"","d":{"X":0.799,"Y":-0.38}},{"t":"X25","s":"","d":{"X":-0.706,"Y":-0.343}},{"t":"X20","s":"","d":{"X":-0.466,"Y":0.076}},{"t":"X27","s":"","d":{"X":-0.38,"Y":0.039}}],"clr":{"R":240,"G":247,"B":218,"A":255}},"BO9-5-3":{"pid":"BO9-sv","orb":24778.97,"per":120.96,"ang":234.43,"t":"ASTEROID","sp":"ASTEROID-3","s":16.68,"m":64.51,"gd":27.8,"wic":{},"woc":{},"wgc":{},"emm":[{"Type":"1","MainRange":30,"MainValue":0.18,"FarRange":96}],"sig":[{"t":"7-2","s":"","d":{"X":0.12,"Y":0.87}},{"t":"8-1","s":"","d":{"X":-0.48,"Y":-0.6}},{"t":"8-2","s":"","d":{"X":-0.25,"Y":-0.89}},{"t":"9-1","s":"","d":{"X":-0.63,"Y":-0.6}},{"t":"9-2","s":"","d":{"X":-0.84,"Y":-0.21}},{"t":"X1","s":"","d":{"X":-0.296,"Y":0.241}}],"clr":{"R":245,"G":249,"B":235,"A":255}},"BO9-5-30":{"pid":"BO9-sv","orb":23888.46,"per":116.61,"ang":319.36,"t":"ASTEROID","sp":"ASTEROID-1","s":19.43,"m":101.91,"gd":32.38,"wic":{},"woc":{},"wgc":{},"emm":[{"Type":"1","MainRange":37,"MainValue":0.18,"FarRange":219}],"sig":[{"t":"7-2","s":"","d":{"X":0.32,"Y":-0.23}},{"t":"8-1","s":"","d":{"X":0.63,"Y":-0.43}},{"t":"8-2","s":"","d":{"X":0.8,"Y":-0.16}},{"t":"9-1","s":"","d":{"X":0.71,"Y":-0.4}},{"t":"9-2","s":"","d":{"X":0.22,"Y":0.86}},{"t":"X1","s":"","d":{"X":0.774,"Y":0.433}}],"clr":{"R":246,"G":242,"B":253,"A":255}},"BO9-5-31":{"pid":"BO9-sv","orb":21727.54,"per":106.06,"ang":201.32,"t":"ASTEROID","sp":"ASTEROID-2","s":20.57,"m":120.93,"gd":34.28,"wic":{},"woc":{},"wgc":{},"emm":[{"Type":"1","MainRange":54,"MainValue":0.24,"FarRange":152}],"sig":[{"t":"7-2","s":"","d":{"X":0.83,"Y":0.33}},{"t":"8-1","s":"","d":{"X":0.59,"Y":0.69}},{"t":"8-2","s":"","d":{"X":0.22,"Y":-0.49}},{"t":"9-1","s":"","d":{"Y":0.44}},{"t":"9-2","s":"","d":{"X":0.14,"Y":0.11}},{"t":"X1","s":"","d":{"Y":0.84}}],"clr":{"R":235,"G":222,"B":248,"A":255}},"BO9-5-32":{"pid":"BO9-sv","orb":23143.04,"per":112.97,"ang":77.59,"t":"ASTEROID","sp":"ASTEROID-2","s":29.38,"m":352.57,"gd":48.98,"wic":{},"woc":{},"wgc":{},"emm":[{"Type":"1","MainRange":70,"MainValue":0.27,"FarRange":108}],"sig":[{"t":"7-2","s":"","d":{"X":0.6,"Y":-0.61}},{"t":"8-1","s":"","d":{"X":-0.08,"Y":0.29}},{"t":"8-2","s":"","d":{"X":-0.36,"Y":-0.19}},{"t":"9-1","s":"","d":{"X":-0.42,"Y":-0.07}},{"t":"9-2","s":"","d":{"X":-0.39,"Y":-0.65}},{"t":"X1","s":"","d":{"X":-0.358,"Y":0.108}}],"clr":{"R":249,"G":240,"B":254,"A":255}},"BO9-5-33":{"pid":"BO9-sv","orb":23705.45,"per":115.72,"ang":215.1,"t":"ASTEROID","sp":"ASTEROID-1","s":25.52,"m":230.86,"gd":42.53,"wic":{},"woc":{},"wgc":{},"emm":[{"Type":"1","MainRange":41,"MainValue":0.09,"FarRange":203}],"sig":[{"t":"7-2","s":"","d":{"X":-0.35,"Y":0.34}},{"t":"8-1","s":"","d":{"X":0.06,"Y":-0.59}},{"t":"8-2","s":"","d":{"X":0.24,"Y":0.69}},{"t":"9-1","s":"","d":{"X":-0.48,"Y":0.51}},{"t":"9-2","s":"","d":{"X":-0.41,"Y":0.65}},{"t":"X1","s":"","d":{"X":0.828,"Y":0.104}}],"clr":{"R":236,"G":254,"B":247,"A":255}},"BO9-5-4":{"pid":"BO9-sv","orb":27738.79,"per":135.41,"ang":116.69,"t":"ASTEROID","sp":"ASTEROID-1","s":28.05,"m":306.64,"gd":46.75,"wic":{},"woc":{},"wgc":{},"emm":[{"Type":"1","MainRange":32.4,"MainValue":0.11,"FarRange":36},{"Type":"15","MainRange":46,"MainValue":0.17,"FarRange":203}],"sig":[{"t":"7-2","s":"","d":{"X":-0.79,"Y":-0.31}},{"t":"8-1","s":"","d":{"X":-0.23,"Y":-0.39}},{"t":"8-2","s":"","d":{"X":0.23,"Y":0.69}},{"t":"9-1","s":"","d":{"X":-0.86,"Y":0.29}},{"t":"9-2","s":"","d":{"X":0.46,"Y":0.3}},{"t":"X1","s":"","d":{"X":-0.061,"Y":0.611}},{"t":"X15","s":"","d":{"X":0.525,"Y":0.784}}],"clr":{"R":244,"G":222,"B":209,"A":255}},"BO9-5-5":{"pid":"BO9-sv","orb":20986.48,"per":102.44,"ang":354.14,"t":"ASTEROID","sp":"ASTEROID-4","s":25.22,"m":222.95,"gd":42.04,"wic":{},"woc":{},"wgc":{},"emm":[{"Type":"1","MainRange":52,"MainValue":0.1,"FarRange":246},{"Type":"5","MainRange":54.9,"MainValue":0.17,"FarRange":61},{"Type":"13","MainRange":37,"MainValue":0.2,"FarRange":130},{"Type":"2","MainRange":52,"MainValue":0.22,"FarRange":206},{"Type":"3","MainRange":55,"MainValue":0.17,"FarRange":176},{"Type":"18","MainRange":52,"MainValue":0.15,"FarRange":110},{"Type":"27","MainRange":39,"MainValue":0.22,"FarRange":221},{"Type":"12","MainRange":56,"MainValue":0.22,"FarRange":137},{"Type":"19","MainRange":44,"MainValue":0.1,"FarRange":158}],"sig":[{"t":"7-2","s":"","d":{"X":0.54,"Y":0.03}},{"t":"8-1","s":"","d":{"X":-0.21,"Y":-0.74}},{"t":"8-2","s":"","d":{"X":0.33,"Y":0.53}},{"t":"9-1","s":"","d":{"X":0.96,"Y":-0.17}},{"t":"9-2","s":"","d":{"X":-0.33,"Y":-0.69}},{"t":"X1","s":"","d":{"X":-0.433,"Y":0.534}},{"t":"X5","s":"","d":{"X":0.735,"Y":-0.24}},{"t":"X13","s":"","d":{"X":0.406,"Y":0.614}},{"t":"X2","s":"","d":{"X":-0.443,"Y":0.321}},{"t":"X3","s":"","d":{"X":-0.688,"Y":-0.703}},{"t":"X18","s":"","d":{"X":0.24,"Y":0.2}},{"t":"X27","s":"","d":{"X":0.684,"Y":-0.031}},{"t":"X12","s":"","d":{"X":-0.434,"Y":-0.861}},{"t":"X19","s":"","d":{"X":-0.83,"Y":0.246}}],"clr":{"R":212,"G":252,"B":201,"A":255}},"BO9-5-6":{"pid":"BO9-sv","orb":21282.56,"per":103.89,"ang":176.81,"t":"ASTEROID","sp":"ASTEROID-2","s":22.68,"m":162.09,"gd":37.8,"wic":{},"woc":{},"wgc":{},"emm":[{"Type":"1","MainRange":37,"MainValue":0.19,"FarRange":108}],"sig":[{"t":"7-2","s":"","d":{"X":0.55,"Y":0.68}},{"t":"8-1","s":"","d":{"X":0.38,"Y":-0.72}},{"t":"8-2","s":"","d":{"X":-0.54,"Y":0.43}},{"t":"9-1","s":"","d":{"X":-0.37,"Y":-0.04}},{"t":"9-2","s":"","d":{"X":-0.84,"Y":-0.27}},{"t":"X1","s":"","d":{"X":0.289,"Y":-0.482}}],"clr":{"R":235,"G":194,"B":249,"A":255}},"BO9-5-7":{"pid":"BO9-sv","orb":17776.77,"per":86.78,"ang":113.87,"t":"ASTEROID","sp":"ASTEROID-3","s":16.46,"m":61.95,"gd":27.43,"wic":{},"woc":{},"wgc":{},"emm":[{"Type":"1","MainRange":67,"MainValue":0.1,"FarRange":96}],"sig":[{"t":"7-2","s":"","d":{"X":0.32,"Y":0.23}},{"t":"8-1","s":"","d":{"X":-0.88,"Y":-0.47}},{"t":"8-2","s":"","d":{"X":-0.58,"Y":0.35}},{"t":"9-1","s":"","d":{"X":0.95,"Y":0.05}},{"t":"9-2","s":"","d":{"X":0.33,"Y":-0.4}},{"t":"X1","s":"","d":{"X":0.342,"Y":0.55}}],"clr":{"R":241,"G":219,"B":251,"A":255}},"BO9-5-8":{"pid":"BO9-sv","orb":25066.19,"per":122.36,"ang":56.84,"t":"ASTEROID","sp":"ASTEROID-2","s":27.29,"m":282.33,"gd":45.48,"wic":{},"woc":{},"wgc":{},"emm":[{"Type":"1","MainRange":53,"MainValue":0.18,"FarRange":179}],"sig":[{"t":"7-2","s":"","d":{"X":0.67,"Y":0.7}},{"t":"8-1","s":"","d":{"X":-0.13,"Y":-0.73}},{"t":"8-2","s":"","d":{"X":0.76,"Y":0.49}},{"t":"9-1","s":"","d":{"X":0.54,"Y":-0.01}},{"t":"9-2","s":"","d":{"X":0.12,"Y":0.63}},{"t":"X1","s":"","d":{"X":0.174,"Y":-0.958}}],"clr":{"R":232,"G":235,"B":178,"A":255}},"BO9-5-9":{"pid":"BO9-sv","orb":23982.66,"per":117.07,"ang":334.83,"t":"ASTEROID","sp":"ASTEROID-4","s":21.95,"m":146.94,"gd":36.58,"wic":{},"woc":{},"wgc":{},"emm":[{"Type":"1","MainRange":73,"MainValue":0.16,"FarRange":90}],"sig":[{"t":"7-2","s":"","d":{"X":0.67,"Y":0.29}},{"t":"8-1","s":"","d":{"X":0.93,"Y":0.04}},{"t":"8-2","s":"","d":{"X":0.46,"Y":0.3}},{"t":"9-1","s":"","d":{"X":0.04,"Y":-0.6}},{"t":"9-2","s":"","d":{"X":0.26,"Y":0.77}},{"t":"X1","s":"","d":{"X":0.997,"Y":-0.034}}],"clr":{"R":254,"G":253,"B":235,"A":255}},"BO9-643":{"pid":"BO9-sv","orb":43424.72,"per":211.98,"t":"GASPLANET","sp":"GASPLANET-41","s":149.03,"m":32182.35,"gd":248.38,"wic":{},"woc":{},"wgc":{},"sig":[{"t":"0-2","s":"","d":{"X":0.67,"Y":-0.32}},{"t":"1-3","s":"","d":{"X":0.62,"Y":0.1}},{"t":"3-1","s":"","d":{"X":-0.8,"Y":0.06}},{"t":"6-2","s":"","d":{"X":0.3,"Y":0.91}},{"t":"7-2","s":"","d":{"X":0.07,"Y":0.69}},{"t":"7-3","s":"","d":{"X":0.73,"Y":0.51}},{"t":"8-1","s":"","d":{"X":-0.41,"Y":-0.79}},{"t":"8-2","s":"","d":{"X":0.5,"Y":-0.04}},{"t":"10-2","s":"","d":{"X":-0.78,"Y":0.14}},{"t":"11-1","s":"","d":{"X":-0.72,"Y":-0.38}}],"clr":{"R":251,"G":252,"B":254,"A":255}},"BO9-904":{"pid":"BO9-sv","orb":27290.23,"per":133.22,"t":"GASPLANET","sp":"GASPLANET-34","s":317.35,"m":310740.53,"gd":528.92,"wic":{},"woc":{},"wgc":{},"sig":[{"t":"0-2","s":"","d":{"X":-0.94,"Y":-0.06}},{"t":"1-3","s":"","d":{"X":-0.51,"Y":0.11}},{"t":"3-1","s":"","d":{"X":-0.74,"Y":0.1}},{"t":"6-2","s":"","d":{"X":-0.41,"Y":0.34}},{"t":"10-2","s":"","d":{"X":-0.09,"Y":-0.22}},{"t":"11-1","s":"","d":{"X":0.24,"Y":-0.48}}],"clr":{"R":214,"G":251,"B":253,"A":255}},"BO9-915":{"pid":"BO9-sv","orb":10713.73,"per":52.3,"t":"HARDPLANET","sp":"HARDPLANET-30","s":76.02,"m":25621.11,"gd":217.21,"wic":{},"woc":{},"wgc":{},"sig":[{"t":"3-1","s":"","d":{"X":0.14,"Y":0.2}},{"t":"3-2","s":"","d":{"X":-0.34,"Y":0.92}},{"t":"5-2","s":"","d":{"X":-0.17,"Y":0.95}},{"t":"6-2","s":"","d":{"X":-0.02,"Y":0.16}},{"t":"7-4","s":"","d":{"X":-0.91,"Y":0.15}},{"t":"9-1","s":"","d":{"X":0.08,"Y":-0.3}},{"t":"9-2","s":"","d":{"X":-0.54,"Y":-0.43}},{"t":"10-1","s":"","d":{"X":0.63,"Y":-0.63}},{"t":"10-2","s":"","d":{"X":0.34,"Y":-0.61}},{"t":"11-2","s":"","d":{"X":0.85,"Y":-0.2}},{"t":"12-2","s":"","d":{"X":0.4,"Y":-0.35}},{"t":"13-1","s":"","d":{"X":-0.02,"Y":-0.67}},{"t":"13-2","s":"","d":{"X":-0.66,"Y":-0.47}},{"t":"14-4","s":"","d":{"X":0.62,"Y":-0.17}}],"clr":{"R":243,"G":242,"B":254,"A":255}},"BO9-943":{"pid":"BO9-sv","orb":10971.45,"per":53.55,"t":"HARDPLANET","sp":"HARDPLANET-29","s":89.82,"m":42256.76,"gd":256.63,"wic":{},"woc":{},"wgc":{},"sig":[{"t":"0-2","s":"","d":{"X":0.06,"Y":-0.55}},{"t":"1-2","s":"","d":{"X":-0.33,"Y":0.72}},{"t":"3-1","s":"","d":{"X":-0.81,"Y":0.56}},{"t":"3-2","s":"","d":{"X":-0.48,"Y":0.37}},{"t":"6-1","s":"","d":{"X":-0.64,"Y":0.03}},{"t":"7-4","s":"","d":{"X":0.56,"Y":-0.22}},{"t":"9-1","s":"","d":{"X":0.47,"Y":-0.6}},{"t":"9-2","s":"","d":{"X":-0.18,"Y":-0.84}},{"t":"10-1","s":"","d":{"X":-0.18,"Y":0.61}},{"t":"10-2","s":"","d":{"X":0.57,"Y":-0.79}},{"t":"11-1","s":"","d":{"X":0.73,"Y":0.36}},{"t":"12-3","s":"","d":{"X":-0.48,"Y":-0.49}},{"t":"13-1","s":"","d":{"X":-0.6,"Y":0.41}},{"t":"13-2","s":"","d":{"X":-0.92,"Y":0.13}}],"clr":{"R":253,"G":216,"B":234,"A":255}},"BO9-968":{"pid":"BO9-sv","orb":6584.91,"per":32.14,"t":"HARDPLANET","sp":"HARDPLANET-25","s":33.15,"m":2125.59,"gd":94.73,"wic":{},"woc":{},"wgc":{},"mi":[6,7],"sig":[{"t":"7-4","s":"","d":{"X":0.87,"Y":-0.25}},{"t":"9-1","s":"","d":{"X":-0.17,"Y":0.9}},{"t":"9-2","s":"","d":{"X":-0.76,"Y":-0.55}},{"t":"10-1","s":"","d":{"X":-0.17,"Y":-0.71}},{"t":"10-2","s":"","d":{"X":0.02,"Y":-0.73}},{"t":"11-2","s":"","d":{"X":0.5,"Y":-0.4}},{"t":"12-1","s":"","d":{"X":-0.41,"Y":-0.35}},{"t":"13-1","s":"","d":{"X":0.17,"Y":0.64}},{"t":"13-2","s":"","d":{"X":-0.12,"Y":0.08}}],"clr":{"R":254,"G":253,"B":248,"A":255}},"BO9-S1":{"pid":"BO9-sv","orb":2389.84,"per":19.73,"t":"STAR","sp":"STAR-13","s":389.52,"m":3283483.48,"gd":1298.41,"wic":{},"woc":{},"wgc":{},"emm":[{"Type":"2","MainRange":423,"MainValue":5.7,"FarRange":3250}],"sig":[{"t":"X2","s":"","d":{"X":-0.385,"Y":-0.404}}],"clr":{"R":244,"G":243,"B":214,"A":255}},"BO9-S2":{"pid":"BO9-sv","orb":2896.96,"per":19.73,"ang":180,"t":"STAR","sp":"STAR-1","s":202.44,"m":460939.2,"gd":674.81,"wic":{},"woc":{},"wgc":{},"emm":[{"Type":"2","MainRange":487,"MainValue":4.92,"FarRange":3189}],"sig":[{"t":"X2","s":"","d":{"X":0.383,"Y":-0.423}}],"clr":{"R":243,"G":218,"B":244,"A":255}},"BO9-sv":{"iv":true,"wic":{},"woc":{},"wgc":{},"clr":{}}}}