{"SpawnDistance":1650.0000000000002,"Points":{"BU8-571":{"pid":"BU8-S","orb":679.67,"per":11.32,"t":"GASPLANET","sp":"GASPLANET-12","s":263.22,"m":177315.23,"gd":438.7,"wic":{},"woc":{},"wgc":{},"emm":[{"Type":"13","MainRange":565,"MainValue":0.88,"FarRange":1157},{"Type":"3","MainRange":370,"MainValue":1.25,"FarRange":955},{"Type":"2","MainRange":659,"MainValue":1.85,"FarRange":930},{"Type":"17","MainRange":666,"MainValue":2.05,"FarRange":770},{"Type":"27","MainRange":705,"MainValue":1.66,"FarRange":1321},{"Type":"12","MainRange":585,"MainValue":1.3,"FarRange":1306},{"Type":"24","MainRange":411,"MainValue":1.31,"FarRange":802},{"Type":"15","MainRange":565,"MainValue":1.67,"FarRange":833},{"Type":"1","MainRange":746,"MainValue":0.42,"FarRange":1491}],"sig":[{"t":"0-2","s":"","d":{"X":0.34,"Y":0.04}},{"t":"1-3","s":"","d":{"X":-0.6,"Y":0.46}},{"t":"3-1","s":"","d":{"X":0.25,"Y":-0.9}},{"t":"6-2","s":"","d":{"X":0.6,"Y":-0.53}},{"t":"10-1","s":"","d":{"X":0.61,"Y":0.77}},{"t":"11-1","s":"","d":{"X":-0.12,"Y":0.13}},{"t":"X13","s":"","d":{"X":-0.57,"Y":0.584}},{"t":"X3","s":"","d":{"X":0.748,"Y":-0.294}},{"t":"X2","s":"","d":{"X":-0.562,"Y":0.103}},{"t":"X17","s":"","d":{"X":-0.133,"Y":-0.566}},{"t":"X27","s":"","d":{"X":0.491,"Y":0.754}},{"t":"X12","s":"","d":{"X":-0.432,"Y":0.672}},{"t":"X24","s":"","d":{"X":0.482,"Y":0.713}},{"t":"X15","s":"","d":{"X":0.628,"Y":-0.077}},{"t":"X1","s":"","d":{"X":0.741,"Y":-0.178}}],"clr":{"R":176,"G":188,"B":247,"A":255}},"BU8-S":{"t":"STAR","sp":"STAR-3","s":442.42,"m":4811078.49,"gd":1474.74,"wic":{},"woc":{},"wgc":{},"emm":[{"Type":"2","MainRange":352,"MainValue":5.35,"FarRange":3210}],"sig":[{"t":"X2","s":"","d":{"X":0.551,"Y":-0.043}}],"clr":{"R":203,"G":235,"B":195,"A":255}}}}