{"SpawnDistance":1650.0000000000002,"Points":{"JW9-335":{"pid":"JW9-S","orb":1207.45,"per":20.12,"t":"GASPLANET","sp":"GASPLANET-35","s":142.34,"m":28042.15,"gd":237.24,"wic":{},"woc":{},"wgc":{},"emm":[{"Type":"3","MainRange":630,"MainValue":1.96,"FarRange":772},{"Type":"17","MainRange":50,"MainValue":1.6,"FarRange":870}],"sig":[{"t":"0-3","s":"","d":{"X":0.14,"Y":0.24}},{"t":"1-3","s":"","d":{"X":0.97,"Y":-0.1}},{"t":"3-1","s":"","d":{"X":0.7,"Y":0.52}},{"t":"6-2","s":"","d":{"X":0.03,"Y":-0.92}},{"t":"10-1","s":"","d":{"X":0.03,"Y":0.64}},{"t":"11-1","s":"","d":{"X":0.26,"Y":0.57}},{"t":"X3","s":"","d":{"X":0.433,"Y":-0.515}},{"t":"X17","s":"","d":{"X":-0.667,"Y":0.574}}],"clr":{"R":217,"G":184,"B":254,"A":255}},"JW9-335-0":{"pid":"JW9-335","orb":265.86,"per":4.43,"ang":356.25,"t":"ASTEROID","sp":"ASTEROID-2","s":10.83,"m":17.65,"gd":18.05,"wic":{},"woc":{},"wgc":{},"emm":[{"Type":"1","MainRange":42,"MainValue":0.2,"FarRange":180}],"sig":[{"t":"9-1","s":"","d":{"X":0.14,"Y":-0.7}},{"t":"X1","s":"","d":{"X":-0.269,"Y":0.589}}],"clr":{"R":215,"G":253,"B":244,"A":255}},"JW9-335-1":{"pid":"JW9-335","orb":259.7,"per":4.32,"ang":201.41,"t":"ASTEROID","sp":"ASTEROID-5","s":11.47,"m":20.96,"gd":19.11,"wic":{},"woc":{},"wgc":{},"emm":[{"Type":"1","MainRange":63,"MainValue":0.17,"FarRange":181}],"sig":[{"t":"9-1","s":"","d":{"X":0.95}},{"t":"X1","s":"","d":{"X":0.331,"Y":-0.103}}],"clr":{"R":190,"G":205,"B":241,"A":255}},"JW9-335-10":{"pid":"JW9-335","orb":293.31,"per":4.88,"ang":308.22,"t":"ASTEROID","sp":"ASTEROID-4","s":16.7,"m":64.75,"gd":27.84,"wic":{},"woc":{},"wgc":{},"emm":[{"Type":"1","MainRange":64,"MainValue":0.16,"FarRange":160}],"sig":[{"t":"9-1","s":"","d":{"X":0.21,"Y":-0.36}},{"t":"X1","s":"","d":{"X":-0.514,"Y":0.24}}],"clr":{"R":252,"G":244,"B":230,"A":255}},"JW9-335-11":{"pid":"JW9-335","orb":276.8,"per":4.61,"ang":130.95,"t":"ASTEROID","sp":"ASTEROID-3","s":19.4,"m":101.56,"gd":32.34,"wic":{},"woc":{},"wgc":{},"emm":[{"Type":"1","MainRange":83,"MainValue":0.09,"FarRange":107}],"sig":[{"t":"9-1","s":"","d":{"X":-0.79,"Y":-0.5}},{"t":"X1","s":"","d":{"X":-0.082,"Y":-0.162}}],"clr":{"R":238,"G":253,"B":227,"A":255}},"JW9-335-12":{"pid":"JW9-335","orb":323.32,"per":5.38,"ang":219.71,"t":"ASTEROID","sp":"ASTEROID-1","s":31.48,"m":433.3,"gd":52.46,"wic":{},"woc":{},"wgc":{},"emm":[{"Type":"1","MainRange":30,"MainValue":0.12,"FarRange":206}],"sig":[{"t":"9-1","s":"","d":{"X":0.4,"Y":-0.17}},{"t":"X1","s":"","d":{"X":0.097,"Y":0.967}}],"clr":{"R":201,"G":244,"B":215,"A":255}},"JW9-335-13":{"pid":"JW9-335","orb":318.9,"per":5.31,"ang":195.11,"t":"ASTEROID","sp":"ASTEROID-4","s":18.57,"m":89.01,"gd":30.95,"wic":{},"woc":{},"wgc":{},"emm":[{"Type":"1","MainRange":41,"MainValue":0.12,"FarRange":179},{"Type":"2","MainRange":19,"MainValue":0.07,"FarRange":67},{"Type":"18","MainRange":56,"MainValue":0.27,"FarRange":85},{"Type":"27","MainRange":34,"MainValue":0.17,"FarRange":152},{"Type":"19","MainRange":58,"MainValue":0.21,"FarRange":201}],"sig":[{"t":"9-1","s":"","d":{"X":0.82,"Y":0.15}},{"t":"X1","s":"","d":{"X":0.794,"Y":0.524}},{"t":"X2","s":"","d":{"X":-0.657,"Y":-0.723}},{"t":"X18","s":"","d":{"X":-0.797,"Y":-0.035}},{"t":"X27","s":"","d":{"X":0.024,"Y":0.213}},{"t":"X19","s":"","d":{"X":0.926,"Y":-0.262}}],"clr":{"R":215,"G":168,"B":243,"A":255}},"JW9-335-14":{"pid":"JW9-335","orb":268.53,"per":4.47,"ang":246.41,"t":"ASTEROID","sp":"ASTEROID-5","s":29.48,"m":355.98,"gd":49.14,"wic":{},"woc":{},"wgc":{},"emm":[{"Type":"1","MainRange":69,"MainValue":0.25,"FarRange":169}],"sig":[{"t":"9-1","s":"","d":{"X":-0.17,"Y":-0.14}},{"t":"X1","s":"","d":{"X":0.922,"Y":-0.261}}],"clr":{"R":254,"G":246,"B":248,"A":255}},"JW9-335-15":{"pid":"JW9-335","orb":296.85,"per":4.94,"ang":97.23,"t":"ASTEROID","sp":"ASTEROID-4","s":23.59,"m":182.5,"gd":39.32,"wic":{},"woc":{},"wgc":{},"emm":[{"Type":"1","MainRange":50,"MainValue":0.14,"FarRange":139}],"sig":[{"t":"9-1","s":"","d":{"X":0.1,"Y":-0.75}},{"t":"X1","s":"","d":{"X":0.317,"Y":0.092}}],"clr":{"R":218,"G":245,"B":222,"A":255}},"JW9-335-16":{"pid":"JW9-335","orb":283.62,"per":4.72,"ang":186.88,"t":"ASTEROID","sp":"ASTEROID-4","s":24.06,"m":193.52,"gd":40.1,"wic":{},"woc":{},"wgc":{},"emm":[{"Type":"1","MainRange":41,"MainValue":0.06,"FarRange":53},{"Type":"20","MainRange":31,"MainValue":0.23,"FarRange":141}],"sig":[{"t":"9-1","s":"","d":{"X":-0.26,"Y":-0.87}},{"t":"X1","s":"","d":{"X":-0.574,"Y":-0.774}},{"t":"X20","s":"","d":{"X":-0.038,"Y":0.198}}],"clr":{"R":247,"G":215,"B":202,"A":255}},"JW9-335-17":{"pid":"JW9-335","orb":297.82,"per":4.96,"ang":187.83,"t":"ASTEROID","sp":"ASTEROID-3","s":19.32,"m":100.26,"gd":32.21,"wic":{},"woc":{},"wgc":{},"emm":[{"Type":"1","MainRange":84,"MainValue":0.15,"FarRange":180}],"sig":[{"t":"9-1","s":"","d":{"X":0.26,"Y":0.88}},{"t":"X1","s":"","d":{"X":0.655,"Y":0.181}}],"clr":{"R":252,"G":220,"B":218,"A":255}},"JW9-335-18":{"pid":"JW9-335","orb":256.25,"per":4.27,"ang":142.16,"t":"ASTEROID","sp":"ASTEROID-3","s":27.48,"m":288.49,"gd":45.81,"wic":{},"woc":{},"wgc":{},"emm":[{"Type":"1","MainRange":49,"MainValue":0.13,"FarRange":162}],"sig":[{"t":"9-1","s":"","d":{"X":-0.35,"Y":0.54}},{"t":"X1","s":"","d":{"X":0.225,"Y":-0.379}}],"clr":{"R":240,"G":197,"B":189,"A":255}},"JW9-335-19":{"pid":"JW9-335","orb":314.05,"per":5.23,"ang":236.06,"t":"ASTEROID","sp":"ASTEROID-1","s":31.71,"m":442.94,"gd":52.85,"wic":{},"woc":{},"wgc":{},"emm":[{"Type":"1","MainRange":59,"MainValue":0.22,"FarRange":141}],"sig":[{"t":"9-1","s":"","d":{"X":0.84,"Y":0.41}},{"t":"X1","s":"","d":{"X":0.85,"Y":-0.041}}],"clr":{"R":183,"G":190,"B":249,"A":255}},"JW9-335-2":{"pid":"JW9-335","orb":286,"per":4.76,"ang":151.61,"t":"ASTEROID","sp":"ASTEROID-5","s":19.91,"m":109.67,"gd":33.18,"wic":{},"woc":{},"wgc":{},"emm":[{"Type":"1","MainRange":62,"MainValue":0.21,"FarRange":157}],"sig":[{"t":"9-1","s":"","d":{"X":0.8,"Y":-0.46}},{"t":"X1","s":"","d":{"X":-0.97,"Y":-0.202}}],"clr":{"R":250,"G":237,"B":237,"A":255}},"JW9-335-20":{"pid":"JW9-335","orb":357.97,"per":5.96,"ang":43.53,"t":"ASTEROID","sp":"ASTEROID-5","s":21.71,"m":142.22,"gd":36.19,"wic":{},"woc":{},"wgc":{},"emm":[{"Type":"1","MainRange":38,"MainValue":0.11,"FarRange":202}],"sig":[{"t":"9-1","s":"","d":{"X":0.22,"Y":-0.29}},{"t":"X1","s":"","d":{"X":-0.288,"Y":0.338}}],"clr":{"R":215,"G":247,"B":246,"A":255}},"JW9-335-21":{"pid":"JW9-335","orb":282.88,"per":4.71,"ang":15.86,"t":"ASTEROID","sp":"ASTEROID-2","s":22.86,"m":165.94,"gd":38.1,"wic":{},"woc":{},"wgc":{},"emm":[{"Type":"1","MainRange":72,"MainValue":0.24,"FarRange":83}],"sig":[{"t":"9-1","s":"","d":{"X":-0.4,"Y":-0.45}},{"t":"X1","s":"","d":{"X":0.221,"Y":-0.873}}],"clr":{"R":208,"G":159,"B":253,"A":255}},"JW9-335-22":{"pid":"JW9-335","orb":293.22,"per":4.88,"ang":218.61,"t":"ASTEROID","sp":"ASTEROID-3","s":18.68,"m":90.63,"gd":31.14,"wic":{},"woc":{},"wgc":{},"emm":[{"Type":"1","MainRange":54,"MainValue":0.27,"FarRange":94}],"sig":[{"t":"9-1","s":"","d":{"X":-0.43,"Y":0.3}},{"t":"X1","s":"","d":{"X":-0.008,"Y":0.985}}],"clr":{"R":230,"G":246,"B":213,"A":255}},"JW9-335-23":{"pid":"JW9-335","orb":276.3,"per":4.6,"ang":161.99,"t":"ASTEROID","sp":"ASTEROID-1","s":22.2,"m":152.06,"gd":37,"wic":{},"woc":{},"wgc":{},"emm":[{"Type":"1","MainRange":60,"MainValue":0.17,"FarRange":125}],"sig":[{"t":"9-1","s":"","d":{"X":-0.2,"Y":0.69}},{"t":"X1","s":"","d":{"X":0.908,"Y":-0.277}}],"clr":{"R":217,"G":185,"B":232,"A":255}},"JW9-335-24":{"pid":"JW9-335","orb":263,"per":4.38,"ang":126.36,"t":"ASTEROID","sp":"ASTEROID-3","s":28.52,"m":322.47,"gd":47.54,"wic":{},"woc":{},"wgc":{},"emm":[{"Type":"1","MainRange":49,"MainValue":0.07,"FarRange":180}],"sig":[{"t":"9-1","s":"","d":{"Y":-0.05}},{"t":"X1","s":"","d":{"X":-0.35,"Y":-0.665}}],"clr":{"R":245,"G":253,"B":218,"A":255}},"JW9-335-25":{"pid":"JW9-335","orb":276.61,"per":4.61,"ang":197.45,"t":"ASTEROID","sp":"ASTEROID-4","s":21.98,"m":147.51,"gd":36.63,"wic":{},"woc":{},"wgc":{},"emm":[{"Type":"1","MainRange":52,"MainValue":0.15,"FarRange":125}],"sig":[{"t":"9-1","s":"","d":{"X":0.45,"Y":0.18}},{"t":"X1","s":"","d":{"X":0.442,"Y":0.774}}],"clr":{"R":230,"G":239,"B":202,"A":255}},"JW9-335-26":{"pid":"JW9-335","orb":238.1,"per":3.96,"ang":172.97,"t":"ASTEROID","sp":"ASTEROID-1","s":22.65,"m":161.55,"gd":37.76,"wic":{},"woc":{},"wgc":{},"emm":[{"Type":"1","MainRange":31,"MainValue":0.16,"FarRange":143}],"sig":[{"t":"9-1","s":"","d":{"X":-0.93,"Y":-0.07}},{"t":"X1","s":"","d":{"X":0.205,"Y":-0.47}}],"clr":{"R":251,"G":206,"B":214,"A":255}},"JW9-335-27":{"pid":"JW9-335","orb":279.7,"per":4.66,"ang":110.83,"t":"ASTEROID","sp":"ASTEROID-2","s":16.23,"m":59.46,"gd":27.06,"wic":{},"woc":{},"wgc":{},"emm":[{"Type":"1","MainRange":55,"MainValue":0.09,"FarRange":142}],"sig":[{"t":"9-1","s":"","d":{"X":0.09,"Y":0.39}},{"t":"X1","s":"","d":{"X":-0.15,"Y":0.937}}],"clr":{"R":237,"G":216,"B":195,"A":255}},"JW9-335-28":{"pid":"JW9-335","orb":324.89,"per":5.41,"ang":134.03,"t":"ASTEROID","sp":"ASTEROID-4","s":21.59,"m":139.84,"gd":35.98,"wic":{},"woc":{},"wgc":{},"emm":[{"Type":"1","MainRange":42,"MainValue":0.22,"FarRange":242}],"sig":[{"t":"9-1","s":"","d":{"X":0.55,"Y":-0.41}},{"t":"X1","s":"","d":{"X":0.104,"Y":0.194}}],"clr":{"R":250,"G":224,"B":232,"A":255}},"JW9-335-29":{"pid":"JW9-335","orb":290.14,"per":4.83,"ang":88.1,"t":"ASTEROID","sp":"ASTEROID-3","s":16.9,"m":67.07,"gd":28.17,"wic":{},"woc":{},"wgc":{},"emm":[{"Type":"1","MainRange":67,"MainValue":0.17,"FarRange":121},{"Type":"3","MainRange":12,"MainValue":0.17,"FarRange":122}],"sig":[{"t":"9-1","s":"","d":{"X":-0.18,"Y":0.25}},{"t":"X1","s":"","d":{"X":-0.603,"Y":-0.71}},{"t":"X3","s":"","d":{"X":-0.078,"Y":0.248}}],"clr":{"R":207,"G":225,"B":245,"A":255}},"JW9-335-3":{"pid":"JW9-335","orb":278.47,"per":4.64,"ang":186.92,"t":"ASTEROID","sp":"ASTEROID-4","s":20.24,"m":115.26,"gd":33.74,"wic":{},"woc":{},"wgc":{},"emm":[{"Type":"1","MainRange":13.5,"MainValue":0.22,"FarRange":15}],"sig":[{"t":"9-1","s":"","d":{"X":-0.36,"Y":0.69}},{"t":"X1","s":"","d":{"X":0.239,"Y":-0.085}}],"clr":{"R":211,"G":241,"B":202,"A":255}},"JW9-335-30":{"pid":"JW9-335","orb":307.44,"per":5.12,"ang":334.45,"t":"ASTEROID","sp":"ASTEROID-1","s":21.14,"m":131.36,"gd":35.24,"wic":{},"woc":{},"wgc":{},"emm":[{"Type":"1","MainRange":39,"MainValue":0.23,"FarRange":117}],"sig":[{"t":"9-1","s":"","d":{"X":-0.04,"Y":0.97}},{"t":"X1","s":"","d":{"X":-0.272,"Y":0.44}}],"clr":{"R":253,"G":244,"B":243,"A":255}},"JW9-335-31":{"pid":"JW9-335","orb":312.21,"per":5.2,"ang":359.5,"t":"ASTEROID","sp":"ASTEROID-5","s":19.64,"m":105.36,"gd":32.74,"wic":{},"woc":{},"wgc":{},"emm":[{"Type":"1","MainRange":57,"MainValue":0.13,"FarRange":144}],"sig":[{"t":"9-1","s":"","d":{"X":0.21,"Y":-0.61}},{"t":"X1","s":"","d":{"X":0.842,"Y":0.244}}],"clr":{"R":236,"G":184,"B":188,"A":255}},"JW9-335-32":{"pid":"JW9-335","orb":248.2,"per":4.13,"ang":316.97,"t":"ASTEROID","sp":"ASTEROID-5","s":15.58,"m":52.6,"gd":25.97,"wic":{},"woc":{},"wgc":{},"emm":[{"Type":"1","MainRange":48,"MainValue":0.24,"FarRange":123}],"sig":[{"t":"9-1","s":"","d":{"X":0.67,"Y":-0.01}},{"t":"X1","s":"","d":{"X":-0.52,"Y":0.811}}],"clr":{"R":234,"G":253,"B":155,"A":255}},"JW9-335-33":{"pid":"JW9-335","orb":286.36,"per":4.77,"ang":305.17,"t":"ASTEROID","sp":"ASTEROID-5","s":25.37,"m":226.82,"gd":42.28,"wic":{},"woc":{},"wgc":{},"emm":[{"Type":"1","MainRange":39,"MainValue":0.17,"FarRange":80}],"sig":[{"t":"9-1","s":"","d":{"X":0.42,"Y":-0.29}},{"t":"X1","s":"","d":{"X":-0.183,"Y":0.457}}],"clr":{"R":253,"G":235,"B":253,"A":255}},"JW9-335-34":{"pid":"JW9-335","orb":229.05,"per":3.81,"ang":151.47,"t":"ASTEROID","sp":"ASTEROID-2","s":23.16,"m":172.66,"gd":38.6,"wic":{},"woc":{},"wgc":{},"emm":[{"Type":"1","MainRange":59,"MainValue":0.19,"FarRange":237}],"sig":[{"t":"9-1","s":"","d":{"X":-0.24,"Y":-0.47}},{"t":"X1","s":"","d":{"X":0.629,"Y":-0.315}}],"clr":{"R":242,"G":231,"B":216,"A":255}},"JW9-335-35":{"pid":"JW9-335","orb":249.71,"per":4.16,"ang":41.89,"t":"ASTEROID","sp":"ASTEROID-1","s":18.03,"m":81.5,"gd":30.06,"wic":{},"woc":{},"wgc":{},"emm":[{"Type":"1","MainRange":79,"MainValue":0.11,"FarRange":223}],"sig":[{"t":"9-1","s":"","d":{"X":0.85,"Y":-0.24}},{"t":"X1","s":"","d":{"X":0.197,"Y":0.232}}],"clr":{"R":252,"G":244,"B":246,"A":255}},"JW9-335-36":{"pid":"JW9-335","orb":282.12,"per":4.7,"ang":166.35,"t":"ASTEROID","sp":"ASTEROID-3","s":16.29,"m":60.09,"gd":27.15,"wic":{},"woc":{},"wgc":{},"emm":[{"Type":"1","MainRange":73,"MainValue":0.26,"FarRange":118},{"Type":"14","MainRange":55,"MainValue":0.28,"FarRange":191}],"sig":[{"t":"9-1","s":"","d":{"X":0.21,"Y":0.88}},{"t":"X1","s":"","d":{"X":0.58,"Y":0.601}},{"t":"X14","s":"","d":{"X":-0.516,"Y":-0.402}}],"clr":{"R":211,"G":228,"B":241,"A":255}},"JW9-335-37":{"pid":"JW9-335","orb":266.18,"per":4.43,"ang":317.79,"t":"ASTEROID","sp":"ASTEROID-4","s":15.41,"m":50.89,"gd":25.69,"wic":{},"woc":{},"wgc":{},"emm":[{"Type":"1","MainRange":49,"MainValue":0.2,"FarRange":135}],"sig":[{"t":"9-1","s":"","d":{"X":0.86,"Y":-0.28}},{"t":"X1","s":"","d":{"X":-0.284,"Y":0.893}}],"clr":{"R":205,"G":246,"B":206,"A":255}},"JW9-335-38":{"pid":"JW9-335","orb":269.19,"per":4.48,"ang":260.06,"t":"ASTEROID","sp":"ASTEROID-5","s":13.94,"m":37.66,"gd":23.24,"wic":{},"woc":{},"wgc":{},"emm":[{"Type":"1","MainRange":63,"MainValue":0.24,"FarRange":210}],"sig":[{"t":"9-1","s":"","d":{"X":-0.83,"Y":0.48}},{"t":"X1","s":"","d":{"X":0.105,"Y":-0.674}}],"clr":{"R":170,"G":247,"B":214,"A":255}},"JW9-335-39":{"pid":"JW9-335","orb":300.88,"per":5.01,"ang":236.27,"t":"ASTEROID","sp":"ASTEROID-5","s":11.04,"m":18.71,"gd":18.4,"wic":{},"woc":{},"wgc":{},"emm":[{"Type":"1","MainRange":64,"MainValue":0.19,"FarRange":166}],"sig":[{"t":"9-1","s":"","d":{"X":-0.09,"Y":-0.64}},{"t":"X1","s":"","d":{"X":0.219,"Y":0.194}}],"clr":{"R":252,"G":226,"B":224,"A":255}},"JW9-335-4":{"pid":"JW9-335","orb":301.01,"per":5.01,"ang":331.86,"t":"ASTEROID","sp":"ASTEROID-2","s":18.64,"m":90.04,"gd":31.07,"wic":{},"woc":{},"wgc":{},"emm":[{"Type":"1","MainRange":19,"MainValue":0.19,"FarRange":174}],"sig":[{"t":"9-1","s":"","d":{"X":0.58,"Y":0.03}},{"t":"X1","s":"","d":{"X":0.273,"Y":0.876}}],"clr":{"R":245,"G":195,"B":243,"A":255}},"JW9-335-40":{"pid":"JW9-335","orb":281.66,"per":4.69,"ang":314.88,"t":"ASTEROID","sp":"ASTEROID-4","s":11.74,"m":22.52,"gd":19.58,"wic":{},"woc":{},"wgc":{},"emm":[{"Type":"1","MainRange":54,"MainValue":0.19,"FarRange":92},{"Type":"17","MainRange":65,"MainValue":0.2,"FarRange":238},{"Type":"2","MainRange":50,"MainValue":0.17,"FarRange":115}],"sig":[{"t":"9-1","s":"","d":{"X":-0.88,"Y":-0.39}},{"t":"X1","s":"","d":{"X":0.014,"Y":0.551}},{"t":"X17","s":"","d":{"X":-0.298,"Y":0.747}},{"t":"X2","s":"","d":{"X":0.366,"Y":0.195}}],"clr":{"R":247,"G":248,"B":252,"A":255}},"JW9-335-41":{"pid":"JW9-335","orb":250.55,"per":4.17,"ang":346.9,"t":"ASTEROID","sp":"ASTEROID-3","s":15.97,"m":56.58,"gd":26.61,"wic":{},"woc":{},"wgc":{},"emm":[{"Type":"1","MainRange":50,"MainValue":0.13,"FarRange":121},{"Type":"11","MainRange":42,"MainValue":0.2,"FarRange":111}],"sig":[{"t":"9-1","s":"","d":{"X":-0.13,"Y":-0.66}},{"t":"X1","s":"","d":{"X":0.387,"Y":-0.569}},{"t":"X11","s":"","d":{"X":0.725,"Y":-0.032}}],"clr":{"R":242,"G":253,"B":244,"A":255}},"JW9-335-42":{"pid":"JW9-335","orb":321.38,"per":5.35,"ang":25.41,"t":"ASTEROID","sp":"ASTEROID-3","s":14.57,"m":43.04,"gd":24.29,"wic":{},"woc":{},"wgc":{},"emm":[{"Type":"1","MainRange":45,"MainValue":0.18,"FarRange":145}],"sig":[{"t":"9-1","s":"","d":{"X":0.91,"Y":-0.2}},{"t":"X1","s":"","d":{"X":0.307,"Y":-0.584}}],"clr":{"R":229,"G":254,"B":180,"A":255}},"JW9-335-43":{"pid":"JW9-335","orb":326.11,"per":5.43,"ang":318.68,"t":"ASTEROID","sp":"ASTEROID-2","s":13.59,"m":34.91,"gd":22.66,"wic":{},"woc":{},"wgc":{},"emm":[{"Type":"1","MainRange":19,"MainValue":0.23,"FarRange":98}],"sig":[{"t":"9-1","s":"","d":{"X":0.43,"Y":0.65}},{"t":"X1","s":"","d":{"X":0.436,"Y":-0.405}}],"clr":{"R":253,"G":254,"B":254,"A":255}},"JW9-335-44":{"pid":"JW9-335","orb":252.94,"per":4.21,"ang":287.53,"t":"ASTEROID","sp":"ASTEROID-4","s":19.21,"m":98.57,"gd":32.02,"wic":{},"woc":{},"wgc":{},"emm":[{"Type":"1","MainRange":61,"MainValue":0.17,"FarRange":127}],"sig":[{"t":"9-1","s":"","d":{"X":-0.4,"Y":-0.21}},{"t":"X1","s":"","d":{"X":0.431,"Y":-0.227}}],"clr":{"R":221,"G":248,"B":164,"A":255}},"JW9-335-45":{"pid":"JW9-335","orb":271.99,"per":4.53,"ang":345.08,"t":"ASTEROID","sp":"ASTEROID-4","s":18.14,"m":82.99,"gd":30.24,"wic":{},"woc":{},"wgc":{},"emm":[{"Type":"1","MainRange":30,"MainValue":0.23,"FarRange":191}],"sig":[{"t":"9-1","s":"","d":{"X":-0.66,"Y":-0.12}},{"t":"X1","s":"","d":{"X":0.404,"Y":-0.465}}],"clr":{"R":243,"G":252,"B":250,"A":255}},"JW9-335-46":{"pid":"JW9-335","orb":291.51,"per":4.85,"ang":123.34,"t":"ASTEROID","sp":"ASTEROID-3","s":28.35,"m":316.57,"gd":47.25,"wic":{},"woc":{},"wgc":{},"emm":[{"Type":"1","MainRange":69,"MainValue":0.18,"FarRange":157}],"sig":[{"t":"9-1","s":"","d":{"X":0.21,"Y":0.89}},{"t":"X1","s":"","d":{"X":-0.288,"Y":0.234}}],"clr":{"R":248,"G":228,"B":208,"A":255}},"JW9-335-5":{"pid":"JW9-335","orb":285.24,"per":4.75,"ang":122.8,"t":"ASTEROID","sp":"ASTEROID-5","s":16.56,"m":63.18,"gd":27.61,"wic":{},"woc":{},"wgc":{},"emm":[{"Type":"1","MainRange":36,"MainValue":0.22,"FarRange":121}],"sig":[{"t":"9-1","s":"","d":{"X":0.81,"Y":-0.31}},{"t":"X1","s":"","d":{"X":0.012,"Y":0.645}}],"clr":{"R":245,"G":246,"B":223,"A":255}},"JW9-335-6":{"pid":"JW9-335","orb":247.57,"per":4.12,"ang":67.05,"t":"ASTEROID","sp":"ASTEROID-5","s":23.46,"m":179.41,"gd":39.1,"wic":{},"woc":{},"wgc":{},"emm":[{"Type":"1","MainRange":61,"MainValue":0.16,"FarRange":198}],"sig":[{"t":"9-1","s":"","d":{"X":0.08,"Y":-0.68}},{"t":"X1","s":"","d":{"X":0.85,"Y":0.131}}],"clr":{"R":253,"G":253,"B":249,"A":255}},"JW9-335-7":{"pid":"JW9-335","orb":297.95,"per":4.96,"ang":77.81,"t":"ASTEROID","sp":"ASTEROID-1","s":19.11,"m":97.03,"gd":31.86,"wic":{},"woc":{},"wgc":{},"emm":[{"Type":"1","MainRange":27,"MainValue":0.21,"FarRange":87}],"sig":[{"t":"9-1","s":"","d":{"X":0.29,"Y":-0.67}},{"t":"X1","s":"","d":{"X":-0.369,"Y":0.27}}],"clr":{"R":227,"G":236,"B":252,"A":255}},"JW9-335-8":{"pid":"JW9-335","orb":262.68,"per":4.37,"ang":253.27,"t":"ASTEROID","sp":"ASTEROID-5","s":14.95,"m":46.48,"gd":24.93,"wic":{},"woc":{},"wgc":{},"emm":[{"Type":"1","MainRange":54,"MainValue":0.23,"FarRange":75}],"sig":[{"t":"9-1","s":"","d":{"X":0.52,"Y":-0.34}},{"t":"X1","s":"","d":{"X":0.572,"Y":0.352}}],"clr":{"R":240,"G":249,"B":230,"A":255}},"JW9-335-9":{"pid":"JW9-335","orb":263.87,"per":4.39,"ang":327.11,"t":"ASTEROID","sp":"ASTEROID-4","s":15.74,"m":54.26,"gd":26.24,"wic":{},"woc":{},"wgc":{},"emm":[{"Type":"1","MainRange":65,"MainValue":0.21,"FarRange":244}],"sig":[{"t":"9-1","s":"","d":{"X":0.78,"Y":-0.08}},{"t":"X1","s":"","d":{"X":0.375,"Y":-0.614}}],"clr":{"R":238,"G":247,"B":254,"A":255}},"JW9-779":{"pid":"JW9-S","orb":788.01,"per":13.13,"t":"GASPLANET","sp":"GASPLANET-26","s":284.22,"m":223230.77,"gd":473.7,"wic":{},"woc":{},"wgc":{},"sig":[{"t":"0-2","s":"","d":{"X":0.1,"Y":-0.52}},{"t":"1-3","s":"","d":{"X":0.42,"Y":0.23}},{"t":"3-1","s":"","d":{"X":-0.19,"Y":0.48}},{"t":"6-3","s":"","d":{"X":0.03,"Y":0.08}},{"t":"7-3","s":"","d":{"X":-0.7,"Y":-0.11}},{"t":"8-1","s":"","d":{"X":0.05,"Y":-0.27}},{"t":"11-1","s":"","d":{"X":0.24,"Y":-0.41}}],"clr":{"R":253,"G":209,"B":196,"A":255}},"JW9-S":{"t":"STAR","sp":"STAR-1","s":326.92,"m":1941265.97,"gd":1089.76,"wic":{},"woc":{},"wgc":{},"emm":[{"Type":"2","MainRange":697,"MainValue":4.5,"FarRange":3940}],"sig":[{"t":"X2","s":"","d":{"X":-0.057,"Y":-0.133}}],"clr":{"R":220,"G":250,"B":231,"A":255}}}}