{"SpawnDistance":20687.106,"Points":{"DH4-0-0":{"pid":"DH4-S","orb":2554.57,"per":42.57,"ang":105.61,"t":"ASTEROID","sp":"ASTEROID-3","s":16.49,"m":62.37,"gd":27.49,"wic":{},"woc":{},"wgc":{},"emm":[{"Type":"1","MainRange":52,"MainValue":0.29,"FarRange":100}],"sig":[{"t":"7-2","s":"","d":{"X":0.24,"Y":-0.56}},{"t":"8-2","s":"","d":{"X":0.04,"Y":-0.75}},{"t":"9-1","s":"","d":{"X":0.08,"Y":0.76}},{"t":"9-2","s":"","d":{"X":0.18,"Y":-0.67}},{"t":"X1","s":"","d":{"X":0.15,"Y":-0.321}}],"clr":{"R":249,"G":253,"B":241,"A":255}},"DH4-0-1":{"pid":"DH4-S","orb":2542.5,"per":42.37,"ang":231.82,"t":"ASTEROID","sp":"ASTEROID-1","s":16.65,"m":64.19,"gd":27.76,"wic":{},"woc":{},"wgc":{},"emm":[{"Type":"1","MainRange":64,"MainValue":0.2,"FarRange":132}],"sig":[{"t":"7-2","s":"","d":{"X":-0.38,"Y":-0.83}},{"t":"8-2","s":"","d":{"X":-0.65,"Y":0.1}},{"t":"9-1","s":"","d":{"X":0.71,"Y":0.17}},{"t":"9-2","s":"","d":{"X":-0.34,"Y":-0.65}},{"t":"X1","s":"","d":{"X":0.146,"Y":0.468}}],"clr":{"R":253,"G":244,"B":252,"A":255}},"DH4-0-10":{"pid":"DH4-S","orb":2342.81,"per":39.04,"ang":16.34,"t":"ASTEROID","sp":"ASTEROID-4","s":28.35,"m":316.67,"gd":47.26,"wic":{},"woc":{},"wgc":{},"emm":[{"Type":"1","MainRange":44,"MainValue":0.19,"FarRange":169}],"sig":[{"t":"7-2","s":"","d":{"X":-0.13,"Y":0.35}},{"t":"8-2","s":"","d":{"X":-0.03,"Y":0.52}},{"t":"9-1","s":"","d":{"X":0.56,"Y":0.75}},{"t":"9-2","s":"","d":{"X":-0.25,"Y":-0.74}},{"t":"X1","s":"","d":{"X":-0.149,"Y":0.12}}],"clr":{"R":223,"G":222,"B":251,"A":255}},"DH4-0-11":{"pid":"DH4-S","orb":2463.56,"per":41.05,"ang":338.6,"t":"ASTEROID","sp":"ASTEROID-3","s":18.03,"m":81.54,"gd":30.06,"wic":{},"woc":{},"wgc":{},"emm":[{"Type":"1","MainRange":42,"MainValue":0.1,"FarRange":137}],"sig":[{"t":"7-2","s":"","d":{"X":-0.21,"Y":-0.96}},{"t":"8-2","s":"","d":{"X":-0.23,"Y":0.72}},{"t":"9-1","s":"","d":{"X":-0.7,"Y":-0.36}},{"t":"9-2","s":"","d":{"X":-0.2,"Y":0.2}},{"t":"X1","s":"","d":{"X":-0.061,"Y":0.389}}],"clr":{"R":217,"G":252,"B":183,"A":255}},"DH4-0-12":{"pid":"DH4-S","orb":2757.48,"per":45.95,"ang":282.61,"t":"ASTEROID","sp":"ASTEROID-4","s":31.01,"m":414.25,"gd":51.68,"wic":{},"woc":{},"wgc":{},"emm":[{"Type":"1","MainRange":43,"MainValue":0.17,"FarRange":285}],"sig":[{"t":"7-2","s":"","d":{"X":-0.79,"Y":-0.01}},{"t":"8-2","s":"","d":{"X":0.76,"Y":0.46}},{"t":"9-1","s":"","d":{"X":0.49,"Y":-0.18}},{"t":"9-2","s":"","d":{"X":0.69,"Y":-0.03}},{"t":"X1","s":"","d":{"X":-0.773,"Y":0.537}}],"clr":{"R":232,"G":243,"B":254,"A":255}},"DH4-0-13":{"pid":"DH4-S","orb":2280.93,"per":38.01,"ang":298.74,"t":"ASTEROID","sp":"ASTEROID-1","s":15.7,"m":53.76,"gd":26.16,"wic":{},"woc":{},"wgc":{},"emm":[{"Type":"1","MainRange":54,"MainValue":0.27,"FarRange":151}],"sig":[{"t":"7-2","s":"","d":{"X":-0.32,"Y":-0.32}},{"t":"8-2","s":"","d":{"X":0.18,"Y":0.28}},{"t":"9-1","s":"","d":{"X":-0.66,"Y":-0.64}},{"t":"9-2","s":"","d":{"X":-0.22,"Y":0.76}},{"t":"X1","s":"","d":{"X":0.617,"Y":-0.679}}],"clr":{"R":252,"G":251,"B":178,"A":255}},"DH4-0-14":{"pid":"DH4-S","orb":2279.92,"per":37.99,"ang":110.65,"t":"ASTEROID","sp":"ASTEROID-2","s":16.04,"m":57.39,"gd":26.74,"wic":{},"woc":{},"wgc":{},"emm":[{"Type":"1","MainRange":59,"MainValue":0.17,"FarRange":183}],"sig":[{"t":"7-2","s":"","d":{"X":0.51,"Y":0.78}},{"t":"8-2","s":"","d":{"X":0.69,"Y":0.52}},{"t":"9-1","s":"","d":{"X":-0.65,"Y":0.17}},{"t":"9-2","s":"","d":{"X":-0.3,"Y":-0.37}},{"t":"X1","s":"","d":{"X":-0.227,"Y":-0.85}}],"clr":{"R":232,"G":231,"B":254,"A":255}},"DH4-0-15":{"pid":"DH4-S","orb":2840.97,"per":47.34,"ang":172.94,"t":"ASTEROID","sp":"ASTEROID-3","s":15.86,"m":55.47,"gd":26.44,"wic":{},"woc":{},"wgc":{},"emm":[{"Type":"1","MainRange":49,"MainValue":0.18,"FarRange":160}],"sig":[{"t":"7-2","s":"","d":{"X":0.14,"Y":-0.87}},{"t":"8-2","s":"","d":{"X":-0.57,"Y":0.12}},{"t":"9-1","s":"","d":{"X":-0.52,"Y":-0.12}},{"t":"9-2","s":"","d":{"X":-0.34,"Y":-0.69}},{"t":"X1","s":"","d":{"X":0.414,"Y":0.85}}],"clr":{"R":157,"G":252,"B":204,"A":255}},"DH4-0-16":{"pid":"DH4-S","orb":2502.49,"per":41.7,"ang":263.78,"t":"ASTEROID","sp":"ASTEROID-3","s":11.01,"m":18.54,"gd":18.35,"wic":{},"woc":{},"wgc":{},"emm":[{"Type":"1","MainRange":64,"MainValue":0.3,"FarRange":174}],"sig":[{"t":"7-2","s":"","d":{"X":-0.42,"Y":-0.27}},{"t":"8-2","s":"","d":{"X":-0.14,"Y":0.42}},{"t":"9-1","s":"","d":{"X":-0.92,"Y":-0.1}},{"t":"9-2","s":"","d":{"X":-0.5,"Y":-0.42}},{"t":"X1","s":"","d":{"X":0.135,"Y":-0.516}}],"clr":{"R":228,"G":218,"B":245,"A":255}},"DH4-0-17":{"pid":"DH4-S","orb":2070.33,"per":34.5,"ang":173.19,"t":"ASTEROID","sp":"ASTEROID-3","s":13.03,"m":30.74,"gd":21.72,"wic":{},"woc":{},"wgc":{},"emm":[{"Type":"1","MainRange":31,"MainValue":0.21,"FarRange":168}],"sig":[{"t":"7-2","s":"","d":{"X":0.2,"Y":0.1}},{"t":"8-2","s":"","d":{"X":-0.26,"Y":0.26}},{"t":"9-1","s":"","d":{"X":-0.58,"Y":0.31}},{"t":"9-2","s":"","d":{"X":-0.11,"Y":-0.86}},{"t":"X1","s":"","d":{"X":0.281,"Y":0.117}}],"clr":{"R":246,"G":245,"B":254,"A":255}},"DH4-0-18":{"pid":"DH4-S","orb":2174.53,"per":36.24,"ang":294.74,"t":"ASTEROID","sp":"ASTEROID-2","s":15.61,"m":52.84,"gd":26.01,"wic":{},"woc":{},"wgc":{},"emm":[{"Type":"1","MainRange":68,"MainValue":0.13,"FarRange":159}],"sig":[{"t":"7-2","s":"","d":{"X":-0.87,"Y":0.32}},{"t":"8-2","s":"","d":{"X":-0.67,"Y":-0.53}},{"t":"9-1","s":"","d":{"X":-0.28,"Y":-0.42}},{"t":"9-2","s":"","d":{"X":0.22,"Y":-0.47}},{"t":"X1","s":"","d":{"X":0.151,"Y":-0.1}}],"clr":{"R":237,"G":233,"B":178,"A":255}},"DH4-0-19":{"pid":"DH4-S","orb":2095.59,"per":34.92,"ang":211.1,"t":"ASTEROID","sp":"ASTEROID-3","s":14.13,"m":39.19,"gd":23.55,"wic":{},"woc":{},"wgc":{},"emm":[{"Type":"1","MainRange":48,"MainValue":0.22,"FarRange":177}],"sig":[{"t":"7-2","s":"","d":{"X":0.81,"Y":-0.54}},{"t":"8-2","s":"","d":{"X":-0.1,"Y":0.47}},{"t":"9-1","s":"","d":{"X":0.23,"Y":0.08}},{"t":"9-2","s":"","d":{"X":-0.52,"Y":0.35}},{"t":"X1","s":"","d":{"X":0.64,"Y":-0.685}}],"clr":{"R":223,"G":251,"B":235,"A":255}},"DH4-0-2":{"pid":"DH4-S","orb":2606.74,"per":43.44,"ang":58.15,"t":"ASTEROID","sp":"ASTEROID-3","s":16.17,"m":58.81,"gd":26.96,"wic":{},"woc":{},"wgc":{},"emm":[{"Type":"1","MainRange":65,"MainValue":0.15,"FarRange":200}],"sig":[{"t":"7-2","s":"","d":{"X":0.48,"Y":0.06}},{"t":"8-2","s":"","d":{"X":0.1,"Y":0.07}},{"t":"9-1","s":"","d":{"X":0.79,"Y":0.52}},{"t":"9-2","s":"","d":{"X":0.23,"Y":-0.97}},{"t":"X1","s":"","d":{"X":0.883,"Y":0.087}}],"clr":{"R":248,"G":252,"B":238,"A":255}},"DH4-0-20":{"pid":"DH4-S","orb":2637.64,"per":43.96,"ang":54.42,"t":"ASTEROID","sp":"ASTEROID-5","s":18.9,"m":93.78,"gd":31.5,"wic":{},"woc":{},"wgc":{},"emm":[{"Type":"1","MainRange":48,"MainValue":0.11,"FarRange":129},{"Type":"3","MainRange":63,"MainValue":0.23,"FarRange":178}],"sig":[{"t":"7-2","s":"","d":{"X":-0.18,"Y":0.72}},{"t":"8-2","s":"","d":{"X":-0.55,"Y":0.11}},{"t":"9-1","s":"","d":{"X":0.38,"Y":0.32}},{"t":"9-2","s":"","d":{"X":-0.67,"Y":-0.62}},{"t":"X1","s":"","d":{"X":0.613,"Y":-0.211}},{"t":"X3","s":"","d":{"X":0.373,"Y":0.24}}],"clr":{"R":251,"G":243,"B":250,"A":255}},"DH4-0-21":{"pid":"DH4-S","orb":2647.87,"per":44.13,"ang":159.79,"t":"ASTEROID","sp":"ASTEROID-3","s":16.97,"m":67.95,"gd":28.29,"wic":{},"woc":{},"wgc":{},"emm":[{"Type":"1","MainRange":53,"MainValue":0.21,"FarRange":206}],"sig":[{"t":"7-2","s":"","d":{"X":-0.31,"Y":0.36}},{"t":"8-2","s":"","d":{"X":0.23,"Y":0.8}},{"t":"9-1","s":"","d":{"X":-0.06,"Y":-0.26}},{"t":"9-2","s":"","d":{"X":-0.18,"Y":0.53}},{"t":"X1","s":"","d":{"X":0.108,"Y":-0.949}}],"clr":{"R":196,"G":173,"B":234,"A":255}},"DH4-0-22":{"pid":"DH4-S","orb":2367.62,"per":39.46,"ang":26.43,"t":"ASTEROID","sp":"ASTEROID-4","s":20.34,"m":116.93,"gd":33.9,"wic":{},"woc":{},"wgc":{},"emm":[{"Type":"1","MainRange":74,"MainValue":0.15,"FarRange":147}],"sig":[{"t":"7-2","s":"","d":{"X":0.3,"Y":0.88}},{"t":"8-2","s":"","d":{"X":-0.01,"Y":-0.45}},{"t":"9-1","s":"","d":{"X":-0.57,"Y":-0.67}},{"t":"9-2","s":"","d":{"X":0.79,"Y":0.16}},{"t":"X1","s":"","d":{"X":0.46,"Y":0.418}}],"clr":{"R":244,"G":196,"B":233,"A":255}},"DH4-0-23":{"pid":"DH4-S","orb":2533.89,"per":42.23,"ang":95.2,"t":"ASTEROID","sp":"ASTEROID-5","s":18.45,"m":87.32,"gd":30.76,"wic":{},"woc":{},"wgc":{},"emm":[{"Type":"1","MainRange":41,"MainValue":0.19,"FarRange":150}],"sig":[{"t":"7-2","s":"","d":{"X":0.03,"Y":-0.29}},{"t":"8-2","s":"","d":{"X":-0.76,"Y":0.12}},{"t":"9-1","s":"","d":{"X":0.88,"Y":0.21}},{"t":"9-2","s":"","d":{"X":0.28,"Y":-0.12}},{"t":"X1","s":"","d":{"X":0.766,"Y":-0.44}}],"clr":{"R":213,"G":209,"B":253,"A":255}},"DH4-0-24":{"pid":"DH4-S","orb":2378.4,"per":39.64,"ang":104.56,"t":"ASTEROID","sp":"ASTEROID-2","s":20.8,"m":125.11,"gd":34.67,"wic":{},"woc":{},"wgc":{},"emm":[{"Type":"1","MainRange":69,"MainValue":0.19,"FarRange":85},{"Type":"25","MainRange":36,"MainValue":0.29,"FarRange":139}],"sig":[{"t":"7-2","s":"","d":{"X":0.32,"Y":-0.03}},{"t":"8-2","s":"","d":{"X":-0.3,"Y":-0.86}},{"t":"9-1","s":"","d":{"X":0.06,"Y":0.11}},{"t":"9-2","s":"","d":{"X":0.04,"Y":0.14}},{"t":"X1","s":"","d":{"X":-0.466,"Y":0.119}},{"t":"X25","s":"","d":{"X":0.303,"Y":0.811}}],"clr":{"R":247,"G":239,"B":233,"A":255}},"DH4-0-25":{"pid":"DH4-S","orb":2569.83,"per":42.83,"ang":325.7,"t":"ASTEROID","sp":"ASTEROID-3","s":18.16,"m":83.31,"gd":30.28,"wic":{},"woc":{},"wgc":{},"emm":[{"Type":"1","MainRange":71,"MainValue":0.2,"FarRange":80}],"sig":[{"t":"7-2","s":"","d":{"X":0.49,"Y":0.13}},{"t":"8-2","s":"","d":{"X":0.71,"Y":0.48}},{"t":"9-1","s":"","d":{"X":-0.45,"Y":0.11}},{"t":"9-2","s":"","d":{"X":0.2,"Y":0.84}},{"t":"X1","s":"","d":{"X":-0.45,"Y":0.172}}],"clr":{"R":239,"G":244,"B":210,"A":255}},"DH4-0-26":{"pid":"DH4-S","orb":2044.56,"per":34.07,"ang":357.14,"t":"ASTEROID","sp":"ASTEROID-3","s":19.56,"m":104.08,"gd":32.61,"wic":{},"woc":{},"wgc":{},"emm":[{"Type":"1","MainRange":61,"MainValue":0.17,"FarRange":225}],"sig":[{"t":"7-2","s":"","d":{"X":0.05,"Y":-0.26}},{"t":"8-2","s":"","d":{"X":0.05,"Y":-0.32}},{"t":"9-1","s":"","d":{"X":0.15,"Y":0.89}},{"t":"9-2","s":"","d":{"X":-0.37,"Y":-0.19}},{"t":"X1","s":"","d":{"X":-0.114,"Y":0.906}}],"clr":{"R":239,"G":175,"B":249,"A":255}},"DH4-0-27":{"pid":"DH4-S","orb":2645.96,"per":44.09,"ang":146.34,"t":"ASTEROID","sp":"ASTEROID-1","s":18.65,"m":90.16,"gd":31.09,"wic":{},"woc":{},"wgc":{},"emm":[{"Type":"1","MainRange":15.3,"MainValue":0.24,"FarRange":17},{"Type":"3","MainRange":28,"MainValue":0.09,"FarRange":99},{"Type":"2","MainRange":45,"MainValue":0.15,"FarRange":122}],"sig":[{"t":"7-2","s":"","d":{"X":-0.67,"Y":-0.7}},{"t":"8-2","s":"","d":{"X":-0.59,"Y":0.35}},{"t":"9-1","s":"","d":{"X":-0.72,"Y":0.29}},{"t":"9-2","s":"","d":{"X":0.37,"Y":-0.21}},{"t":"X1","s":"","d":{"X":0.232,"Y":-0.452}},{"t":"X3","s":"","d":{"X":-0.341,"Y":0.283}},{"t":"X2","s":"","d":{"X":0.569,"Y":0.566}}],"clr":{"R":214,"G":219,"B":245,"A":255}},"DH4-0-28":{"pid":"DH4-S","orb":2524.26,"per":42.07,"ang":189.35,"t":"ASTEROID","sp":"ASTEROID-2","s":16.55,"m":63.02,"gd":27.59,"wic":{},"woc":{},"wgc":{},"emm":[{"Type":"1","MainRange":47,"MainValue":0.23,"FarRange":179}],"sig":[{"t":"7-2","s":"","d":{"X":-0.85,"Y":-0.51}},{"t":"8-2","s":"","d":{"X":-0.99,"Y":-0.13}},{"t":"9-1","s":"","d":{"X":0.02,"Y":0.92}},{"t":"9-2","s":"","d":{"X":0.14,"Y":0.81}},{"t":"X1","s":"","d":{"X":0.415,"Y":-0.378}}],"clr":{"R":215,"G":247,"B":237,"A":255}},"DH4-0-29":{"pid":"DH4-S","orb":2225.36,"per":37.08,"ang":50.4,"t":"ASTEROID","sp":"ASTEROID-3","s":17.93,"m":80.07,"gd":29.88,"wic":{},"woc":{},"wgc":{},"emm":[{"Type":"1","MainRange":65,"MainValue":0.27,"FarRange":211}],"sig":[{"t":"7-2","s":"","d":{"X":-0.57,"Y":0.43}},{"t":"8-2","s":"","d":{"X":-0.17,"Y":-0.41}},{"t":"9-1","s":"","d":{"X":-0.8,"Y":-0.52}},{"t":"9-2","s":"","d":{"X":0.02,"Y":-0.36}},{"t":"X1","s":"","d":{"X":0.571,"Y":-0.599}}],"clr":{"R":215,"G":237,"B":252,"A":255}},"DH4-0-3":{"pid":"DH4-S","orb":2570.99,"per":42.84,"ang":289.7,"t":"ASTEROID","sp":"ASTEROID-4","s":22.12,"m":150.38,"gd":36.87,"wic":{},"woc":{},"wgc":{},"emm":[{"Type":"1","MainRange":19,"MainValue":0.24,"FarRange":147}],"sig":[{"t":"7-2","s":"","d":{"X":0.68,"Y":0.08}},{"t":"8-2","s":"","d":{"X":0.04,"Y":-0.79}},{"t":"9-1","s":"","d":{"X":-0.51,"Y":-0.04}},{"t":"9-2","s":"","d":{"X":-0.06,"Y":0.27}},{"t":"X1","s":"","d":{"X":0.017,"Y":-0.658}}],"clr":{"R":213,"G":238,"B":253,"A":255}},"DH4-0-30":{"pid":"DH4-S","orb":2437.35,"per":40.62,"ang":333.29,"t":"ASTEROID","sp":"ASTEROID-3","s":25.47,"m":229.67,"gd":42.46,"wic":{},"woc":{},"wgc":{},"emm":[{"Type":"1","MainRange":37,"MainValue":0.17,"FarRange":94}],"sig":[{"t":"7-2","s":"","d":{"X":0.44,"Y":-0.67}},{"t":"8-2","s":"","d":{"X":0.02,"Y":-0.81}},{"t":"9-1","s":"","d":{"X":0.2}},{"t":"9-2","s":"","d":{"X":0.09,"Y":-0.29}},{"t":"X1","s":"","d":{"X":0.439,"Y":0.817}}],"clr":{"R":234,"G":244,"B":201,"A":255}},"DH4-0-31":{"pid":"DH4-S","orb":2189.65,"per":36.49,"ang":331.03,"t":"ASTEROID","sp":"ASTEROID-1","s":12.03,"m":24.19,"gd":20.05,"wic":{},"woc":{},"wgc":{},"emm":[{"Type":"1","MainRange":67,"MainValue":0.19,"FarRange":121}],"sig":[{"t":"7-2","s":"","d":{"X":-0.16,"Y":-0.1}},{"t":"8-2","s":"","d":{"X":-0.35,"Y":0.84}},{"t":"9-1","s":"","d":{"X":0.26,"Y":-0.2}},{"t":"9-2","s":"","d":{"X":0.87,"Y":0.28}},{"t":"X1","s":"","d":{"X":0.138,"Y":-0.461}}],"clr":{"R":175,"G":171,"B":253,"A":255}},"DH4-0-32":{"pid":"DH4-S","orb":2634.9,"per":43.91,"ang":276.38,"t":"ASTEROID","sp":"ASTEROID-2","s":13.03,"m":30.75,"gd":21.72,"wic":{},"woc":{},"wgc":{},"emm":[{"Type":"1","MainRange":53,"MainValue":0.26,"FarRange":137}],"sig":[{"t":"7-2","s":"","d":{"X":-0.39,"Y":-0.74}},{"t":"8-2","s":"","d":{"X":-0.24,"Y":0.93}},{"t":"9-1","s":"","d":{"X":0.44,"Y":-0.04}},{"t":"9-2","s":"","d":{"X":-0.42,"Y":0.83}},{"t":"X1","s":"","d":{"X":-0.391,"Y":0.795}}],"clr":{"R":249,"G":242,"B":231,"A":255}},"DH4-0-33":{"pid":"DH4-S","orb":2569.6,"per":42.82,"ang":20.84,"t":"ASTEROID","sp":"ASTEROID-5","s":28.77,"m":331.04,"gd":47.96,"wic":{},"woc":{},"wgc":{},"emm":[{"Type":"1","MainRange":37,"MainValue":0.18,"FarRange":182}],"sig":[{"t":"7-2","s":"","d":{"X":-0.56,"Y":-0.15}},{"t":"8-2","s":"","d":{"X":-0.78,"Y":-0.09}},{"t":"9-1","s":"","d":{"X":0.21,"Y":-0.1}},{"t":"9-2","s":"","d":{"X":-0.56,"Y":0.19}},{"t":"X1","s":"","d":{"X":0.077,"Y":-0.417}}],"clr":{"R":214,"G":247,"B":252,"A":255}},"DH4-0-34":{"pid":"DH4-S","orb":2292.16,"per":38.2,"ang":8.98,"t":"ASTEROID","sp":"ASTEROID-1","s":17.08,"m":69.22,"gd":28.46,"wic":{},"woc":{},"wgc":{},"emm":[{"Type":"1","MainRange":38,"MainValue":0.24,"FarRange":193}],"sig":[{"t":"7-2","s":"","d":{"X":-0.03,"Y":-0.65}},{"t":"8-2","s":"","d":{"X":0.8,"Y":-0.33}},{"t":"9-1","s":"","d":{"X":-0.47,"Y":-0.43}},{"t":"9-2","s":"","d":{"X":-0.65,"Y":-0.12}},{"t":"X1","s":"","d":{"X":-0.116,"Y":0.182}}],"clr":{"R":240,"G":251,"B":252,"A":255}},"DH4-0-35":{"pid":"DH4-S","orb":2528.15,"per":42.13,"ang":212.03,"t":"ASTEROID","sp":"ASTEROID-1","s":27.68,"m":294.56,"gd":46.13,"wic":{},"woc":{},"wgc":{},"emm":[{"Type":"1","MainRange":74,"MainValue":0.14,"FarRange":146}],"sig":[{"t":"7-2","s":"","d":{"X":0.87,"Y":0.42}},{"t":"8-2","s":"","d":{"X":0.05,"Y":-0.36}},{"t":"9-1","s":"","d":{"X":-0.87,"Y":0.39}},{"t":"9-2","s":"","d":{"X":0.76,"Y":0.62}},{"t":"X1","s":"","d":{"X":0.168,"Y":0.912}}],"clr":{"R":250,"G":251,"B":239,"A":255}},"DH4-0-36":{"pid":"DH4-S","orb":1942.8,"per":32.38,"ang":36.93,"t":"ASTEROID","sp":"ASTEROID-1","s":18.01,"m":81.17,"gd":30.02,"wic":{},"woc":{},"wgc":{},"emm":[{"Type":"1","MainRange":51,"MainValue":0.3,"FarRange":237}],"sig":[{"t":"7-2","s":"","d":{"X":0.61,"Y":-0.1}},{"t":"8-2","s":"","d":{"X":-0.8,"Y":-0.11}},{"t":"9-1","s":"","d":{"X":-0.29,"Y":0.4}},{"t":"9-2","s":"","d":{"X":0.07,"Y":-0.14}},{"t":"X1","s":"","d":{"X":-0.334,"Y":-0.228}}],"clr":{"R":227,"G":248,"B":187,"A":255}},"DH4-0-37":{"pid":"DH4-S","orb":2197.04,"per":36.61,"ang":112.32,"t":"ASTEROID","sp":"ASTEROID-1","s":16.81,"m":66.05,"gd":28.02,"wic":{},"woc":{},"wgc":{},"emm":[{"Type":"1","MainRange":68,"MainValue":0.18,"FarRange":199}],"sig":[{"t":"7-2","s":"","d":{"X":-0.36,"Y":-0.63}},{"t":"8-2","s":"","d":{"X":0.48,"Y":0.05}},{"t":"9-1","s":"","d":{"X":0.45,"Y":0.04}},{"t":"9-2","s":"","d":{"X":0.29,"Y":-0.81}},{"t":"X1","s":"","d":{"X":-0.336,"Y":0.476}}],"clr":{"R":237,"G":229,"B":247,"A":255}},"DH4-0-38":{"pid":"DH4-S","orb":2803.88,"per":46.73,"ang":129.44,"t":"ASTEROID","sp":"ASTEROID-5","s":21.41,"m":136.48,"gd":35.69,"wic":{},"woc":{},"wgc":{},"emm":[{"Type":"1","MainRange":34,"MainValue":0.17,"FarRange":121}],"sig":[{"t":"7-2","s":"","d":{"X":-0.25,"Y":0.06}},{"t":"8-2","s":"","d":{"X":0.95,"Y":-0.29}},{"t":"9-1","s":"","d":{"X":-0.2,"Y":-0.64}},{"t":"9-2","s":"","d":{"X":-0.72,"Y":0.69}},{"t":"X1","s":"","d":{"X":0.242,"Y":-0.646}}],"clr":{"R":229,"G":237,"B":249,"A":255}},"DH4-0-39":{"pid":"DH4-S","orb":2599.63,"per":43.32,"ang":219.31,"t":"ASTEROID","sp":"ASTEROID-1","s":13.02,"m":30.68,"gd":21.7,"wic":{},"woc":{},"wgc":{},"emm":[{"Type":"1","MainRange":47,"MainValue":0.14,"FarRange":227}],"sig":[{"t":"7-2","s":"","d":{"X":0.79,"Y":-0.28}},{"t":"8-2","s":"","d":{"X":-0.44,"Y":-0.02}},{"t":"9-1","s":"","d":{"X":0.9,"Y":-0.25}},{"t":"9-2","s":"","d":{"X":0.84,"Y":0.12}},{"t":"X1","s":"","d":{"X":0.21,"Y":0.555}}],"clr":{"R":239,"G":253,"B":231,"A":255}},"DH4-0-4":{"pid":"DH4-S","orb":2088.96,"per":34.81,"ang":220.23,"t":"ASTEROID","sp":"ASTEROID-5","s":14.72,"m":44.38,"gd":24.54,"wic":{},"woc":{},"wgc":{},"emm":[{"Type":"1","MainRange":46.800000000000004,"MainValue":0.18,"FarRange":52}],"sig":[{"t":"7-2","s":"","d":{"X":-0.6,"Y":-0.23}},{"t":"8-2","s":"","d":{"X":0.83,"Y":0.28}},{"t":"9-1","s":"","d":{"X":-0.23,"Y":-0.88}},{"t":"9-2","s":"","d":{"X":-0.66,"Y":0.03}},{"t":"X1","s":"","d":{"X":0.721,"Y":0.058}}],"clr":{"R":215,"G":214,"B":253,"A":255}},"DH4-0-40":{"pid":"DH4-S","orb":2277.29,"per":37.95,"ang":228.04,"t":"ASTEROID","sp":"ASTEROID-4","s":24.06,"m":193.56,"gd":40.1,"wic":{},"woc":{},"wgc":{},"emm":[{"Type":"1","MainRange":69,"MainValue":0.34,"FarRange":161}],"sig":[{"t":"7-2","s":"","d":{"X":-0.3,"Y":0.63}},{"t":"8-2","s":"","d":{"X":-0.82,"Y":-0.42}},{"t":"9-1","s":"","d":{"X":-0.42,"Y":-0.66}},{"t":"9-2","s":"","d":{"X":0.27,"Y":-0.05}},{"t":"X1","s":"","d":{"X":-0.937,"Y":-0.127}}],"clr":{"R":244,"G":254,"B":226,"A":255}},"DH4-0-41":{"pid":"DH4-S","orb":2140.12,"per":35.66,"ang":270.01,"t":"ASTEROID","sp":"ASTEROID-4","s":17.51,"m":74.62,"gd":29.19,"wic":{},"woc":{},"wgc":{},"emm":[{"Type":"1","MainRange":66,"MainValue":0.2,"FarRange":109}],"sig":[{"t":"7-2","s":"","d":{"X":0.25,"Y":-0.08}},{"t":"8-2","s":"","d":{"X":0.09,"Y":0.29}},{"t":"9-1","s":"","d":{"X":-0.93,"Y":0.06}},{"t":"9-2","s":"","d":{"X":-0.76,"Y":0.03}},{"t":"X1","s":"","d":{"X":-0.279,"Y":0.452}}],"clr":{"R":175,"G":236,"B":174,"A":255}},"DH4-0-42":{"pid":"DH4-S","orb":1916.19,"per":31.93,"ang":146.29,"t":"ASTEROID","sp":"ASTEROID-2","s":15.67,"m":53.53,"gd":26.13,"wic":{},"woc":{},"wgc":{},"emm":[{"Type":"1","MainRange":21,"MainValue":0.24,"FarRange":163}],"sig":[{"t":"7-2","s":"","d":{"X":-0.71,"Y":-0.25}},{"t":"8-2","s":"","d":{"X":-0.24,"Y":-0.77}},{"t":"9-1","s":"","d":{"X":0.71,"Y":-0.35}},{"t":"9-2","s":"","d":{"X":0.92,"Y":-0.24}},{"t":"X1","s":"","d":{"X":-0.696,"Y":0.532}}],"clr":{"R":194,"G":243,"B":207,"A":255}},"DH4-0-43":{"pid":"DH4-S","orb":2429.97,"per":40.49,"ang":154.21,"t":"ASTEROID","sp":"ASTEROID-5","s":13.16,"m":31.7,"gd":21.94,"wic":{},"woc":{},"wgc":{},"emm":[{"Type":"1","MainRange":39,"MainValue":0.1,"FarRange":167}],"sig":[{"t":"7-2","s":"","d":{"X":0.27,"Y":0.39}},{"t":"8-2","s":"","d":{"X":-0.2,"Y":-0.98}},{"t":"9-1","s":"","d":{"X":0.62,"Y":-0.43}},{"t":"9-2","s":"","d":{"X":-0.87,"Y":0.36}},{"t":"X1","s":"","d":{"X":0.145,"Y":0.226}}],"clr":{"R":245,"G":250,"B":227,"A":255}},"DH4-0-44":{"pid":"DH4-S","orb":2058.37,"per":34.3,"ang":124.87,"t":"ASTEROID","sp":"ASTEROID-1","s":24.28,"m":198.88,"gd":40.47,"wic":{},"woc":{},"wgc":{},"emm":[{"Type":"1","MainRange":40,"MainValue":0.17,"FarRange":202}],"sig":[{"t":"7-2","s":"","d":{"X":-0.08,"Y":0.46}},{"t":"8-2","s":"","d":{"X":0.36,"Y":0.23}},{"t":"9-1","s":"","d":{"X":-0.42,"Y":0.46}},{"t":"9-2","s":"","d":{"X":0.95,"Y":0.17}},{"t":"X1","s":"","d":{"X":-0.035,"Y":0.266}}],"clr":{"R":225,"G":252,"B":205,"A":255}},"DH4-0-45":{"pid":"DH4-S","orb":1975.4,"per":32.92,"ang":216.38,"t":"ASTEROID","sp":"ASTEROID-5","s":22.48,"m":157.93,"gd":37.47,"wic":{},"woc":{},"wgc":{},"emm":[{"Type":"1","MainRange":52,"MainValue":0.17,"FarRange":174}],"sig":[{"t":"7-2","s":"","d":{"X":0.66,"Y":0.03}},{"t":"8-2","s":"","d":{"X":0.61,"Y":0.28}},{"t":"9-1","s":"","d":{"X":0.33,"Y":-0.76}},{"t":"9-2","s":"","d":{"X":-0.08,"Y":-0.85}},{"t":"X1","s":"","d":{"X":0.399,"Y":-0.382}}],"clr":{"R":244,"G":186,"B":199,"A":255}},"DH4-0-46":{"pid":"DH4-S","orb":2279.41,"per":37.99,"ang":252.5,"t":"ASTEROID","sp":"ASTEROID-1","s":12.32,"m":26,"gd":20.54,"wic":{},"woc":{},"wgc":{},"emm":[{"Type":"1","MainRange":43,"MainValue":0.22,"FarRange":115}],"sig":[{"t":"7-2","s":"","d":{"X":-0.66,"Y":-0.02}},{"t":"8-2","s":"","d":{"X":-0.08,"Y":0.72}},{"t":"9-1","s":"","d":{"X":0.17,"Y":0.25}},{"t":"9-2","s":"","d":{"X":-0.33,"Y":0.22}},{"t":"X1","s":"","d":{"X":0.047,"Y":0.648}}],"clr":{"R":207,"G":253,"B":193,"A":255}},"DH4-0-47":{"pid":"DH4-S","orb":2659.87,"per":44.33,"ang":328.93,"t":"ASTEROID","sp":"ASTEROID-2","s":18.99,"m":95.2,"gd":31.66,"wic":{},"woc":{},"wgc":{},"emm":[{"Type":"1","MainRange":74,"MainValue":0.17,"FarRange":109}],"sig":[{"t":"7-2","s":"","d":{"X":0.47,"Y":-0.74}},{"t":"8-2","s":"","d":{"X":0.55,"Y":-0.71}},{"t":"9-1","s":"","d":{"X":0.77,"Y":0.5}},{"t":"9-2","s":"","d":{"X":-0.23,"Y":-0.24}},{"t":"X1","s":"","d":{"X":0.152,"Y":0.397}}],"clr":{"R":252,"G":235,"B":253,"A":255}},"DH4-0-48":{"pid":"DH4-S","orb":2333.32,"per":38.88,"ang":233.95,"t":"ASTEROID","sp":"ASTEROID-1","s":24.01,"m":192.26,"gd":40.01,"wic":{},"woc":{},"wgc":{},"emm":[{"Type":"1","MainRange":49,"MainValue":0.08,"FarRange":137},{"Type":"12","MainRange":74,"MainValue":0.03,"FarRange":155}],"sig":[{"t":"7-2","s":"","d":{"X":0.21,"Y":0.82}},{"t":"8-2","s":"","d":{"X":-0.49,"Y":0.68}},{"t":"9-1","s":"","d":{"X":0.44,"Y":-0.51}},{"t":"9-2","s":"","d":{"X":0.78,"Y":0.05}},{"t":"X1","s":"","d":{"X":-0.147,"Y":-0.199}},{"t":"X12","s":"","d":{"X":-0.174,"Y":-0.757}}],"clr":{"R":198,"G":201,"B":244,"A":255}},"DH4-0-49":{"pid":"DH4-S","orb":2745.26,"per":45.75,"ang":189.76,"t":"ASTEROID","sp":"ASTEROID-3","s":11.88,"m":23.3,"gd":19.8,"wic":{},"woc":{},"wgc":{},"emm":[{"Type":"1","MainRange":66,"MainValue":0.27,"FarRange":87}],"sig":[{"t":"7-2","s":"","d":{"X":-0.56,"Y":-0.49}},{"t":"8-2","s":"","d":{"X":0.4,"Y":0.33}},{"t":"9-1","s":"","d":{"X":-0.32,"Y":-0.79}},{"t":"9-2","s":"","d":{"X":-0.07,"Y":-0.73}},{"t":"X1","s":"","d":{"X":-0.016,"Y":-0.365}}],"clr":{"R":172,"G":244,"B":233,"A":255}},"DH4-0-5":{"pid":"DH4-S","orb":2732.11,"per":45.53,"ang":235.73,"t":"ASTEROID","sp":"ASTEROID-2","s":21.41,"m":136.48,"gd":35.69,"wic":{},"woc":{},"wgc":{},"emm":[{"Type":"1","MainRange":61,"MainValue":0.2,"FarRange":169}],"sig":[{"t":"7-2","s":"","d":{"X":0.07,"Y":0.29}},{"t":"8-2","s":"","d":{"X":-0.04,"Y":0.13}},{"t":"9-1","s":"","d":{"X":-0.27,"Y":-0.27}},{"t":"9-2","s":"","d":{"X":-0.01,"Y":-0.41}},{"t":"X1","s":"","d":{"X":-0.418,"Y":0.671}}],"clr":{"R":253,"G":253,"B":249,"A":255}},"DH4-0-50":{"pid":"DH4-S","orb":2818.62,"per":46.97,"ang":79.41,"t":"ASTEROID","sp":"ASTEROID-5","s":21.4,"m":136.21,"gd":35.67,"wic":{},"woc":{},"wgc":{},"emm":[{"Type":"1","MainRange":66,"MainValue":0.06,"FarRange":154}],"sig":[{"t":"7-2","s":"","d":{"X":0.06,"Y":0.77}},{"t":"8-2","s":"","d":{"X":-0.03,"Y":0.29}},{"t":"9-1","s":"","d":{"X":-0.16}},{"t":"9-2","s":"","d":{"X":-0.48,"Y":-0.84}},{"t":"X1","s":"","d":{"X":-0.946,"Y":-0.275}}],"clr":{"R":242,"G":225,"B":207,"A":255}},"DH4-0-51":{"pid":"DH4-S","orb":2631.8,"per":43.86,"ang":41.73,"t":"ASTEROID","sp":"ASTEROID-1","s":19.67,"m":105.78,"gd":32.79,"wic":{},"woc":{},"wgc":{},"emm":[{"Type":"1","MainRange":38,"MainValue":0.19,"FarRange":159}],"sig":[{"t":"7-2","s":"","d":{"X":0.38,"Y":0.34}},{"t":"8-2","s":"","d":{"X":0.6,"Y":-0.08}},{"t":"9-1","s":"","d":{"X":0.52,"Y":-0.03}},{"t":"9-2","s":"","d":{"X":-0.27,"Y":0.72}},{"t":"X1","s":"","d":{"X":0.259,"Y":-0.573}}],"clr":{"R":195,"G":168,"B":254,"A":255}},"DH4-0-52":{"pid":"DH4-S","orb":2597.72,"per":43.29,"ang":264.77,"t":"ASTEROID","sp":"ASTEROID-3","s":20.91,"m":127.02,"gd":34.85,"wic":{},"woc":{},"wgc":{},"emm":[{"Type":"1","MainRange":57,"MainValue":0.2,"FarRange":125}],"sig":[{"t":"7-2","s":"","d":{"X":-0.12,"Y":0.61}},{"t":"8-2","s":"","d":{"X":0.29,"Y":0.51}},{"t":"9-1","s":"","d":{"X":-0.79,"Y":0.44}},{"t":"9-2","s":"","d":{"X":-0.44,"Y":0.67}},{"t":"X1","s":"","d":{"X":0.014,"Y":0.259}}],"clr":{"R":227,"G":200,"B":237,"A":255}},"DH4-0-53":{"pid":"DH4-S","orb":2430.57,"per":40.5,"ang":319.96,"t":"ASTEROID","sp":"ASTEROID-1","s":13.29,"m":32.61,"gd":22.15,"wic":{},"woc":{},"wgc":{},"emm":[{"Type":"1","MainRange":40,"MainValue":0.15,"FarRange":176}],"sig":[{"t":"7-2","s":"","d":{"X":0.45,"Y":-0.16}},{"t":"8-2","s":"","d":{"X":0.32,"Y":-0.24}},{"t":"9-1","s":"","d":{"X":0.2,"Y":-0.63}},{"t":"9-2","s":"","d":{"X":-0.07,"Y":-0.63}},{"t":"X1","s":"","d":{"X":-0.005,"Y":0.454}}],"clr":{"R":251,"G":201,"B":201,"A":255}},"DH4-0-54":{"pid":"DH4-S","orb":2528.03,"per":42.13,"ang":113.86,"t":"ASTEROID","sp":"ASTEROID-3","s":15.32,"m":50.02,"gd":25.54,"wic":{},"woc":{},"wgc":{},"emm":[{"Type":"1","MainRange":65,"MainValue":0.19,"FarRange":148}],"sig":[{"t":"7-2","s":"","d":{"X":-0.59,"Y":0.55}},{"t":"8-2","s":"","d":{"X":0.5,"Y":0.36}},{"t":"9-1","s":"","d":{"Y":0.67}},{"t":"9-2","s":"","d":{"X":-0.86,"Y":-0.41}},{"t":"X1","s":"","d":{"X":0.789,"Y":0.582}}],"clr":{"R":250,"G":222,"B":233,"A":255}},"DH4-0-55":{"pid":"DH4-S","orb":2694.19,"per":44.9,"ang":223.65,"t":"ASTEROID","sp":"ASTEROID-1","s":17.59,"m":75.61,"gd":29.31,"wic":{},"woc":{},"wgc":{},"emm":[{"Type":"1","MainRange":80,"MainValue":0.2,"FarRange":197},{"Type":"2","MainRange":44.1,"MainValue":0.24,"FarRange":49},{"Type":"17","MainRange":40,"MainValue":0.21,"FarRange":183}],"sig":[{"t":"7-2","s":"","d":{"X":-0.79,"Y":0.33}},{"t":"8-2","s":"","d":{"X":-0.37,"Y":0.39}},{"t":"9-1","s":"","d":{"X":-0.82,"Y":0.12}},{"t":"9-2","s":"","d":{"X":-0.07,"Y":0.28}},{"t":"X1","s":"","d":{"X":0.483,"Y":-0.198}},{"t":"X2","s":"","d":{"X":-0.162,"Y":0.801}},{"t":"X17","s":"","d":{"X":-0.336,"Y":-0.6}}],"clr":{"R":157,"G":253,"B":244,"A":255}},"DH4-0-56":{"pid":"DH4-S","orb":2502.44,"per":41.7,"ang":323.61,"t":"ASTEROID","sp":"ASTEROID-2","s":14.75,"m":44.6,"gd":24.59,"wic":{},"woc":{},"wgc":{},"emm":[{"Type":"1","MainRange":46,"MainValue":0.24,"FarRange":181}],"sig":[{"t":"7-2","s":"","d":{"X":0.58,"Y":0.32}},{"t":"8-2","s":"","d":{"X":0.33,"Y":0.2}},{"t":"9-1","s":"","d":{"X":0.87,"Y":-0.34}},{"t":"9-2","s":"","d":{"X":-0.68,"Y":0.69}},{"t":"X1","s":"","d":{"X":-0.776,"Y":0.615}}],"clr":{"R":157,"G":254,"B":214,"A":255}},"DH4-0-57":{"pid":"DH4-S","orb":2548.13,"per":42.46,"ang":106.76,"t":"ASTEROID","sp":"ASTEROID-3","s":18.28,"m":84.85,"gd":30.46,"wic":{},"woc":{},"wgc":{},"emm":[{"Type":"1","MainRange":60,"MainValue":0.24,"FarRange":156}],"sig":[{"t":"7-2","s":"","d":{"X":0.22,"Y":-0.15}},{"t":"8-2","s":"","d":{"X":0.28,"Y":-0.41}},{"t":"9-1","s":"","d":{"X":0.82,"Y":-0.04}},{"t":"9-2","s":"","d":{"X":0.68,"Y":-0.4}},{"t":"X1","s":"","d":{"X":-0.635,"Y":0.729}}],"clr":{"R":246,"G":212,"B":180,"A":255}},"DH4-0-58":{"pid":"DH4-S","orb":2343.51,"per":39.05,"ang":314.25,"t":"ASTEROID","sp":"ASTEROID-4","s":15.08,"m":47.67,"gd":25.14,"wic":{},"woc":{},"wgc":{},"emm":[{"Type":"1","MainRange":31,"MainValue":0.19,"FarRange":100}],"sig":[{"t":"7-2","s":"","d":{"X":-0.9,"Y":-0.27}},{"t":"8-2","s":"","d":{"X":-0.4,"Y":-0.79}},{"t":"9-1","s":"","d":{"X":-0.76,"Y":-0.2}},{"t":"9-2","s":"","d":{"X":0.08,"Y":0.95}},{"t":"X1","s":"","d":{"X":-0.715,"Y":0.443}}],"clr":{"R":233,"G":194,"B":235,"A":255}},"DH4-0-59":{"pid":"DH4-S","orb":2278.06,"per":37.96,"ang":203.88,"t":"ASTEROID","sp":"ASTEROID-2","s":19.57,"m":104.24,"gd":32.63,"wic":{},"woc":{},"wgc":{},"emm":[{"Type":"1","MainRange":32,"MainValue":0.15,"FarRange":157}],"sig":[{"t":"7-2","s":"","d":{"X":-0.04,"Y":-0.94}},{"t":"8-2","s":"","d":{"X":-0.7,"Y":0.16}},{"t":"9-1","s":"","d":{"X":-0.11,"Y":-0.09}},{"t":"9-2","s":"","d":{"X":-0.48,"Y":0.4}},{"t":"X1","s":"","d":{"X":-0.068,"Y":0.689}}],"clr":{"R":241,"G":210,"B":226,"A":255}},"DH4-0-6":{"pid":"DH4-S","orb":2275.58,"per":37.92,"ang":137.94,"t":"ASTEROID","sp":"ASTEROID-3","s":17.44,"m":73.78,"gd":29.08,"wic":{},"woc":{},"wgc":{},"emm":[{"Type":"1","MainRange":43,"MainValue":0.14,"FarRange":159}],"sig":[{"t":"7-2","s":"","d":{"X":0.46,"Y":0.15}},{"t":"8-2","s":"","d":{"X":-0.51,"Y":-0.08}},{"t":"9-1","s":"","d":{"X":0.65,"Y":0.56}},{"t":"9-2","s":"","d":{"X":0.63,"Y":-0.44}},{"t":"X1","s":"","d":{"X":-0.686,"Y":0.394}}],"clr":{"R":234,"G":226,"B":247,"A":255}},"DH4-0-60":{"pid":"DH4-S","orb":2464.75,"per":41.07,"ang":251.63,"t":"ASTEROID","sp":"ASTEROID-1","s":12.59,"m":27.72,"gd":20.98,"wic":{},"woc":{},"wgc":{},"emm":[{"Type":"1","MainRange":19,"MainValue":0.16,"FarRange":121}],"sig":[{"t":"7-2","s":"","d":{"X":0.12,"Y":-0.43}},{"t":"8-2","s":"","d":{"X":-0.75,"Y":0.41}},{"t":"9-1","s":"","d":{"X":-0.5,"Y":0.66}},{"t":"9-2","s":"","d":{"X":-0.03,"Y":0.95}},{"t":"X1","s":"","d":{"X":0.627,"Y":-0.392}}],"clr":{"R":229,"G":225,"B":252,"A":255}},"DH4-0-61":{"pid":"DH4-S","orb":2299.03,"per":38.31,"ang":140.24,"t":"ASTEROID","sp":"ASTEROID-1","s":19.1,"m":96.92,"gd":31.84,"wic":{},"woc":{},"wgc":{},"emm":[{"Type":"1","MainRange":18,"MainValue":0.24,"FarRange":130}],"sig":[{"t":"7-2","s":"","d":{"X":0.8,"Y":-0.01}},{"t":"8-2","s":"","d":{"X":-0.97,"Y":-0.06}},{"t":"9-1","s":"","d":{"X":-0.55,"Y":0.75}},{"t":"9-2","s":"","d":{"X":-0.09,"Y":-0.29}},{"t":"X1","s":"","d":{"X":0.106,"Y":-0.355}}],"clr":{"R":221,"G":230,"B":250,"A":255}},"DH4-0-62":{"pid":"DH4-S","orb":2716.21,"per":45.27,"ang":93.98,"t":"ASTEROID","sp":"ASTEROID-3","s":33.78,"m":535.55,"gd":56.3,"wic":{},"woc":{},"wgc":{},"emm":[{"Type":"1","MainRange":45,"MainValue":0.25,"FarRange":152}],"sig":[{"t":"7-2","s":"","d":{"X":0.77,"Y":0.23}},{"t":"8-2","s":"","d":{"X":0.24,"Y":-0.59}},{"t":"9-1","s":"","d":{"X":-0.19,"Y":-0.34}},{"t":"9-2","s":"","d":{"X":-0.62,"Y":0.1}},{"t":"X1","s":"","d":{"X":0.656,"Y":-0.083}}],"clr":{"R":254,"G":254,"B":254,"A":255}},"DH4-0-63":{"pid":"DH4-S","orb":2525.82,"per":42.09,"ang":345.01,"t":"ASTEROID","sp":"ASTEROID-5","s":21.47,"m":137.63,"gd":35.79,"wic":{},"woc":{},"wgc":{},"emm":[{"Type":"1","MainRange":62,"MainValue":0.16,"FarRange":126}],"sig":[{"t":"7-2","s":"","d":{"X":-0.48,"Y":-0.03}},{"t":"8-2","s":"","d":{"X":0.65,"Y":-0.36}},{"t":"9-1","s":"","d":{"X":0.19,"Y":0.87}},{"t":"9-2","s":"","d":{"X":0.39,"Y":0.84}},{"t":"X1","s":"","d":{"X":0.447,"Y":0.688}}],"clr":{"R":240,"G":251,"B":207,"A":255}},"DH4-0-7":{"pid":"DH4-S","orb":2248.59,"per":37.47,"ang":99.25,"t":"ASTEROID","sp":"ASTEROID-1","s":14.65,"m":43.67,"gd":24.41,"wic":{},"woc":{},"wgc":{},"emm":[{"Type":"1","MainRange":21,"MainValue":0.15,"FarRange":168}],"sig":[{"t":"7-2","s":"","d":{"X":-0.01,"Y":0.34}},{"t":"8-2","s":"","d":{"X":-0.2,"Y":0.47}},{"t":"9-1","s":"","d":{"X":-0.06,"Y":-0.69}},{"t":"9-2","s":"","d":{"X":0.69,"Y":0.34}},{"t":"X1","s":"","d":{"X":0.831,"Y":-0.028}}],"clr":{"R":252,"G":254,"B":252,"A":255}},"DH4-0-8":{"pid":"DH4-S","orb":2515.86,"per":41.93,"ang":174.36,"t":"ASTEROID","sp":"ASTEROID-1","s":17.81,"m":78.58,"gd":29.69,"wic":{},"woc":{},"wgc":{},"emm":[{"Type":"1","MainRange":53,"MainValue":0.25,"FarRange":184}],"sig":[{"t":"7-2","s":"","d":{"X":-0.53,"Y":-0.84}},{"t":"8-2","s":"","d":{"X":-0.39,"Y":0.26}},{"t":"9-1","s":"","d":{"X":0.44,"Y":0.19}},{"t":"9-2","s":"","d":{"X":0.7,"Y":-0.37}},{"t":"X1","s":"","d":{"X":0.316,"Y":-0.908}}],"clr":{"R":173,"G":254,"B":193,"A":255}},"DH4-0-9":{"pid":"DH4-S","orb":2454.94,"per":40.91,"ang":114.93,"t":"ASTEROID","sp":"ASTEROID-5","s":20.61,"m":121.68,"gd":34.35,"wic":{},"woc":{},"wgc":{},"emm":[{"Type":"1","MainRange":53,"MainValue":0.19,"FarRange":233}],"sig":[{"t":"7-2","s":"","d":{"X":-0.07,"Y":-0.82}},{"t":"8-2","s":"","d":{"X":-0.04,"Y":-0.87}},{"t":"9-1","s":"","d":{"X":-0.17,"Y":0.27}},{"t":"9-2","s":"","d":{"X":0.7,"Y":0.52}},{"t":"X1","s":"","d":{"X":0.115,"Y":0.456}}],"clr":{"R":246,"G":236,"B":253,"A":255}},"DH4-1-0":{"pid":"DH4-S","orb":6401.78,"per":106.69,"ang":85.87,"t":"ASTEROID","sp":"ASTEROID-1","s":18.13,"m":82.8,"gd":30.22,"wic":{},"woc":{},"wgc":{},"emm":[{"Type":"1","MainRange":47,"MainValue":0.28,"FarRange":158}],"sig":[{"t":"9-1","s":"","d":{"X":0.06,"Y":-0.76}},{"t":"9-2","s":"","d":{"X":-0.82,"Y":0.38}},{"t":"X1","s":"","d":{"X":0.366,"Y":-0.673}}],"clr":{"R":252,"G":254,"B":251,"A":255}},"DH4-1-1":{"pid":"DH4-S","orb":5078.1,"per":84.63,"ang":245.51,"t":"ASTEROID","sp":"ASTEROID-4","s":23.3,"m":175.75,"gd":38.83,"wic":{},"woc":{},"wgc":{},"emm":[{"Type":"1","MainRange":43,"MainValue":0.2,"FarRange":182}],"sig":[{"t":"9-1","s":"","d":{"X":-0.23,"Y":0.75}},{"t":"9-2","s":"","d":{"X":0.41,"Y":-0.68}},{"t":"X1","s":"","d":{"X":0.626,"Y":0.299}}],"clr":{"R":207,"G":185,"B":234,"A":255}},"DH4-1-10":{"pid":"DH4-S","orb":7065.93,"per":117.76,"ang":17.03,"t":"ASTEROID","sp":"ASTEROID-4","s":20.47,"m":119.2,"gd":34.12,"wic":{},"woc":{},"wgc":{},"emm":[{"Type":"1","MainRange":55,"MainValue":0.29,"FarRange":169}],"sig":[{"t":"9-1","s":"","d":{"X":0.35,"Y":0.8}},{"t":"9-2","s":"","d":{"X":-0.77,"Y":-0.23}},{"t":"X1","s":"","d":{"X":0.297,"Y":-0.822}}],"clr":{"R":244,"G":249,"B":254,"A":255}},"DH4-1-11":{"pid":"DH4-S","orb":6846.54,"per":114.1,"ang":243.97,"t":"ASTEROID","sp":"ASTEROID-2","s":25.76,"m":237.43,"gd":42.93,"wic":{},"woc":{},"wgc":{},"emm":[{"Type":"1","MainRange":43,"MainValue":0.14,"FarRange":151}],"sig":[{"t":"9-1","s":"","d":{"X":-0.2,"Y":0.71}},{"t":"9-2","s":"","d":{"X":0.51,"Y":-0.76}},{"t":"X1","s":"","d":{"X":-0.134,"Y":0.614}}],"clr":{"R":224,"G":250,"B":230,"A":255}},"DH4-1-12":{"pid":"DH4-S","orb":6823.94,"per":113.73,"ang":281.32,"t":"ASTEROID","sp":"ASTEROID-4","s":19.44,"m":102.17,"gd":32.41,"wic":{},"woc":{},"wgc":{},"emm":[{"Type":"1","MainRange":67,"MainValue":0.15,"FarRange":139}],"sig":[{"t":"9-1","s":"","d":{"X":0.51,"Y":-0.22}},{"t":"9-2","s":"","d":{"X":-0.43,"Y":0.8}},{"t":"X1","s":"","d":{"X":0.798,"Y":0.428}}],"clr":{"R":195,"G":224,"B":251,"A":255}},"DH4-1-13":{"pid":"DH4-S","orb":6560.16,"per":109.33,"ang":222.34,"t":"ASTEROID","sp":"ASTEROID-1","s":11.76,"m":22.62,"gd":19.61,"wic":{},"woc":{},"wgc":{},"emm":[{"Type":"1","MainRange":48,"MainValue":0.27,"FarRange":133}],"sig":[{"t":"9-1","s":"","d":{"X":0.43,"Y":-0.61}},{"t":"9-2","s":"","d":{"X":0.9,"Y":-0.37}},{"t":"X1","s":"","d":{"X":0.448,"Y":-0.688}}],"clr":{"R":254,"G":247,"B":248,"A":255}},"DH4-1-14":{"pid":"DH4-S","orb":5238.41,"per":87.3,"ang":219,"t":"ASTEROID","sp":"ASTEROID-2","s":29.16,"m":344.4,"gd":48.6,"wic":{},"woc":{},"wgc":{},"emm":[{"Type":"1","MainRange":72,"MainValue":0.24,"FarRange":91},{"Type":"12","MainRange":60,"MainValue":0.2,"FarRange":138}],"sig":[{"t":"9-1","s":"","d":{"X":-0.47,"Y":-0.2}},{"t":"9-2","s":"","d":{"X":0.88,"Y":0.18}},{"t":"X1","s":"","d":{"X":0.015,"Y":-0.503}},{"t":"X12","s":"","d":{"X":-0.284,"Y":-0.394}}],"clr":{"R":170,"G":252,"B":174,"A":255}},"DH4-1-15":{"pid":"DH4-S","orb":6378.72,"per":106.31,"ang":341.15,"t":"ASTEROID","sp":"ASTEROID-5","s":12.25,"m":25.57,"gd":20.42,"wic":{},"woc":{},"wgc":{},"emm":[{"Type":"1","MainRange":45.9,"MainValue":0.26,"FarRange":51},{"Type":"2","MainRange":39,"MainValue":0.17,"FarRange":177}],"sig":[{"t":"9-1","s":"","d":{"X":0.17,"Y":-0.5}},{"t":"9-2","s":"","d":{"X":-0.26,"Y":-0.36}},{"t":"X1","s":"","d":{"X":0.294,"Y":-0.734}},{"t":"X2","s":"","d":{"X":0.314,"Y":-0.271}}],"clr":{"R":250,"G":237,"B":251,"A":255}},"DH4-1-16":{"pid":"DH4-S","orb":6773.98,"per":112.89,"ang":230.7,"t":"ASTEROID","sp":"ASTEROID-5","s":22.29,"m":153.99,"gd":37.16,"wic":{},"woc":{},"wgc":{},"emm":[{"Type":"1","MainRange":57,"MainValue":0.28,"FarRange":70}],"sig":[{"t":"9-1","s":"","d":{"X":-0.79,"Y":0.55}},{"t":"9-2","s":"","d":{"X":-0.7,"Y":0.31}},{"t":"X1","s":"","d":{"X":0.313,"Y":0.222}}],"clr":{"R":233,"G":240,"B":252,"A":255}},"DH4-1-17":{"pid":"DH4-S","orb":6037.21,"per":100.62,"ang":131.49,"t":"ASTEROID","sp":"ASTEROID-1","s":22.06,"m":149.26,"gd":36.78,"wic":{},"woc":{},"wgc":{},"emm":[{"Type":"1","MainRange":49,"MainValue":0.11,"FarRange":164}],"sig":[{"t":"9-1","s":"","d":{"X":0.02,"Y":-0.62}},{"t":"9-2","s":"","d":{"X":0.38,"Y":-0.32}},{"t":"X1","s":"","d":{"X":0.137,"Y":-0.03}}],"clr":{"R":196,"G":168,"B":239,"A":255}},"DH4-1-18":{"pid":"DH4-S","orb":5573.78,"per":92.89,"ang":38.57,"t":"ASTEROID","sp":"ASTEROID-5","s":23.39,"m":177.81,"gd":38.98,"wic":{},"woc":{},"wgc":{},"emm":[{"Type":"1","MainRange":60,"MainValue":0.14,"FarRange":74}],"sig":[{"t":"9-1","s":"","d":{"X":-0.64,"Y":0.41}},{"t":"9-2","s":"","d":{"X":0.1,"Y":0.63}},{"t":"X1","s":"","d":{"X":0.175,"Y":0.984}}],"clr":{"R":239,"G":224,"B":245,"A":255}},"DH4-1-19":{"pid":"DH4-S","orb":6336.66,"per":105.61,"ang":84.69,"t":"ASTEROID","sp":"ASTEROID-3","s":18.38,"m":86.34,"gd":30.64,"wic":{},"woc":{},"wgc":{},"emm":[{"Type":"1","MainRange":62,"MainValue":0.27,"FarRange":123}],"sig":[{"t":"9-1","s":"","d":{"X":0.2,"Y":-0.23}},{"t":"9-2","s":"","d":{"X":0.31,"Y":-0.91}},{"t":"X1","s":"","d":{"X":-0.577,"Y":-0.428}}],"clr":{"R":225,"G":246,"B":221,"A":255}},"DH4-1-2":{"pid":"DH4-S","orb":5023.19,"per":83.71,"ang":54.33,"t":"ASTEROID","sp":"ASTEROID-4","s":16.06,"m":57.62,"gd":26.78,"wic":{},"woc":{},"wgc":{},"emm":[{"Type":"1","MainRange":79,"MainValue":0.2,"FarRange":125},{"Type":"10","MainRange":71.10000000000001,"MainValue":0.16,"FarRange":79},{"Type":"11","MainRange":18,"MainValue":0.17,"FarRange":137},{"Type":"2","MainRange":43.2,"MainValue":0.08,"FarRange":48}],"sig":[{"t":"9-1","s":"","d":{"X":0.33,"Y":0.05}},{"t":"9-2","s":"","d":{"X":0.05,"Y":-0.7}},{"t":"X1","s":"","d":{"X":0.714,"Y":-0.511}},{"t":"X10","s":"","d":{"X":-0.102,"Y":-0.937}},{"t":"X11","s":"","d":{"X":0.623,"Y":0.584}},{"t":"X2","s":"","d":{"X":-0.594,"Y":-0.387}}],"clr":{"R":253,"G":243,"B":233,"A":255}},"DH4-1-20":{"pid":"DH4-S","orb":6598.03,"per":109.96,"ang":75.92,"t":"ASTEROID","sp":"ASTEROID-4","s":16.99,"m":68.23,"gd":28.33,"wic":{},"woc":{},"wgc":{},"emm":[{"Type":"1","MainRange":66,"MainValue":0.23,"FarRange":205}],"sig":[{"t":"9-1","s":"","d":{"X":0.53,"Y":0.46}},{"t":"9-2","s":"","d":{"X":-0.31,"Y":0.05}},{"t":"X1","s":"","d":{"X":-0.888,"Y":-0.305}}],"clr":{"R":193,"G":191,"B":236,"A":255}},"DH4-1-21":{"pid":"DH4-S","orb":5285.43,"per":88.09,"ang":344.41,"t":"ASTEROID","sp":"ASTEROID-3","s":11.74,"m":22.52,"gd":19.58,"wic":{},"woc":{},"wgc":{},"emm":[{"Type":"1","MainRange":60,"MainValue":0.25,"FarRange":215}],"sig":[{"t":"9-1","s":"","d":{"X":0.43,"Y":-0.31}},{"t":"9-2","s":"","d":{"X":-0.86,"Y":0.44}},{"t":"X1","s":"","d":{"X":0.377,"Y":0.653}}],"clr":{"R":249,"G":238,"B":215,"A":255}},"DH4-1-22":{"pid":"DH4-S","orb":5310.58,"per":88.5,"ang":38.13,"t":"ASTEROID","sp":"ASTEROID-4","s":32.8,"m":490.48,"gd":54.68,"wic":{},"woc":{},"wgc":{},"emm":[{"Type":"1","MainRange":37,"MainValue":0.29,"FarRange":117}],"sig":[{"t":"9-1","s":"","d":{"X":0.71,"Y":-0.65}},{"t":"9-2","s":"","d":{"X":-0.09,"Y":-0.69}},{"t":"X1","s":"","d":{"X":0.739,"Y":-0.362}}],"clr":{"R":254,"G":250,"B":250,"A":255}},"DH4-1-23":{"pid":"DH4-S","orb":4833.04,"per":80.55,"ang":75.82,"t":"ASTEROID","sp":"ASTEROID-4","s":23.6,"m":182.75,"gd":39.34,"wic":{},"woc":{},"wgc":{},"emm":[{"Type":"1","MainRange":36,"MainValue":0.21,"FarRange":137}],"sig":[{"t":"9-1","s":"","d":{"X":-0.07,"Y":-0.71}},{"t":"9-2","s":"","d":{"X":0.24,"Y":-0.44}},{"t":"X1","s":"","d":{"X":0.098,"Y":0.79}}],"clr":{"R":249,"G":195,"B":246,"A":255}},"DH4-1-24":{"pid":"DH4-S","orb":5193.96,"per":86.56,"ang":67.53,"t":"ASTEROID","sp":"ASTEROID-1","s":28.15,"m":310.06,"gd":46.92,"wic":{},"woc":{},"wgc":{},"emm":[{"Type":"1","MainRange":50,"MainValue":0.17,"FarRange":125}],"sig":[{"t":"9-1","s":"","d":{"X":-0.44,"Y":-0.72}},{"t":"9-2","s":"","d":{"X":0.18,"Y":-0.05}},{"t":"X1","s":"","d":{"X":0.122,"Y":-0.525}}],"clr":{"R":237,"G":249,"B":214,"A":255}},"DH4-1-25":{"pid":"DH4-S","orb":6752.89,"per":112.54,"ang":29.51,"t":"ASTEROID","sp":"ASTEROID-2","s":23.9,"m":189.77,"gd":39.84,"wic":{},"woc":{},"wgc":{},"emm":[{"Type":"1","MainRange":46,"MainValue":0.22,"FarRange":140}],"sig":[{"t":"9-1","s":"","d":{"X":0.13,"Y":-0.99}},{"t":"9-2","s":"","d":{"X":-0.34,"Y":0.33}},{"t":"X1","s":"","d":{"X":0.231,"Y":0.391}}],"clr":{"R":248,"G":222,"B":252,"A":255}},"DH4-1-26":{"pid":"DH4-S","orb":6026.31,"per":100.43,"ang":273.38,"t":"ASTEROID","sp":"ASTEROID-3","s":14.71,"m":44.24,"gd":24.52,"wic":{},"woc":{},"wgc":{},"emm":[{"Type":"1","MainRange":48,"MainValue":0.31,"FarRange":169}],"sig":[{"t":"9-1","s":"","d":{"X":0.14,"Y":0.83}},{"t":"9-2","s":"","d":{"X":0.39,"Y":0.37}},{"t":"X1","s":"","d":{"X":-0.105,"Y":0.148}}],"clr":{"R":252,"G":254,"B":253,"A":255}},"DH4-1-27":{"pid":"DH4-S","orb":6248.42,"per":104.14,"ang":83.71,"t":"ASTEROID","sp":"ASTEROID-3","s":23.46,"m":179.34,"gd":39.1,"wic":{},"woc":{},"wgc":{},"emm":[{"Type":"1","MainRange":60,"MainValue":0.17,"FarRange":126}],"sig":[{"t":"9-1","s":"","d":{"X":0.32,"Y":-0.46}},{"t":"9-2","s":"","d":{"X":0.29,"Y":0.52}},{"t":"X1","s":"","d":{"X":-0.665,"Y":-0.155}}],"clr":{"R":218,"G":254,"B":224,"A":255}},"DH4-1-28":{"pid":"DH4-S","orb":6368.88,"per":106.14,"ang":55.75,"t":"ASTEROID","sp":"ASTEROID-5","s":24.02,"m":192.5,"gd":40.03,"wic":{},"woc":{},"wgc":{},"emm":[{"Type":"1","MainRange":67,"MainValue":0.24,"FarRange":252}],"sig":[{"t":"9-1","s":"","d":{"X":-0.04,"Y":0.39}},{"t":"9-2","s":"","d":{"X":0.08,"Y":0.3}},{"t":"X1","s":"","d":{"X":0.453,"Y":0.101}}],"clr":{"R":214,"G":246,"B":248,"A":255}},"DH4-1-29":{"pid":"DH4-S","orb":5977.52,"per":99.62,"ang":260.17,"t":"ASTEROID","sp":"ASTEROID-1","s":17.48,"m":74.21,"gd":29.13,"wic":{},"woc":{},"wgc":{},"emm":[{"Type":"1","MainRange":36,"MainValue":0.24,"FarRange":171},{"Type":"25","MainRange":37,"MainValue":0.13,"FarRange":149},{"Type":"15","MainRange":45,"MainValue":0.16,"FarRange":121},{"Type":"17","MainRange":48,"MainValue":0.2,"FarRange":136}],"sig":[{"t":"9-1","s":"","d":{"X":0.1}},{"t":"9-2","s":"","d":{"X":0.34,"Y":-0.92}},{"t":"X1","s":"","d":{"X":0.384,"Y":0.799}},{"t":"X25","s":"","d":{"X":-0.747,"Y":-0.34}},{"t":"X15","s":"","d":{"X":-0.58,"Y":-0.734}},{"t":"X17","s":"","d":{"X":-0.745,"Y":0.219}}],"clr":{"R":245,"G":195,"B":201,"A":255}},"DH4-1-3":{"pid":"DH4-S","orb":6312.34,"per":105.2,"ang":129.98,"t":"ASTEROID","sp":"ASTEROID-3","s":17.45,"m":73.82,"gd":29.08,"wic":{},"woc":{},"wgc":{},"emm":[{"Type":"1","MainRange":51,"MainValue":0.13,"FarRange":157},{"Type":"18","MainRange":16,"MainValue":0.26,"FarRange":153}],"sig":[{"t":"9-1","s":"","d":{"X":-0.51,"Y":-0.63}},{"t":"9-2","s":"","d":{"X":0.47,"Y":0.33}},{"t":"X1","s":"","d":{"X":0.383,"Y":0.533}},{"t":"X18","s":"","d":{"X":0.342,"Y":0.547}}],"clr":{"R":249,"G":254,"B":251,"A":255}},"DH4-1-30":{"pid":"DH4-S","orb":6880.57,"per":114.67,"ang":13.31,"t":"ASTEROID","sp":"ASTEROID-3","s":27.93,"m":302.74,"gd":46.55,"wic":{},"woc":{},"wgc":{},"emm":[{"Type":"1","MainRange":63,"MainValue":0.14,"FarRange":123}],"sig":[{"t":"9-1","s":"","d":{"X":-0.3,"Y":-0.34}},{"t":"9-2","s":"","d":{"X":-0.43,"Y":-0.87}},{"t":"X1","s":"","d":{"X":0.562,"Y":-0.023}}],"clr":{"R":195,"G":251,"B":244,"A":255}},"DH4-1-31":{"pid":"DH4-S","orb":7345.75,"per":122.42,"ang":264.19,"t":"ASTEROID","sp":"ASTEROID-2","s":21.33,"m":134.79,"gd":35.55,"wic":{},"woc":{},"wgc":{},"emm":[{"Type":"1","MainRange":78,"MainValue":0.24,"FarRange":160}],"sig":[{"t":"9-1","s":"","d":{"X":-0.39,"Y":-0.23}},{"t":"9-2","s":"","d":{"X":-0.97,"Y":-0.01}},{"t":"X1","s":"","d":{"X":-0.488,"Y":0.562}}],"clr":{"R":226,"G":235,"B":246,"A":255}},"DH4-1-32":{"pid":"DH4-S","orb":6134.89,"per":102.24,"ang":219.78,"t":"ASTEROID","sp":"ASTEROID-5","s":25.93,"m":242.31,"gd":43.22,"wic":{},"woc":{},"wgc":{},"emm":[{"Type":"1","MainRange":44,"MainValue":0.2,"FarRange":169}],"sig":[{"t":"9-1","s":"","d":{"X":-0.01,"Y":-0.89}},{"t":"9-2","s":"","d":{"X":0.56,"Y":-0.43}},{"t":"X1","s":"","d":{"X":-0.803,"Y":-0.468}}],"clr":{"R":211,"G":208,"B":253,"A":255}},"DH4-1-33":{"pid":"DH4-S","orb":5800.48,"per":96.67,"ang":249.91,"t":"ASTEROID","sp":"ASTEROID-1","s":23.08,"m":170.82,"gd":38.47,"wic":{},"woc":{},"wgc":{},"emm":[{"Type":"1","MainRange":57,"MainValue":0.22,"FarRange":176}],"sig":[{"t":"9-1","s":"","d":{"X":-0.26,"Y":0.33}},{"t":"9-2","s":"","d":{"X":0.86,"Y":0.03}},{"t":"X1","s":"","d":{"X":-0.033,"Y":0.013}}],"clr":{"R":193,"G":252,"B":175,"A":255}},"DH4-1-34":{"pid":"DH4-S","orb":5837.71,"per":97.29,"ang":304.43,"t":"ASTEROID","sp":"ASTEROID-1","s":23.61,"m":182.87,"gd":39.35,"wic":{},"woc":{},"wgc":{},"emm":[{"Type":"1","MainRange":47,"MainValue":0.24,"FarRange":153}],"sig":[{"t":"9-1","s":"","d":{"X":0.16,"Y":0.09}},{"t":"9-2","s":"","d":{"X":-0.12,"Y":0.85}},{"t":"X1","s":"","d":{"X":-0.023,"Y":-0.016}}],"clr":{"R":249,"G":254,"B":248,"A":255}},"DH4-1-35":{"pid":"DH4-S","orb":6234.99,"per":103.91,"ang":216.53,"t":"ASTEROID","sp":"ASTEROID-3","s":13.82,"m":36.69,"gd":23.04,"wic":{},"woc":{},"wgc":{},"emm":[{"Type":"1","MainRange":42,"MainValue":0.14,"FarRange":92}],"sig":[{"t":"9-1","s":"","d":{"X":0.18,"Y":-0.45}},{"t":"9-2","s":"","d":{"X":0.06,"Y":0.71}},{"t":"X1","s":"","d":{"X":0.134,"Y":-0.288}}],"clr":{"R":237,"G":222,"B":194,"A":255}},"DH4-1-36":{"pid":"DH4-S","orb":6333.3,"per":105.55,"ang":69.21,"t":"ASTEROID","sp":"ASTEROID-2","s":25.52,"m":231.06,"gd":42.54,"wic":{},"woc":{},"wgc":{},"emm":[{"Type":"1","MainRange":42,"MainValue":0.21,"FarRange":166}],"sig":[{"t":"9-1","s":"","d":{"X":-0.07,"Y":-0.68}},{"t":"9-2","s":"","d":{"X":-0.17,"Y":0.18}},{"t":"X1","s":"","d":{"X":0.619,"Y":-0.614}}],"clr":{"R":223,"G":242,"B":249,"A":255}},"DH4-1-37":{"pid":"DH4-S","orb":5867.05,"per":97.78,"ang":41.55,"t":"ASTEROID","sp":"ASTEROID-2","s":16.4,"m":61.31,"gd":27.34,"wic":{},"woc":{},"wgc":{},"emm":[{"Type":"1","MainRange":53,"MainValue":0.22,"FarRange":123}],"sig":[{"t":"9-1","s":"","d":{"X":-0.15,"Y":-0.57}},{"t":"9-2","s":"","d":{"X":0.64,"Y":-0.29}},{"t":"X1","s":"","d":{"X":0.296,"Y":-0.606}}],"clr":{"R":239,"G":241,"B":252,"A":255}},"DH4-1-38":{"pid":"DH4-S","orb":5272.47,"per":87.87,"ang":227.44,"t":"ASTEROID","sp":"ASTEROID-2","s":12.36,"m":26.24,"gd":20.6,"wic":{},"woc":{},"wgc":{},"emm":[{"Type":"1","MainRange":42,"MainValue":0.26,"FarRange":113},{"Type":"10","MainRange":53,"MainValue":0.17,"FarRange":159},{"Type":"18","MainRange":56,"MainValue":0.18,"FarRange":127}],"sig":[{"t":"9-1","s":"","d":{"X":0.42,"Y":0.05}},{"t":"9-2","s":"","d":{"X":0.48,"Y":0.76}},{"t":"X1","s":"","d":{"X":-0.229,"Y":-0.95}},{"t":"X10","s":"","d":{"X":-0.128,"Y":-0.265}},{"t":"X18","s":"","d":{"X":-0.387,"Y":-0.227}}],"clr":{"R":178,"G":233,"B":190,"A":255}},"DH4-1-39":{"pid":"DH4-S","orb":6246.44,"per":104.1,"ang":54.15,"t":"ASTEROID","sp":"ASTEROID-4","s":16.97,"m":67.91,"gd":28.28,"wic":{},"woc":{},"wgc":{},"emm":[{"Type":"1","MainRange":48,"MainValue":0.16,"FarRange":172}],"sig":[{"t":"9-1","s":"","d":{"X":-0.24,"Y":0.35}},{"t":"9-2","s":"","d":{"X":-0.23,"Y":0.79}},{"t":"X1","s":"","d":{"X":-0.249,"Y":0.813}}],"clr":{"R":190,"G":242,"B":228,"A":255}},"DH4-1-4":{"pid":"DH4-S","orb":6515.01,"per":108.58,"ang":206.1,"t":"ASTEROID","sp":"ASTEROID-4","s":21.91,"m":146.2,"gd":36.52,"wic":{},"woc":{},"wgc":{},"emm":[{"Type":"1","MainRange":62,"MainValue":0.19,"FarRange":111}],"sig":[{"t":"9-1","s":"","d":{"X":0.35,"Y":0.68}},{"t":"9-2","s":"","d":{"X":-0.46,"Y":0.85}},{"t":"X1","s":"","d":{"X":-0.621,"Y":0.217}}],"clr":{"R":254,"G":225,"B":212,"A":255}},"DH4-1-40":{"pid":"DH4-S","orb":6776.68,"per":112.94,"ang":336.05,"t":"ASTEROID","sp":"ASTEROID-2","s":22.53,"m":158.9,"gd":37.55,"wic":{},"woc":{},"wgc":{},"emm":[{"Type":"1","MainRange":54,"MainValue":0.17,"FarRange":219}],"sig":[{"t":"9-1","s":"","d":{"X":-0.1,"Y":0.01}},{"t":"9-2","s":"","d":{"X":0.07,"Y":0.8}},{"t":"X1","s":"","d":{"X":0.359,"Y":-0.874}}],"clr":{"R":236,"G":200,"B":241,"A":255}},"DH4-1-41":{"pid":"DH4-S","orb":7199.35,"per":119.98,"ang":213.31,"t":"ASTEROID","sp":"ASTEROID-2","s":17.82,"m":78.67,"gd":29.71,"wic":{},"woc":{},"wgc":{},"emm":[{"Type":"1","MainRange":68,"MainValue":0.11,"FarRange":188}],"sig":[{"t":"9-1","s":"","d":{"X":-0.06,"Y":-0.97}},{"t":"9-2","s":"","d":{"X":0.34,"Y":-0.43}},{"t":"X1","s":"","d":{"X":-0.615,"Y":0.63}}],"clr":{"R":244,"G":173,"B":241,"A":255}},"DH4-1-42":{"pid":"DH4-S","orb":5570.06,"per":92.83,"ang":315.52,"t":"ASTEROID","sp":"ASTEROID-1","s":18.92,"m":94.09,"gd":31.53,"wic":{},"woc":{},"wgc":{},"emm":[{"Type":"1","MainRange":33,"MainValue":0.24,"FarRange":125}],"sig":[{"t":"9-1","s":"","d":{"X":-0.64,"Y":-0.65}},{"t":"9-2","s":"","d":{"X":0.39,"Y":-0.11}},{"t":"X1","s":"","d":{"X":0.947,"Y":0.143}}],"clr":{"R":178,"G":232,"B":234,"A":255}},"DH4-1-43":{"pid":"DH4-S","orb":5971.01,"per":99.51,"ang":277.58,"t":"ASTEROID","sp":"ASTEROID-3","s":24.46,"m":203.47,"gd":40.78,"wic":{},"woc":{},"wgc":{},"emm":[{"Type":"1","MainRange":63,"MainValue":0.2,"FarRange":145}],"sig":[{"t":"9-1","s":"","d":{"X":-0.39,"Y":-0.83}},{"t":"9-2","s":"","d":{"X":-0.42,"Y":0.44}},{"t":"X1","s":"","d":{"X":0.719,"Y":0.226}}],"clr":{"R":192,"G":225,"B":250,"A":255}},"DH4-1-44":{"pid":"DH4-S","orb":5873.47,"per":97.89,"ang":243.78,"t":"ASTEROID","sp":"ASTEROID-2","s":35.51,"m":622.11,"gd":59.19,"wic":{},"woc":{},"wgc":{},"emm":[{"Type":"1","MainRange":34,"MainValue":0.18,"FarRange":78}],"sig":[{"t":"9-1","s":"","d":{"X":0.38,"Y":-0.53}},{"t":"9-2","s":"","d":{"X":-0.73,"Y":-0.49}},{"t":"X1","s":"","d":{"X":0.535,"Y":0.641}}],"clr":{"R":246,"G":168,"B":175,"A":255}},"DH4-1-45":{"pid":"DH4-S","orb":6851.25,"per":114.18,"ang":267.04,"t":"ASTEROID","sp":"ASTEROID-1","s":20.36,"m":117.27,"gd":33.93,"wic":{},"woc":{},"wgc":{},"emm":[{"Type":"1","MainRange":56,"MainValue":0.25,"FarRange":134}],"sig":[{"t":"9-1","s":"","d":{"X":-0.64,"Y":-0.44}},{"t":"9-2","s":"","d":{"X":0.35,"Y":-0.89}},{"t":"X1","s":"","d":{"X":-0.789,"Y":0.53}}],"clr":{"R":254,"G":253,"B":254,"A":255}},"DH4-1-46":{"pid":"DH4-S","orb":5685.46,"per":94.75,"ang":147.58,"t":"ASTEROID","sp":"ASTEROID-5","s":16.28,"m":59.93,"gd":27.13,"wic":{},"woc":{},"wgc":{},"emm":[{"Type":"1","MainRange":67,"MainValue":0.21,"FarRange":163}],"sig":[{"t":"9-1","s":"","d":{"X":0.05,"Y":-0.44}},{"t":"9-2","s":"","d":{"X":0.49,"Y":-0.26}},{"t":"X1","s":"","d":{"X":0.362,"Y":-0.735}}],"clr":{"R":233,"G":209,"B":250,"A":255}},"DH4-1-47":{"pid":"DH4-S","orb":4893.65,"per":81.56,"ang":94.99,"t":"ASTEROID","sp":"ASTEROID-1","s":21.72,"m":142.37,"gd":36.2,"wic":{},"woc":{},"wgc":{},"emm":[{"Type":"1","MainRange":55,"MainValue":0.05,"FarRange":165}],"sig":[{"t":"9-1","s":"","d":{"X":0.23,"Y":0.61}},{"t":"9-2","s":"","d":{"X":0.44,"Y":-0.8}},{"t":"X1","s":"","d":{"X":0.559,"Y":-0.641}}],"clr":{"R":158,"G":158,"B":254,"A":255}},"DH4-1-48":{"pid":"DH4-S","orb":5515.98,"per":91.93,"ang":88.13,"t":"ASTEROID","sp":"ASTEROID-3","s":24.4,"m":201.8,"gd":40.66,"wic":{},"woc":{},"wgc":{},"emm":[{"Type":"1","MainRange":33,"MainValue":0.13,"FarRange":162}],"sig":[{"t":"9-1","s":"","d":{"X":-0.74,"Y":-0.59}},{"t":"9-2","s":"","d":{"X":-0.97,"Y":0.21}},{"t":"X1","s":"","d":{"X":0.933,"Y":0.109}}],"clr":{"R":248,"G":174,"B":240,"A":255}},"DH4-1-49":{"pid":"DH4-S","orb":5330.39,"per":88.83,"ang":83.84,"t":"ASTEROID","sp":"ASTEROID-4","s":27.04,"m":274.65,"gd":45.07,"wic":{},"woc":{},"wgc":{},"emm":[{"Type":"1","MainRange":70,"MainValue":0.18,"FarRange":105}],"sig":[{"t":"9-1","s":"","d":{"X":-0.31,"Y":-0.51}},{"t":"9-2","s":"","d":{"X":0.17,"Y":0.42}},{"t":"X1","s":"","d":{"X":-0.143,"Y":-0.32}}],"clr":{"R":225,"G":230,"B":254,"A":255}},"DH4-1-5":{"pid":"DH4-S","orb":5155.44,"per":85.92,"ang":307.24,"t":"ASTEROID","sp":"ASTEROID-2","s":22.35,"m":155.19,"gd":37.26,"wic":{},"woc":{},"wgc":{},"emm":[{"Type":"1","MainRange":50,"MainValue":0.24,"FarRange":184}],"sig":[{"t":"9-1","s":"","d":{"X":-0.1,"Y":-0.02}},{"t":"9-2","s":"","d":{"X":-0.53,"Y":0.23}},{"t":"X1","s":"","d":{"X":-0.863,"Y":0.422}}],"clr":{"R":178,"G":246,"B":234,"A":255}},"DH4-1-50":{"pid":"DH4-S","orb":6403.58,"per":106.72,"ang":142.87,"t":"ASTEROID","sp":"ASTEROID-2","s":21.1,"m":130.49,"gd":35.16,"wic":{},"woc":{},"wgc":{},"emm":[{"Type":"1","MainRange":36,"MainValue":0.16,"FarRange":253}],"sig":[{"t":"9-1","s":"","d":{"X":0.7,"Y":0.65}},{"t":"9-2","s":"","d":{"X":0.51,"Y":-0.15}},{"t":"X1","s":"","d":{"X":-0.696,"Y":0.237}}],"clr":{"R":250,"G":253,"B":252,"A":255}},"DH4-1-51":{"pid":"DH4-S","orb":5299.24,"per":88.32,"ang":182.3,"t":"ASTEROID","sp":"ASTEROID-3","s":15.59,"m":52.72,"gd":25.99,"wic":{},"woc":{},"wgc":{},"emm":[{"Type":"1","MainRange":69,"MainValue":0.17,"FarRange":124}],"sig":[{"t":"9-1","s":"","d":{"Y":-0.37}},{"t":"9-2","s":"","d":{"X":0.13,"Y":-0.44}},{"t":"X1","s":"","d":{"X":0.038,"Y":-0.431}}],"clr":{"R":222,"G":201,"B":243,"A":255}},"DH4-1-52":{"pid":"DH4-S","orb":5880.74,"per":98.01,"ang":68.6,"t":"ASTEROID","sp":"ASTEROID-3","s":17.86,"m":79.2,"gd":29.77,"wic":{},"woc":{},"wgc":{},"emm":[{"Type":"1","MainRange":55,"MainValue":0.12,"FarRange":232},{"Type":"11","MainRange":64,"MainValue":0.18,"FarRange":142},{"Type":"3","MainRange":56,"MainValue":0.24,"FarRange":156}],"sig":[{"t":"9-1","s":"","d":{"X":-0.09,"Y":-0.3}},{"t":"9-2","s":"","d":{"X":-0.3,"Y":0.83}},{"t":"X1","s":"","d":{"X":0.327,"Y":0.253}},{"t":"X11","s":"","d":{"X":-0.012,"Y":0.685}},{"t":"X3","s":"","d":{"X":0.462,"Y":-0.406}}],"clr":{"R":211,"G":254,"B":192,"A":255}},"DH4-1-53":{"pid":"DH4-S","orb":5434.86,"per":90.58,"ang":165.86,"t":"ASTEROID","sp":"ASTEROID-5","s":9.77,"m":12.96,"gd":16.28,"wic":{},"woc":{},"wgc":{},"emm":[{"Type":"1","MainRange":52,"MainValue":0.2,"FarRange":203}],"sig":[{"t":"9-1","s":"","d":{"X":-0.04,"Y":0.35}},{"t":"9-2","s":"","d":{"X":-0.14,"Y":-0.47}},{"t":"X1","s":"","d":{"X":0.573,"Y":0.607}}],"clr":{"R":224,"G":235,"B":245,"A":255}},"DH4-1-54":{"pid":"DH4-S","orb":6354.81,"per":105.91,"ang":298.42,"t":"ASTEROID","sp":"ASTEROID-5","s":24.23,"m":197.66,"gd":40.38,"wic":{},"woc":{},"wgc":{},"emm":[{"Type":"1","MainRange":63,"MainValue":0.08,"FarRange":149}],"sig":[{"t":"9-1","s":"","d":{"X":-0.42,"Y":-0.11}},{"t":"9-2","s":"","d":{"X":0.11,"Y":0.55}},{"t":"X1","s":"","d":{"X":0.478,"Y":0.621}}],"clr":{"R":248,"G":164,"B":252,"A":255}},"DH4-1-55":{"pid":"DH4-S","orb":5925.25,"per":98.75,"ang":306.61,"t":"ASTEROID","sp":"ASTEROID-4","s":25.17,"m":221.68,"gd":41.96,"wic":{},"woc":{},"wgc":{},"emm":[{"Type":"1","MainRange":20,"MainValue":0.08,"FarRange":236}],"sig":[{"t":"9-1","s":"","d":{"X":0.82,"Y":0.04}},{"t":"9-2","s":"","d":{"X":-0.42,"Y":0.05}},{"t":"X1","s":"","d":{"X":0.19,"Y":0.466}}],"clr":{"R":161,"G":171,"B":252,"A":255}},"DH4-1-56":{"pid":"DH4-S","orb":5355.59,"per":89.25,"ang":177.74,"t":"ASTEROID","sp":"ASTEROID-3","s":10.82,"m":17.61,"gd":18.04,"wic":{},"woc":{},"wgc":{},"emm":[{"Type":"1","MainRange":62,"MainValue":0.16,"FarRange":200}],"sig":[{"t":"9-1","s":"","d":{"X":0.57,"Y":0.23}},{"t":"9-2","s":"","d":{"X":0.18,"Y":-0.33}},{"t":"X1","s":"","d":{"X":0.32,"Y":0.768}}],"clr":{"R":238,"G":252,"B":233,"A":255}},"DH4-1-57":{"pid":"DH4-S","orb":5688.62,"per":94.81,"ang":33.16,"t":"ASTEROID","sp":"ASTEROID-2","s":24.28,"m":198.84,"gd":40.46,"wic":{},"woc":{},"wgc":{},"emm":[{"Type":"1","MainRange":37,"MainValue":0.2,"FarRange":200}],"sig":[{"t":"9-1","s":"","d":{"X":0.4,"Y":-0.83}},{"t":"9-2","s":"","d":{"X":0.55,"Y":0.7}},{"t":"X1","s":"","d":{"X":-0.164,"Y":-0.382}}],"clr":{"R":229,"G":218,"B":248,"A":255}},"DH4-1-58":{"pid":"DH4-S","orb":6538.52,"per":108.97,"ang":100.26,"t":"ASTEROID","sp":"ASTEROID-3","s":18.64,"m":90.04,"gd":31.07,"wic":{},"woc":{},"wgc":{},"emm":[{"Type":"1","MainRange":37,"MainValue":0.07,"FarRange":89}],"sig":[{"t":"9-1","s":"","d":{"X":-0.32,"Y":-0.36}},{"t":"9-2","s":"","d":{"X":0.4,"Y":-0.76}},{"t":"X1","s":"","d":{"X":-0.405,"Y":0.434}}],"clr":{"R":254,"G":226,"B":229,"A":255}},"DH4-1-59":{"pid":"DH4-S","orb":6581.93,"per":109.69,"ang":10.28,"t":"ASTEROID","sp":"ASTEROID-5","s":23.64,"m":183.65,"gd":39.41,"wic":{},"woc":{},"wgc":{},"emm":[{"Type":"1","MainRange":61,"MainValue":0.25,"FarRange":191}],"sig":[{"t":"9-1","s":"","d":{"X":-0.43,"Y":0.15}},{"t":"9-2","s":"","d":{"X":0.69,"Y":0.59}},{"t":"X1","s":"","d":{"X":-0.112,"Y":-0.8}}],"clr":{"R":250,"G":219,"B":232,"A":255}},"DH4-1-6":{"pid":"DH4-S","orb":4980.64,"per":83.01,"ang":198.08,"t":"ASTEROID","sp":"ASTEROID-3","s":12.32,"m":25.97,"gd":20.53,"wic":{},"woc":{},"wgc":{},"emm":[{"Type":"1","MainRange":36,"MainValue":0.3,"FarRange":205}],"sig":[{"t":"9-1","s":"","d":{"X":-0.02,"Y":0.3}},{"t":"9-2","s":"","d":{"X":0.28,"Y":-0.87}},{"t":"X1","s":"","d":{"X":0.655,"Y":-0.143}}],"clr":{"R":233,"G":252,"B":216,"A":255}},"DH4-1-60":{"pid":"DH4-S","orb":6973.12,"per":116.21,"ang":314.32,"t":"ASTEROID","sp":"ASTEROID-1","s":23.98,"m":191.69,"gd":39.97,"wic":{},"woc":{},"wgc":{},"emm":[{"Type":"1","MainRange":48,"MainValue":0.19,"FarRange":130},{"Type":"3","MainRange":14,"MainValue":0.3,"FarRange":109},{"Type":"27","MainRange":42,"MainValue":0.25,"FarRange":262}],"sig":[{"t":"9-1","s":"","d":{"X":0.26,"Y":-0.48}},{"t":"9-2","s":"","d":{"X":0.32,"Y":-0.47}},{"t":"X1","s":"","d":{"X":-0.359,"Y":-0.725}},{"t":"X3","s":"","d":{"X":0.299,"Y":-0.767}},{"t":"X27","s":"","d":{"X":-0.315,"Y":-0.384}}],"clr":{"R":182,"G":161,"B":249,"A":255}},"DH4-1-61":{"pid":"DH4-S","orb":6241.84,"per":104.03,"ang":169.92,"t":"ASTEROID","sp":"ASTEROID-1","s":17.18,"m":70.54,"gd":28.64,"wic":{},"woc":{},"wgc":{},"emm":[{"Type":"1","MainRange":61,"MainValue":0.18,"FarRange":142}],"sig":[{"t":"9-1","s":"","d":{"X":0.01,"Y":0.75}},{"t":"9-2","s":"","d":{"X":-0.75,"Y":-0.21}},{"t":"X1","s":"","d":{"X":0.344,"Y":-0.711}}],"clr":{"R":213,"G":242,"B":216,"A":255}},"DH4-1-62":{"pid":"DH4-S","orb":6408.31,"per":106.8,"ang":123.97,"t":"ASTEROID","sp":"ASTEROID-3","s":18.18,"m":83.55,"gd":30.31,"wic":{},"woc":{},"wgc":{},"emm":[{"Type":"1","MainRange":51,"MainValue":0.15,"FarRange":148}],"sig":[{"t":"9-1","s":"","d":{"X":0.46,"Y":0.58}},{"t":"9-2","s":"","d":{"X":0.97,"Y":0.06}},{"t":"X1","s":"","d":{"X":-0.742,"Y":-0.527}}],"clr":{"R":250,"G":238,"B":235,"A":255}},"DH4-1-63":{"pid":"DH4-S","orb":6125.4,"per":102.09,"ang":333.59,"t":"ASTEROID","sp":"ASTEROID-5","s":22.66,"m":161.79,"gd":37.78,"wic":{},"woc":{},"wgc":{},"emm":[{"Type":"1","MainRange":56,"MainValue":0.12,"FarRange":202}],"sig":[{"t":"9-1","s":"","d":{"X":0.02,"Y":0.29}},{"t":"9-2","s":"","d":{"X":0.55,"Y":0.42}},{"t":"X1","s":"","d":{"X":0.234,"Y":-0.085}}],"clr":{"R":224,"G":247,"B":177,"A":255}},"DH4-1-64":{"pid":"DH4-S","orb":5893.72,"per":98.22,"ang":200.46,"t":"ASTEROID","sp":"ASTEROID-1","s":34.19,"m":555.19,"gd":56.98,"wic":{},"woc":{},"wgc":{},"emm":[{"Type":"1","MainRange":43,"MainValue":0.17,"FarRange":187}],"sig":[{"t":"9-1","s":"","d":{"X":-0.73,"Y":0.57}},{"t":"9-2","s":"","d":{"X":0.14,"Y":0.13}},{"t":"X1","s":"","d":{"X":0.706,"Y":0.367}}],"clr":{"R":193,"G":237,"B":188,"A":255}},"DH4-1-65":{"pid":"DH4-S","orb":6010.06,"per":100.16,"ang":219.03,"t":"ASTEROID","sp":"ASTEROID-1","s":20.31,"m":116.38,"gd":33.85,"wic":{},"woc":{},"wgc":{},"emm":[{"Type":"1","MainRange":50,"MainValue":0.25,"FarRange":118}],"sig":[{"t":"9-1","s":"","d":{"X":-0.8,"Y":-0.08}},{"t":"9-2","s":"","d":{"X":0.21,"Y":0.75}},{"t":"X1","s":"","d":{"X":-0.268,"Y":-0.625}}],"clr":{"R":251,"G":248,"B":177,"A":255}},"DH4-1-66":{"pid":"DH4-S","orb":7321.53,"per":122.02,"ang":147.74,"t":"ASTEROID","sp":"ASTEROID-3","s":27.49,"m":288.6,"gd":45.82,"wic":{},"woc":{},"wgc":{},"emm":[{"Type":"1","MainRange":28,"MainValue":0.34,"FarRange":125}],"sig":[{"t":"9-1","s":"","d":{"X":0.05,"Y":0.61}},{"t":"9-2","s":"","d":{"X":0.36,"Y":-0.61}},{"t":"X1","s":"","d":{"X":0.081,"Y":-0.519}}],"clr":{"R":173,"G":235,"B":207,"A":255}},"DH4-1-67":{"pid":"DH4-S","orb":5662.17,"per":94.36,"ang":322.93,"t":"ASTEROID","sp":"ASTEROID-2","s":21.61,"m":140.27,"gd":36.02,"wic":{},"woc":{},"wgc":{},"emm":[{"Type":"1","MainRange":47,"MainValue":0.14,"FarRange":146}],"sig":[{"t":"9-1","s":"","d":{"X":0.31,"Y":0.06}},{"t":"9-2","s":"","d":{"X":-0.79,"Y":-0.32}},{"t":"X1","s":"","d":{"X":0.121,"Y":0.086}}],"clr":{"R":236,"G":223,"B":249,"A":255}},"DH4-1-68":{"pid":"DH4-S","orb":5895.84,"per":98.26,"ang":298.16,"t":"ASTEROID","sp":"ASTEROID-4","s":18.13,"m":82.88,"gd":30.23,"wic":{},"woc":{},"wgc":{},"emm":[{"Type":"1","MainRange":71,"MainValue":0.16,"FarRange":128}],"sig":[{"t":"9-1","s":"","d":{"X":0.65,"Y":-0.04}},{"t":"9-2","s":"","d":{"X":0.46,"Y":-0.52}},{"t":"X1","s":"","d":{"X":0.695,"Y":-0.534}}],"clr":{"R":199,"G":164,"B":253,"A":255}},"DH4-1-69":{"pid":"DH4-S","orb":6179.79,"per":102.99,"ang":77.97,"t":"ASTEROID","sp":"ASTEROID-3","s":15.63,"m":53.09,"gd":26.06,"wic":{},"woc":{},"wgc":{},"emm":[{"Type":"1","MainRange":71.10000000000001,"MainValue":0.26,"FarRange":79}],"sig":[{"t":"9-1","s":"","d":{"X":-0.49,"Y":-0.76}},{"t":"9-2","s":"","d":{"X":-0.79,"Y":0.39}},{"t":"X1","s":"","d":{"X":-0.307,"Y":0.915}}],"clr":{"R":231,"G":230,"B":252,"A":255}},"DH4-1-7":{"pid":"DH4-S","orb":5885.23,"per":98.08,"ang":164.46,"t":"ASTEROID","sp":"ASTEROID-1","s":26.38,"m":255.02,"gd":43.96,"wic":{},"woc":{},"wgc":{},"emm":[{"Type":"1","MainRange":63,"MainValue":0.27,"FarRange":153}],"sig":[{"t":"9-1","s":"","d":{"X":-0.21,"Y":0.05}},{"t":"9-2","s":"","d":{"X":0.77,"Y":0.23}},{"t":"X1","s":"","d":{"X":-0.313,"Y":0.544}}],"clr":{"R":197,"G":246,"B":228,"A":255}},"DH4-1-70":{"pid":"DH4-S","orb":5543.27,"per":92.38,"ang":269.04,"t":"ASTEROID","sp":"ASTEROID-4","s":15.22,"m":48.97,"gd":25.36,"wic":{},"woc":{},"wgc":{},"emm":[{"Type":"1","MainRange":26,"MainValue":0.24,"FarRange":149}],"sig":[{"t":"9-1","s":"","d":{"X":0.64,"Y":0.36}},{"t":"9-2","s":"","d":{"X":0.26,"Y":-0.21}},{"t":"X1","s":"","d":{"X":0.506,"Y":0.764}}],"clr":{"R":211,"G":239,"B":253,"A":255}},"DH4-1-71":{"pid":"DH4-S","orb":5381.89,"per":89.69,"ang":178.31,"t":"ASTEROID","sp":"ASTEROID-2","s":30.31,"m":386.76,"gd":50.51,"wic":{},"woc":{},"wgc":{},"emm":[{"Type":"1","MainRange":75,"MainValue":0.2,"FarRange":129}],"sig":[{"t":"9-1","s":"","d":{"X":-0.29,"Y":-0.45}},{"t":"9-2","s":"","d":{"X":-0.72,"Y":-0.21}},{"t":"X1","s":"","d":{"X":0.13,"Y":0.394}}],"clr":{"R":231,"G":248,"B":251,"A":255}},"DH4-1-72":{"pid":"DH4-S","orb":6127.3,"per":102.12,"ang":24.66,"t":"ASTEROID","sp":"ASTEROID-1","s":17.27,"m":71.55,"gd":28.78,"wic":{},"woc":{},"wgc":{},"emm":[{"Type":"1","MainRange":56,"MainValue":0.21,"FarRange":165}],"sig":[{"t":"9-1","s":"","d":{"X":-0.2,"Y":0.21}},{"t":"9-2","s":"","d":{"X":0.69,"Y":-0.48}},{"t":"X1","s":"","d":{"X":0.059,"Y":0.846}}],"clr":{"R":234,"G":240,"B":254,"A":255}},"DH4-1-73":{"pid":"DH4-S","orb":5289.02,"per":88.15,"ang":140.32,"t":"ASTEROID","sp":"ASTEROID-2","s":23.19,"m":173.24,"gd":38.65,"wic":{},"woc":{},"wgc":{},"emm":[{"Type":"1","MainRange":58,"MainValue":0.33,"FarRange":136}],"sig":[{"t":"9-1","s":"","d":{"X":0.24,"Y":0.38}},{"t":"9-2","s":"","d":{"X":-0.92,"Y":0.01}},{"t":"X1","s":"","d":{"X":0.332,"Y":0.503}}],"clr":{"R":238,"G":191,"B":245,"A":255}},"DH4-1-74":{"pid":"DH4-S","orb":5986.69,"per":99.77,"ang":205.85,"t":"ASTEROID","sp":"ASTEROID-1","s":35.08,"m":599.75,"gd":58.47,"wic":{},"woc":{},"wgc":{},"emm":[{"Type":"1","MainRange":69,"MainValue":0.29,"FarRange":106}],"sig":[{"t":"9-1","s":"","d":{"X":-0.84,"Y":-0.4}},{"t":"9-2","s":"","d":{"X":0.87,"Y":0.12}},{"t":"X1","s":"","d":{"X":0.48,"Y":0.369}}],"clr":{"R":239,"G":247,"B":177,"A":255}},"DH4-1-75":{"pid":"DH4-S","orb":6538.66,"per":108.97,"ang":329,"t":"ASTEROID","sp":"ASTEROID-4","s":18.39,"m":86.39,"gd":30.65,"wic":{},"woc":{},"wgc":{},"emm":[{"Type":"1","MainRange":26,"MainValue":0.15,"FarRange":111}],"sig":[{"t":"9-1","s":"","d":{"X":-0.72,"Y":-0.11}},{"t":"9-2","s":"","d":{"X":-0.81,"Y":-0.33}},{"t":"X1","s":"","d":{"X":0.101,"Y":0.743}}],"clr":{"R":193,"G":251,"B":202,"A":255}},"DH4-1-76":{"pid":"DH4-S","orb":5849.96,"per":97.49,"ang":184.84,"t":"ASTEROID","sp":"ASTEROID-3","s":16.12,"m":58.19,"gd":26.86,"wic":{},"woc":{},"wgc":{},"emm":[{"Type":"1","MainRange":43,"MainValue":0.28,"FarRange":147}],"sig":[{"t":"9-1","s":"","d":{"X":-0.27,"Y":0.28}},{"t":"9-2","s":"","d":{"X":0.47,"Y":0.48}},{"t":"X1","s":"","d":{"X":-0.684,"Y":0.637}}],"clr":{"R":207,"G":241,"B":242,"A":255}},"DH4-1-77":{"pid":"DH4-S","orb":5209.37,"per":86.82,"ang":21.28,"t":"ASTEROID","sp":"ASTEROID-2","s":23.52,"m":180.84,"gd":39.2,"wic":{},"woc":{},"wgc":{},"emm":[{"Type":"1","MainRange":52,"MainValue":0.25,"FarRange":139}],"sig":[{"t":"9-1","s":"","d":{"X":0.53,"Y":-0.29}},{"t":"9-2","s":"","d":{"X":0.3,"Y":0.06}},{"t":"X1","s":"","d":{"X":0.589,"Y":0.282}}],"clr":{"R":180,"G":187,"B":240,"A":255}},"DH4-1-78":{"pid":"DH4-S","orb":6566.42,"per":109.44,"ang":338.07,"t":"ASTEROID","sp":"ASTEROID-2","s":15.74,"m":54.17,"gd":26.23,"wic":{},"woc":{},"wgc":{},"emm":[{"Type":"1","MainRange":24,"MainValue":0.04,"FarRange":106}],"sig":[{"t":"9-1","s":"","d":{"X":0.17,"Y":0.79}},{"t":"9-2","s":"","d":{"X":-0.37,"Y":-0.55}},{"t":"X1","s":"","d":{"X":-0.769,"Y":0.183}}],"clr":{"R":254,"G":254,"B":247,"A":255}},"DH4-1-79":{"pid":"DH4-S","orb":5962.6,"per":99.37,"ang":347.93,"t":"ASTEROID","sp":"ASTEROID-2","s":14.87,"m":45.69,"gd":24.78,"wic":{},"woc":{},"wgc":{},"emm":[{"Type":"1","MainRange":39,"MainValue":0.15,"FarRange":90}],"sig":[{"t":"9-1","s":"","d":{"X":-0.5,"Y":0.79}},{"t":"9-2","s":"","d":{"X":0.13,"Y":0.48}},{"t":"X1","s":"","d":{"X":0.525,"Y":-0.378}}],"clr":{"R":202,"G":235,"B":181,"A":255}},"DH4-1-8":{"pid":"DH4-S","orb":5488.89,"per":91.48,"ang":135.2,"t":"ASTEROID","sp":"ASTEROID-1","s":18.75,"m":91.64,"gd":31.26,"wic":{},"woc":{},"wgc":{},"emm":[{"Type":"1","MainRange":38,"MainValue":0.15,"FarRange":138}],"sig":[{"t":"9-1","s":"","d":{"X":0.64,"Y":0.18}},{"t":"9-2","s":"","d":{"X":0.76,"Y":-0.3}},{"t":"X1","s":"","d":{"X":0.901,"Y":0.294}}],"clr":{"R":208,"G":248,"B":218,"A":255}},"DH4-1-80":{"pid":"DH4-S","orb":6058.88,"per":100.98,"ang":320.5,"t":"ASTEROID","sp":"ASTEROID-3","s":31.97,"m":454.18,"gd":53.29,"wic":{},"woc":{},"wgc":{},"emm":[{"Type":"1","MainRange":84,"MainValue":0.23,"FarRange":164}],"sig":[{"t":"9-1","s":"","d":{"X":-0.31,"Y":-0.66}},{"t":"9-2","s":"","d":{"X":0.21,"Y":0.06}},{"t":"X1","s":"","d":{"X":0.321,"Y":0.016}}],"clr":{"R":254,"G":251,"B":245,"A":255}},"DH4-1-81":{"pid":"DH4-S","orb":7002.23,"per":116.7,"ang":321.33,"t":"ASTEROID","sp":"ASTEROID-4","s":11.75,"m":22.57,"gd":19.59,"wic":{},"woc":{},"wgc":{},"emm":[{"Type":"1","MainRange":54,"MainValue":0.16,"FarRange":109}],"sig":[{"t":"9-1","s":"","d":{"X":-0.19,"Y":-0.4}},{"t":"9-2","s":"","d":{"X":-0.1,"Y":0.4}},{"t":"X1","s":"","d":{"X":-0.785,"Y":-0.282}}],"clr":{"R":253,"G":228,"B":236,"A":255}},"DH4-1-82":{"pid":"DH4-S","orb":5621.14,"per":93.68,"ang":80.21,"t":"ASTEROID","sp":"ASTEROID-4","s":14.04,"m":38.48,"gd":23.41,"wic":{},"woc":{},"wgc":{},"emm":[{"Type":"1","MainRange":69,"MainValue":0.13,"FarRange":83}],"sig":[{"t":"9-1","s":"","d":{"X":-0.39,"Y":-0.08}},{"t":"9-2","s":"","d":{"X":-0.79,"Y":-0.2}},{"t":"X1","s":"","d":{"X":0.905,"Y":0.156}}],"clr":{"R":240,"G":198,"B":192,"A":255}},"DH4-1-83":{"pid":"DH4-S","orb":6177.86,"per":102.96,"ang":76.2,"t":"ASTEROID","sp":"ASTEROID-2","s":14.12,"m":39.1,"gd":23.53,"wic":{},"woc":{},"wgc":{},"emm":[{"Type":"1","MainRange":59,"MainValue":0.19,"FarRange":120}],"sig":[{"t":"9-1","s":"","d":{"X":0.46,"Y":0.59}},{"t":"9-2","s":"","d":{"X":0.41,"Y":-0.26}},{"t":"X1","s":"","d":{"X":-0.579,"Y":0.287}}],"clr":{"R":167,"G":243,"B":220,"A":255}},"DH4-1-84":{"pid":"DH4-S","orb":5175.32,"per":86.25,"ang":181.84,"t":"ASTEROID","sp":"ASTEROID-1","s":29.3,"m":349.69,"gd":48.84,"wic":{},"woc":{},"wgc":{},"emm":[{"Type":"1","MainRange":32,"MainValue":0.15,"FarRange":51}],"sig":[{"t":"9-1","s":"","d":{"X":0.52,"Y":0.72}},{"t":"9-2","s":"","d":{"X":0.25,"Y":0.32}},{"t":"X1","s":"","d":{"X":0.349,"Y":-0.484}}],"clr":{"R":156,"G":224,"B":251,"A":255}},"DH4-1-85":{"pid":"DH4-S","orb":6604.35,"per":110.07,"ang":0.73,"t":"ASTEROID","sp":"ASTEROID-2","s":14.22,"m":39.97,"gd":23.7,"wic":{},"woc":{},"wgc":{},"emm":[{"Type":"1","MainRange":58,"MainValue":0.17,"FarRange":159},{"Type":"2","MainRange":39,"MainValue":0.22,"FarRange":214}],"sig":[{"t":"9-1","s":"","d":{"X":-0.33,"Y":-0.31}},{"t":"9-2","s":"","d":{"X":0.22,"Y":0.78}},{"t":"X1","s":"","d":{"X":0.765,"Y":-0.286}},{"t":"X2","s":"","d":{"X":-0.343,"Y":-0.623}}],"clr":{"R":210,"G":206,"B":244,"A":255}},"DH4-1-9":{"pid":"DH4-S","orb":5425.07,"per":90.41,"ang":61.15,"t":"ASTEROID","sp":"ASTEROID-3","s":12.95,"m":30.2,"gd":21.59,"wic":{},"woc":{},"wgc":{},"emm":[{"Type":"1","MainRange":65,"MainValue":0.18,"FarRange":185}],"sig":[{"t":"9-1","s":"","d":{"X":0.15,"Y":0.05}},{"t":"9-2","s":"","d":{"X":0.17,"Y":0.86}},{"t":"X1","s":"","d":{"X":-0.677,"Y":-0.02}}],"clr":{"R":245,"G":199,"B":175,"A":255}},"DH4-118":{"pid":"DH4-639","orb":2934.55,"per":48.9,"t":"HARDPLANET","sp":"HARDPLANET-45","s":36.39,"m":2811.12,"gd":103.98,"wic":{},"woc":{},"wgc":{},"sig":[{"t":"0-3","s":"","d":{"X":0.57,"Y":-0.28}},{"t":"1-3","s":"","d":{"X":-0.86}},{"t":"3-2","s":"","d":{"X":-0.2,"Y":0.13}},{"t":"5-2","s":"","d":{"X":-0.83,"Y":0.27}},{"t":"6-2","s":"","d":{"X":-0.74,"Y":-0.33}},{"t":"9-1","s":"","d":{"X":0.31,"Y":-0.43}},{"t":"9-2","s":"","d":{"X":-0.34,"Y":0.89}},{"t":"10-1","s":"","d":{"X":0.7,"Y":-0.66}},{"t":"10-2","s":"","d":{"X":-0.2,"Y":-0.47}},{"t":"11-1","s":"","d":{"X":0.57,"Y":0.13}},{"t":"12-3","s":"","d":{"X":0.55,"Y":-0.25}},{"t":"13-1","s":"","d":{"X":-0.23,"Y":-0.11}},{"t":"13-2","s":"","d":{"X":-0.94,"Y":-0.21}}],"clr":{"R":252,"G":242,"B":240,"A":255}},"DH4-334":{"pid":"DH4-S","orb":5547.58,"per":92.45,"t":"HARDPLANET","sp":"HARDPLANET-54","s":74.11,"m":23733.96,"gd":211.74,"wic":{},"woc":{},"wgc":{},"mi":[5],"sig":[{"t":"9-1","s":"","d":{"X":-0.88,"Y":-0.37}},{"t":"9-2","s":"","d":{"X":0.12,"Y":0.64}},{"t":"10-1","s":"","d":{"X":0.5,"Y":-0.86}},{"t":"10-2","s":"","d":{"X":0.33,"Y":0.73}},{"t":"11-2","s":"","d":{"X":0.28,"Y":-0.84}},{"t":"12-3","s":"","d":{"X":-0.34,"Y":0.08}},{"t":"13-1","s":"","d":{"X":0.57,"Y":0.55}},{"t":"13-2","s":"","d":{"X":0.09,"Y":0.27}}],"clr":{"R":254,"G":251,"B":253,"A":255}},"DH4-360":{"pid":"DH4-S","orb":18806.46,"per":313.44,"t":"GASPLANET","sp":"GASPLANET-24","s":234.86,"m":125964.24,"gd":391.44,"wic":{},"woc":{},"wgc":{},"sig":[{"t":"0-2","s":"","d":{"X":0.94,"Y":-0.22}},{"t":"1-3","s":"","d":{"X":-0.02,"Y":0.91}},{"t":"3-1","s":"","d":{"X":0.22,"Y":-0.44}},{"t":"6-2","s":"","d":{"X":0.75,"Y":0.58}},{"t":"7-3","s":"","d":{"X":0.32,"Y":-0.31}},{"t":"8-1","s":"","d":{"X":-0.86,"Y":0.03}},{"t":"8-2","s":"","d":{"X":-0.35,"Y":0.59}},{"t":"10-2","s":"","d":{"X":-0.7,"Y":-0.27}},{"t":"11-1","s":"","d":{"X":-0.88,"Y":-0.02}}],"clr":{"R":254,"G":172,"B":195,"A":255}},"DH4-394":{"pid":"DH4-S","orb":9422.51,"per":157.04,"t":"HARDPLANET","sp":"HARDPLANET-41","s":52.14,"m":8266.18,"gd":148.97,"wic":{},"woc":{},"wgc":{},"sig":[{"t":"3-2","s":"","d":{"X":-0.03,"Y":-0.98}},{"t":"5-2","s":"","d":{"X":0.32,"Y":0.54}},{"t":"6-3","s":"","d":{"X":-0.94,"Y":0.26}},{"t":"7-4","s":"","d":{"X":0.4,"Y":0.27}},{"t":"9-1","s":"","d":{"X":-0.71,"Y":-0.13}},{"t":"9-2","s":"","d":{"X":-0.55,"Y":-0.5}},{"t":"10-1","s":"","d":{"X":0.23,"Y":-0.09}},{"t":"10-2","s":"","d":{"X":0.6,"Y":-0.11}},{"t":"11-2","s":"","d":{"X":0.25,"Y":-0.47}},{"t":"12-3","s":"","d":{"X":0.61,"Y":0.03}},{"t":"13-1","s":"","d":{"X":0.16,"Y":0.6}},{"t":"13-2","s":"","d":{"X":0.53}}],"clr":{"R":187,"G":246,"B":205,"A":255}},"DH4-639":{"pid":"DH4-S","orb":17807.59,"per":296.79,"t":"GASPLANET","sp":"GASPLANET-9","s":226.38,"m":112797.45,"gd":377.3,"wic":{},"woc":{},"wgc":{},"sig":[{"t":"0-3","s":"","d":{"X":0.17,"Y":-0.19}},{"t":"1-3","s":"","d":{"X":-0.07,"Y":-0.49}},{"t":"3-1","s":"","d":{"X":-0.53,"Y":-0.28}},{"t":"6-3","s":"","d":{"X":0.14,"Y":0.66}},{"t":"7-3","s":"","d":{"X":0.18,"Y":0.82}},{"t":"8-2","s":"","d":{"Y":-0.08}},{"t":"10-2","s":"","d":{"X":0.15,"Y":-0.52}},{"t":"11-1","s":"","d":{"X":0.41,"Y":-0.11}}],"clr":{"R":246,"G":169,"B":195,"A":255}},"DH4-969":{"pid":"DH4-S","orb":17856.43,"per":297.6,"t":"GASPLANET","sp":"GASPLANET-48","s":225.89,"m":112062.79,"gd":376.48,"wic":{},"woc":{},"wgc":{},"emm":[{"Type":"2","MainRange":623,"MainValue":2.28,"FarRange":1201},{"Type":"6","MainRange":393,"MainValue":1.27,"FarRange":1527},{"Type":"1","MainRange":535,"MainValue":1.71,"FarRange":796}],"sig":[{"t":"0-3","s":"","d":{"X":-0.2,"Y":0.72}},{"t":"1-3","s":"","d":{"X":0.47,"Y":0.52}},{"t":"3-1","s":"","d":{"X":-0.47,"Y":0.77}},{"t":"6-3","s":"","d":{"X":0.13,"Y":-0.2}},{"t":"11-1","s":"","d":{"X":-0.48,"Y":0.7}},{"t":"X2","s":"","d":{"X":-0.477,"Y":-0.718}},{"t":"X6","s":"","d":{"X":0.129,"Y":0.358}},{"t":"X1","s":"","d":{"X":-0.824,"Y":-0.491}}],"clr":{"R":194,"G":193,"B":251,"A":255}},"DH4-969-0":{"pid":"DH4-969","orb":3140.89,"per":52.34,"ang":82.07,"t":"ASTEROID","sp":"ASTEROID-5","s":19.99,"m":111.05,"gd":33.32,"wic":{},"woc":{},"wgc":{},"emm":[{"Type":"1","MainRange":52,"MainValue":0.22,"FarRange":163}],"sig":[{"t":"9-1","s":"","d":{"X":-0.78,"Y":0.1}},{"t":"9-2","s":"","d":{"X":-0.55,"Y":-0.11}},{"t":"X1","s":"","d":{"X":-0.007,"Y":-0.599}}],"clr":{"R":253,"G":252,"B":216,"A":255}},"DH4-969-1":{"pid":"DH4-969","orb":3200.34,"per":53.33,"ang":120.83,"t":"ASTEROID","sp":"ASTEROID-1","s":19.58,"m":104.3,"gd":32.63,"wic":{},"woc":{},"wgc":{},"emm":[{"Type":"1","MainRange":65,"MainValue":0.13,"FarRange":162}],"sig":[{"t":"9-1","s":"","d":{"X":0.41,"Y":0.2}},{"t":"9-2","s":"","d":{"X":0.17,"Y":0.13}},{"t":"X1","s":"","d":{"X":-0.038,"Y":-0.525}}],"clr":{"R":217,"G":230,"B":251,"A":255}},"DH4-S":{"t":"STAR","sp":"STAR-1","s":344.56,"m":2272659.97,"gd":1148.54,"wic":{},"woc":{},"wgc":{},"emm":[{"Type":"2","MainRange":1124,"MainValue":6.41,"FarRange":3610},{"Type":"1","MainRange":1638,"MainValue":7.09,"FarRange":4572},{"Type":"17","MainRange":528,"MainValue":2.86,"FarRange":1830},{"Type":"12","MainRange":557,"MainValue":4.8,"FarRange":2304}],"sig":[{"t":"X2","s":"","d":{"X":0.021,"Y":0.987}},{"t":"X1","s":"","d":{"X":-0.386,"Y":0.321}},{"t":"X17","s":"","d":{"X":-0.888,"Y":-0.407}},{"t":"X12","s":"","d":{"X":0.262,"Y":0.009}}],"clr":{"R":175,"G":248,"B":185,"A":255}}}}