{"SpawnDistance":1650.0000000000002,"Points":{"KS0-475":{"pid":"KS0-S","orb":908.15,"per":15.13,"t":"GASPLANET","sp":"GASPLANET-11","s":211.15,"m":91534.31,"gd":351.92,"wic":{},"woc":{},"wgc":{},"sig":[{"t":"0-2","s":"","d":{"X":0.89,"Y":0.26}},{"t":"1-3","s":"","d":{"X":-0.53,"Y":-0.38}},{"t":"3-1","s":"","d":{"X":0.45,"Y":-0.01}},{"t":"6-3","s":"","d":{"X":0.41,"Y":0.78}},{"t":"7-2","s":"","d":{"X":-0.51,"Y":0.59}},{"t":"7-3","s":"","d":{"X":0.64,"Y":-0.67}},{"t":"8-1","s":"","d":{"X":0.57,"Y":0.49}},{"t":"11-1","s":"","d":{"X":0.71,"Y":0.48}}],"clr":{"R":198,"G":170,"B":251,"A":255}},"KS0-S":{"t":"STAR","sp":"STAR-1","s":474.93,"m":5951709.45,"gd":1583.13,"wic":{},"woc":{},"wgc":{},"emm":[{"Type":"2","MainRange":1453,"MainValue":6.94,"FarRange":3746}],"sig":[{"t":"X2","s":"","d":{"X":0.043,"Y":0.567}}],"clr":{"R":169,"G":244,"B":248,"A":255}}}}