{"SpawnDistance":3689.7740000000003,"Points":{"KS4-172":{"pid":"KS4-S","orb":3354.34,"per":55.9,"t":"GASPLANET","sp":"GASPLANET-15","s":189.33,"m":65991.9,"gd":315.56,"wic":{},"woc":{},"wgc":{},"sig":[{"t":"0-2","s":"","d":{"X":0.78,"Y":0.18}},{"t":"1-3","s":"","d":{"X":-0.1,"Y":0.36}},{"t":"3-1","s":"","d":{"X":-0.3,"Y":0.69}},{"t":"6-3","s":"","d":{"X":0.35}},{"t":"7-3","s":"","d":{"X":-0.43,"Y":-0.81}},{"t":"8-1","s":"","d":{"X":-0.59,"Y":-0.27}},{"t":"10-1","s":"","d":{"X":0.04,"Y":0.03}},{"t":"11-1","s":"","d":{"X":-0.57,"Y":-0.51}}],"clr":{"R":237,"G":251,"B":240,"A":255}},"KS4-940":{"pid":"KS4-S","orb":1916.39,"per":31.93,"t":"GASPLANET","sp":"GASPLANET-5","s":204.81,"m":83534.97,"gd":341.36,"wic":{},"woc":{},"wgc":{},"sig":[{"t":"0-3","s":"","d":{"X":0.14,"Y":0.21}},{"t":"1-3","s":"","d":{"X":-0.45,"Y":0.57}},{"t":"3-1","s":"","d":{"X":-0.12,"Y":-0.72}},{"t":"6-3","s":"","d":{"X":0.54,"Y":-0.07}},{"t":"10-1","s":"","d":{"X":-0.17,"Y":0.69}},{"t":"11-1","s":"","d":{"X":-0.21,"Y":-0.27}}],"clr":{"R":238,"G":249,"B":250,"A":255}},"KS4-S":{"t":"STAR","sp":"STAR-2","s":388.75,"m":3264108.36,"gd":1295.85,"wic":{},"woc":{},"wgc":{},"emm":[{"Type":"2","MainRange":761,"MainValue":2.53,"FarRange":2624}],"sig":[{"t":"X2","s":"","d":{"X":0.611,"Y":0.612}}],"clr":{"R":219,"G":249,"B":252,"A":255}}}}