{"SpawnDistance":2901.206,"Points":{"AD5-0-0":{"pid":"AD5-S","orb":1333.62,"per":22.22,"ang":29.99,"t":"ASTEROID","sp":"ASTEROID-2","s":24.75,"m":210.67,"gd":41.25,"wic":{},"woc":{},"wgc":{},"emm":[{"Type":"1","MainRange":32,"MainValue":0.25,"FarRange":48}],"sig":[{"t":"9-1","s":"","d":{"X":-0.33,"Y":0.2}},{"t":"X1","s":"","d":{"X":0.299,"Y":-0.57}}],"clr":{"R":235,"G":208,"B":245,"A":255}},"AD5-0-1":{"pid":"AD5-S","orb":1536.88,"per":25.61,"ang":121.98,"t":"ASTEROID","sp":"ASTEROID-1","s":17.55,"m":75.11,"gd":29.25,"wic":{},"woc":{},"wgc":{},"emm":[{"Type":"1","MainRange":34,"MainValue":0.13,"FarRange":81}],"sig":[{"t":"9-1","s":"","d":{"X":-0.09,"Y":-0.93}},{"t":"X1","s":"","d":{"X":0.958,"Y":-0.135}}],"clr":{"R":254,"G":254,"B":254,"A":255}},"AD5-0-10":{"pid":"AD5-S","orb":1316.46,"per":21.94,"ang":294.59,"t":"ASTEROID","sp":"ASTEROID-3","s":17.35,"m":72.58,"gd":28.92,"wic":{},"woc":{},"wgc":{},"emm":[{"Type":"1","MainRange":70,"MainValue":0.17,"FarRange":178},{"Type":"14","MainRange":21,"MainValue":0.24,"FarRange":129}],"sig":[{"t":"9-1","s":"","d":{"X":-0.15,"Y":0.91}},{"t":"X1","s":"","d":{"X":-0.058,"Y":-0.325}},{"t":"X14","s":"","d":{"X":-0.029,"Y":0.791}}],"clr":{"R":254,"G":240,"B":250,"A":255}},"AD5-0-11":{"pid":"AD5-S","orb":1558.77,"per":25.97,"ang":198.24,"t":"ASTEROID","sp":"ASTEROID-5","s":22.25,"m":153.15,"gd":37.09,"wic":{},"woc":{},"wgc":{},"emm":[{"Type":"1","MainRange":62,"MainValue":0.17,"FarRange":225}],"sig":[{"t":"9-1","s":"","d":{"X":0.3,"Y":-0.32}},{"t":"X1","s":"","d":{"X":0.597,"Y":0.324}}],"clr":{"R":253,"G":202,"B":228,"A":255}},"AD5-0-12":{"pid":"AD5-S","orb":1440.1,"per":24,"ang":358.83,"t":"ASTEROID","sp":"ASTEROID-2","s":12.95,"m":30.23,"gd":21.59,"wic":{},"woc":{},"wgc":{},"emm":[{"Type":"1","MainRange":29.7,"MainValue":0.2,"FarRange":33}],"sig":[{"t":"9-1","s":"","d":{"X":-0.16,"Y":0.89}},{"t":"X1","s":"","d":{"X":-0.34,"Y":-0.667}}],"clr":{"R":254,"G":184,"B":245,"A":255}},"AD5-0-13":{"pid":"AD5-S","orb":1065.33,"per":17.75,"ang":140.23,"t":"ASTEROID","sp":"ASTEROID-3","s":16,"m":56.92,"gd":26.67,"wic":{},"woc":{},"wgc":{},"emm":[{"Type":"1","MainRange":55,"MainValue":0.23,"FarRange":241}],"sig":[{"t":"9-1","s":"","d":{"X":0.53,"Y":-0.16}},{"t":"X1","s":"","d":{"X":-0.544,"Y":0.154}}],"clr":{"R":224,"G":252,"B":245,"A":255}},"AD5-0-14":{"pid":"AD5-S","orb":1172.81,"per":19.54,"ang":321.21,"t":"ASTEROID","sp":"ASTEROID-1","s":22.73,"m":163.29,"gd":37.89,"wic":{},"woc":{},"wgc":{},"emm":[{"Type":"1","MainRange":60,"MainValue":0.2,"FarRange":131}],"sig":[{"t":"9-1","s":"","d":{"X":0.31,"Y":-0.62}},{"t":"X1","s":"","d":{"X":-0.679,"Y":-0.39}}],"clr":{"R":236,"G":243,"B":253,"A":255}},"AD5-0-2":{"pid":"AD5-S","orb":1364.04,"per":22.73,"ang":182.18,"t":"ASTEROID","sp":"ASTEROID-1","s":9.56,"m":12.15,"gd":15.94,"wic":{},"woc":{},"wgc":{},"emm":[{"Type":"1","MainRange":64,"MainValue":0.33,"FarRange":222}],"sig":[{"t":"9-1","s":"","d":{"X":-0.26,"Y":0.59}},{"t":"X1","s":"","d":{"X":-0.894,"Y":-0.208}}],"clr":{"R":251,"G":240,"B":236,"A":255}},"AD5-0-3":{"pid":"AD5-S","orb":1644.9,"per":27.41,"ang":137.83,"t":"ASTEROID","sp":"ASTEROID-2","s":22.83,"m":165.37,"gd":38.05,"wic":{},"woc":{},"wgc":{},"emm":[{"Type":"1","MainRange":31,"MainValue":0.26,"FarRange":177}],"sig":[{"t":"9-1","s":"","d":{"X":-0.15,"Y":-0.3}},{"t":"X1","s":"","d":{"X":-0.783,"Y":0.352}}],"clr":{"R":250,"G":232,"B":201,"A":255}},"AD5-0-4":{"pid":"AD5-S","orb":1297.9,"per":21.63,"ang":293.97,"t":"ASTEROID","sp":"ASTEROID-3","s":26.96,"m":272.29,"gd":44.94,"wic":{},"woc":{},"wgc":{},"emm":[{"Type":"1","MainRange":51,"MainValue":0.28,"FarRange":124}],"sig":[{"t":"9-1","s":"","d":{"X":0.38,"Y":-0.43}},{"t":"X1","s":"","d":{"X":0.033,"Y":-0.346}}],"clr":{"R":250,"G":226,"B":252,"A":255}},"AD5-0-5":{"pid":"AD5-S","orb":1418.92,"per":23.64,"ang":308.16,"t":"ASTEROID","sp":"ASTEROID-5","s":18.07,"m":81.98,"gd":30.12,"wic":{},"woc":{},"wgc":{},"emm":[{"Type":"1","MainRange":80,"MainValue":0.23,"FarRange":154}],"sig":[{"t":"9-1","s":"","d":{"X":-0.44,"Y":-0.42}},{"t":"X1","s":"","d":{"X":0.942,"Y":-0.163}}],"clr":{"R":171,"G":238,"B":185,"A":255}},"AD5-0-6":{"pid":"AD5-S","orb":1296.58,"per":21.6,"ang":293.46,"t":"ASTEROID","sp":"ASTEROID-5","s":19.53,"m":103.54,"gd":32.55,"wic":{},"woc":{},"wgc":{},"emm":[{"Type":"1","MainRange":64,"MainValue":0.25,"FarRange":195}],"sig":[{"t":"9-1","s":"","d":{"Y":0.55}},{"t":"X1","s":"","d":{"X":0.549,"Y":0.619}}],"clr":{"R":230,"G":241,"B":247,"A":255}},"AD5-0-7":{"pid":"AD5-S","orb":1260.14,"per":21,"ang":341.77,"t":"ASTEROID","sp":"ASTEROID-4","s":12.77,"m":28.93,"gd":21.28,"wic":{},"woc":{},"wgc":{},"emm":[{"Type":"1","MainRange":42,"MainValue":0.2,"FarRange":166}],"sig":[{"t":"9-1","s":"","d":{"X":-0.2,"Y":0.64}},{"t":"X1","s":"","d":{"X":0.393,"Y":0.126}}],"clr":{"R":254,"G":250,"B":254,"A":255}},"AD5-0-8":{"pid":"AD5-S","orb":1308.37,"per":21.8,"ang":163.73,"t":"ASTEROID","sp":"ASTEROID-5","s":16.96,"m":67.86,"gd":28.28,"wic":{},"woc":{},"wgc":{},"emm":[{"Type":"1","MainRange":39,"MainValue":0.19,"FarRange":121}],"sig":[{"t":"9-1","s":"","d":{"X":0.78,"Y":0.57}},{"t":"X1","s":"","d":{"X":0.679,"Y":0.6}}],"clr":{"R":250,"G":224,"B":218,"A":255}},"AD5-0-9":{"pid":"AD5-S","orb":1201.84,"per":20.03,"ang":270.3,"t":"ASTEROID","sp":"ASTEROID-2","s":21.09,"m":130.45,"gd":35.16,"wic":{},"woc":{},"wgc":{},"emm":[{"Type":"1","MainRange":45,"MainValue":0.2,"FarRange":180}],"sig":[{"t":"9-1","s":"","d":{"X":0.43,"Y":-0.01}},{"t":"X1","s":"","d":{"X":-0.57,"Y":-0.428}}],"clr":{"R":244,"G":190,"B":228,"A":255}},"AD5-115":{"pid":"AD5-S","orb":1884.99,"per":31.41,"t":"GASPLANET","sp":"GASPLANET-40","s":123.09,"m":18135.67,"gd":205.16,"wic":{},"woc":{},"wgc":{},"emm":[{"Type":"2","MainRange":462,"MainValue":1.5,"FarRange":1520}],"sig":[{"t":"0-2","s":"","d":{"X":-0.47,"Y":-0.52}},{"t":"1-3","s":"","d":{"X":-0.65,"Y":-0.26}},{"t":"3-1","s":"","d":{"X":0.75,"Y":-0.45}},{"t":"6-3","s":"","d":{"X":-0.02,"Y":0.36}},{"t":"7-2","s":"","d":{"X":-0.15,"Y":0.78}},{"t":"7-3","s":"","d":{"X":0.63,"Y":-0.48}},{"t":"8-1","s":"","d":{"X":-0.07,"Y":-0.98}},{"t":"10-1","s":"","d":{"X":-0.11,"Y":0.55}},{"t":"11-1","s":"","d":{"X":0.33,"Y":-0.39}},{"t":"X2","s":"","d":{"X":0.62,"Y":0.024}}],"clr":{"R":254,"G":254,"B":250,"A":255}},"AD5-998":{"pid":"AD5-S","orb":2637.46,"per":43.95,"t":"GASPLANET","sp":"GASPLANET-56","s":198.66,"m":76228.56,"gd":331.1,"wic":{},"woc":{},"wgc":{},"emm":[{"Type":"2","MainRange":226,"MainValue":1.09,"FarRange":1580},{"Type":"11","MainRange":626,"MainValue":0.58,"FarRange":1278}],"sig":[{"t":"0-2","s":"","d":{"X":0.1,"Y":-0.35}},{"t":"1-3","s":"","d":{"X":-0.21,"Y":0.8}},{"t":"3-1","s":"","d":{"X":0.72,"Y":-0.67}},{"t":"6-3","s":"","d":{"X":-0.32,"Y":0.23}},{"t":"7-3","s":"","d":{"X":0.76,"Y":-0.33}},{"t":"8-1","s":"","d":{"X":-0.3,"Y":0.67}},{"t":"11-1","s":"","d":{"X":0.1,"Y":0.38}},{"t":"X2","s":"","d":{"X":-0.501,"Y":0.775}},{"t":"X11","s":"","d":{"X":0.328,"Y":0.929}}],"clr":{"R":221,"G":246,"B":231,"A":255}},"AD5-S":{"t":"STAR","sp":"STAR-6","s":345.61,"m":2293560.29,"gd":1152.05,"wic":{},"woc":{},"wgc":{},"emm":[{"Type":"2","MainRange":800,"MainValue":4.68,"FarRange":3588}],"sig":[{"t":"X2","s":"","d":{"X":-0.233,"Y":0.03}}],"clr":{"R":229,"G":235,"B":254,"A":255}}}}