{"SpawnDistance":10039.777,"Points":{"LM7-063":{"pid":"LM7-S","orb":849.03,"per":14.15,"t":"HARDPLANET","sp":"HARDPLANET-4","s":57.65,"m":11172.11,"gd":164.71,"wic":{},"woc":{},"wgc":{},"sig":[{"t":"0-1","s":"","d":{"X":0.49,"Y":-0.18}},{"t":"1-1","s":"","d":{"X":0.8,"Y":0.53}},{"t":"9-1","s":"","d":{"X":0.15,"Y":-0.41}},{"t":"10-1","s":"","d":{"X":0.2,"Y":0.55}},{"t":"11-1","s":"","d":{"X":0.34,"Y":-0.09}},{"t":"12-3","s":"","d":{"X":-0.33,"Y":0.89}},{"t":"13-1","s":"","d":{"X":-0.93,"Y":-0.2}}],"clr":{"R":182,"G":233,"B":246,"A":255}},"LM7-3-0":{"pid":"LM7-S","orb":4929.49,"per":82.15,"ang":292.44,"t":"ASTEROID","sp":"ASTEROID-4","s":16.58,"m":63.32,"gd":27.63,"wic":{},"woc":{},"wgc":{},"emm":[{"Type":"1","MainRange":79,"MainValue":0.24,"FarRange":217}],"sig":[{"t":"7-4","s":"","d":{"X":0.17,"Y":0.09}},{"t":"8-1","s":"","d":{"X":0.49}},{"t":"9-1","s":"","d":{"X":0.94,"Y":0.26}},{"t":"X1","s":"","d":{"X":0.199,"Y":-0.711}}],"clr":{"R":244,"G":244,"B":253,"A":255}},"LM7-3-1":{"pid":"LM7-S","orb":6403.28,"per":106.72,"ang":171.9,"t":"ASTEROID","sp":"ASTEROID-5","s":20.08,"m":112.53,"gd":33.47,"wic":{},"woc":{},"wgc":{},"emm":[{"Type":"1","MainRange":33,"MainValue":0.24,"FarRange":152}],"sig":[{"t":"7-4","s":"","d":{"X":-0.51,"Y":0.2}},{"t":"8-1","s":"","d":{"X":-0.09,"Y":0.16}},{"t":"9-1","s":"","d":{"X":0.42,"Y":0.19}},{"t":"X1","s":"","d":{"X":0.23,"Y":-0.3}}],"clr":{"R":189,"G":251,"B":170,"A":255}},"LM7-3-10":{"pid":"LM7-S","orb":5260.49,"per":87.67,"ang":36.49,"t":"ASTEROID","sp":"ASTEROID-4","s":19.88,"m":109.24,"gd":33.14,"wic":{},"woc":{},"wgc":{},"emm":[{"Type":"1","MainRange":67,"MainValue":0.22,"FarRange":156}],"sig":[{"t":"7-4","s":"","d":{"X":-0.78,"Y":0.48}},{"t":"8-1","s":"","d":{"X":-0.56,"Y":0.69}},{"t":"9-1","s":"","d":{"X":0.65,"Y":-0.18}},{"t":"X1","s":"","d":{"X":-0.718,"Y":-0.01}}],"clr":{"R":173,"G":246,"B":223,"A":255}},"LM7-3-11":{"pid":"LM7-S","orb":5945.26,"per":99.08,"ang":199.11,"t":"ASTEROID","sp":"ASTEROID-1","s":24.81,"m":212.1,"gd":41.35,"wic":{},"woc":{},"wgc":{},"emm":[{"Type":"1","MainRange":39,"MainValue":0.13,"FarRange":209}],"sig":[{"t":"7-4","s":"","d":{"X":0.15,"Y":-0.29}},{"t":"8-1","s":"","d":{"X":-0.32,"Y":-0.5}},{"t":"9-1","s":"","d":{"X":-0.48,"Y":0.72}},{"t":"X1","s":"","d":{"X":0.147,"Y":0.384}}],"clr":{"R":236,"G":238,"B":252,"A":255}},"LM7-3-12":{"pid":"LM7-S","orb":5756.79,"per":95.94,"ang":146.88,"t":"ASTEROID","sp":"ASTEROID-4","s":17.79,"m":78.3,"gd":29.66,"wic":{},"woc":{},"wgc":{},"emm":[{"Type":"1","MainRange":28,"MainValue":0.16,"FarRange":166}],"sig":[{"t":"7-4","s":"","d":{"X":-0.52,"Y":0.33}},{"t":"8-1","s":"","d":{"X":0.21,"Y":0.94}},{"t":"9-1","s":"","d":{"X":0.36,"Y":0.39}},{"t":"X1","s":"","d":{"X":-0.743,"Y":0.364}}],"clr":{"R":213,"G":175,"B":233,"A":255}},"LM7-3-13":{"pid":"LM7-S","orb":5798.16,"per":96.63,"ang":9.49,"t":"ASTEROID","sp":"ASTEROID-5","s":17.5,"m":74.54,"gd":29.18,"wic":{},"woc":{},"wgc":{},"emm":[{"Type":"1","MainRange":48,"MainValue":0.23,"FarRange":207}],"sig":[{"t":"7-4","s":"","d":{"X":0.38,"Y":-0.31}},{"t":"8-1","s":"","d":{"X":0.06,"Y":0.46}},{"t":"9-1","s":"","d":{"X":-0.14,"Y":-0.61}},{"t":"X1","s":"","d":{"X":-0.703,"Y":-0.335}}],"clr":{"R":243,"G":195,"B":248,"A":255}},"LM7-3-14":{"pid":"LM7-S","orb":4828.71,"per":80.47,"ang":118.46,"t":"ASTEROID","sp":"ASTEROID-5","s":30.23,"m":384.04,"gd":50.39,"wic":{},"woc":{},"wgc":{},"emm":[{"Type":"1","MainRange":38,"MainValue":0.19,"FarRange":210}],"sig":[{"t":"7-4","s":"","d":{"X":-0.02,"Y":0.5}},{"t":"8-1","s":"","d":{"X":0.23,"Y":0.77}},{"t":"9-1","s":"","d":{"X":0.23,"Y":0.91}},{"t":"X1","s":"","d":{"X":0.29,"Y":-0.612}}],"clr":{"R":252,"G":250,"B":245,"A":255}},"LM7-3-15":{"pid":"LM7-S","orb":6059.46,"per":100.99,"ang":246.09,"t":"ASTEROID","sp":"ASTEROID-5","s":27.14,"m":277.7,"gd":45.23,"wic":{},"woc":{},"wgc":{},"emm":[{"Type":"1","MainRange":42,"MainValue":0.12,"FarRange":159}],"sig":[{"t":"7-4","s":"","d":{"X":-0.93,"Y":-0.22}},{"t":"8-1","s":"","d":{"X":-0.84,"Y":0.35}},{"t":"9-1","s":"","d":{"X":0.44,"Y":0.83}},{"t":"X1","s":"","d":{"X":0.572,"Y":0.355}}],"clr":{"R":254,"G":242,"B":254,"A":255}},"LM7-3-16":{"pid":"LM7-S","orb":5854.2,"per":97.57,"ang":236.66,"t":"ASTEROID","sp":"ASTEROID-3","s":24.17,"m":196.11,"gd":40.28,"wic":{},"woc":{},"wgc":{},"emm":[{"Type":"1","MainRange":61,"MainValue":0.13,"FarRange":139}],"sig":[{"t":"7-4","s":"","d":{"X":-0.13,"Y":-0.05}},{"t":"8-1","s":"","d":{"X":0.42,"Y":0.57}},{"t":"9-1","s":"","d":{"X":-0.22,"Y":-0.12}},{"t":"X1","s":"","d":{"X":0.175,"Y":0.414}}],"clr":{"R":237,"G":251,"B":241,"A":255}},"LM7-3-17":{"pid":"LM7-S","orb":5339.98,"per":88.99,"ang":166.23,"t":"ASTEROID","sp":"ASTEROID-5","s":18.27,"m":84.8,"gd":30.46,"wic":{},"woc":{},"wgc":{},"emm":[{"Type":"1","MainRange":52,"MainValue":0.11,"FarRange":156}],"sig":[{"t":"7-4","s":"","d":{"X":-0.55,"Y":-0.67}},{"t":"8-1","s":"","d":{"X":0.49,"Y":0.56}},{"t":"9-1","s":"","d":{"X":0.51,"Y":-0.32}},{"t":"X1","s":"","d":{"X":0.244,"Y":-0.622}}],"clr":{"R":192,"G":241,"B":242,"A":255}},"LM7-3-18":{"pid":"LM7-S","orb":5010.79,"per":83.51,"ang":217.72,"t":"ASTEROID","sp":"ASTEROID-3","s":33.96,"m":544.08,"gd":56.6,"wic":{},"woc":{},"wgc":{},"emm":[{"Type":"1","MainRange":76,"MainValue":0.27,"FarRange":127},{"Type":"24","MainRange":54,"MainValue":0.31,"FarRange":166},{"Type":"27","MainRange":61,"MainValue":0.29,"FarRange":101},{"Type":"14","MainRange":39,"MainValue":0.18,"FarRange":187},{"Type":"25","MainRange":64,"MainValue":0.19,"FarRange":136}],"sig":[{"t":"7-4","s":"","d":{"X":0.27,"Y":0.13}},{"t":"8-1","s":"","d":{"X":0.14,"Y":-0.4}},{"t":"9-1","s":"","d":{"X":-0.17,"Y":0.46}},{"t":"X1","s":"","d":{"X":0.371,"Y":0.538}},{"t":"X24","s":"","d":{"X":-0.148,"Y":-0.104}},{"t":"X27","s":"","d":{"X":-0.724,"Y":-0.558}},{"t":"X14","s":"","d":{"X":-0.393,"Y":0.836}},{"t":"X25","s":"","d":{"X":-0.552,"Y":-0.016}}],"clr":{"R":247,"G":205,"B":250,"A":255}},"LM7-3-19":{"pid":"LM7-S","orb":5231.3,"per":87.18,"ang":25.52,"t":"ASTEROID","sp":"ASTEROID-3","s":16.41,"m":61.41,"gd":27.35,"wic":{},"woc":{},"wgc":{},"emm":[{"Type":"1","MainRange":37,"MainValue":0.15,"FarRange":183}],"sig":[{"t":"7-4","s":"","d":{"X":-0.21,"Y":-0.28}},{"t":"8-1","s":"","d":{"X":-0.01,"Y":-0.2}},{"t":"9-1","s":"","d":{"X":0.07,"Y":-0.37}},{"t":"X1","s":"","d":{"X":0.093,"Y":0.512}}],"clr":{"R":230,"G":253,"B":212,"A":255}},"LM7-3-2":{"pid":"LM7-S","orb":6216.61,"per":103.61,"ang":353.42,"t":"ASTEROID","sp":"ASTEROID-2","s":24.18,"m":196.43,"gd":40.3,"wic":{},"woc":{},"wgc":{},"emm":[{"Type":"1","MainRange":52,"MainValue":0.21,"FarRange":171}],"sig":[{"t":"7-4","s":"","d":{"X":-0.94,"Y":-0.13}},{"t":"8-1","s":"","d":{"X":-0.95,"Y":-0.15}},{"t":"9-1","s":"","d":{"X":-0.63,"Y":0.36}},{"t":"X1","s":"","d":{"X":0.4,"Y":0.403}}],"clr":{"R":250,"G":249,"B":234,"A":255}},"LM7-3-20":{"pid":"LM7-S","orb":6648.2,"per":110.8,"ang":7.47,"t":"ASTEROID","sp":"ASTEROID-1","s":23.28,"m":175.25,"gd":38.8,"wic":{},"woc":{},"wgc":{},"emm":[{"Type":"1","MainRange":62,"MainValue":0.17,"FarRange":110}],"sig":[{"t":"7-4","s":"","d":{"X":-0.5,"Y":-0.79}},{"t":"8-1","s":"","d":{"X":0.45,"Y":0.85}},{"t":"9-1","s":"","d":{"X":0.42,"Y":0.44}},{"t":"X1","s":"","d":{"X":-0.162,"Y":0.512}}],"clr":{"R":220,"G":215,"B":254,"A":255}},"LM7-3-21":{"pid":"LM7-S","orb":5408.57,"per":90.14,"ang":243.55,"t":"ASTEROID","sp":"ASTEROID-5","s":21.21,"m":132.54,"gd":35.35,"wic":{},"woc":{},"wgc":{},"emm":[{"Type":"1","MainRange":57,"MainValue":0.1,"FarRange":157}],"sig":[{"t":"7-4","s":"","d":{"X":-0.25,"Y":-0.6}},{"t":"8-1","s":"","d":{"X":0.32,"Y":0.84}},{"t":"9-1","s":"","d":{"X":-0.03,"Y":-0.15}},{"t":"X1","s":"","d":{"X":0.058,"Y":0.335}}],"clr":{"R":179,"G":227,"B":235,"A":255}},"LM7-3-22":{"pid":"LM7-S","orb":5706.77,"per":95.11,"ang":88.52,"t":"ASTEROID","sp":"ASTEROID-5","s":22.11,"m":150.29,"gd":36.86,"wic":{},"woc":{},"wgc":{},"emm":[{"Type":"1","MainRange":42,"MainValue":0.21,"FarRange":186}],"sig":[{"t":"7-4","s":"","d":{"X":-0.66,"Y":0.69}},{"t":"8-1","s":"","d":{"X":-0.8,"Y":-0.21}},{"t":"9-1","s":"","d":{"X":-0.66,"Y":-0.31}},{"t":"X1","s":"","d":{"X":-0.637,"Y":0.705}}],"clr":{"R":223,"G":248,"B":227,"A":255}},"LM7-3-23":{"pid":"LM7-S","orb":4604.88,"per":76.74,"ang":306.02,"t":"ASTEROID","sp":"ASTEROID-3","s":16.59,"m":63.5,"gd":27.66,"wic":{},"woc":{},"wgc":{},"emm":[{"Type":"1","MainRange":78,"MainValue":0.23,"FarRange":177}],"sig":[{"t":"7-4","s":"","d":{"X":-0.86,"Y":0.27}},{"t":"8-1","s":"","d":{"X":-0.37,"Y":-0.75}},{"t":"9-1","s":"","d":{"X":-0.71,"Y":0.45}},{"t":"X1","s":"","d":{"X":0.775,"Y":-0.368}}],"clr":{"R":214,"G":248,"B":233,"A":255}},"LM7-3-24":{"pid":"LM7-S","orb":5095.51,"per":84.92,"ang":174.28,"t":"ASTEROID","sp":"ASTEROID-5","s":22.66,"m":161.74,"gd":37.77,"wic":{},"woc":{},"wgc":{},"emm":[{"Type":"1","MainRange":58,"MainValue":0.17,"FarRange":152}],"sig":[{"t":"7-4","s":"","d":{"X":-0.23,"Y":0.85}},{"t":"8-1","s":"","d":{"X":-0.53,"Y":-0.25}},{"t":"9-1","s":"","d":{"X":-0.45,"Y":0.15}},{"t":"X1","s":"","d":{"X":0.389,"Y":-0.087}}],"clr":{"R":252,"G":161,"B":176,"A":255}},"LM7-3-25":{"pid":"LM7-S","orb":5362.5,"per":89.37,"ang":131.86,"t":"ASTEROID","sp":"ASTEROID-2","s":15.39,"m":50.7,"gd":25.66,"wic":{},"woc":{},"wgc":{},"emm":[{"Type":"1","MainRange":72,"MainValue":0.15,"FarRange":129}],"sig":[{"t":"7-4","s":"","d":{"X":-0.66,"Y":0.33}},{"t":"8-1","s":"","d":{"X":0.1,"Y":-0.42}},{"t":"9-1","s":"","d":{"X":-0.28,"Y":0.56}},{"t":"X1","s":"","d":{"X":0.224,"Y":-0.585}}],"clr":{"R":254,"G":249,"B":254,"A":255}},"LM7-3-26":{"pid":"LM7-S","orb":6287.15,"per":104.78,"ang":347.7,"t":"ASTEROID","sp":"ASTEROID-4","s":26.81,"m":267.79,"gd":44.69,"wic":{},"woc":{},"wgc":{},"emm":[{"Type":"1","MainRange":44,"MainValue":0.16,"FarRange":113}],"sig":[{"t":"7-4","s":"","d":{"X":0.4,"Y":-0.9}},{"t":"8-1","s":"","d":{"X":0.32,"Y":0.15}},{"t":"9-1","s":"","d":{"X":0.57,"Y":-0.08}},{"t":"X1","s":"","d":{"X":0.391,"Y":0.358}}],"clr":{"R":173,"G":215,"B":244,"A":255}},"LM7-3-27":{"pid":"LM7-S","orb":4842.37,"per":80.7,"ang":339.81,"t":"ASTEROID","sp":"ASTEROID-4","s":23.51,"m":180.55,"gd":39.18,"wic":{},"woc":{},"wgc":{},"emm":[{"Type":"1","MainRange":40,"MainValue":0.32,"FarRange":147}],"sig":[{"t":"7-4","s":"","d":{"X":-0.66,"Y":0.72}},{"t":"8-1","s":"","d":{"X":0.87,"Y":-0.44}},{"t":"9-1","s":"","d":{"X":0.35,"Y":-0.32}},{"t":"X1","s":"","d":{"X":0.269,"Y":0.571}}],"clr":{"R":215,"G":221,"B":254,"A":255}},"LM7-3-28":{"pid":"LM7-S","orb":6209.81,"per":103.49,"ang":270.83,"t":"ASTEROID","sp":"ASTEROID-3","s":19.35,"m":100.76,"gd":32.26,"wic":{},"woc":{},"wgc":{},"emm":[{"Type":"1","MainRange":56,"MainValue":0.15,"FarRange":198}],"sig":[{"t":"7-4","s":"","d":{"X":-0.38,"Y":-0.01}},{"t":"8-1","s":"","d":{"X":0.23,"Y":0.35}},{"t":"9-1","s":"","d":{"X":-0.66,"Y":0.19}},{"t":"X1","s":"","d":{"X":-0.552,"Y":0.786}}],"clr":{"R":254,"G":248,"B":254,"A":255}},"LM7-3-29":{"pid":"LM7-S","orb":4969.53,"per":82.82,"ang":342.61,"t":"ASTEROID","sp":"ASTEROID-2","s":18.8,"m":92.33,"gd":31.33,"wic":{},"woc":{},"wgc":{},"emm":[{"Type":"1","MainRange":59,"MainValue":0.23,"FarRange":79}],"sig":[{"t":"7-4","s":"","d":{"X":0.19,"Y":-0.33}},{"t":"8-1","s":"","d":{"X":0.39,"Y":0.13}},{"t":"9-1","s":"","d":{"X":0.06,"Y":-0.54}},{"t":"X1","s":"","d":{"X":-0.509,"Y":0.058}}],"clr":{"R":230,"G":254,"B":248,"A":255}},"LM7-3-3":{"pid":"LM7-S","orb":5279.81,"per":87.99,"ang":262.7,"t":"ASTEROID","sp":"ASTEROID-5","s":28.35,"m":316.56,"gd":47.25,"wic":{},"woc":{},"wgc":{},"emm":[{"Type":"1","MainRange":66,"MainValue":0.17,"FarRange":139},{"Type":"14","MainRange":71,"MainValue":0.24,"FarRange":144}],"sig":[{"t":"7-4","s":"","d":{"X":-0.9,"Y":-0.1}},{"t":"8-1","s":"","d":{"X":-0.07,"Y":-0.39}},{"t":"9-1","s":"","d":{"X":-0.02,"Y":-0.29}},{"t":"X1","s":"","d":{"X":-0.359,"Y":0.555}},{"t":"X14","s":"","d":{"X":-0.571,"Y":0.107}}],"clr":{"R":232,"G":248,"B":224,"A":255}},"LM7-3-30":{"pid":"LM7-S","orb":5818.23,"per":96.97,"ang":299.08,"t":"ASTEROID","sp":"ASTEROID-3","s":24.35,"m":200.68,"gd":40.59,"wic":{},"woc":{},"wgc":{},"emm":[{"Type":"1","MainRange":51,"MainValue":0.23,"FarRange":89}],"sig":[{"t":"7-4","s":"","d":{"X":0.46,"Y":-0.64}},{"t":"8-1","s":"","d":{"X":0.32,"Y":-0.93}},{"t":"9-1","s":"","d":{"X":-0.03,"Y":-0.88}},{"t":"X1","s":"","d":{"X":-0.718,"Y":0.287}}],"clr":{"R":211,"G":232,"B":184,"A":255}},"LM7-3-31":{"pid":"LM7-S","orb":5277.53,"per":87.95,"ang":74.31,"t":"ASTEROID","sp":"ASTEROID-4","s":11.64,"m":21.91,"gd":19.4,"wic":{},"woc":{},"wgc":{},"emm":[{"Type":"1","MainRange":56,"MainValue":0.26,"FarRange":236}],"sig":[{"t":"7-4","s":"","d":{"X":0.55,"Y":0.44}},{"t":"8-1","s":"","d":{"X":0.05,"Y":0.5}},{"t":"9-1","s":"","d":{"X":-0.27,"Y":-0.89}},{"t":"X1","s":"","d":{"X":0.773,"Y":0.069}}],"clr":{"R":215,"G":251,"B":223,"A":255}},"LM7-3-32":{"pid":"LM7-S","orb":6655.24,"per":110.92,"ang":195.94,"t":"ASTEROID","sp":"ASTEROID-1","s":7.29,"m":5.39,"gd":12.15,"wic":{},"woc":{},"wgc":{},"emm":[{"Type":"1","MainRange":34,"MainValue":0.26,"FarRange":128}],"sig":[{"t":"7-4","s":"","d":{"X":0.17,"Y":-0.19}},{"t":"8-1","s":"","d":{"X":-0.37,"Y":-0.01}},{"t":"9-1","s":"","d":{"X":-0.43,"Y":0.15}},{"t":"X1","s":"","d":{"X":-0.012,"Y":0.998}}],"clr":{"R":243,"G":180,"B":235,"A":255}},"LM7-3-33":{"pid":"LM7-S","orb":4927.12,"per":82.11,"ang":13.06,"t":"ASTEROID","sp":"ASTEROID-5","s":23.06,"m":170.51,"gd":38.44,"wic":{},"woc":{},"wgc":{},"emm":[{"Type":"1","MainRange":49,"MainValue":0.18,"FarRange":171}],"sig":[{"t":"7-4","s":"","d":{"X":0.63,"Y":0.47}},{"t":"8-1","s":"","d":{"X":0.66,"Y":0.18}},{"t":"9-1","s":"","d":{"X":-0.3,"Y":0.92}},{"t":"X1","s":"","d":{"X":-0.112,"Y":-0.72}}],"clr":{"R":254,"G":253,"B":254,"A":255}},"LM7-3-34":{"pid":"LM7-S","orb":6341.47,"per":105.69,"ang":177.03,"t":"ASTEROID","sp":"ASTEROID-4","s":21.64,"m":140.93,"gd":36.08,"wic":{},"woc":{},"wgc":{},"emm":[{"Type":"1","MainRange":38,"MainValue":0.2,"FarRange":197}],"sig":[{"t":"7-4","s":"","d":{"X":0.65,"Y":0.35}},{"t":"8-1","s":"","d":{"X":-0.09,"Y":-0.9}},{"t":"9-1","s":"","d":{"X":0.78,"Y":-0.06}},{"t":"X1","s":"","d":{"X":0.737,"Y":0.35}}],"clr":{"R":205,"G":205,"B":251,"A":255}},"LM7-3-35":{"pid":"LM7-S","orb":5674.52,"per":94.57,"ang":319.39,"t":"ASTEROID","sp":"ASTEROID-4","s":25.29,"m":224.9,"gd":42.16,"wic":{},"woc":{},"wgc":{},"emm":[{"Type":"1","MainRange":44,"MainValue":0.17,"FarRange":172}],"sig":[{"t":"7-4","s":"","d":{"X":-0.59,"Y":-0.33}},{"t":"8-1","s":"","d":{"X":-0.3,"Y":-0.18}},{"t":"9-1","s":"","d":{"X":-0.46,"Y":0.46}},{"t":"X1","s":"","d":{"X":-0.319,"Y":-0.712}}],"clr":{"R":233,"G":182,"B":202,"A":255}},"LM7-3-36":{"pid":"LM7-S","orb":4720.01,"per":78.66,"ang":234.83,"t":"ASTEROID","sp":"ASTEROID-4","s":12.44,"m":26.79,"gd":20.74,"wic":{},"woc":{},"wgc":{},"emm":[{"Type":"1","MainRange":49,"MainValue":0.16,"FarRange":88}],"sig":[{"t":"7-4","s":"","d":{"X":0.04,"Y":0.22}},{"t":"8-1","s":"","d":{"X":-0.41,"Y":0.57}},{"t":"9-1","s":"","d":{"X":-0.84,"Y":0.08}},{"t":"X1","s":"","d":{"X":-0.623,"Y":-0.568}}],"clr":{"R":254,"G":254,"B":254,"A":255}},"LM7-3-37":{"pid":"LM7-S","orb":5332.46,"per":88.87,"ang":172.51,"t":"ASTEROID","sp":"ASTEROID-5","s":19.07,"m":96.34,"gd":31.78,"wic":{},"woc":{},"wgc":{},"emm":[{"Type":"1","MainRange":32,"MainValue":0.27,"FarRange":187}],"sig":[{"t":"7-4","s":"","d":{"X":0.15,"Y":0.66}},{"t":"8-1","s":"","d":{"X":-0.39,"Y":-0.51}},{"t":"9-1","s":"","d":{"X":0.91,"Y":0.02}},{"t":"X1","s":"","d":{"X":0.762,"Y":-0.218}}],"clr":{"R":195,"G":249,"B":182,"A":255}},"LM7-3-38":{"pid":"LM7-S","orb":5643.17,"per":94.05,"ang":27.29,"t":"ASTEROID","sp":"ASTEROID-3","s":29.5,"m":356.57,"gd":49.16,"wic":{},"woc":{},"wgc":{},"emm":[{"Type":"1","MainRange":53,"MainValue":0.15,"FarRange":156}],"sig":[{"t":"7-4","s":"","d":{"X":-0.59,"Y":0.07}},{"t":"8-1","s":"","d":{"X":-0.07,"Y":0.32}},{"t":"9-1","s":"","d":{"X":-0.06,"Y":0.99}},{"t":"X1","s":"","d":{"X":-0.779,"Y":0.257}}],"clr":{"R":181,"G":182,"B":237,"A":255}},"LM7-3-39":{"pid":"LM7-S","orb":6345.57,"per":105.75,"ang":122.71,"t":"ASTEROID","sp":"ASTEROID-2","s":18.65,"m":90.1,"gd":31.08,"wic":{},"woc":{},"wgc":{},"emm":[{"Type":"1","MainRange":41,"MainValue":0.14,"FarRange":169},{"Type":"3","MainRange":60,"MainValue":0.14,"FarRange":156},{"Type":"15","MainRange":42,"MainValue":0.24,"FarRange":102},{"Type":"11","MainRange":70,"MainValue":0.22,"FarRange":110},{"Type":"10","MainRange":43,"MainValue":0.2,"FarRange":109},{"Type":"26","MainRange":41,"MainValue":0.21,"FarRange":148}],"sig":[{"t":"7-4","s":"","d":{"X":-0.52,"Y":-0.59}},{"t":"8-1","s":"","d":{"X":0.3,"Y":0.28}},{"t":"9-1","s":"","d":{"X":-0.05,"Y":0.3}},{"t":"X1","s":"","d":{"X":-0.26,"Y":0.069}},{"t":"X3","s":"","d":{"X":0.322,"Y":-0.422}},{"t":"X15","s":"","d":{"X":0.048,"Y":-0.645}},{"t":"X11","s":"","d":{"X":-0.515,"Y":-0.842}},{"t":"X10","s":"","d":{"X":-0.017,"Y":0.543}},{"t":"X26","s":"","d":{"X":-0.755,"Y":-0.188}}],"clr":{"R":254,"G":253,"B":250,"A":255}},"LM7-3-4":{"pid":"LM7-S","orb":5598.74,"per":93.31,"ang":93.02,"t":"ASTEROID","sp":"ASTEROID-3","s":12.82,"m":29.29,"gd":21.37,"wic":{},"woc":{},"wgc":{},"emm":[{"Type":"1","MainRange":20,"MainValue":0.22,"FarRange":179}],"sig":[{"t":"7-4","s":"","d":{"X":0.76,"Y":0.02}},{"t":"8-1","s":"","d":{"X":0.33,"Y":0.84}},{"t":"9-1","s":"","d":{"X":-0.41,"Y":0.72}},{"t":"X1","s":"","d":{"X":-0.033,"Y":0.783}}],"clr":{"R":245,"G":217,"B":246,"A":255}},"LM7-3-40":{"pid":"LM7-S","orb":4324.48,"per":72.07,"ang":25.26,"t":"ASTEROID","sp":"ASTEROID-1","s":24.14,"m":195.49,"gd":40.24,"wic":{},"woc":{},"wgc":{},"emm":[{"Type":"1","MainRange":25,"MainValue":0.25,"FarRange":71}],"sig":[{"t":"7-4","s":"","d":{"X":0.31,"Y":-0.71}},{"t":"8-1","s":"","d":{"X":0.31,"Y":-0.45}},{"t":"9-1","s":"","d":{"X":-0.15,"Y":0.05}},{"t":"X1","s":"","d":{"X":0.405,"Y":0.254}}],"clr":{"R":217,"G":234,"B":253,"A":255}},"LM7-3-41":{"pid":"LM7-S","orb":5185.6,"per":86.42,"ang":259.42,"t":"ASTEROID","sp":"ASTEROID-2","s":11.36,"m":20.37,"gd":18.93,"wic":{},"woc":{},"wgc":{},"emm":[{"Type":"1","MainRange":55,"MainValue":0.13,"FarRange":224}],"sig":[{"t":"7-4","s":"","d":{"X":0.28,"Y":0.94}},{"t":"8-1","s":"","d":{"X":0.43,"Y":-0.13}},{"t":"9-1","s":"","d":{"X":0.21,"Y":-0.61}},{"t":"X1","s":"","d":{"X":0.648,"Y":0.55}}],"clr":{"R":253,"G":233,"B":242,"A":255}},"LM7-3-42":{"pid":"LM7-S","orb":5981.86,"per":99.69,"ang":145.28,"t":"ASTEROID","sp":"ASTEROID-3","s":15.97,"m":56.6,"gd":26.62,"wic":{},"woc":{},"wgc":{},"emm":[{"Type":"1","MainRange":36,"MainValue":0.17,"FarRange":131}],"sig":[{"t":"7-4","s":"","d":{"X":-0.12,"Y":0.77}},{"t":"8-1","s":"","d":{"X":0.74,"Y":0.02}},{"t":"9-1","s":"","d":{"X":0.09,"Y":-0.57}},{"t":"X1","s":"","d":{"X":0.15,"Y":-0.567}}],"clr":{"R":247,"G":222,"B":251,"A":255}},"LM7-3-43":{"pid":"LM7-S","orb":4865.12,"per":81.08,"ang":232.29,"t":"ASTEROID","sp":"ASTEROID-2","s":12.73,"m":28.66,"gd":21.22,"wic":{},"woc":{},"wgc":{},"emm":[{"Type":"1","MainRange":48,"MainValue":0.23,"FarRange":148}],"sig":[{"t":"7-4","s":"","d":{"X":0.47,"Y":-0.66}},{"t":"8-1","s":"","d":{"X":0.09,"Y":-0.45}},{"t":"9-1","s":"","d":{"X":0.08,"Y":0.93}},{"t":"X1","s":"","d":{"X":-0.708,"Y":0.226}}],"clr":{"R":242,"G":232,"B":251,"A":255}},"LM7-3-44":{"pid":"LM7-S","orb":5099,"per":84.98,"ang":358.46,"t":"ASTEROID","sp":"ASTEROID-1","s":11.74,"m":22.49,"gd":19.57,"wic":{},"woc":{},"wgc":{},"emm":[{"Type":"1","MainRange":59,"MainValue":0.17,"FarRange":147}],"sig":[{"t":"7-4","s":"","d":{"X":-0.42,"Y":0.07}},{"t":"8-1","s":"","d":{"X":0.14,"Y":0.85}},{"t":"9-1","s":"","d":{"X":-0.35,"Y":-0.73}},{"t":"X1","s":"","d":{"X":0.321,"Y":-0.706}}],"clr":{"R":178,"G":252,"B":178,"A":255}},"LM7-3-45":{"pid":"LM7-S","orb":6092.54,"per":101.54,"ang":17.46,"t":"ASTEROID","sp":"ASTEROID-3","s":26.34,"m":253.85,"gd":43.9,"wic":{},"woc":{},"wgc":{},"emm":[{"Type":"1","MainRange":64,"MainValue":0.27,"FarRange":126}],"sig":[{"t":"7-4","s":"","d":{"X":-0.79,"Y":-0.28}},{"t":"8-1","s":"","d":{"X":-0.37,"Y":0.16}},{"t":"9-1","s":"","d":{"X":-0.08,"Y":0.07}},{"t":"X1","s":"","d":{"X":-0.042,"Y":0.479}}],"clr":{"R":226,"G":246,"B":245,"A":255}},"LM7-3-46":{"pid":"LM7-S","orb":5094.52,"per":84.9,"ang":320.23,"t":"ASTEROID","sp":"ASTEROID-3","s":22.26,"m":153.39,"gd":37.11,"wic":{},"woc":{},"wgc":{},"emm":[{"Type":"1","MainRange":60,"MainValue":0.1,"FarRange":161}],"sig":[{"t":"7-4","s":"","d":{"X":0.15,"Y":0.8}},{"t":"8-1","s":"","d":{"X":-0.2,"Y":0.61}},{"t":"9-1","s":"","d":{"X":0.57,"Y":0.7}},{"t":"X1","s":"","d":{"X":0.058,"Y":0.631}}],"clr":{"R":211,"G":247,"B":217,"A":255}},"LM7-3-47":{"pid":"LM7-S","orb":6253.3,"per":104.22,"ang":61.05,"t":"ASTEROID","sp":"ASTEROID-2","s":11.19,"m":19.49,"gd":18.66,"wic":{},"woc":{},"wgc":{},"emm":[{"Type":"1","MainRange":46,"MainValue":0.16,"FarRange":145}],"sig":[{"t":"7-4","s":"","d":{"X":0.02,"Y":0.99}},{"t":"8-1","s":"","d":{"X":-0.9,"Y":0.06}},{"t":"9-1","s":"","d":{"X":-0.02,"Y":0.1}},{"t":"X1","s":"","d":{"X":0.264,"Y":0.604}}],"clr":{"R":243,"G":253,"B":225,"A":255}},"LM7-3-48":{"pid":"LM7-S","orb":4795.92,"per":79.93,"ang":169.32,"t":"ASTEROID","sp":"ASTEROID-2","s":16.61,"m":63.64,"gd":27.68,"wic":{},"woc":{},"wgc":{},"emm":[{"Type":"1","MainRange":55,"MainValue":0.2,"FarRange":268}],"sig":[{"t":"7-4","s":"","d":{"X":-0.66,"Y":0.22}},{"t":"8-1","s":"","d":{"X":0.09,"Y":-0.02}},{"t":"9-1","s":"","d":{"X":-0.48,"Y":0.06}},{"t":"X1","s":"","d":{"X":-0.421,"Y":-0.37}}],"clr":{"R":242,"G":254,"B":239,"A":255}},"LM7-3-49":{"pid":"LM7-S","orb":5792.4,"per":96.54,"ang":312.17,"t":"ASTEROID","sp":"ASTEROID-4","s":26.37,"m":254.77,"gd":43.95,"wic":{},"woc":{},"wgc":{},"emm":[{"Type":"1","MainRange":69,"MainValue":0.26,"FarRange":158}],"sig":[{"t":"7-4","s":"","d":{"X":0.87,"Y":0.29}},{"t":"8-1","s":"","d":{"X":-0.14,"Y":-0.7}},{"t":"9-1","s":"","d":{"X":0.61,"Y":0.48}},{"t":"X1","s":"","d":{"X":-0.54,"Y":-0.212}}],"clr":{"R":177,"G":235,"B":177,"A":255}},"LM7-3-5":{"pid":"LM7-S","orb":6095.55,"per":101.59,"ang":329.95,"t":"ASTEROID","sp":"ASTEROID-5","s":13.32,"m":32.85,"gd":22.2,"wic":{},"woc":{},"wgc":{},"emm":[{"Type":"1","MainRange":57,"MainValue":0.21,"FarRange":199}],"sig":[{"t":"7-4","s":"","d":{"X":-0.11,"Y":-0.67}},{"t":"8-1","s":"","d":{"X":-0.46,"Y":-0.65}},{"t":"9-1","s":"","d":{"X":0.16,"Y":0.84}},{"t":"X1","s":"","d":{"X":-0.602,"Y":0.229}}],"clr":{"R":189,"G":246,"B":209,"A":255}},"LM7-3-50":{"pid":"LM7-S","orb":6086.67,"per":101.44,"ang":69.27,"t":"ASTEROID","sp":"ASTEROID-1","s":26,"m":244.24,"gd":43.34,"wic":{},"woc":{},"wgc":{},"emm":[{"Type":"1","MainRange":40,"MainValue":0.26,"FarRange":90}],"sig":[{"t":"7-4","s":"","d":{"X":-0.71,"Y":0.39}},{"t":"8-1","s":"","d":{"X":0.74,"Y":-0.49}},{"t":"9-1","s":"","d":{"X":-0.33,"Y":0.74}},{"t":"X1","s":"","d":{"X":0.611,"Y":0.312}}],"clr":{"R":204,"G":196,"B":243,"A":255}},"LM7-3-51":{"pid":"LM7-S","orb":6465.09,"per":107.75,"ang":197.12,"t":"ASTEROID","sp":"ASTEROID-2","s":23.15,"m":172.43,"gd":38.59,"wic":{},"woc":{},"wgc":{},"emm":[{"Type":"1","MainRange":49,"MainValue":0.14,"FarRange":188}],"sig":[{"t":"7-4","s":"","d":{"X":-0.79,"Y":0.35}},{"t":"8-1","s":"","d":{"X":0.56,"Y":-0.65}},{"t":"9-1","s":"","d":{"X":-0.47,"Y":-0.83}},{"t":"X1","s":"","d":{"X":0.077,"Y":0.882}}],"clr":{"R":253,"G":226,"B":206,"A":255}},"LM7-3-52":{"pid":"LM7-S","orb":6190.19,"per":103.16,"ang":110.34,"t":"ASTEROID","sp":"ASTEROID-2","s":21.75,"m":142.93,"gd":36.25,"wic":{},"woc":{},"wgc":{},"emm":[{"Type":"1","MainRange":44,"MainValue":0.21,"FarRange":88},{"Type":"10","MainRange":51,"MainValue":0.16,"FarRange":121}],"sig":[{"t":"7-4","s":"","d":{"X":0.41,"Y":-0.84}},{"t":"8-1","s":"","d":{"X":-0.53,"Y":-0.59}},{"t":"9-1","s":"","d":{"X":0.03,"Y":-0.2}},{"t":"X1","s":"","d":{"X":-0.595,"Y":0.028}},{"t":"X10","s":"","d":{"X":-0.855,"Y":0.321}}],"clr":{"R":248,"G":218,"B":221,"A":255}},"LM7-3-53":{"pid":"LM7-S","orb":5473.89,"per":91.23,"ang":20.53,"t":"ASTEROID","sp":"ASTEROID-2","s":24.04,"m":193.1,"gd":40.07,"wic":{},"woc":{},"wgc":{},"emm":[{"Type":"1","MainRange":41,"MainValue":0.05,"FarRange":252}],"sig":[{"t":"7-4","s":"","d":{"X":-0.38,"Y":0.43}},{"t":"8-1","s":"","d":{"X":0.61,"Y":-0.7}},{"t":"9-1","s":"","d":{"X":0.03,"Y":-0.14}},{"t":"X1","s":"","d":{"X":-0.936,"Y":0.048}}],"clr":{"R":246,"G":218,"B":200,"A":255}},"LM7-3-54":{"pid":"LM7-S","orb":5321.44,"per":88.69,"ang":10.92,"t":"ASTEROID","sp":"ASTEROID-2","s":17.49,"m":74.34,"gd":29.15,"wic":{},"woc":{},"wgc":{},"emm":[{"Type":"1","MainRange":31,"MainValue":0.15,"FarRange":142}],"sig":[{"t":"7-4","s":"","d":{"X":-0.15,"Y":-0.91}},{"t":"8-1","s":"","d":{"X":-0.26,"Y":-0.78}},{"t":"9-1","s":"","d":{"X":-0.94,"Y":0.27}},{"t":"X1","s":"","d":{"X":0.017,"Y":0.818}}],"clr":{"R":231,"G":200,"B":253,"A":255}},"LM7-3-55":{"pid":"LM7-S","orb":5722.97,"per":95.38,"ang":92.08,"t":"ASTEROID","sp":"ASTEROID-1","s":28.31,"m":315.12,"gd":47.18,"wic":{},"woc":{},"wgc":{},"emm":[{"Type":"1","MainRange":47,"MainValue":0.19,"FarRange":139}],"sig":[{"t":"7-4","s":"","d":{"X":-0.28,"Y":0.48}},{"t":"8-1","s":"","d":{"X":-0.67,"Y":0.13}},{"t":"9-1","s":"","d":{"X":-0.31,"Y":0.03}},{"t":"X1","s":"","d":{"X":-0.435,"Y":-0.029}}],"clr":{"R":250,"G":253,"B":247,"A":255}},"LM7-3-56":{"pid":"LM7-S","orb":5401.01,"per":90.01,"ang":252.35,"t":"ASTEROID","sp":"ASTEROID-3","s":13.53,"m":34.42,"gd":22.55,"wic":{},"woc":{},"wgc":{},"emm":[{"Type":"1","MainRange":31,"MainValue":0.13,"FarRange":174}],"sig":[{"t":"7-4","s":"","d":{"X":-0.34,"Y":0.91}},{"t":"8-1","s":"","d":{"X":-0.1,"Y":0.07}},{"t":"9-1","s":"","d":{"X":-0.66,"Y":-0.51}},{"t":"X1","s":"","d":{"X":0.156,"Y":0.726}}],"clr":{"R":254,"G":175,"B":231,"A":255}},"LM7-3-57":{"pid":"LM7-S","orb":5629.92,"per":93.83,"ang":38.12,"t":"ASTEROID","sp":"ASTEROID-1","s":21.92,"m":146.45,"gd":36.54,"wic":{},"woc":{},"wgc":{},"emm":[{"Type":"1","MainRange":41,"MainValue":0.19,"FarRange":165}],"sig":[{"t":"7-4","s":"","d":{"X":-0.14,"Y":-0.35}},{"t":"8-1","s":"","d":{"X":-0.16,"Y":0.3}},{"t":"9-1","s":"","d":{"X":0.55,"Y":-0.09}},{"t":"X1","s":"","d":{"X":-0.898,"Y":0.065}}],"clr":{"R":239,"G":252,"B":179,"A":255}},"LM7-3-58":{"pid":"LM7-S","orb":5948.48,"per":99.14,"ang":203.61,"t":"ASTEROID","sp":"ASTEROID-4","s":13.05,"m":30.87,"gd":21.75,"wic":{},"woc":{},"wgc":{},"emm":[{"Type":"1","MainRange":55,"MainValue":0.16,"FarRange":182}],"sig":[{"t":"7-4","s":"","d":{"X":-0.25,"Y":-0.49}},{"t":"8-1","s":"","d":{"X":-0.65,"Y":0.08}},{"t":"9-1","s":"","d":{"X":-0.72,"Y":0.56}},{"t":"X1","s":"","d":{"X":-0.928,"Y":-0.14}}],"clr":{"R":178,"G":229,"B":186,"A":255}},"LM7-3-59":{"pid":"LM7-S","orb":5119.28,"per":85.32,"ang":308.37,"t":"ASTEROID","sp":"ASTEROID-2","s":20.24,"m":115.32,"gd":33.74,"wic":{},"woc":{},"wgc":{},"emm":[{"Type":"1","MainRange":36,"MainValue":0.21,"FarRange":125}],"sig":[{"t":"7-4","s":"","d":{"X":0.67,"Y":0.48}},{"t":"8-1","s":"","d":{"X":-0.75,"Y":0.42}},{"t":"9-1","s":"","d":{"X":0.09,"Y":0.44}},{"t":"X1","s":"","d":{"X":-0.577,"Y":0.109}}],"clr":{"R":236,"G":228,"B":248,"A":255}},"LM7-3-6":{"pid":"LM7-S","orb":4850.64,"per":80.84,"ang":327.15,"t":"ASTEROID","sp":"ASTEROID-1","s":26.2,"m":249.79,"gd":43.66,"wic":{},"woc":{},"wgc":{},"emm":[{"Type":"1","MainRange":35,"MainValue":0.21,"FarRange":103},{"Type":"27","MainRange":53,"MainValue":0.14,"FarRange":159}],"sig":[{"t":"7-4","s":"","d":{"X":0.1,"Y":0.61}},{"t":"8-1","s":"","d":{"X":0.45,"Y":0.56}},{"t":"9-1","s":"","d":{"X":0.78,"Y":0.43}},{"t":"X1","s":"","d":{"X":0.463,"Y":0.539}},{"t":"X27","s":"","d":{"X":-0.158,"Y":0.336}}],"clr":{"R":198,"G":242,"B":214,"A":255}},"LM7-3-60":{"pid":"LM7-S","orb":5950.52,"per":99.17,"ang":207.9,"t":"ASTEROID","sp":"ASTEROID-4","s":16.1,"m":58.01,"gd":26.84,"wic":{},"woc":{},"wgc":{},"emm":[{"Type":"1","MainRange":53,"MainValue":0.21,"FarRange":125}],"sig":[{"t":"7-4","s":"","d":{"X":0.15,"Y":-0.1}},{"t":"8-1","s":"","d":{"X":0.09,"Y":-0.23}},{"t":"9-1","s":"","d":{"X":-0.66,"Y":0.69}},{"t":"X1","s":"","d":{"X":-0.297,"Y":-0.214}}],"clr":{"R":239,"G":251,"B":228,"A":255}},"LM7-3-61":{"pid":"LM7-S","orb":5248.9,"per":87.48,"ang":339.2,"t":"ASTEROID","sp":"ASTEROID-4","s":19.49,"m":102.95,"gd":32.49,"wic":{},"woc":{},"wgc":{},"emm":[{"Type":"1","MainRange":33,"MainValue":0.23,"FarRange":157}],"sig":[{"t":"7-4","s":"","d":{"X":0.08,"Y":0.95}},{"t":"8-1","s":"","d":{"X":0.35,"Y":-0.48}},{"t":"9-1","s":"","d":{"X":-0.57,"Y":0.8}},{"t":"X1","s":"","d":{"X":0.542,"Y":0.294}}],"clr":{"R":208,"G":250,"B":196,"A":255}},"LM7-3-62":{"pid":"LM7-S","orb":5749.02,"per":95.81,"ang":158.47,"t":"ASTEROID","sp":"ASTEROID-3","s":25.58,"m":232.51,"gd":42.63,"wic":{},"woc":{},"wgc":{},"emm":[{"Type":"1","MainRange":83,"MainValue":0.23,"FarRange":176}],"sig":[{"t":"7-4","s":"","d":{"X":-0.13,"Y":0.29}},{"t":"8-1","s":"","d":{"X":0.3,"Y":0.15}},{"t":"9-1","s":"","d":{"X":-0.49,"Y":-0.08}},{"t":"X1","s":"","d":{"X":0.11,"Y":0.642}}],"clr":{"R":213,"G":241,"B":222,"A":255}},"LM7-3-63":{"pid":"LM7-S","orb":5558.17,"per":92.63,"ang":113.7,"t":"ASTEROID","sp":"ASTEROID-1","s":29.26,"m":348.26,"gd":48.78,"wic":{},"woc":{},"wgc":{},"emm":[{"Type":"1","MainRange":58.5,"MainValue":0.17,"FarRange":65}],"sig":[{"t":"7-4","s":"","d":{"X":-0.51,"Y":-0.62}},{"t":"8-1","s":"","d":{"X":0.09,"Y":-0.33}},{"t":"9-1","s":"","d":{"X":-0.7,"Y":-0.66}},{"t":"X1","s":"","d":{"X":0.196,"Y":-0.749}}],"clr":{"R":202,"G":245,"B":249,"A":255}},"LM7-3-64":{"pid":"LM7-S","orb":5495.04,"per":91.58,"ang":240.88,"t":"ASTEROID","sp":"ASTEROID-5","s":19.47,"m":102.6,"gd":32.45,"wic":{},"woc":{},"wgc":{},"emm":[{"Type":"1","MainRange":45,"MainValue":0.37,"FarRange":214}],"sig":[{"t":"7-4","s":"","d":{"X":-0.46,"Y":-0.01}},{"t":"8-1","s":"","d":{"X":0.66,"Y":0.36}},{"t":"9-1","s":"","d":{"X":0.72,"Y":-0.39}},{"t":"X1","s":"","d":{"X":0.157,"Y":-0.274}}],"clr":{"R":254,"G":238,"B":223,"A":255}},"LM7-3-65":{"pid":"LM7-S","orb":5314.73,"per":88.57,"ang":145.53,"t":"ASTEROID","sp":"ASTEROID-4","s":11.23,"m":19.7,"gd":18.72,"wic":{},"woc":{},"wgc":{},"emm":[{"Type":"1","MainRange":69,"MainValue":0.25,"FarRange":168}],"sig":[{"t":"7-4","s":"","d":{"X":0.36,"Y":-0.53}},{"t":"8-1","s":"","d":{"X":-0.7,"Y":-0.31}},{"t":"9-1","s":"","d":{"X":-0.65,"Y":0.18}},{"t":"X1","s":"","d":{"X":-0.649,"Y":0.47}}],"clr":{"R":246,"G":234,"B":252,"A":255}},"LM7-3-66":{"pid":"LM7-S","orb":5184.26,"per":86.4,"ang":108.13,"t":"ASTEROID","sp":"ASTEROID-3","s":22.75,"m":163.66,"gd":37.92,"wic":{},"woc":{},"wgc":{},"emm":[{"Type":"1","MainRange":32,"MainValue":0.28,"FarRange":197}],"sig":[{"t":"7-4","s":"","d":{"X":-0.49,"Y":0.33}},{"t":"8-1","s":"","d":{"X":0.03,"Y":0.54}},{"t":"9-1","s":"","d":{"X":-0.66,"Y":0.02}},{"t":"X1","s":"","d":{"X":0.481,"Y":0.703}}],"clr":{"R":240,"G":234,"B":250,"A":255}},"LM7-3-67":{"pid":"LM7-S","orb":6377.63,"per":106.29,"ang":235.19,"t":"ASTEROID","sp":"ASTEROID-5","s":22.85,"m":165.71,"gd":38.08,"wic":{},"woc":{},"wgc":{},"emm":[{"Type":"1","MainRange":64,"MainValue":0.17,"FarRange":194}],"sig":[{"t":"7-4","s":"","d":{"X":0.6,"Y":-0.5}},{"t":"8-1","s":"","d":{"X":0.93,"Y":-0.14}},{"t":"9-1","s":"","d":{"X":-0.56,"Y":-0.27}},{"t":"X1","s":"","d":{"X":0.812,"Y":0.326}}],"clr":{"R":254,"G":229,"B":208,"A":255}},"LM7-3-68":{"pid":"LM7-S","orb":6155.68,"per":102.59,"ang":240.11,"t":"ASTEROID","sp":"ASTEROID-3","s":15.41,"m":50.83,"gd":25.68,"wic":{},"woc":{},"wgc":{},"emm":[{"Type":"1","MainRange":32,"MainValue":0.14,"FarRange":70}],"sig":[{"t":"7-4","s":"","d":{"X":-0.64,"Y":0.25}},{"t":"8-1","s":"","d":{"X":-0.71,"Y":0.2}},{"t":"9-1","s":"","d":{"X":0.5,"Y":-0.69}},{"t":"X1","s":"","d":{"X":-0.434,"Y":-0.871}}],"clr":{"R":246,"G":231,"B":209,"A":255}},"LM7-3-7":{"pid":"LM7-S","orb":5469,"per":91.15,"ang":153.04,"t":"ASTEROID","sp":"ASTEROID-4","s":20.95,"m":127.71,"gd":34.91,"wic":{},"woc":{},"wgc":{},"emm":[{"Type":"1","MainRange":50,"MainValue":0.12,"FarRange":220}],"sig":[{"t":"7-4","s":"","d":{"X":0.24,"Y":-0.81}},{"t":"8-1","s":"","d":{"X":-0.55,"Y":-0.38}},{"t":"9-1","s":"","d":{"X":-0.75,"Y":-0.64}},{"t":"X1","s":"","d":{"X":-0.755,"Y":0.225}}],"clr":{"R":238,"G":232,"B":251,"A":255}},"LM7-3-8":{"pid":"LM7-S","orb":5707.5,"per":95.12,"ang":348.45,"t":"ASTEROID","sp":"ASTEROID-3","s":32.59,"m":480.81,"gd":54.31,"wic":{},"woc":{},"wgc":{},"emm":[{"Type":"1","MainRange":47,"MainValue":0.22,"FarRange":96}],"sig":[{"t":"7-4","s":"","d":{"X":0.77,"Y":0.49}},{"t":"8-1","s":"","d":{"X":0.27,"Y":0.35}},{"t":"9-1","s":"","d":{"X":-0.36,"Y":0.22}},{"t":"X1","s":"","d":{"X":0.523,"Y":-0.38}}],"clr":{"R":254,"G":242,"B":251,"A":255}},"LM7-3-9":{"pid":"LM7-S","orb":4909.6,"per":81.82,"ang":116.37,"t":"ASTEROID","sp":"ASTEROID-3","s":16.15,"m":58.52,"gd":26.91,"wic":{},"woc":{},"wgc":{},"emm":[{"Type":"1","MainRange":62,"MainValue":0.21,"FarRange":139}],"sig":[{"t":"7-4","s":"","d":{"X":0.5,"Y":0.57}},{"t":"8-1","s":"","d":{"X":0.46,"Y":-0.33}},{"t":"9-1","s":"","d":{"X":0.48,"Y":-0.84}},{"t":"X1","s":"","d":{"X":-0.306,"Y":-0.166}}],"clr":{"R":245,"G":232,"B":166,"A":255}},"LM7-411":{"pid":"LM7-S","orb":9127.07,"per":152.11,"t":"GASPLANET","sp":"GASPLANET-4","s":174.8,"m":51932.38,"gd":291.34,"wic":{},"woc":{},"wgc":{},"emm":[{"Type":"11","MainRange":431,"MainValue":1.45,"FarRange":1247}],"sig":[{"t":"0-3","s":"","d":{"X":0.66,"Y":0.15}},{"t":"1-3","s":"","d":{"X":-0.59,"Y":-0.48}},{"t":"3-1","s":"","d":{"X":0.63,"Y":0.21}},{"t":"6-3","s":"","d":{"X":0.52,"Y":-0.46}},{"t":"7-3","s":"","d":{"X":-0.3,"Y":-0.26}},{"t":"8-1","s":"","d":{"X":0.1,"Y":-0.44}},{"t":"10-1","s":"","d":{"X":-0.68,"Y":-0.48}},{"t":"11-1","s":"","d":{"X":-0.9,"Y":-0.32}},{"t":"X11","s":"","d":{"X":0.813,"Y":-0.476}}],"clr":{"R":252,"G":231,"B":231,"A":255}},"LM7-528":{"pid":"LM7-S","orb":1241.26,"per":20.68,"t":"HARDPLANET","sp":"HARDPLANET-23","s":71.29,"m":21129.62,"gd":203.69,"wic":{},"woc":{},"wgc":{},"sig":[{"t":"0-2","s":"","d":{"X":-0.44,"Y":0.1}},{"t":"1-2","s":"","d":{"X":0.43,"Y":-0.82}},{"t":"3-1","s":"","d":{"X":0.51,"Y":-0.26}},{"t":"5-2","s":"","d":{"X":0.06,"Y":-0.12}},{"t":"6-2","s":"","d":{"X":0.53,"Y":0.34}},{"t":"7-2","s":"","d":{"X":-0.52,"Y":-0.07}},{"t":"7-1","s":"","d":{"X":-0.6,"Y":0.64}},{"t":"7-3","s":"","d":{"X":-0.22,"Y":-0.34}},{"t":"8-1","s":"","d":{"X":-0.1,"Y":0.1}},{"t":"9-1","s":"","d":{"X":-0.18,"Y":-0.28}},{"t":"10-1","s":"","d":{"X":0.52,"Y":-0.6}},{"t":"11-1","s":"","d":{"X":-0.67,"Y":0.4}},{"t":"12-2","s":"","d":{"X":0.71,"Y":-0.69}},{"t":"13-1","s":"","d":{"X":0.19,"Y":-0.71}},{"t":"14-4","s":"","d":{"X":-0.52,"Y":0.41}}],"clr":{"R":205,"G":241,"B":241,"A":255}},"LM7-864":{"pid":"LM7-S","orb":2844.21,"per":47.4,"t":"GASPLANET","sp":"GASPLANET-35","s":244.89,"m":142794.63,"gd":408.16,"wic":{},"woc":{},"wgc":{},"sig":[{"t":"0-3","s":"","d":{"X":0.74,"Y":-0.01}},{"t":"1-3","s":"","d":{"X":-0.25,"Y":0.46}},{"t":"3-1","s":"","d":{"X":0.56,"Y":0.44}},{"t":"6-3","s":"","d":{"X":-0.51,"Y":0.47}},{"t":"7-2","s":"","d":{"X":-0.29,"Y":0.83}},{"t":"7-3","s":"","d":{"X":-0.17,"Y":0.89}},{"t":"8-1","s":"","d":{"X":-0.52,"Y":-0.33}},{"t":"11-1","s":"","d":{"X":0.38,"Y":0.66}}],"clr":{"R":182,"G":213,"B":246,"A":255}},"LM7-S":{"t":"STAR","sp":"STAR-14","s":606.25,"m":12379477.97,"gd":2020.86,"wic":{},"woc":{},"wgc":{},"emm":[{"Type":"2","MainRange":780,"MainValue":8.1,"FarRange":3871}],"sig":[{"t":"X2","s":"","d":{"X":-0.225,"Y":0.494}}],"clr":{"R":250,"G":236,"B":253,"A":255}}}}