{"SpawnDistance":1650.0000000000002,"Points":{"AJ3-554":{"pid":"AJ3-S","orb":991.29,"per":16.52,"t":"GASPLANET","sp":"GASPLANET-1","s":226.2,"m":112534.67,"gd":377.01,"wic":{},"woc":{},"wgc":{},"sig":[{"t":"0-3","s":"","d":{"X":-0.16,"Y":0.05}},{"t":"1-3","s":"","d":{"X":0.49,"Y":-0.59}},{"t":"3-1","s":"","d":{"X":0.72,"Y":-0.11}},{"t":"6-2","s":"","d":{"X":0.59,"Y":0.1}},{"t":"10-1","s":"","d":{"X":-0.58,"Y":-0.13}},{"t":"11-1","s":"","d":{"X":0.13,"Y":-0.19}}],"clr":{"R":241,"G":248,"B":232,"A":255}},"AJ3-S":{"t":"STAR","sp":"STAR-11","s":338.53,"m":2155356.55,"gd":1128.43,"wic":{},"woc":{},"wgc":{},"emm":[{"Type":"2","MainRange":1458,"MainValue":6.38,"FarRange":2642}],"sig":[{"t":"X2","s":"","d":{"X":-0.332,"Y":-0.861}}],"clr":{"R":229,"G":244,"B":212,"A":255}}}}