{"SpawnDistance":2301.5080000000003,"Points":{"JD3-075":{"pid":"JD3-S","orb":1051.59,"per":17.52,"t":"GASPLANET","sp":"GASPLANET-40","s":80.08,"m":4994.59,"gd":133.48,"wic":{},"woc":{},"wgc":{},"sig":[{"t":"0-3","s":"","d":{"X":-0.51,"Y":0.4}},{"t":"1-3","s":"","d":{"X":-0.73,"Y":-0.59}},{"t":"3-1","s":"","d":{"X":0.12,"Y":0.83}},{"t":"6-2","s":"","d":{"X":-0.29,"Y":0.09}},{"t":"7-2","s":"","d":{"X":-0.27,"Y":-0.56}},{"t":"7-3","s":"","d":{"X":0.13,"Y":0.76}},{"t":"8-1","s":"","d":{"X":0.71,"Y":-0.44}},{"t":"11-1","s":"","d":{"X":-0.41,"Y":0.14}}],"clr":{"R":213,"G":239,"B":173,"A":255}},"JD3-1-0":{"pid":"JD3-S","orb":1365.71,"per":22.76,"ang":246.67,"t":"ASTEROID","sp":"ASTEROID-1","s":20.06,"m":112.27,"gd":33.44,"wic":{},"woc":{},"wgc":{},"emm":[{"Type":"1","MainRange":50,"MainValue":0.15,"FarRange":215}],"sig":[{"t":"9-1","s":"","d":{"X":-0.88,"Y":-0.44}},{"t":"X1","s":"","d":{"X":0.342,"Y":-0.471}}],"clr":{"R":242,"G":242,"B":201,"A":255}},"JD3-1-1":{"pid":"JD3-S","orb":1665.41,"per":27.75,"ang":53.2,"t":"ASTEROID","sp":"ASTEROID-2","s":19.21,"m":98.59,"gd":32.03,"wic":{},"woc":{},"wgc":{},"emm":[{"Type":"1","MainRange":53,"MainValue":0.23,"FarRange":200}],"sig":[{"t":"9-1","s":"","d":{"X":0.05,"Y":-0.41}},{"t":"X1","s":"","d":{"X":0.359,"Y":0.881}}],"clr":{"R":240,"G":209,"B":244,"A":255}},"JD3-1-10":{"pid":"JD3-S","orb":1370.25,"per":22.83,"ang":340.49,"t":"ASTEROID","sp":"ASTEROID-1","s":30.41,"m":390.76,"gd":50.69,"wic":{},"woc":{},"wgc":{},"emm":[{"Type":"1","MainRange":55,"MainValue":0.21,"FarRange":133}],"sig":[{"t":"9-1","s":"","d":{"X":0.26,"Y":0.04}},{"t":"X1","s":"","d":{"X":-0.482,"Y":-0.858}}],"clr":{"R":244,"G":196,"B":195,"A":255}},"JD3-1-11":{"pid":"JD3-S","orb":1391.75,"per":23.19,"ang":241.81,"t":"ASTEROID","sp":"ASTEROID-5","s":16.01,"m":57.07,"gd":26.69,"wic":{},"woc":{},"wgc":{},"emm":[{"Type":"1","MainRange":40,"MainValue":0.22,"FarRange":188}],"sig":[{"t":"9-1","s":"","d":{"X":-0.02,"Y":-0.48}},{"t":"X1","s":"","d":{"X":0.907,"Y":0.139}}],"clr":{"R":222,"G":224,"B":245,"A":255}},"JD3-1-12":{"pid":"JD3-S","orb":1225.46,"per":20.42,"ang":215.52,"t":"ASTEROID","sp":"ASTEROID-2","s":26.25,"m":251.25,"gd":43.75,"wic":{},"woc":{},"wgc":{},"emm":[{"Type":"1","MainRange":57,"MainValue":0.18,"FarRange":166}],"sig":[{"t":"9-1","s":"","d":{"X":-0.51,"Y":-0.44}},{"t":"X1","s":"","d":{"X":0.628,"Y":0.397}}],"clr":{"R":237,"G":211,"B":185,"A":255}},"JD3-1-13":{"pid":"JD3-S","orb":1235.05,"per":20.58,"ang":160.05,"t":"ASTEROID","sp":"ASTEROID-5","s":20.99,"m":128.56,"gd":34.99,"wic":{},"woc":{},"wgc":{},"emm":[{"Type":"1","MainRange":69,"MainValue":0.11,"FarRange":109}],"sig":[{"t":"9-1","s":"","d":{"X":-0.07,"Y":0.96}},{"t":"X1","s":"","d":{"X":0.437,"Y":0.581}}],"clr":{"R":253,"G":237,"B":244,"A":255}},"JD3-1-14":{"pid":"JD3-S","orb":1176.95,"per":19.61,"ang":275.07,"t":"ASTEROID","sp":"ASTEROID-2","s":15.05,"m":47.4,"gd":25.09,"wic":{},"woc":{},"wgc":{},"emm":[{"Type":"1","MainRange":36,"MainValue":0.09,"FarRange":148},{"Type":"2","MainRange":63,"MainValue":0.21,"FarRange":185},{"Type":"15","MainRange":68,"MainValue":0.09,"FarRange":104}],"sig":[{"t":"9-1","s":"","d":{"X":-0.27,"Y":-0.31}},{"t":"X1","s":"","d":{"X":0.691,"Y":-0.153}},{"t":"X2","s":"","d":{"X":0.396,"Y":0.488}},{"t":"X15","s":"","d":{"X":-0.753,"Y":-0.276}}],"clr":{"R":252,"G":239,"B":250,"A":255}},"JD3-1-15":{"pid":"JD3-S","orb":1118.4,"per":18.64,"ang":242.05,"t":"ASTEROID","sp":"ASTEROID-1","s":22.97,"m":168.47,"gd":38.29,"wic":{},"woc":{},"wgc":{},"emm":[{"Type":"1","MainRange":64,"MainValue":0.17,"FarRange":150}],"sig":[{"t":"9-1","s":"","d":{"X":0.17,"Y":-0.87}},{"t":"X1","s":"","d":{"X":0.095,"Y":0.229}}],"clr":{"R":252,"G":230,"B":212,"A":255}},"JD3-1-16":{"pid":"JD3-S","orb":1337.66,"per":22.29,"ang":276.51,"t":"ASTEROID","sp":"ASTEROID-5","s":15.01,"m":46.97,"gd":25.01,"wic":{},"woc":{},"wgc":{},"emm":[{"Type":"1","MainRange":54,"MainValue":0.21,"FarRange":89}],"sig":[{"t":"9-1","s":"","d":{"X":0.6,"Y":0.17}},{"t":"X1","s":"","d":{"X":-0.155,"Y":-0.557}}],"clr":{"R":228,"G":249,"B":187,"A":255}},"JD3-1-17":{"pid":"JD3-S","orb":1203.74,"per":20.06,"ang":112.96,"t":"ASTEROID","sp":"ASTEROID-1","s":21.85,"m":145.02,"gd":36.42,"wic":{},"woc":{},"wgc":{},"emm":[{"Type":"1","MainRange":13.5,"MainValue":0.25,"FarRange":15}],"sig":[{"t":"9-1","s":"","d":{"X":-0.77,"Y":-0.08}},{"t":"X1","s":"","d":{"X":-0.596,"Y":0.73}}],"clr":{"R":254,"G":233,"B":179,"A":255}},"JD3-1-18":{"pid":"JD3-S","orb":1305.83,"per":21.76,"ang":27.62,"t":"ASTEROID","sp":"ASTEROID-4","s":16.94,"m":67.58,"gd":28.24,"wic":{},"woc":{},"wgc":{},"emm":[{"Type":"1","MainRange":50,"MainValue":0.16,"FarRange":92}],"sig":[{"t":"9-1","s":"","d":{"X":-0.2,"Y":0.3}},{"t":"X1","s":"","d":{"X":-0.907,"Y":-0.099}}],"clr":{"R":174,"G":238,"B":179,"A":255}},"JD3-1-19":{"pid":"JD3-S","orb":1290.91,"per":21.51,"ang":132.85,"t":"ASTEROID","sp":"ASTEROID-5","s":13.31,"m":32.75,"gd":22.18,"wic":{},"woc":{},"wgc":{},"emm":[{"Type":"1","MainRange":71,"MainValue":0.22,"FarRange":168}],"sig":[{"t":"9-1","s":"","d":{"X":-0.13,"Y":-0.57}},{"t":"X1","s":"","d":{"X":0.287,"Y":0.129}}],"clr":{"R":225,"G":248,"B":249,"A":255}},"JD3-1-2":{"pid":"JD3-S","orb":1368.92,"per":22.81,"ang":7.27,"t":"ASTEROID","sp":"ASTEROID-3","s":22.12,"m":150.44,"gd":36.87,"wic":{},"woc":{},"wgc":{},"emm":[{"Type":"1","MainRange":30,"MainValue":0.14,"FarRange":174}],"sig":[{"t":"9-1","s":"","d":{"X":-0.37,"Y":0.75}},{"t":"X1","s":"","d":{"X":0.357,"Y":-0.742}}],"clr":{"R":251,"G":188,"B":193,"A":255}},"JD3-1-20":{"pid":"JD3-S","orb":1388.25,"per":23.13,"ang":222.27,"t":"ASTEROID","sp":"ASTEROID-3","s":13.28,"m":32.58,"gd":22.14,"wic":{},"woc":{},"wgc":{},"emm":[{"Type":"1","MainRange":52,"MainValue":0.24,"FarRange":130}],"sig":[{"t":"9-1","s":"","d":{"X":-0.63,"Y":-0.51}},{"t":"X1","s":"","d":{"X":-0.071,"Y":-0.54}}],"clr":{"R":252,"G":254,"B":254,"A":255}},"JD3-1-21":{"pid":"JD3-S","orb":1323.35,"per":22.05,"ang":67.6,"t":"ASTEROID","sp":"ASTEROID-2","s":26.28,"m":252.21,"gd":43.8,"wic":{},"woc":{},"wgc":{},"emm":[{"Type":"1","MainRange":48,"MainValue":0.14,"FarRange":110}],"sig":[{"t":"9-1","s":"","d":{"X":0.55,"Y":0.35}},{"t":"X1","s":"","d":{"X":0.01,"Y":-0.33}}],"clr":{"R":254,"G":252,"B":210,"A":255}},"JD3-1-22":{"pid":"JD3-S","orb":1310.24,"per":21.83,"ang":318.8,"t":"ASTEROID","sp":"ASTEROID-5","s":18.17,"m":83.33,"gd":30.28,"wic":{},"woc":{},"wgc":{},"emm":[{"Type":"1","MainRange":34,"MainValue":0.13,"FarRange":191}],"sig":[{"t":"9-1","s":"","d":{"X":0.19,"Y":0.45}},{"t":"X1","s":"","d":{"X":-0.016,"Y":0.623}}],"clr":{"R":185,"G":245,"B":210,"A":255}},"JD3-1-23":{"pid":"JD3-S","orb":1389.79,"per":23.16,"ang":120.27,"t":"ASTEROID","sp":"ASTEROID-5","s":14.79,"m":44.95,"gd":24.65,"wic":{},"woc":{},"wgc":{},"emm":[{"Type":"1","MainRange":43,"MainValue":0.27,"FarRange":177}],"sig":[{"t":"9-1","s":"","d":{"X":-0.06,"Y":0.2}},{"t":"X1","s":"","d":{"X":-0.718,"Y":0.483}}],"clr":{"R":209,"G":243,"B":218,"A":255}},"JD3-1-24":{"pid":"JD3-S","orb":1251.37,"per":20.85,"ang":163.84,"t":"ASTEROID","sp":"ASTEROID-4","s":17.87,"m":79.33,"gd":29.79,"wic":{},"woc":{},"wgc":{},"emm":[{"Type":"1","MainRange":45,"MainValue":0.08,"FarRange":105}],"sig":[{"t":"9-1","s":"","d":{"X":0.98,"Y":-0.07}},{"t":"X1","s":"","d":{"X":0.351,"Y":0.895}}],"clr":{"R":254,"G":253,"B":254,"A":255}},"JD3-1-25":{"pid":"JD3-S","orb":1194.49,"per":19.9,"ang":353.56,"t":"ASTEROID","sp":"ASTEROID-1","s":8.56,"m":8.71,"gd":14.26,"wic":{},"woc":{},"wgc":{},"emm":[{"Type":"1","MainRange":46,"MainValue":0.15,"FarRange":152}],"sig":[{"t":"9-1","s":"","d":{"X":0.76,"Y":0.55}},{"t":"X1","s":"","d":{"X":-0.007,"Y":-0.124}}],"clr":{"R":251,"G":231,"B":248,"A":255}},"JD3-1-26":{"pid":"JD3-S","orb":1289.19,"per":21.48,"ang":204.32,"t":"ASTEROID","sp":"ASTEROID-5","s":12.16,"m":25.03,"gd":20.28,"wic":{},"woc":{},"wgc":{},"emm":[{"Type":"1","MainRange":40,"MainValue":0.23,"FarRange":194},{"Type":"14","MainRange":29,"MainValue":0.21,"FarRange":147},{"Type":"3","MainRange":55,"MainValue":0.17,"FarRange":129}],"sig":[{"t":"9-1","s":"","d":{"X":-0.3,"Y":0.43}},{"t":"X1","s":"","d":{"X":0.564,"Y":-0.014}},{"t":"X14","s":"","d":{"X":0.286,"Y":-0.502}},{"t":"X3","s":"","d":{"X":0.854,"Y":0.467}}],"clr":{"R":190,"G":249,"B":254,"A":255}},"JD3-1-27":{"pid":"JD3-S","orb":1251.2,"per":20.85,"ang":94.76,"t":"ASTEROID","sp":"ASTEROID-4","s":15.72,"m":54.02,"gd":26.21,"wic":{},"woc":{},"wgc":{},"emm":[{"Type":"1","MainRange":58,"MainValue":0.22,"FarRange":72}],"sig":[{"t":"9-1","s":"","d":{"X":0.83,"Y":0.02}},{"t":"X1","s":"","d":{"X":-0.975,"Y":0.186}}],"clr":{"R":248,"G":252,"B":250,"A":255}},"JD3-1-28":{"pid":"JD3-S","orb":1287.36,"per":21.45,"ang":287.17,"t":"ASTEROID","sp":"ASTEROID-2","s":10.77,"m":17.38,"gd":17.96,"wic":{},"woc":{},"wgc":{},"emm":[{"Type":"1","MainRange":51,"MainValue":0.24,"FarRange":147}],"sig":[{"t":"9-1","s":"","d":{"X":-0.53,"Y":-0.01}},{"t":"X1","s":"","d":{"X":-0.428,"Y":0.656}}],"clr":{"R":236,"G":222,"B":246,"A":255}},"JD3-1-29":{"pid":"JD3-S","orb":1457.11,"per":24.28,"ang":46.42,"t":"ASTEROID","sp":"ASTEROID-4","s":15.91,"m":55.98,"gd":26.52,"wic":{},"woc":{},"wgc":{},"emm":[{"Type":"1","MainRange":51,"MainValue":0.1,"FarRange":79}],"sig":[{"t":"9-1","s":"","d":{"X":0.21,"Y":0.83}},{"t":"X1","s":"","d":{"X":0.369,"Y":0.699}}],"clr":{"R":235,"G":241,"B":185,"A":255}},"JD3-1-3":{"pid":"JD3-S","orb":1583.62,"per":26.39,"ang":63.12,"t":"ASTEROID","sp":"ASTEROID-4","s":15.77,"m":54.48,"gd":26.28,"wic":{},"woc":{},"wgc":{},"emm":[{"Type":"1","MainRange":59,"MainValue":0.18,"FarRange":214}],"sig":[{"t":"9-1","s":"","d":{"X":0.73,"Y":0.3}},{"t":"X1","s":"","d":{"X":0.075,"Y":0.616}}],"clr":{"R":241,"G":229,"B":197,"A":255}},"JD3-1-30":{"pid":"JD3-S","orb":1427.3,"per":23.78,"ang":338.57,"t":"ASTEROID","sp":"ASTEROID-4","s":22.82,"m":165.09,"gd":38.03,"wic":{},"woc":{},"wgc":{},"emm":[{"Type":"1","MainRange":40,"MainValue":0.27,"FarRange":146}],"sig":[{"t":"9-1","s":"","d":{"X":-0.42,"Y":0.3}},{"t":"X1","s":"","d":{"X":-0.273,"Y":-0.658}}],"clr":{"R":184,"G":239,"B":249,"A":255}},"JD3-1-31":{"pid":"JD3-S","orb":1308.78,"per":21.81,"ang":131.93,"t":"ASTEROID","sp":"ASTEROID-2","s":17.33,"m":72.39,"gd":28.89,"wic":{},"woc":{},"wgc":{},"emm":[{"Type":"1","MainRange":42,"MainValue":0.15,"FarRange":136}],"sig":[{"t":"9-1","s":"","d":{"X":0.11,"Y":0.07}},{"t":"X1","s":"","d":{"X":-0.732,"Y":0.335}}],"clr":{"R":252,"G":247,"B":239,"A":255}},"JD3-1-32":{"pid":"JD3-S","orb":1383.57,"per":23.05,"ang":142.52,"t":"ASTEROID","sp":"ASTEROID-3","s":19.63,"m":105.14,"gd":32.72,"wic":{},"woc":{},"wgc":{},"emm":[{"Type":"1","MainRange":38,"MainValue":0.19,"FarRange":144}],"sig":[{"t":"9-1","s":"","d":{"X":0.07,"Y":-0.79}},{"t":"X1","s":"","d":{"X":0.419,"Y":-0.367}}],"clr":{"R":178,"G":208,"B":239,"A":255}},"JD3-1-33":{"pid":"JD3-S","orb":1256.16,"per":20.93,"ang":358.51,"t":"ASTEROID","sp":"ASTEROID-3","s":16.59,"m":63.44,"gd":27.65,"wic":{},"woc":{},"wgc":{},"emm":[{"Type":"1","MainRange":70,"MainValue":0.15,"FarRange":227}],"sig":[{"t":"9-1","s":"","d":{"X":0.56,"Y":-0.71}},{"t":"X1","s":"","d":{"X":-0.829,"Y":-0.079}}],"clr":{"R":210,"G":244,"B":243,"A":255}},"JD3-1-34":{"pid":"JD3-S","orb":1332.28,"per":22.2,"ang":200.74,"t":"ASTEROID","sp":"ASTEROID-3","s":25.18,"m":221.85,"gd":41.97,"wic":{},"woc":{},"wgc":{},"emm":[{"Type":"1","MainRange":25,"MainValue":0.21,"FarRange":71}],"sig":[{"t":"9-1","s":"","d":{"X":0.91,"Y":0.07}},{"t":"X1","s":"","d":{"X":-0.464,"Y":0.854}}],"clr":{"R":239,"G":187,"B":217,"A":255}},"JD3-1-35":{"pid":"JD3-S","orb":1388.35,"per":23.13,"ang":124.09,"t":"ASTEROID","sp":"ASTEROID-1","s":25.87,"m":240.55,"gd":43.12,"wic":{},"woc":{},"wgc":{},"emm":[{"Type":"1","MainRange":40,"MainValue":0.26,"FarRange":191}],"sig":[{"t":"9-1","s":"","d":{"X":0.04,"Y":-0.44}},{"t":"X1","s":"","d":{"X":-0.266,"Y":0.075}}],"clr":{"R":210,"G":247,"B":241,"A":255}},"JD3-1-36":{"pid":"JD3-S","orb":1070.9,"per":17.84,"ang":78.5,"t":"ASTEROID","sp":"ASTEROID-2","s":16.66,"m":64.33,"gd":27.78,"wic":{},"woc":{},"wgc":{},"emm":[{"Type":"1","MainRange":39,"MainValue":0.21,"FarRange":173}],"sig":[{"t":"9-1","s":"","d":{"X":0.65,"Y":0.12}},{"t":"X1","s":"","d":{"X":0.471,"Y":-0.604}}],"clr":{"R":254,"G":253,"B":252,"A":255}},"JD3-1-37":{"pid":"JD3-S","orb":1149.39,"per":19.15,"ang":241.6,"t":"ASTEROID","sp":"ASTEROID-5","s":23.72,"m":185.51,"gd":39.54,"wic":{},"woc":{},"wgc":{},"emm":[{"Type":"1","MainRange":82,"MainValue":0.34,"FarRange":205}],"sig":[{"t":"9-1","s":"","d":{"X":0.55,"Y":-0.32}},{"t":"X1","s":"","d":{"X":0.703,"Y":-0.25}}],"clr":{"R":253,"G":247,"B":249,"A":255}},"JD3-1-38":{"pid":"JD3-S","orb":1223.31,"per":20.38,"ang":132.57,"t":"ASTEROID","sp":"ASTEROID-4","s":19.52,"m":103.34,"gd":32.53,"wic":{},"woc":{},"wgc":{},"emm":[{"Type":"1","MainRange":41.4,"MainValue":0.22,"FarRange":46}],"sig":[{"t":"9-1","s":"","d":{"X":0.4,"Y":-0.1}},{"t":"X1","s":"","d":{"X":0.823,"Y":-0.301}}],"clr":{"R":247,"G":252,"B":253,"A":255}},"JD3-1-39":{"pid":"JD3-S","orb":1488.18,"per":24.8,"ang":301.84,"t":"ASTEROID","sp":"ASTEROID-5","s":17.82,"m":78.68,"gd":29.71,"wic":{},"woc":{},"wgc":{},"emm":[{"Type":"1","MainRange":35,"MainValue":0.24,"FarRange":214}],"sig":[{"t":"9-1","s":"","d":{"X":-0.88,"Y":0.11}},{"t":"X1","s":"","d":{"X":0.636,"Y":0.327}}],"clr":{"R":234,"G":252,"B":188,"A":255}},"JD3-1-4":{"pid":"JD3-S","orb":1201.88,"per":20.03,"ang":290.9,"t":"ASTEROID","sp":"ASTEROID-4","s":14.58,"m":43.12,"gd":24.31,"wic":{},"woc":{},"wgc":{},"emm":[{"Type":"1","MainRange":46,"MainValue":0.05,"FarRange":146}],"sig":[{"t":"9-1","s":"","d":{"X":0.82,"Y":0.43}},{"t":"X1","s":"","d":{"X":0.496,"Y":0.543}}],"clr":{"R":180,"G":253,"B":244,"A":255}},"JD3-1-40":{"pid":"JD3-S","orb":1411.23,"per":23.52,"ang":128.22,"t":"ASTEROID","sp":"ASTEROID-3","s":15.19,"m":48.77,"gd":25.33,"wic":{},"woc":{},"wgc":{},"emm":[{"Type":"1","MainRange":49,"MainValue":0.15,"FarRange":57}],"sig":[{"t":"9-1","s":"","d":{"X":0.34,"Y":-0.34}},{"t":"X1","s":"","d":{"X":-0.096,"Y":0.525}}],"clr":{"R":177,"G":180,"B":244,"A":255}},"JD3-1-41":{"pid":"JD3-S","orb":1277.27,"per":21.28,"ang":272.34,"t":"ASTEROID","sp":"ASTEROID-4","s":27.48,"m":288.43,"gd":45.81,"wic":{},"woc":{},"wgc":{},"emm":[{"Type":"1","MainRange":23,"MainValue":0.22,"FarRange":180}],"sig":[{"t":"9-1","s":"","d":{"X":0.27,"Y":-0.28}},{"t":"X1","s":"","d":{"X":-0.174,"Y":0.513}}],"clr":{"R":254,"G":254,"B":254,"A":255}},"JD3-1-42":{"pid":"JD3-S","orb":1507.76,"per":25.12,"ang":278.98,"t":"ASTEROID","sp":"ASTEROID-3","s":14.41,"m":41.59,"gd":24.02,"wic":{},"woc":{},"wgc":{},"emm":[{"Type":"1","MainRange":49,"MainValue":0.13,"FarRange":143}],"sig":[{"t":"9-1","s":"","d":{"X":0.31,"Y":0.94}},{"t":"X1","s":"","d":{"X":0.406,"Y":-0.138}}],"clr":{"R":184,"G":241,"B":208,"A":255}},"JD3-1-43":{"pid":"JD3-S","orb":1352.86,"per":22.54,"ang":314.65,"t":"ASTEROID","sp":"ASTEROID-3","s":16.76,"m":65.47,"gd":27.94,"wic":{},"woc":{},"wgc":{},"emm":[{"Type":"1","MainRange":52,"MainValue":0.22,"FarRange":165}],"sig":[{"t":"9-1","s":"","d":{"X":0.23,"Y":-0.24}},{"t":"X1","s":"","d":{"X":-0.97,"Y":0.142}}],"clr":{"R":249,"G":165,"B":183,"A":255}},"JD3-1-44":{"pid":"JD3-S","orb":1319.62,"per":21.99,"ang":81.75,"t":"ASTEROID","sp":"ASTEROID-5","s":24.62,"m":207.39,"gd":41.04,"wic":{},"woc":{},"wgc":{},"emm":[{"Type":"1","MainRange":84,"MainValue":0.24,"FarRange":95}],"sig":[{"t":"9-1","s":"","d":{"X":0.48,"Y":-0.3}},{"t":"X1","s":"","d":{"X":-0.423,"Y":0.034}}],"clr":{"R":253,"G":250,"B":250,"A":255}},"JD3-1-45":{"pid":"JD3-S","orb":1515.82,"per":25.26,"ang":55.61,"t":"ASTEROID","sp":"ASTEROID-4","s":24.67,"m":208.72,"gd":41.12,"wic":{},"woc":{},"wgc":{},"emm":[{"Type":"1","MainRange":72,"MainValue":0.17,"FarRange":202}],"sig":[{"t":"9-1","s":"","d":{"X":0.03,"Y":0.72}},{"t":"X1","s":"","d":{"X":-0.04,"Y":0.407}}],"clr":{"R":224,"G":251,"B":214,"A":255}},"JD3-1-46":{"pid":"JD3-S","orb":1342.75,"per":22.37,"ang":32.16,"t":"ASTEROID","sp":"ASTEROID-4","s":31.64,"m":440.09,"gd":52.74,"wic":{},"woc":{},"wgc":{},"emm":[{"Type":"1","MainRange":52.2,"MainValue":0.11,"FarRange":58}],"sig":[{"t":"9-1","s":"","d":{"X":-0.61,"Y":0.51}},{"t":"X1","s":"","d":{"X":0.423,"Y":0.869}}],"clr":{"R":249,"G":251,"B":241,"A":255}},"JD3-1-47":{"pid":"JD3-S","orb":1634.17,"per":27.23,"ang":31.65,"t":"ASTEROID","sp":"ASTEROID-1","s":16.13,"m":58.3,"gd":26.88,"wic":{},"woc":{},"wgc":{},"emm":[{"Type":"1","MainRange":75,"MainValue":0.17,"FarRange":133}],"sig":[{"t":"9-1","s":"","d":{"X":0.18,"Y":-0.93}},{"t":"X1","s":"","d":{"X":0.204,"Y":-0.122}}],"clr":{"R":250,"G":238,"B":191,"A":255}},"JD3-1-48":{"pid":"JD3-S","orb":1309.05,"per":21.81,"ang":233.06,"t":"ASTEROID","sp":"ASTEROID-3","s":17.04,"m":68.72,"gd":28.4,"wic":{},"woc":{},"wgc":{},"emm":[{"Type":"1","MainRange":49,"MainValue":0.19,"FarRange":181}],"sig":[{"t":"9-1","s":"","d":{"X":0.39,"Y":-0.2}},{"t":"X1","s":"","d":{"X":-0.4,"Y":0.053}}],"clr":{"R":251,"G":238,"B":242,"A":255}},"JD3-1-49":{"pid":"JD3-S","orb":1594.67,"per":26.57,"ang":231.23,"t":"ASTEROID","sp":"ASTEROID-4","s":18.27,"m":84.79,"gd":30.46,"wic":{},"woc":{},"wgc":{},"emm":[{"Type":"1","MainRange":59,"MainValue":0.18,"FarRange":196}],"sig":[{"t":"9-1","s":"","d":{"X":-0.76,"Y":-0.1}},{"t":"X1","s":"","d":{"X":-0.483,"Y":-0.118}}],"clr":{"R":252,"G":241,"B":250,"A":255}},"JD3-1-5":{"pid":"JD3-S","orb":1199.29,"per":19.98,"ang":114.51,"t":"ASTEROID","sp":"ASTEROID-4","s":26.09,"m":246.91,"gd":43.49,"wic":{},"woc":{},"wgc":{},"emm":[{"Type":"1","MainRange":42,"MainValue":0.26,"FarRange":87},{"Type":"24","MainRange":56,"MainValue":0.03,"FarRange":95},{"Type":"2","MainRange":49,"MainValue":0.22,"FarRange":170}],"sig":[{"t":"9-1","s":"","d":{"X":0.14,"Y":0.81}},{"t":"X1","s":"","d":{"X":-0.424,"Y":0.175}},{"t":"X24","s":"","d":{"X":-0.605,"Y":0.167}},{"t":"X2","s":"","d":{"X":-0.153,"Y":-0.591}}],"clr":{"R":202,"G":242,"B":246,"A":255}},"JD3-1-50":{"pid":"JD3-S","orb":1292.94,"per":21.54,"ang":252.24,"t":"ASTEROID","sp":"ASTEROID-5","s":11.78,"m":22.73,"gd":19.64,"wic":{},"woc":{},"wgc":{},"emm":[{"Type":"1","MainRange":10,"MainValue":0.24,"FarRange":124}],"sig":[{"t":"9-1","s":"","d":{"X":0.17,"Y":-0.57}},{"t":"X1","s":"","d":{"X":-0.3,"Y":-0.849}}],"clr":{"R":244,"G":249,"B":253,"A":255}},"JD3-1-6":{"pid":"JD3-S","orb":1455.43,"per":24.25,"ang":85.36,"t":"ASTEROID","sp":"ASTEROID-4","s":17.64,"m":76.28,"gd":29.4,"wic":{},"woc":{},"wgc":{},"emm":[{"Type":"1","MainRange":46,"MainValue":0.15,"FarRange":142}],"sig":[{"t":"9-1","s":"","d":{"X":-0.66,"Y":-0.28}},{"t":"X1","s":"","d":{"X":0.672,"Y":-0.243}}],"clr":{"R":250,"G":253,"B":237,"A":255}},"JD3-1-7":{"pid":"JD3-S","orb":1234,"per":20.56,"ang":179.09,"t":"ASTEROID","sp":"ASTEROID-2","s":24.06,"m":193.56,"gd":40.1,"wic":{},"woc":{},"wgc":{},"emm":[{"Type":"1","MainRange":51,"MainValue":0.26,"FarRange":152}],"sig":[{"t":"9-1","s":"","d":{"X":-0.28,"Y":-0.68}},{"t":"X1","s":"","d":{"X":-0.43,"Y":0.124}}],"clr":{"R":211,"G":239,"B":245,"A":255}},"JD3-1-8":{"pid":"JD3-S","orb":1474.01,"per":24.56,"ang":341.4,"t":"ASTEROID","sp":"ASTEROID-1","s":22.99,"m":168.97,"gd":38.33,"wic":{},"woc":{},"wgc":{},"emm":[{"Type":"1","MainRange":54,"MainValue":0.17,"FarRange":193}],"sig":[{"t":"9-1","s":"","d":{"X":0.55,"Y":0.03}},{"t":"X1","s":"","d":{"X":0.305,"Y":-0.618}}],"clr":{"R":254,"G":254,"B":254,"A":255}},"JD3-1-9":{"pid":"JD3-S","orb":1459.88,"per":24.33,"ang":270.58,"t":"ASTEROID","sp":"ASTEROID-2","s":15.63,"m":53.07,"gd":26.05,"wic":{},"woc":{},"wgc":{},"emm":[{"Type":"1","MainRange":63,"MainValue":0.21,"FarRange":230}],"sig":[{"t":"9-1","s":"","d":{"X":-0.07,"Y":-0.57}},{"t":"X1","s":"","d":{"X":-0.623,"Y":-0.312}}],"clr":{"R":216,"G":248,"B":224,"A":255}},"JD3-328":{"pid":"JD3-S","orb":2092.28,"per":34.87,"t":"GASPLANET","sp":"GASPLANET-19","s":220.8,"m":104655.8,"gd":368,"wic":{},"woc":{},"wgc":{},"sig":[{"t":"0-3","s":"","d":{"X":0.62,"Y":0.43}},{"t":"1-3","s":"","d":{"X":0.72,"Y":-0.69}},{"t":"3-1","s":"","d":{"X":0.67,"Y":0.06}},{"t":"6-3","s":"","d":{"X":-0.09,"Y":-0.42}},{"t":"10-1","s":"","d":{"X":-0.18,"Y":0.12}},{"t":"11-1","s":"","d":{"X":-0.3,"Y":-0.05}}],"clr":{"R":251,"G":245,"B":234,"A":255}},"JD3-328-0":{"pid":"JD3-328","orb":441.13,"per":7.35,"ang":123.21,"t":"ASTEROID","sp":"ASTEROID-3","s":27.05,"m":274.95,"gd":45.08,"wic":{},"woc":{},"wgc":{},"emm":[{"Type":"1","MainRange":76.5,"MainValue":0.18,"FarRange":85}],"sig":[{"t":"9-1","s":"","d":{"X":0.38,"Y":-0.68}},{"t":"X1","s":"","d":{"X":-0.469,"Y":-0.251}}],"clr":{"R":207,"G":251,"B":169,"A":255}},"JD3-328-1":{"pid":"JD3-328","orb":412.78,"per":6.87,"ang":244.35,"t":"ASTEROID","sp":"ASTEROID-5","s":24.12,"m":195.11,"gd":40.21,"wic":{},"woc":{},"wgc":{},"emm":[{"Type":"1","MainRange":41,"MainValue":0.18,"FarRange":84}],"sig":[{"t":"9-1","s":"","d":{"X":-0.84,"Y":-0.39}},{"t":"X1","s":"","d":{"X":-0.405,"Y":0.459}}],"clr":{"R":250,"G":252,"B":253,"A":255}},"JD3-328-10":{"pid":"JD3-328","orb":423.11,"per":7.05,"ang":228.45,"t":"ASTEROID","sp":"ASTEROID-1","s":21.59,"m":139.95,"gd":35.99,"wic":{},"woc":{},"wgc":{},"emm":[{"Type":"1","MainRange":10,"MainValue":0.2,"FarRange":173},{"Type":"13","MainRange":69,"MainValue":0.28,"FarRange":80}],"sig":[{"t":"9-1","s":"","d":{"X":-0.2,"Y":-0.45}},{"t":"X1","s":"","d":{"X":-0.529,"Y":-0.646}},{"t":"X13","s":"","d":{"X":-0.687,"Y":-0.564}}],"clr":{"R":249,"G":237,"B":253,"A":255}},"JD3-328-11":{"pid":"JD3-328","orb":321.65,"per":5.36,"ang":209.2,"t":"ASTEROID","sp":"ASTEROID-2","s":26.04,"m":245.5,"gd":43.41,"wic":{},"woc":{},"wgc":{},"emm":[{"Type":"1","MainRange":32,"MainValue":0.18,"FarRange":93},{"Type":"13","MainRange":59,"MainValue":0.15,"FarRange":170},{"Type":"2","MainRange":52,"MainValue":0.25,"FarRange":163}],"sig":[{"t":"9-1","s":"","d":{"X":0.63,"Y":0.64}},{"t":"X1","s":"","d":{"X":0.809,"Y":0.554}},{"t":"X13","s":"","d":{"X":0.427,"Y":-0.624}},{"t":"X2","s":"","d":{"X":-0.455,"Y":0.715}}],"clr":{"R":234,"G":212,"B":241,"A":255}},"JD3-328-12":{"pid":"JD3-328","orb":475.75,"per":7.92,"ang":71.39,"t":"ASTEROID","sp":"ASTEROID-1","s":18.2,"m":83.74,"gd":30.33,"wic":{},"woc":{},"wgc":{},"emm":[{"Type":"1","MainRange":17,"MainValue":0.22,"FarRange":183},{"Type":"16","MainRange":61,"MainValue":0.24,"FarRange":131}],"sig":[{"t":"9-1","s":"","d":{"X":0.5,"Y":-0.33}},{"t":"X1","s":"","d":{"X":0.43,"Y":0.771}},{"t":"X16","s":"","d":{"X":0.145,"Y":-0.332}}],"clr":{"R":253,"G":251,"B":254,"A":255}},"JD3-328-13":{"pid":"JD3-328","orb":461.7,"per":7.69,"ang":166.22,"t":"ASTEROID","sp":"ASTEROID-2","s":13.87,"m":37.1,"gd":23.12,"wic":{},"woc":{},"wgc":{},"emm":[{"Type":"1","MainRange":60,"MainValue":0.14,"FarRange":110}],"sig":[{"t":"9-1","s":"","d":{"X":-0.67,"Y":0.71}},{"t":"X1","s":"","d":{"X":0.421,"Y":-0.709}}],"clr":{"R":231,"G":242,"B":204,"A":255}},"JD3-328-14":{"pid":"JD3-328","orb":467.27,"per":7.78,"ang":286.32,"t":"ASTEROID","sp":"ASTEROID-3","s":18.24,"m":84.31,"gd":30.4,"wic":{},"woc":{},"wgc":{},"emm":[{"Type":"1","MainRange":44,"MainValue":0.24,"FarRange":210}],"sig":[{"t":"9-1","s":"","d":{"X":0.24,"Y":-0.63}},{"t":"X1","s":"","d":{"X":-0.577,"Y":-0.259}}],"clr":{"R":249,"G":235,"B":229,"A":255}},"JD3-328-15":{"pid":"JD3-328","orb":433.1,"per":7.21,"ang":140.08,"t":"ASTEROID","sp":"ASTEROID-2","s":24.78,"m":211.54,"gd":41.31,"wic":{},"woc":{},"wgc":{},"emm":[{"Type":"1","MainRange":62,"MainValue":0.23,"FarRange":183}],"sig":[{"t":"9-1","s":"","d":{"X":0.93,"Y":0.28}},{"t":"X1","s":"","d":{"X":0.21,"Y":0.226}}],"clr":{"R":254,"G":253,"B":247,"A":255}},"JD3-328-16":{"pid":"JD3-328","orb":482.79,"per":8.04,"ang":184.57,"t":"ASTEROID","sp":"ASTEROID-1","s":11.87,"m":23.22,"gd":19.78,"wic":{},"woc":{},"wgc":{},"emm":[{"Type":"1","MainRange":43,"MainValue":0.16,"FarRange":119}],"sig":[{"t":"9-1","s":"","d":{"X":-0.45,"Y":-0.66}},{"t":"X1","s":"","d":{"X":0.241,"Y":0.372}}],"clr":{"R":239,"G":245,"B":209,"A":255}},"JD3-328-17":{"pid":"JD3-328","orb":433.14,"per":7.21,"ang":120.84,"t":"ASTEROID","sp":"ASTEROID-5","s":14.24,"m":40.16,"gd":23.74,"wic":{},"woc":{},"wgc":{},"emm":[{"Type":"1","MainRange":45,"MainValue":0.16,"FarRange":205}],"sig":[{"t":"9-1","s":"","d":{"X":0.63,"Y":0.28}},{"t":"X1","s":"","d":{"X":0.596,"Y":0.326}}],"clr":{"R":197,"G":176,"B":252,"A":255}},"JD3-328-18":{"pid":"JD3-328","orb":392.78,"per":6.54,"ang":297.98,"t":"ASTEROID","sp":"ASTEROID-4","s":15.37,"m":50.51,"gd":25.63,"wic":{},"woc":{},"wgc":{},"emm":[{"Type":"1","MainRange":49,"MainValue":0.14,"FarRange":205}],"sig":[{"t":"9-1","s":"","d":{"X":-0.92,"Y":0.4}},{"t":"X1","s":"","d":{"X":-0.539,"Y":0.118}}],"clr":{"R":179,"G":213,"B":230,"A":255}},"JD3-328-19":{"pid":"JD3-328","orb":485.34,"per":8.08,"ang":58.18,"t":"ASTEROID","sp":"ASTEROID-3","s":14.27,"m":40.43,"gd":23.79,"wic":{},"woc":{},"wgc":{},"emm":[{"Type":"1","MainRange":44,"MainValue":0.2,"FarRange":137}],"sig":[{"t":"9-1","s":"","d":{"X":-0.8,"Y":0.37}},{"t":"X1","s":"","d":{"X":0.011,"Y":0.917}}],"clr":{"R":254,"G":237,"B":231,"A":255}},"JD3-328-2":{"pid":"JD3-328","orb":374.24,"per":6.23,"ang":305.56,"t":"ASTEROID","sp":"ASTEROID-5","s":16.26,"m":59.79,"gd":27.11,"wic":{},"woc":{},"wgc":{},"emm":[{"Type":"1","MainRange":26,"MainValue":0.31,"FarRange":136}],"sig":[{"t":"9-1","s":"","d":{"X":-0.85,"Y":-0.14}},{"t":"X1","s":"","d":{"X":0.099,"Y":-0.225}}],"clr":{"R":242,"G":242,"B":212,"A":255}},"JD3-328-20":{"pid":"JD3-328","orb":401.73,"per":6.69,"ang":222.99,"t":"ASTEROID","sp":"ASTEROID-1","s":16.78,"m":65.73,"gd":27.98,"wic":{},"woc":{},"wgc":{},"emm":[{"Type":"1","MainRange":39,"MainValue":0.25,"FarRange":212}],"sig":[{"t":"9-1","s":"","d":{"X":-0.1,"Y":-0.75}},{"t":"X1","s":"","d":{"X":-0.389,"Y":0.225}}],"clr":{"R":249,"G":229,"B":238,"A":255}},"JD3-328-21":{"pid":"JD3-328","orb":462.76,"per":7.71,"ang":184.05,"t":"ASTEROID","sp":"ASTEROID-2","s":24.33,"m":200.03,"gd":40.55,"wic":{},"woc":{},"wgc":{},"emm":[{"Type":"1","MainRange":44,"MainValue":0.16,"FarRange":113}],"sig":[{"t":"9-1","s":"","d":{"X":-0.6,"Y":-0.69}},{"t":"X1","s":"","d":{"X":-0.443,"Y":0.467}}],"clr":{"R":185,"G":212,"B":247,"A":255}},"JD3-328-22":{"pid":"JD3-328","orb":405.56,"per":6.75,"ang":239.47,"t":"ASTEROID","sp":"ASTEROID-3","s":16.17,"m":58.72,"gd":26.95,"wic":{},"woc":{},"wgc":{},"emm":[{"Type":"1","MainRange":63,"MainValue":0.28,"FarRange":134}],"sig":[{"t":"9-1","s":"","d":{"X":-0.28,"Y":0.7}},{"t":"X1","s":"","d":{"X":-0.729,"Y":-0.59}}],"clr":{"R":254,"G":252,"B":253,"A":255}},"JD3-328-23":{"pid":"JD3-328","orb":341,"per":5.68,"ang":280.66,"t":"ASTEROID","sp":"ASTEROID-5","s":22.06,"m":149.16,"gd":36.77,"wic":{},"woc":{},"wgc":{},"emm":[{"Type":"1","MainRange":48,"MainValue":0.18,"FarRange":118}],"sig":[{"t":"9-1","s":"","d":{"X":0.02,"Y":-0.75}},{"t":"X1","s":"","d":{"X":0.808,"Y":0.24}}],"clr":{"R":236,"G":250,"B":170,"A":255}},"JD3-328-24":{"pid":"JD3-328","orb":431.09,"per":7.18,"ang":31.55,"t":"ASTEROID","sp":"ASTEROID-3","s":28.96,"m":337.63,"gd":48.28,"wic":{},"woc":{},"wgc":{},"emm":[{"Type":"1","MainRange":52,"MainValue":0.08,"FarRange":178},{"Type":"24","MainRange":59,"MainValue":0.24,"FarRange":135}],"sig":[{"t":"9-1","s":"","d":{"X":-0.33,"Y":-0.88}},{"t":"X1","s":"","d":{"X":0.741,"Y":0.189}},{"t":"X24","s":"","d":{"X":0.066,"Y":0.026}}],"clr":{"R":251,"G":240,"B":246,"A":255}},"JD3-328-25":{"pid":"JD3-328","orb":417.3,"per":6.95,"ang":22.09,"t":"ASTEROID","sp":"ASTEROID-1","s":14.99,"m":46.79,"gd":24.98,"wic":{},"woc":{},"wgc":{},"emm":[{"Type":"1","MainRange":58,"MainValue":0.18,"FarRange":103}],"sig":[{"t":"9-1","s":"","d":{"X":-0.45,"Y":0.34}},{"t":"X1","s":"","d":{"X":-0.403,"Y":-0.215}}],"clr":{"R":252,"G":221,"B":195,"A":255}},"JD3-328-26":{"pid":"JD3-328","orb":445.97,"per":7.43,"ang":94.15,"t":"ASTEROID","sp":"ASTEROID-1","s":18.97,"m":94.9,"gd":31.62,"wic":{},"woc":{},"wgc":{},"emm":[{"Type":"1","MainRange":22,"MainValue":0.26,"FarRange":108}],"sig":[{"t":"9-1","s":"","d":{"X":0.62,"Y":0.66}},{"t":"X1","s":"","d":{"X":0.029,"Y":0.543}}],"clr":{"R":216,"G":250,"B":223,"A":255}},"JD3-328-27":{"pid":"JD3-328","orb":417.07,"per":6.95,"ang":308.88,"t":"ASTEROID","sp":"ASTEROID-1","s":24.52,"m":204.87,"gd":40.87,"wic":{},"woc":{},"wgc":{},"emm":[{"Type":"1","MainRange":55,"MainValue":0.17,"FarRange":126}],"sig":[{"t":"9-1","s":"","d":{"X":0.31,"Y":0.35}},{"t":"X1","s":"","d":{"X":-0.28,"Y":-0.392}}],"clr":{"R":228,"G":249,"B":227,"A":255}},"JD3-328-28":{"pid":"JD3-328","orb":454.17,"per":7.56,"ang":277.67,"t":"ASTEROID","sp":"ASTEROID-5","s":25.02,"m":217.58,"gd":41.7,"wic":{},"woc":{},"wgc":{},"emm":[{"Type":"1","MainRange":15,"MainValue":0.23,"FarRange":147}],"sig":[{"t":"9-1","s":"","d":{"X":-0.44,"Y":0.65}},{"t":"X1","s":"","d":{"X":0.272,"Y":0.409}}],"clr":{"R":254,"G":238,"B":250,"A":255}},"JD3-328-29":{"pid":"JD3-328","orb":453.88,"per":7.56,"ang":38.48,"t":"ASTEROID","sp":"ASTEROID-5","s":15.2,"m":48.83,"gd":25.34,"wic":{},"woc":{},"wgc":{},"emm":[{"Type":"1","MainRange":68,"MainValue":0.2,"FarRange":121}],"sig":[{"t":"9-1","s":"","d":{"X":-0.22,"Y":0.44}},{"t":"X1","s":"","d":{"X":-0.707,"Y":0.13}}],"clr":{"R":223,"G":191,"B":233,"A":255}},"JD3-328-3":{"pid":"JD3-328","orb":422.28,"per":7.03,"ang":83.81,"t":"ASTEROID","sp":"ASTEROID-5","s":21.28,"m":133.95,"gd":35.47,"wic":{},"woc":{},"wgc":{},"emm":[{"Type":"1","MainRange":58,"MainValue":0.25,"FarRange":107}],"sig":[{"t":"9-1","s":"","d":{"X":0.54,"Y":0.27}},{"t":"X1","s":"","d":{"X":0.678,"Y":-0.302}}],"clr":{"R":248,"G":251,"B":242,"A":255}},"JD3-328-30":{"pid":"JD3-328","orb":394.53,"per":6.57,"ang":281.05,"t":"ASTEROID","sp":"ASTEROID-3","s":30.02,"m":375.8,"gd":50.03,"wic":{},"woc":{},"wgc":{},"emm":[{"Type":"1","MainRange":49,"MainValue":0.22,"FarRange":179}],"sig":[{"t":"9-1","s":"","d":{"X":0.8,"Y":-0.37}},{"t":"X1","s":"","d":{"X":-0.7,"Y":-0.254}}],"clr":{"R":198,"G":254,"B":237,"A":255}},"JD3-328-31":{"pid":"JD3-328","orb":474.82,"per":7.91,"ang":319.98,"t":"ASTEROID","sp":"ASTEROID-3","s":27.36,"m":284.63,"gd":45.6,"wic":{},"woc":{},"wgc":{},"emm":[{"Type":"1","MainRange":31,"MainValue":0.16,"FarRange":173},{"Type":"26","MainRange":54,"MainValue":0.25,"FarRange":174},{"Type":"24","MainRange":45,"MainValue":0.2,"FarRange":231},{"Type":"27","MainRange":5,"MainValue":0.17,"FarRange":113}],"sig":[{"t":"9-1","s":"","d":{"X":-0.68,"Y":0.01}},{"t":"X1","s":"","d":{"X":-0.21,"Y":-0.082}},{"t":"X26","s":"","d":{"X":0.35,"Y":-0.013}},{"t":"X24","s":"","d":{"X":-0.151,"Y":-0.254}},{"t":"X27","s":"","d":{"X":0.738,"Y":0.251}}],"clr":{"R":227,"G":244,"B":249,"A":255}},"JD3-328-32":{"pid":"JD3-328","orb":328.68,"per":5.47,"ang":84.76,"t":"ASTEROID","sp":"ASTEROID-2","s":11.91,"m":23.48,"gd":19.85,"wic":{},"woc":{},"wgc":{},"emm":[{"Type":"1","MainRange":58,"MainValue":0.19,"FarRange":168}],"sig":[{"t":"9-1","s":"","d":{"X":0.29,"Y":0.76}},{"t":"X1","s":"","d":{"X":0.04,"Y":0.36}}],"clr":{"R":250,"G":223,"B":246,"A":255}},"JD3-328-33":{"pid":"JD3-328","orb":365.18,"per":6.08,"ang":55.82,"t":"ASTEROID","sp":"ASTEROID-1","s":17.67,"m":76.72,"gd":29.46,"wic":{},"woc":{},"wgc":{},"emm":[{"Type":"1","MainRange":60,"MainValue":0.22,"FarRange":146},{"Type":"15","MainRange":40.5,"MainValue":0.15,"FarRange":45},{"Type":"5","MainRange":53,"MainValue":0.27,"FarRange":160}],"sig":[{"t":"9-1","s":"","d":{"X":0.12,"Y":0.46}},{"t":"X1","s":"","d":{"X":-0.198,"Y":-0.04}},{"t":"X15","s":"","d":{"X":0.854,"Y":-0.271}},{"t":"X5","s":"","d":{"X":-0.057,"Y":0.391}}],"clr":{"R":231,"G":248,"B":244,"A":255}},"JD3-328-34":{"pid":"JD3-328","orb":405.57,"per":6.75,"ang":225.21,"t":"ASTEROID","sp":"ASTEROID-3","s":12.44,"m":26.75,"gd":20.73,"wic":{},"woc":{},"wgc":{},"emm":[{"Type":"1","MainRange":44,"MainValue":0.19,"FarRange":134},{"Type":"13","MainRange":42,"MainValue":0.17,"FarRange":237},{"Type":"2","MainRange":56,"MainValue":0.1,"FarRange":139},{"Type":"25","MainRange":64,"MainValue":0.32,"FarRange":152},{"Type":"27","MainRange":53,"MainValue":0.24,"FarRange":125}],"sig":[{"t":"9-1","s":"","d":{"X":-0.23,"Y":-0.63}},{"t":"X1","s":"","d":{"X":-0.134,"Y":0.751}},{"t":"X13","s":"","d":{"X":-0.2,"Y":-0.522}},{"t":"X2","s":"","d":{"X":-0.235,"Y":0.918}},{"t":"X25","s":"","d":{"X":-0.785,"Y":-0.245}},{"t":"X27","s":"","d":{"X":0.502,"Y":-0.035}}],"clr":{"R":251,"G":232,"B":209,"A":255}},"JD3-328-35":{"pid":"JD3-328","orb":458.25,"per":7.63,"ang":212.29,"t":"ASTEROID","sp":"ASTEROID-5","s":15.9,"m":55.92,"gd":26.51,"wic":{},"woc":{},"wgc":{},"emm":[{"Type":"1","MainRange":76,"MainValue":0.18,"FarRange":117}],"sig":[{"t":"9-1","s":"","d":{"X":-0.07,"Y":-0.38}},{"t":"X1","s":"","d":{"X":-0.393,"Y":-0.754}}],"clr":{"R":247,"G":254,"B":247,"A":255}},"JD3-328-36":{"pid":"JD3-328","orb":462.04,"per":7.7,"ang":325.81,"t":"ASTEROID","sp":"ASTEROID-3","s":14.96,"m":46.56,"gd":24.94,"wic":{},"woc":{},"wgc":{},"emm":[{"Type":"1","MainRange":43.2,"MainValue":0.21,"FarRange":48}],"sig":[{"t":"9-1","s":"","d":{"X":-0.22,"Y":-0.43}},{"t":"X1","s":"","d":{"X":0.831,"Y":0.484}}],"clr":{"R":241,"G":192,"B":243,"A":255}},"JD3-328-37":{"pid":"JD3-328","orb":406.23,"per":6.77,"ang":197.14,"t":"ASTEROID","sp":"ASTEROID-1","s":17.44,"m":73.79,"gd":29.08,"wic":{},"woc":{},"wgc":{},"emm":[{"Type":"1","MainRange":48,"MainValue":0.18,"FarRange":118}],"sig":[{"t":"9-1","s":"","d":{"X":-0.79,"Y":0.38}},{"t":"X1","s":"","d":{"X":-0.573,"Y":-0.241}}],"clr":{"R":183,"G":253,"B":172,"A":255}},"JD3-328-38":{"pid":"JD3-328","orb":406.46,"per":6.77,"ang":261.28,"t":"ASTEROID","sp":"ASTEROID-2","s":19.92,"m":109.8,"gd":33.2,"wic":{},"woc":{},"wgc":{},"emm":[{"Type":"1","MainRange":71,"MainValue":0.22,"FarRange":191}],"sig":[{"t":"9-1","s":"","d":{"X":-0.29,"Y":0.91}},{"t":"X1","s":"","d":{"X":-0.366,"Y":0.083}}],"clr":{"R":254,"G":240,"B":250,"A":255}},"JD3-328-39":{"pid":"JD3-328","orb":419.78,"per":6.99,"ang":53.42,"t":"ASTEROID","sp":"ASTEROID-1","s":23.18,"m":173.17,"gd":38.64,"wic":{},"woc":{},"wgc":{},"emm":[{"Type":"1","MainRange":60,"MainValue":0.12,"FarRange":240}],"sig":[{"t":"9-1","s":"","d":{"X":-0.26,"Y":0.74}},{"t":"X1","s":"","d":{"X":0.673,"Y":0.294}}],"clr":{"R":245,"G":170,"B":254,"A":255}},"JD3-328-4":{"pid":"JD3-328","orb":397.59,"per":6.62,"ang":23.34,"t":"ASTEROID","sp":"ASTEROID-1","s":21.43,"m":136.75,"gd":35.72,"wic":{},"woc":{},"wgc":{},"emm":[{"Type":"1","MainRange":27,"MainValue":0.24,"FarRange":111}],"sig":[{"t":"9-1","s":"","d":{"X":0.63,"Y":0.7}},{"t":"X1","s":"","d":{"X":0.083,"Y":-0.47}}],"clr":{"R":254,"G":254,"B":247,"A":255}},"JD3-328-40":{"pid":"JD3-328","orb":463.57,"per":7.72,"ang":49.25,"t":"ASTEROID","sp":"ASTEROID-4","s":22.87,"m":166.25,"gd":38.12,"wic":{},"woc":{},"wgc":{},"emm":[{"Type":"1","MainRange":64,"MainValue":0.07,"FarRange":199}],"sig":[{"t":"9-1","s":"","d":{"X":0.29,"Y":-0.89}},{"t":"X1","s":"","d":{"X":0.391,"Y":0.108}}],"clr":{"R":201,"G":254,"B":247,"A":255}},"JD3-328-41":{"pid":"JD3-328","orb":381.18,"per":6.35,"ang":246.17,"t":"ASTEROID","sp":"ASTEROID-1","s":13.61,"m":35.03,"gd":22.68,"wic":{},"woc":{},"wgc":{},"emm":[{"Type":"1","MainRange":59,"MainValue":0.19,"FarRange":134}],"sig":[{"t":"9-1","s":"","d":{"X":0.32,"Y":-0.23}},{"t":"X1","s":"","d":{"X":0.657,"Y":0.088}}],"clr":{"R":202,"G":225,"B":238,"A":255}},"JD3-328-42":{"pid":"JD3-328","orb":483.27,"per":8.05,"ang":245,"t":"ASTEROID","sp":"ASTEROID-4","s":15.97,"m":56.66,"gd":26.63,"wic":{},"woc":{},"wgc":{},"emm":[{"Type":"1","MainRange":57,"MainValue":0.18,"FarRange":88}],"sig":[{"t":"9-1","s":"","d":{"X":0.2,"Y":-0.36}},{"t":"X1","s":"","d":{"X":0.072,"Y":0.866}}],"clr":{"R":229,"G":247,"B":243,"A":255}},"JD3-328-43":{"pid":"JD3-328","orb":463.46,"per":7.72,"ang":139.13,"t":"ASTEROID","sp":"ASTEROID-3","s":12.89,"m":29.78,"gd":21.49,"wic":{},"woc":{},"wgc":{},"emm":[{"Type":"1","MainRange":54,"MainValue":0.21,"FarRange":133}],"sig":[{"t":"9-1","s":"","d":{"X":0.51,"Y":-0.83}},{"t":"X1","s":"","d":{"X":-0.26,"Y":-0.81}}],"clr":{"R":238,"G":211,"B":242,"A":255}},"JD3-328-44":{"pid":"JD3-328","orb":370.47,"per":6.17,"ang":75.25,"t":"ASTEROID","sp":"ASTEROID-1","s":12.65,"m":28.11,"gd":21.08,"wic":{},"woc":{},"wgc":{},"emm":[{"Type":"1","MainRange":54,"MainValue":0.15,"FarRange":143}],"sig":[{"t":"9-1","s":"","d":{"X":-0.11,"Y":0.44}},{"t":"X1","s":"","d":{"X":0.302,"Y":0.115}}],"clr":{"R":252,"G":235,"B":217,"A":255}},"JD3-328-45":{"pid":"JD3-328","orb":412.48,"per":6.87,"ang":306.32,"t":"ASTEROID","sp":"ASTEROID-4","s":21.15,"m":131.49,"gd":35.25,"wic":{},"woc":{},"wgc":{},"emm":[{"Type":"1","MainRange":33,"MainValue":0.37,"FarRange":89}],"sig":[{"t":"9-1","s":"","d":{"X":0.31,"Y":-0.67}},{"t":"X1","s":"","d":{"X":0.173,"Y":-0.838}}],"clr":{"R":199,"G":240,"B":198,"A":255}},"JD3-328-46":{"pid":"JD3-328","orb":429.96,"per":7.16,"ang":129.73,"t":"ASTEROID","sp":"ASTEROID-4","s":20.89,"m":126.69,"gd":34.82,"wic":{},"woc":{},"wgc":{},"emm":[{"Type":"1","MainRange":35,"MainValue":0.29,"FarRange":193}],"sig":[{"t":"9-1","s":"","d":{"X":-0.7,"Y":-0.54}},{"t":"X1","s":"","d":{"X":-0.697,"Y":-0.409}}],"clr":{"R":249,"G":254,"B":240,"A":255}},"JD3-328-47":{"pid":"JD3-328","orb":371.31,"per":6.18,"ang":269.24,"t":"ASTEROID","sp":"ASTEROID-2","s":25.54,"m":231.48,"gd":42.57,"wic":{},"woc":{},"wgc":{},"emm":[{"Type":"1","MainRange":52,"MainValue":0.22,"FarRange":104}],"sig":[{"t":"9-1","s":"","d":{"X":0.21,"Y":0.31}},{"t":"X1","s":"","d":{"X":0.188,"Y":0.118}}],"clr":{"R":234,"G":244,"B":190,"A":255}},"JD3-328-48":{"pid":"JD3-328","orb":448.83,"per":7.48,"ang":109.53,"t":"ASTEROID","sp":"ASTEROID-4","s":15.83,"m":55.16,"gd":26.39,"wic":{},"woc":{},"wgc":{},"emm":[{"Type":"1","MainRange":47,"MainValue":0.14,"FarRange":140}],"sig":[{"t":"9-1","s":"","d":{"X":0.84,"Y":-0.5}},{"t":"X1","s":"","d":{"X":0.402,"Y":0.521}}],"clr":{"R":196,"G":207,"B":245,"A":255}},"JD3-328-49":{"pid":"JD3-328","orb":450.61,"per":7.51,"ang":350.67,"t":"ASTEROID","sp":"ASTEROID-4","s":14.68,"m":43.94,"gd":24.46,"wic":{},"woc":{},"wgc":{},"emm":[{"Type":"1","MainRange":56,"MainValue":0.27,"FarRange":198}],"sig":[{"t":"9-1","s":"","d":{"X":-0.42,"Y":0.7}},{"t":"X1","s":"","d":{"X":-0.75,"Y":-0.072}}],"clr":{"R":205,"G":253,"B":237,"A":255}},"JD3-328-5":{"pid":"JD3-328","orb":405.26,"per":6.75,"ang":139.93,"t":"ASTEROID","sp":"ASTEROID-5","s":20.77,"m":124.47,"gd":34.61,"wic":{},"woc":{},"wgc":{},"emm":[{"Type":"1","MainRange":51,"MainValue":0.31,"FarRange":150}],"sig":[{"t":"9-1","s":"","d":{"X":0.32,"Y":0.24}},{"t":"X1","s":"","d":{"X":-0.324,"Y":0.735}}],"clr":{"R":250,"G":161,"B":164,"A":255}},"JD3-328-50":{"pid":"JD3-328","orb":489.47,"per":8.15,"ang":28.45,"t":"ASTEROID","sp":"ASTEROID-5","s":23.61,"m":182.85,"gd":39.35,"wic":{},"woc":{},"wgc":{},"emm":[{"Type":"1","MainRange":70,"MainValue":0.26,"FarRange":82}],"sig":[{"t":"9-1","s":"","d":{"X":0.4,"Y":-0.24}},{"t":"X1","s":"","d":{"X":-0.21,"Y":0.002}}],"clr":{"R":209,"G":239,"B":207,"A":255}},"JD3-328-51":{"pid":"JD3-328","orb":438.02,"per":7.3,"ang":276.31,"t":"ASTEROID","sp":"ASTEROID-5","s":26.59,"m":261.32,"gd":44.32,"wic":{},"woc":{},"wgc":{},"emm":[{"Type":"1","MainRange":47,"MainValue":0.17,"FarRange":184}],"sig":[{"t":"9-1","s":"","d":{"X":-0.52,"Y":0.7}},{"t":"X1","s":"","d":{"X":0.618,"Y":0.478}}],"clr":{"R":241,"G":233,"B":203,"A":255}},"JD3-328-52":{"pid":"JD3-328","orb":415.59,"per":6.92,"ang":86.81,"t":"ASTEROID","sp":"ASTEROID-2","s":20.54,"m":120.51,"gd":34.24,"wic":{},"woc":{},"wgc":{},"emm":[{"Type":"1","MainRange":35,"MainValue":0.24,"FarRange":177}],"sig":[{"t":"9-1","s":"","d":{"X":0.16,"Y":0.91}},{"t":"X1","s":"","d":{"X":0.571,"Y":-0.813}}],"clr":{"R":196,"G":238,"B":187,"A":255}},"JD3-328-53":{"pid":"JD3-328","orb":424.02,"per":7.06,"ang":17.95,"t":"ASTEROID","sp":"ASTEROID-1","s":18.34,"m":85.8,"gd":30.58,"wic":{},"woc":{},"wgc":{},"emm":[{"Type":"1","MainRange":72,"MainValue":0.24,"FarRange":204}],"sig":[{"t":"9-1","s":"","d":{"X":-0.03,"Y":0.5}},{"t":"X1","s":"","d":{"X":0.414,"Y":-0.531}}],"clr":{"R":254,"G":197,"B":194,"A":255}},"JD3-328-54":{"pid":"JD3-328","orb":413.88,"per":6.89,"ang":317.51,"t":"ASTEROID","sp":"ASTEROID-2","s":23.05,"m":170.28,"gd":38.43,"wic":{},"woc":{},"wgc":{},"emm":[{"Type":"1","MainRange":41,"MainValue":0.2,"FarRange":68}],"sig":[{"t":"9-1","s":"","d":{"X":-0.37,"Y":0.87}},{"t":"X1","s":"","d":{"X":-0.267,"Y":0.79}}],"clr":{"R":254,"G":252,"B":250,"A":255}},"JD3-328-55":{"pid":"JD3-328","orb":510.26,"per":8.5,"ang":113.09,"t":"ASTEROID","sp":"ASTEROID-1","s":21.16,"m":131.76,"gd":35.28,"wic":{},"woc":{},"wgc":{},"emm":[{"Type":"1","MainRange":26,"MainValue":0.18,"FarRange":184}],"sig":[{"t":"9-1","s":"","d":{"X":-0.28,"Y":0.35}},{"t":"X1","s":"","d":{"X":-0.599,"Y":0.056}}],"clr":{"R":234,"G":213,"B":175,"A":255}},"JD3-328-56":{"pid":"JD3-328","orb":475,"per":7.91,"ang":238.5,"t":"ASTEROID","sp":"ASTEROID-1","s":14.92,"m":46.15,"gd":24.87,"wic":{},"woc":{},"wgc":{},"emm":[{"Type":"1","MainRange":55,"MainValue":0.23,"FarRange":196},{"Type":"13","MainRange":62,"MainValue":0.16,"FarRange":217},{"Type":"10","MainRange":50,"MainValue":0.09,"FarRange":178},{"Type":"17","MainRange":41,"MainValue":0.16,"FarRange":213}],"sig":[{"t":"9-1","s":"","d":{"X":-0.68,"Y":0.55}},{"t":"X1","s":"","d":{"X":0.512,"Y":-0.794}},{"t":"X13","s":"","d":{"X":-0.407,"Y":-0.821}},{"t":"X10","s":"","d":{"X":-0.213,"Y":-0.576}},{"t":"X17","s":"","d":{"X":0.201,"Y":0.49}}],"clr":{"R":216,"G":244,"B":174,"A":255}},"JD3-328-57":{"pid":"JD3-328","orb":361.29,"per":6.02,"ang":136.1,"t":"ASTEROID","sp":"ASTEROID-5","s":24.1,"m":194.42,"gd":40.16,"wic":{},"woc":{},"wgc":{},"emm":[{"Type":"1","MainRange":66,"MainValue":0.2,"FarRange":158}],"sig":[{"t":"9-1","s":"","d":{"X":-0.01,"Y":-0.71}},{"t":"X1","s":"","d":{"X":0.639,"Y":-0.499}}],"clr":{"R":215,"G":169,"B":242,"A":255}},"JD3-328-6":{"pid":"JD3-328","orb":468.93,"per":7.81,"ang":70.43,"t":"ASTEROID","sp":"ASTEROID-3","s":13.18,"m":31.81,"gd":21.97,"wic":{},"woc":{},"wgc":{},"emm":[{"Type":"1","MainRange":37,"MainValue":0.31,"FarRange":146}],"sig":[{"t":"9-1","s":"","d":{"X":-0.43,"Y":-0.02}},{"t":"X1","s":"","d":{"X":-0.466,"Y":0.757}}],"clr":{"R":238,"G":204,"B":216,"A":255}},"JD3-328-7":{"pid":"JD3-328","orb":361.96,"per":6.03,"ang":340.13,"t":"ASTEROID","sp":"ASTEROID-2","s":22,"m":147.89,"gd":36.66,"wic":{},"woc":{},"wgc":{},"emm":[{"Type":"1","MainRange":52,"MainValue":0.19,"FarRange":132}],"sig":[{"t":"9-1","s":"","d":{"X":-0.3,"Y":0.05}},{"t":"X1","s":"","d":{"X":-0.339,"Y":0.494}}],"clr":{"R":252,"G":226,"B":228,"A":255}},"JD3-328-8":{"pid":"JD3-328","orb":421.43,"per":7.02,"ang":263.36,"t":"ASTEROID","sp":"ASTEROID-2","s":31.09,"m":417.54,"gd":51.82,"wic":{},"woc":{},"wgc":{},"emm":[{"Type":"1","MainRange":32,"MainValue":0.32,"FarRange":161}],"sig":[{"t":"9-1","s":"","d":{"X":-0.16,"Y":-0.51}},{"t":"X1","s":"","d":{"X":0.785,"Y":0.22}}],"clr":{"R":191,"G":221,"B":237,"A":255}},"JD3-328-9":{"pid":"JD3-328","orb":453.38,"per":7.55,"ang":132.1,"t":"ASTEROID","sp":"ASTEROID-5","s":23.15,"m":172.47,"gd":38.59,"wic":{},"woc":{},"wgc":{},"emm":[{"Type":"1","MainRange":56,"MainValue":0.31,"FarRange":155}],"sig":[{"t":"9-1","s":"","d":{"X":0.14,"Y":0.55}},{"t":"X1","s":"","d":{"X":-0.839,"Y":-0.011}}],"clr":{"R":249,"G":245,"B":252,"A":255}},"JD3-S":{"t":"STAR","sp":"STAR-6","s":385.65,"m":3186506.43,"gd":1285.5,"wic":{},"woc":{},"wgc":{},"emm":[{"Type":"2","MainRange":1313,"MainValue":5.86,"FarRange":3800}],"sig":[{"t":"X2","s":"","d":{"X":0.744,"Y":0.547}}],"clr":{"R":240,"G":198,"B":222,"A":255}}}}