{

    "Port": "http://localhost:8010",

    "Timeout":200,

    "PingPeriod": 200,

    "Room": "room101",

    "FullScreen": false,

    "WinW": 600,

    "WinH": 600,

    "VSync": true,

    "DoProf": false,

    "GravityConst": 1,

    "CosmoPredictorUpdT":0.1,

    "CosmoPredictorNumInSec":10,

    "CosmoPredictorGravEach":2,

    "CosmoPredictorTrackLen":30,

    "CosmoPredictorDrawMaxP":120,

    "LogTimeoutMs": 1000,

    "LogRetryMinMs": 10,

    "LogRetryMaxMs": 10000,

    "LogIP": "https://elasticsearch.alice.magellan2018.ru",

    "LogHostName": "room1Navi",

    "ReportHyMineAddr": "https://technopark-backend.alice.magellan2018.ru/economics/set_mine"

}